# Silverstone lap in Trackmania world coordinates (x east, y up, z south); heading = atan2(dx, dz) of travel; curvature >0 turns left
# start_station	5885	finish_station	5735	checkpoints	409,842,1235,1557,1917,2331,2757,3082,3538,3970,4311,4751,5119,5492
station	s_m	x	y	z	heading_rad	curvature	left_m	right_m	corner
0	0.0	1554.571	13.228	2135.599	2.50230	0.00001	5.63	7.73	Hamilton Straight
1	1.0	1555.168	13.241	2134.796	2.50231	0.00001	5.63	7.73	Hamilton Straight
2	2.0	1555.764	13.254	2133.993	2.50233	0.00001	5.61	7.72	Hamilton Straight
3	3.0	1556.361	13.267	2133.191	2.50235	0.00002	5.60	7.71	Hamilton Straight
4	4.0	1556.958	13.280	2132.388	2.50237	0.00002	5.58	7.70	Hamilton Straight
5	5.0	1557.554	13.294	2131.586	2.50239	0.00002	5.55	7.69	Hamilton Straight
6	6.0	1558.151	13.307	2130.783	2.50240	0.00002	5.53	7.68	Hamilton Straight
7	7.0	1558.747	13.321	2129.981	2.50242	0.00002	5.50	7.67	Hamilton Straight
8	8.0	1559.344	13.335	2129.178	2.50244	0.00002	5.47	7.67	Hamilton Straight
9	9.0	1559.940	13.348	2128.375	2.50246	0.00002	5.45	7.66	Hamilton Straight
10	10.0	1560.537	13.362	2127.573	2.50247	0.00002	5.42	7.65	Hamilton Straight
11	11.0	1561.133	13.376	2126.770	2.50249	0.00002	5.39	7.65	Hamilton Straight
12	12.0	1561.730	13.390	2125.968	2.50250	0.00001	5.36	7.64	Hamilton Straight
13	13.0	1562.326	13.403	2125.165	2.50252	0.00001	5.33	7.64	Hamilton Straight
14	14.0	1562.923	13.417	2124.362	2.50253	0.00001	5.31	7.63	Hamilton Straight
15	15.0	1563.519	13.431	2123.560	2.50254	0.00001	5.28	7.63	Hamilton Straight
16	16.0	1564.115	13.444	2122.757	2.50256	0.00001	5.26	7.63	Hamilton Straight
17	17.0	1564.712	13.458	2121.954	2.50257	0.00001	5.24	7.63	Hamilton Straight
18	18.0	1565.308	13.471	2121.152	2.50258	0.00001	5.22	7.63	Hamilton Straight
19	19.0	1565.905	13.485	2120.349	2.50260	0.00001	5.21	7.63	Hamilton Straight
20	20.0	1566.501	13.498	2119.546	2.50261	0.00001	5.20	7.63	Hamilton Straight
21	21.0	1567.098	13.511	2118.743	2.50262	0.00001	5.20	7.63	Hamilton Straight
22	22.0	1567.694	13.524	2117.941	2.50263	0.00001	5.20	7.63	Hamilton Straight
23	23.0	1568.290	13.537	2117.138	2.50264	0.00001	5.21	7.63	Hamilton Straight
24	24.0	1568.887	13.551	2116.335	2.50265	0.00001	5.21	7.63	Hamilton Straight
25	25.0	1569.483	13.564	2115.533	2.50266	0.00001	5.22	7.64	Hamilton Straight
26	26.0	1570.079	13.577	2114.730	2.50267	0.00001	5.23	7.64	Hamilton Straight
27	27.0	1570.676	13.590	2113.927	2.50268	0.00001	5.24	7.64	Hamilton Straight
28	28.0	1571.272	13.603	2113.125	2.50269	0.00001	5.25	7.64	Hamilton Straight
29	29.0	1571.868	13.615	2112.322	2.50269	0.00001	5.25	7.65	Hamilton Straight
30	30.0	1572.464	13.628	2111.519	2.50270	0.00001	5.26	7.65	Hamilton Straight
31	31.0	1573.061	13.641	2110.716	2.50271	0.00001	5.26	7.65	Hamilton Straight
32	32.0	1573.657	13.654	2109.913	2.50272	0.00001	5.25	7.65	Hamilton Straight
33	33.0	1574.253	13.667	2109.111	2.50272	0.00001	5.25	7.65	Hamilton Straight
34	34.0	1574.850	13.679	2108.308	2.50273	0.00001	5.24	7.65	Hamilton Straight
35	35.0	1575.446	13.692	2107.505	2.50274	0.00001	5.23	7.66	Hamilton Straight
36	36.0	1576.042	13.705	2106.702	2.50274	0.00001	5.22	7.66	Hamilton Straight
37	37.0	1576.639	13.717	2105.899	2.50275	0.00001	5.22	7.66	Hamilton Straight
38	38.0	1577.235	13.730	2105.097	2.50275	0.00001	5.21	7.66	Hamilton Straight
39	39.0	1577.831	13.742	2104.294	2.50276	0.00000	5.21	7.66	Hamilton Straight
40	40.0	1578.427	13.754	2103.491	2.50276	0.00000	5.21	7.67	Hamilton Straight
41	41.0	1579.024	13.767	2102.688	2.50277	0.00000	5.21	7.67	Hamilton Straight
42	42.0	1579.620	13.779	2101.885	2.50277	0.00000	5.21	7.68	Hamilton Straight
43	43.0	1580.216	13.791	2101.083	2.50278	0.00000	5.22	7.68	Hamilton Straight
44	44.0	1580.812	13.804	2100.280	2.50278	0.00000	5.23	7.69	Hamilton Straight
45	45.0	1581.409	13.816	2099.477	2.50278	0.00000	5.24	7.69	Hamilton Straight
46	46.0	1582.005	13.829	2098.674	2.50279	0.00000	5.25	7.70	Hamilton Straight
47	47.0	1582.601	13.841	2097.872	2.50279	0.00000	5.26	7.70	Hamilton Straight
48	48.0	1583.197	13.854	2097.069	2.50279	0.00000	5.26	7.70	Hamilton Straight
49	49.0	1583.793	13.866	2096.266	2.50279	0.00000	5.27	7.71	Hamilton Straight
50	50.0	1584.390	13.879	2095.463	2.50280	0.00000	5.27	7.71	Hamilton Straight
51	51.0	1584.986	13.892	2094.660	2.50280	0.00000	5.26	7.71	Hamilton Straight
52	52.0	1585.582	13.905	2093.857	2.50280	0.00000	5.26	7.72	Hamilton Straight
53	53.0	1586.178	13.918	2093.055	2.50280	0.00000	5.25	7.72	Hamilton Straight
54	54.0	1586.775	13.932	2092.252	2.50280	0.00000	5.24	7.72	Hamilton Straight
55	55.0	1587.371	13.945	2091.449	2.50280	0.00000	5.22	7.72	Hamilton Straight
56	56.0	1587.967	13.958	2090.646	2.50280	0.00000	5.21	7.72	Hamilton Straight
57	57.0	1588.563	13.972	2089.843	2.50280	-0.00000	5.20	7.72	Hamilton Straight
58	58.0	1589.160	13.986	2089.041	2.50280	-0.00000	5.19	7.73	Hamilton Straight
59	59.0	1589.756	13.999	2088.238	2.50280	-0.00000	5.18	7.73	Hamilton Straight
60	60.0	1590.352	14.013	2087.435	2.50280	-0.00000	5.17	7.73	Hamilton Straight
61	61.0	1590.948	14.027	2086.632	2.50280	-0.00000	5.17	7.74	Hamilton Straight
62	62.0	1591.544	14.042	2085.829	2.50280	-0.00000	5.17	7.75	Hamilton Straight
63	63.0	1592.141	14.056	2085.026	2.50280	-0.00000	5.17	7.76	Hamilton Straight
64	64.0	1592.737	14.070	2084.224	2.50279	-0.00000	5.18	7.76	Hamilton Straight
65	65.0	1593.333	14.085	2083.421	2.50279	-0.00000	5.19	7.77	Hamilton Straight
66	66.0	1593.929	14.099	2082.618	2.50279	-0.00000	5.20	7.78	Hamilton Straight
67	67.0	1594.526	14.114	2081.815	2.50279	-0.00000	5.21	7.79	Hamilton Straight
68	68.0	1595.122	14.128	2081.012	2.50278	-0.00000	5.22	7.80	Hamilton Straight
69	69.0	1595.718	14.143	2080.210	2.50278	-0.00000	5.23	7.81	Hamilton Straight
70	70.0	1596.314	14.158	2079.407	2.50278	-0.00000	5.24	7.81	Hamilton Straight
71	71.0	1596.911	14.173	2078.604	2.50277	-0.00000	5.24	7.81	Hamilton Straight
72	72.0	1597.507	14.188	2077.801	2.50277	-0.00000	5.25	7.81	Hamilton Straight
73	73.0	1598.103	14.203	2076.998	2.50276	-0.00000	5.25	7.80	Hamilton Straight
74	74.0	1598.699	14.218	2076.196	2.50276	-0.00000	5.24	7.80	Hamilton Straight
75	75.0	1599.296	14.233	2075.393	2.50276	-0.00001	5.24	7.79	Hamilton Straight
76	76.0	1599.892	14.248	2074.590	2.50275	-0.00001	5.23	7.78	Hamilton Straight
77	77.0	1600.488	14.263	2073.787	2.50274	-0.00001	5.23	7.77	Hamilton Straight
78	78.0	1601.084	14.278	2072.984	2.50274	-0.00001	5.22	7.77	Hamilton Straight
79	79.0	1601.681	14.293	2072.182	2.50273	-0.00001	5.22	7.76	Hamilton Straight
80	80.0	1602.277	14.308	2071.379	2.50273	-0.00001	5.22	7.75	Hamilton Straight
81	81.0	1602.873	14.323	2070.576	2.50272	-0.00001	5.23	7.74	Hamilton Straight
82	82.0	1603.470	14.338	2069.773	2.50271	-0.00001	5.24	7.73	Hamilton Straight
83	83.0	1604.066	14.353	2068.971	2.50271	-0.00001	5.25	7.72	Hamilton Straight
84	84.0	1604.662	14.368	2068.168	2.50270	-0.00001	5.27	7.71	Hamilton Straight
85	85.0	1605.258	14.384	2067.365	2.50269	-0.00001	5.29	7.71	Hamilton Straight
86	86.0	1605.855	14.399	2066.562	2.50268	-0.00001	5.30	7.70	Hamilton Straight
87	87.0	1606.451	14.414	2065.760	2.50267	-0.00001	5.32	7.68	Hamilton Straight
88	88.0	1607.047	14.429	2064.957	2.50267	-0.00001	5.34	7.67	Hamilton Straight
89	89.0	1607.644	14.444	2064.154	2.50266	-0.00001	5.36	7.66	Hamilton Straight
90	90.0	1608.240	14.459	2063.351	2.50265	-0.00001	5.37	7.65	Hamilton Straight
91	91.0	1608.836	14.475	2062.549	2.50264	-0.00001	5.39	7.63	Hamilton Straight
92	92.0	1609.433	14.490	2061.746	2.50263	-0.00001	5.39	7.62	Hamilton Straight
93	93.0	1610.029	14.505	2060.943	2.50262	-0.00001	5.40	7.60	Hamilton Straight
94	94.0	1610.626	14.520	2060.141	2.50261	-0.00001	5.40	7.58	Hamilton Straight
95	95.0	1611.222	14.536	2059.338	2.50259	-0.00001	5.40	7.56	Hamilton Straight
96	96.0	1611.818	14.551	2058.535	2.50258	-0.00001	5.40	7.55	Hamilton Straight
97	97.0	1612.415	14.567	2057.732	2.50257	-0.00001	5.39	7.53	Hamilton Straight
98	98.0	1613.011	14.582	2056.930	2.50256	-0.00001	5.38	7.52	Hamilton Straight
99	99.0	1613.608	14.598	2056.127	2.50255	-0.00001	5.38	7.52	Hamilton Straight
100	100.0	1614.204	14.614	2055.324	2.50253	-0.00001	5.37	7.52	Hamilton Straight
101	101.0	1614.801	14.629	2054.522	2.50252	-0.00001	5.37	7.53	Hamilton Straight
102	102.0	1615.397	14.645	2053.719	2.50251	-0.00001	5.36	7.55	Hamilton Straight
103	103.0	1615.993	14.661	2052.917	2.50249	-0.00001	5.36	7.57	Hamilton Straight
104	104.0	1616.590	14.676	2052.114	2.50248	-0.00001	5.36	7.59	Hamilton Straight
105	105.0	1617.186	14.692	2051.311	2.50246	-0.00002	5.36	7.62	Hamilton Straight
106	106.0	1617.783	14.708	2050.509	2.50245	-0.00002	5.36	7.64	Hamilton Straight
107	107.0	1618.379	14.724	2049.706	2.50243	-0.00002	5.37	7.66	Hamilton Straight
108	108.0	1618.976	14.740	2048.904	2.50242	-0.00002	5.37	7.68	Hamilton Straight
109	109.0	1619.573	14.756	2048.101	2.50240	-0.00002	5.38	7.69	Hamilton Straight
110	110.0	1620.169	14.773	2047.298	2.50238	-0.00002	5.38	7.70	Hamilton Straight
111	111.0	1620.766	14.789	2046.496	2.50237	-0.00002	5.38	7.71	Hamilton Straight
112	112.0	1621.362	14.805	2045.693	2.50235	-0.00002	5.38	7.71	Hamilton Straight
113	113.0	1621.959	14.822	2044.891	2.50233	-0.00002	5.37	7.70	Hamilton Straight
114	114.0	1622.555	14.838	2044.088	2.50231	-0.00002	5.37	7.70	Hamilton Straight
115	115.0	1623.152	14.855	2043.286	2.50229	-0.00002	5.36	7.69	Hamilton Straight
116	116.0	1623.749	14.872	2042.483	2.50227	-0.00002	5.35	7.67	Hamilton Straight
117	117.0	1624.345	14.888	2041.681	2.50225	-0.00002	5.34	7.66	Hamilton Straight
118	118.0	1624.942	14.905	2040.878	2.50223	-0.00002	5.33	7.65	Hamilton Straight
119	119.0	1625.539	14.922	2040.076	2.50221	-0.00002	5.32	7.64	Hamilton Straight
120	120.0	1626.135	14.939	2039.273	2.50219	-0.00002	5.31	7.63	Hamilton Straight
121	121.0	1626.732	14.955	2038.471	2.50216	-0.00002	5.31	7.62	Hamilton Straight
122	122.0	1627.329	14.972	2037.668	2.50214	-0.00002	5.30	7.62	Hamilton Straight
123	123.0	1627.926	14.989	2036.866	2.50212	-0.00002	5.29	7.62	Hamilton Straight
124	124.0	1628.522	15.005	2036.064	2.50209	-0.00003	5.28	7.63	Hamilton Straight
125	125.0	1629.119	15.022	2035.261	2.50207	-0.00003	5.28	7.64	Hamilton Straight
126	126.0	1629.716	15.038	2034.459	2.50204	-0.00003	5.28	7.66	Hamilton Straight
127	127.0	1630.313	15.055	2033.656	2.50201	-0.00003	5.28	7.67	Hamilton Straight
128	128.0	1630.910	15.071	2032.854	2.50199	-0.00003	5.29	7.69	Hamilton Straight
129	129.0	1631.507	15.087	2032.052	2.50196	-0.00003	5.30	7.70	Hamilton Straight
130	130.0	1632.104	15.103	2031.250	2.50193	-0.00003	5.32	7.72	Hamilton Straight
131	131.0	1632.701	15.119	2030.447	2.50190	-0.00003	5.33	7.73	Hamilton Straight
132	132.0	1633.297	15.135	2029.645	2.50187	-0.00003	5.36	7.74	Hamilton Straight
133	133.0	1633.895	15.151	2028.843	2.50184	-0.00003	5.38	7.75	Hamilton Straight
134	134.0	1634.491	15.166	2028.040	2.50180	-0.00003	5.41	7.76	Hamilton Straight
135	135.0	1635.089	15.182	2027.238	2.50177	-0.00003	5.44	7.76	Hamilton Straight
136	136.0	1635.686	15.197	2026.436	2.50174	-0.00003	5.47	7.76	Hamilton Straight
137	137.0	1636.283	15.213	2025.634	2.50170	-0.00004	5.50	7.76	Hamilton Straight
138	138.0	1636.880	15.228	2024.832	2.50167	-0.00004	5.53	7.76	Hamilton Straight
139	139.0	1637.477	15.243	2024.030	2.50163	-0.00004	5.56	7.76	Hamilton Straight
140	140.0	1638.074	15.258	2023.227	2.50159	-0.00004	5.58	7.75	Hamilton Straight
141	141.0	1638.671	15.273	2022.425	2.50155	-0.00004	5.60	7.75	Hamilton Straight
142	142.0	1639.269	15.288	2021.623	2.50151	-0.00004	5.62	7.74	Hamilton Straight
143	143.0	1639.866	15.303	2020.821	2.50147	-0.00004	5.62	7.74	Hamilton Straight
144	144.0	1640.463	15.318	2020.019	2.50143	-0.00004	5.63	7.73	Hamilton Straight
145	145.0	1641.061	15.333	2019.217	2.50138	-0.00005	5.62	7.73	Hamilton Straight
146	146.0	1641.658	15.348	2018.415	2.50134	-0.00005	5.61	7.72	Hamilton Straight
147	147.0	1642.255	15.362	2017.613	2.50129	-0.00005	5.60	7.72	Hamilton Straight
148	148.0	1642.853	15.377	2016.812	2.50124	-0.00005	5.58	7.71	Hamilton Straight
149	149.0	1643.450	15.392	2016.010	2.50119	-0.00005	5.56	7.71	Hamilton Straight
150	150.0	1644.048	15.407	2015.208	2.50114	-0.00005	5.54	7.71	Hamilton Straight
151	151.0	1644.645	15.422	2014.406	2.50108	-0.00006	5.53	7.71	Hamilton Straight
152	152.0	1645.243	15.436	2013.604	2.50103	-0.00006	5.51	7.72	Hamilton Straight
153	153.0	1645.841	15.451	2012.802	2.50097	-0.00006	5.50	7.72	Hamilton Straight
154	154.0	1646.438	15.466	2012.001	2.50091	-0.00006	5.50	7.72	Hamilton Straight
155	155.0	1647.036	15.481	2011.199	2.50085	-0.00006	5.50	7.72	Hamilton Straight
156	156.0	1647.634	15.496	2010.397	2.50079	-0.00007	5.50	7.72	Hamilton Straight
157	157.0	1648.232	15.510	2009.596	2.50072	-0.00007	5.51	7.72	Hamilton Straight
158	158.0	1648.830	15.525	2008.794	2.50065	-0.00007	5.52	7.71	Hamilton Straight
159	159.0	1649.428	15.540	2007.993	2.50058	-0.00008	5.53	7.71	Hamilton Straight
160	160.0	1650.026	15.555	2007.191	2.50051	-0.00008	5.53	7.70	Hamilton Straight
161	161.0	1650.624	15.570	2006.390	2.50043	-0.00008	5.54	7.69	Hamilton Straight
162	162.0	1651.222	15.585	2005.589	2.50035	-0.00009	5.55	7.67	Hamilton Straight
163	163.0	1651.820	15.600	2004.787	2.50027	-0.00009	5.55	7.66	Hamilton Straight
164	164.0	1652.419	15.615	2003.986	2.50018	-0.00010	5.56	7.65	Hamilton Straight
165	165.0	1653.017	15.630	2003.185	2.50008	-0.00010	5.56	7.64	Hamilton Straight
166	166.0	1653.615	15.645	2002.384	2.49998	-0.00011	5.56	7.63	Hamilton Straight
167	167.0	1654.214	15.660	2001.582	2.49987	-0.00011	5.56	7.63	Hamilton Straight
168	168.0	1654.812	15.675	2000.781	2.49975	-0.00012	5.56	7.62	Hamilton Straight
169	169.0	1655.411	15.690	1999.980	2.49963	-0.00012	5.56	7.62	Hamilton Straight
170	170.0	1656.010	15.705	1999.180	2.49950	-0.00012	5.56	7.62	Hamilton Straight
171	171.0	1656.609	15.721	1998.379	2.49936	-0.00013	5.56	7.62	Hamilton Straight
172	172.0	1657.208	15.736	1997.578	2.49923	-0.00013	5.55	7.62	Hamilton Straight
173	173.0	1657.807	15.751	1996.777	2.49909	-0.00013	5.55	7.62	Hamilton Straight
174	174.0	1658.406	15.767	1995.977	2.49896	-0.00013	5.54	7.62	Hamilton Straight
175	175.0	1659.006	15.782	1995.176	2.49882	-0.00013	5.52	7.62	Hamilton Straight
176	176.0	1659.605	15.797	1994.376	2.49869	-0.00013	5.51	7.61	Hamilton Straight
177	177.0	1660.205	15.813	1993.576	2.49856	-0.00012	5.49	7.61	Hamilton Straight
178	178.0	1660.805	15.829	1992.775	2.49844	-0.00012	5.48	7.60	Hamilton Straight
179	179.0	1661.404	15.844	1991.975	2.49832	-0.00012	5.46	7.59	Hamilton Straight
180	180.0	1662.004	15.860	1991.175	2.49820	-0.00012	5.45	7.58	Hamilton Straight
181	181.0	1662.604	15.876	1990.375	2.49808	-0.00011	5.44	7.57	Hamilton Straight
182	182.0	1663.204	15.892	1989.575	2.49797	-0.00011	5.44	7.56	Hamilton Straight
183	183.0	1663.804	15.908	1988.775	2.49786	-0.00011	5.43	7.54	Hamilton Straight
184	184.0	1664.405	15.924	1987.975	2.49775	-0.00011	5.44	7.52	Hamilton Straight
185	185.0	1665.005	15.940	1987.176	2.49764	-0.00010	5.44	7.51	Hamilton Straight
186	186.0	1665.605	15.956	1986.376	2.49754	-0.00010	5.45	7.50	Hamilton Straight
187	187.0	1666.206	15.972	1985.576	2.49744	-0.00010	5.46	7.48	Hamilton Straight
188	188.0	1666.806	15.989	1984.777	2.49735	-0.00009	5.48	7.47	Hamilton Straight
189	189.0	1667.407	16.005	1983.977	2.49725	-0.00009	5.49	7.46	Hamilton Straight
190	190.0	1668.008	16.022	1983.178	2.49716	-0.00009	5.51	7.45	Hamilton Straight
191	191.0	1668.608	16.038	1982.378	2.49708	-0.00008	5.52	7.44	Hamilton Straight
192	192.0	1669.209	16.055	1981.579	2.49700	-0.00008	5.53	7.43	Hamilton Straight
193	193.0	1669.810	16.071	1980.780	2.49692	-0.00008	5.55	7.43	Hamilton Straight
194	194.0	1670.411	16.088	1979.980	2.49684	-0.00007	5.56	7.42	Hamilton Straight
195	195.0	1671.012	16.104	1979.181	2.49677	-0.00007	5.57	7.42	Hamilton Straight
196	196.0	1671.613	16.120	1978.382	2.49671	-0.00006	5.59	7.42	Hamilton Straight
197	197.0	1672.214	16.137	1977.583	2.49664	-0.00006	5.60	7.42	Hamilton Straight
198	198.0	1672.816	16.153	1976.784	2.49658	-0.00005	5.62	7.42	Hamilton Straight
199	199.0	1673.417	16.170	1975.985	2.49653	-0.00005	5.64	7.43	Hamilton Straight
200	200.0	1674.018	16.186	1975.186	2.49648	-0.00004	5.66	7.44	Hamilton Straight
201	201.0	1674.619	16.202	1974.387	2.49644	-0.00004	5.68	7.46	Hamilton Straight
202	202.0	1675.221	16.218	1973.588	2.49640	-0.00003	5.69	7.47	Hamilton Straight
203	203.0	1675.822	16.235	1972.789	2.49636	-0.00003	5.71	7.49	Hamilton Straight
204	204.0	1676.423	16.251	1971.990	2.49633	-0.00002	5.73	7.50	Hamilton Straight
205	205.0	1677.025	16.267	1971.191	2.49631	-0.00002	5.74	7.52	Hamilton Straight
206	206.0	1677.626	16.283	1970.392	2.49630	-0.00001	5.74	7.53	Hamilton Straight
207	207.0	1678.228	16.299	1969.593	2.49629	-0.00000	5.75	7.53	Hamilton Straight
208	208.0	1678.829	16.316	1968.794	2.49629	0.00001	5.74	7.54	Hamilton Straight
209	209.0	1679.431	16.332	1967.995	2.49630	0.00002	5.74	7.53	Hamilton Straight
210	210.0	1680.032	16.348	1967.196	2.49631	0.00003	5.73	7.53	Hamilton Straight
211	211.0	1680.634	16.364	1966.397	2.49634	0.00004	5.72	7.52	Hamilton Straight
212	212.0	1681.235	16.381	1965.598	2.49637	0.00005	5.70	7.50	Hamilton Straight
213	213.0	1681.836	16.397	1964.799	2.49642	0.00007	5.68	7.49	Hamilton Straight
214	214.0	1682.438	16.413	1964.000	2.49648	0.00008	5.67	7.46	Hamilton Straight
215	215.0	1683.039	16.430	1963.201	2.49655	0.00010	5.65	7.44	Hamilton Straight
216	216.0	1683.640	16.446	1962.402	2.49664	0.00012	5.63	7.41	Hamilton Straight
217	217.0	1684.241	16.462	1961.603	2.49675	0.00015	5.62	7.38	Hamilton Straight
218	218.0	1684.842	16.479	1960.804	2.49687	0.00018	5.61	7.35	Hamilton Straight
219	219.0	1685.443	16.496	1960.004	2.49702	0.00022	5.59	7.31	Hamilton Straight
220	220.0	1686.044	16.512	1959.205	2.49720	0.00027	5.58	7.28	Hamilton Straight
221	221.0	1686.645	16.529	1958.405	2.49741	0.00032	5.57	7.24	Hamilton Straight
222	222.0	1687.245	16.546	1957.606	2.49766	0.00037	5.56	7.21	Hamilton Straight
223	223.0	1687.845	16.562	1956.806	2.49797	0.00043	5.54	7.18	Hamilton Straight
224	224.0	1688.445	16.579	1956.006	2.49837	0.00048	5.53	7.15	Hamilton Straight
225	225.0	1689.045	16.596	1955.206	2.49887	0.00052	5.52	7.12	Hamilton Straight
226	226.0	1689.644	16.613	1954.405	2.49950	0.00054	5.50	7.09	Hamilton Straight
227	227.0	1690.243	16.629	1953.604	2.50029	0.00052	5.49	7.07	Hamilton Straight
228	228.0	1690.840	16.646	1952.802	2.50121	0.00046	5.47	7.06	Hamilton Straight
229	229.0	1691.438	16.663	1952.000	2.50224	0.00035	5.45	7.04	Hamilton Straight
230	230.0	1692.034	16.679	1951.197	2.50327	0.00017	5.44	7.03	Hamilton Straight
231	231.0	1692.629	16.696	1950.394	2.50418	-0.00007	5.42	7.03	Hamilton Straight
232	232.0	1693.224	16.712	1949.590	2.50481	-0.00037	5.41	7.02	Hamilton Straight
233	233.0	1693.818	16.729	1948.786	2.50498	-0.00073	5.40	7.03	Hamilton Straight
234	234.0	1694.413	16.745	1947.982	2.50453	-0.00112	5.40	7.03	Hamilton Straight
235	235.0	1695.008	16.761	1947.178	2.50335	-0.00153	5.40	7.04	Hamilton Straight
236	236.0	1695.604	16.776	1946.376	2.50139	-0.00194	5.40	7.05	Hamilton Straight
237	237.0	1696.203	16.792	1945.574	2.49870	-0.00232	5.41	7.06	Hamilton Straight
238	238.0	1696.804	16.807	1944.775	2.49539	-0.00265	5.42	7.08	Hamilton Straight
239	239.0	1697.407	16.822	1943.978	2.49164	-0.00292	5.44	7.10	Hamilton Straight
240	240.0	1698.014	16.837	1943.183	2.48765	-0.00312	5.46	7.12	Hamilton Straight
241	241.0	1698.624	16.851	1942.390	2.48361	-0.00327	5.48	7.14	Hamilton Straight
242	242.0	1699.237	16.866	1941.600	2.47970	-0.00337	5.51	7.16	Hamilton Straight
243	243.0	1699.853	16.880	1940.812	2.47600	-0.00344	5.54	7.19	Hamilton Straight
244	244.0	1700.472	16.894	1940.027	2.47256	-0.00352	5.57	7.23	Hamilton Straight
245	245.0	1701.094	16.907	1939.244	2.46936	-0.00365	5.60	7.28	Hamilton Straight
246	246.0	1701.717	16.921	1938.462	2.46637	-0.00387	5.64	7.33	Hamilton Straight
247	247.0	1702.344	16.934	1937.683	2.46350	-0.00424	5.68	7.39	Hamilton Straight
248	248.0	1702.972	16.947	1936.905	2.46067	-0.00478	5.72	7.47	Hamilton Straight
249	249.0	1703.603	16.960	1936.129	2.45771	-0.00556	5.77	7.55	Hamilton Straight
250	250.0	1704.236	16.972	1935.354	2.45439	-0.00661	5.81	7.64	Hamilton Straight
251	251.0	1704.871	16.985	1934.583	2.45037	-0.00795	5.86	7.73	Hamilton Straight
252	252.0	1705.511	16.997	1933.813	2.44515	-0.00957	5.91	7.84	Hamilton Straight
253	253.0	1706.154	17.009	1933.048	2.43812	-0.01145	5.95	7.94	Hamilton Straight
254	254.0	1706.804	17.021	1932.288	2.42858	-0.01354	5.99	8.05	Hamilton Straight
255	255.0	1707.463	17.033	1931.536	2.41584	-0.01575	6.02	8.15	Hamilton Straight
256	256.0	1708.132	17.045	1930.792	2.39937	-0.01797	6.04	8.26	Hamilton Straight
257	257.0	1708.814	17.056	1930.062	2.37891	-0.02009	6.05	8.35	Hamilton Straight
258	258.0	1709.513	17.067	1929.347	2.35462	-0.02199	6.05	8.45	Hamilton Straight
259	259.0	1710.231	17.079	1928.650	2.32705	-0.02355	6.05	8.53	Hamilton Straight
260	260.0	1710.968	17.089	1927.974	2.29716	-0.02470	6.03	8.59	Hamilton Straight
261	261.0	1711.726	17.100	1927.322	2.26611	-0.02538	6.02	8.64	Hamilton Straight
262	262.0	1712.503	17.111	1926.693	2.23508	-0.02557	6.00	8.68	Hamilton Straight
263	263.0	1713.300	17.121	1926.089	2.20505	-0.02530	5.98	8.69	Hamilton Straight
264	264.0	1714.114	17.131	1925.508	2.17670	-0.02462	5.96	8.69	Hamilton Straight
265	265.0	1714.944	17.141	1924.950	2.15032	-0.02360	5.94	8.68	Hamilton Straight
266	266.0	1715.787	17.151	1924.413	2.12598	-0.02235	5.94	8.65	Hamilton Straight
267	267.0	1716.643	17.160	1923.896	2.10364	-0.02097	5.93	8.62	Hamilton Straight
268	268.0	1717.510	17.169	1923.397	2.08337	-0.01958	5.94	8.58	Hamilton Straight
269	269.0	1718.386	17.178	1922.915	2.06537	-0.01828	5.94	8.55	Hamilton Straight
270	270.0	1719.270	17.187	1922.448	2.04987	-0.01716	5.96	8.51	Hamilton Straight
271	271.0	1720.161	17.196	1921.993	2.03688	-0.01630	5.98	8.49	Hamilton Straight
272	272.0	1721.057	17.204	1921.549	2.02588	-0.01573	6.00	8.47	Hamilton Straight
273	273.0	1721.957	17.212	1921.114	2.01575	-0.01544	6.03	8.46	Hamilton Straight
274	274.0	1722.862	17.221	1920.688	2.00494	-0.01539	6.06	8.45	Hamilton Straight
275	275.0	1723.772	17.228	1920.273	1.99199	-0.01548	6.09	8.45	Hamilton Straight
276	276.0	1724.687	17.236	1919.871	1.97599	-0.01561	6.12	8.45	Hamilton Straight
277	277.0	1725.610	17.243	1919.485	1.95699	-0.01568	6.14	8.45	Hamilton Straight
278	278.0	1726.540	17.251	1919.117	1.93602	-0.01559	6.17	8.45	Hamilton Straight
279	279.0	1727.478	17.258	1918.770	1.91473	-0.01528	6.19	8.45	Hamilton Straight
280	280.0	1728.423	17.265	1918.443	1.89489	-0.01477	6.21	8.44	Hamilton Straight
281	281.0	1729.373	17.271	1918.134	1.87783	-0.01408	6.23	8.42	Hamilton Straight
282	282.0	1730.329	17.278	1917.839	1.86419	-0.01329	6.25	8.40	Hamilton Straight
283	283.0	1731.288	17.284	1917.555	1.85373	-0.01249	6.26	8.37	Hamilton Straight
284	284.0	1732.249	17.291	1917.280	1.84553	-0.01175	6.27	8.34	Hamilton Straight
285	285.0	1733.213	17.297	1917.013	1.83827	-0.01113	6.27	8.30	Hamilton Straight
286	286.0	1734.178	17.303	1916.752	1.83065	-0.01064	6.28	8.26	Hamilton Straight
287	287.0	1735.146	17.308	1916.499	1.82174	-0.01025	6.28	8.22	Hamilton Straight
288	288.0	1736.116	17.314	1916.255	1.81129	-0.00994	6.27	8.18	Hamilton Straight
289	289.0	1737.088	17.320	1916.022	1.79967	-0.00964	6.27	8.14	Hamilton Straight
290	290.0	1738.063	17.325	1915.801	1.78770	-0.00931	6.26	8.10	Abbey
291	291.0	1739.041	17.330	1915.592	1.77626	-0.00893	6.24	8.07	Abbey
292	292.0	1740.021	17.336	1915.393	1.76602	-0.00847	6.23	8.04	Abbey
293	293.0	1741.003	17.341	1915.204	1.75726	-0.00797	6.21	8.02	Abbey
294	294.0	1741.987	17.346	1915.023	1.74993	-0.00744	6.18	8.01	Abbey
295	295.0	1742.971	17.351	1914.848	1.74375	-0.00692	6.15	8.00	Abbey
296	296.0	1743.957	17.356	1914.678	1.73839	-0.00645	6.12	7.99	Abbey
297	297.0	1744.943	17.361	1914.514	1.73354	-0.00606	6.09	7.98	Abbey
298	298.0	1745.930	17.366	1914.354	1.72896	-0.00576	6.06	7.98	Abbey
299	299.0	1746.918	17.371	1914.199	1.72445	-0.00556	6.02	7.97	Abbey
300	300.0	1747.907	17.376	1914.048	1.71985	-0.00545	5.99	7.97	Abbey
301	301.0	1748.896	17.380	1913.902	1.71502	-0.00543	5.95	7.97	Abbey
302	302.0	1749.886	17.385	1913.761	1.70988	-0.00547	5.92	7.96	Abbey
303	303.0	1750.877	17.390	1913.625	1.70440	-0.00556	5.88	7.96	Abbey
304	304.0	1751.868	17.395	1913.494	1.69862	-0.00568	5.85	7.96	Abbey
305	305.0	1752.860	17.399	1913.370	1.69263	-0.00582	5.82	7.95	Abbey
306	306.0	1753.853	17.404	1913.251	1.68657	-0.00598	5.79	7.95	Abbey
307	307.0	1754.847	17.408	1913.139	1.68054	-0.00615	5.76	7.95	Abbey
308	308.0	1755.841	17.413	1913.032	1.67459	-0.00633	5.74	7.95	Abbey
309	309.0	1756.836	17.418	1912.932	1.66865	-0.00651	5.72	7.94	Abbey
310	310.0	1757.832	17.422	1912.837	1.66255	-0.00668	5.70	7.94	Abbey
311	311.0	1758.828	17.427	1912.748	1.65605	-0.00683	5.69	7.94	Abbey
312	312.0	1759.824	17.431	1912.667	1.64897	-0.00694	5.69	7.94	Abbey
313	313.0	1760.822	17.436	1912.592	1.64123	-0.00698	5.69	7.94	Abbey
314	314.0	1761.819	17.441	1912.526	1.63294	-0.00694	5.70	7.93	Abbey
315	315.0	1762.818	17.445	1912.468	1.62439	-0.00679	5.71	7.93	Abbey
316	316.0	1763.817	17.450	1912.419	1.61599	-0.00654	5.72	7.92	Abbey
317	317.0	1764.816	17.455	1912.378	1.60818	-0.00621	5.73	7.91	Abbey
318	318.0	1765.815	17.460	1912.344	1.60128	-0.00581	5.74	7.90	Abbey
319	319.0	1766.815	17.465	1912.317	1.59548	-0.00537	5.76	7.90	Abbey
320	320.0	1767.814	17.470	1912.295	1.59081	-0.00495	5.77	7.89	Abbey
321	321.0	1768.814	17.476	1912.277	1.58712	-0.00458	5.77	7.88	Abbey
322	322.0	1769.814	17.482	1912.262	1.58416	-0.00429	5.78	7.87	Abbey
323	323.0	1770.814	17.487	1912.250	1.58163	-0.00413	5.78	7.87	Abbey
324	324.0	1771.814	17.493	1912.240	1.57923	-0.00411	5.78	7.86	Abbey
325	325.0	1772.814	17.500	1912.233	1.57668	-0.00423	5.78	7.86	Abbey
326	326.0	1773.814	17.506	1912.228	1.57373	-0.00448	5.78	7.86	Abbey
327	327.0	1774.814	17.513	1912.227	1.57017	-0.00485	5.78	7.85	Abbey
328	328.0	1775.814	17.520	1912.230	1.56585	-0.00530	5.77	7.85	Abbey
329	329.0	1776.814	17.527	1912.237	1.56064	-0.00581	5.77	7.86	Abbey
330	330.0	1777.814	17.535	1912.250	1.55450	-0.00632	5.76	7.86	Abbey
331	331.0	1778.814	17.542	1912.270	1.54742	-0.00680	5.75	7.87	Abbey
332	332.0	1779.813	17.550	1912.297	1.53948	-0.00721	5.73	7.88	Abbey
333	333.0	1780.813	17.558	1912.332	1.53081	-0.00750	5.72	7.89	Abbey
334	334.0	1781.812	17.566	1912.377	1.52159	-0.00766	5.70	7.90	Abbey
335	335.0	1782.810	17.574	1912.431	1.51208	-0.00767	5.67	7.91	Abbey
336	336.0	1783.808	17.582	1912.494	1.50255	-0.00751	5.64	7.93	Abbey
337	337.0	1784.806	17.591	1912.567	1.49334	-0.00720	5.61	7.94	Abbey
338	338.0	1785.802	17.600	1912.649	1.48481	-0.00675	5.58	7.96	Abbey
339	339.0	1786.798	17.608	1912.739	1.47728	-0.00619	5.55	7.97	Abbey
340	340.0	1787.793	17.617	1912.836	1.47096	-0.00557	5.53	7.98	Abbey
341	341.0	1788.788	17.626	1912.938	1.46593	-0.00492	5.50	7.99	Abbey
342	342.0	1789.782	17.635	1913.045	1.46210	-0.00429	5.48	7.99	Abbey
343	343.0	1790.776	17.644	1913.155	1.45925	-0.00371	5.47	7.99	Abbey
344	344.0	1791.770	17.654	1913.268	1.45710	-0.00322	5.47	7.99	Abbey
345	345.0	1792.764	17.663	1913.382	1.45539	-0.00281	5.47	7.99	Abbey
346	346.0	1793.757	17.673	1913.498	1.45387	-0.00251	5.49	7.99	Abbey
347	347.0	1794.750	17.683	1913.615	1.45239	-0.00230	5.51	7.98	Abbey
348	348.0	1795.743	17.693	1913.734	1.45084	-0.00218	5.54	7.97	Abbey
349	349.0	1796.735	17.703	1913.855	1.44917	-0.00213	5.57	7.96	Abbey
350	350.0	1797.728	17.713	1913.977	1.44732	-0.00213	5.61	7.95	Abbey
351	351.0	1798.720	17.724	1914.101	1.44526	-0.00214	5.65	7.94	Abbey
352	352.0	1799.712	17.734	1914.227	1.44297	-0.00216	5.69	7.93	Abbey
353	353.0	1800.704	17.745	1914.356	1.44047	-0.00216	5.73	7.92	Abbey
354	354.0	1801.695	17.756	1914.487	1.43778	-0.00212	5.76	7.91	Abbey
355	355.0	1802.686	17.767	1914.621	1.43500	-0.00203	5.79	7.89	Abbey
356	356.0	1803.677	17.779	1914.758	1.43225	-0.00187	5.82	7.88	Abbey
357	357.0	1804.667	17.790	1914.897	1.42967	-0.00165	5.84	7.87	Abbey
358	358.0	1805.657	17.802	1915.039	1.42743	-0.00137	5.85	7.86	Abbey
359	359.0	1806.647	17.814	1915.183	1.42564	-0.00103	5.86	7.85	Abbey
360	360.0	1807.636	17.826	1915.328	1.42441	-0.00065	5.87	7.84	Abbey
361	361.0	1808.625	17.838	1915.475	1.42379	-0.00024	5.87	7.83	Abbey
362	362.0	1809.614	17.851	1915.621	1.42381	0.00016	5.88	7.83	Abbey
363	363.0	1810.604	17.863	1915.768	1.42445	0.00056	5.88	7.83	Abbey
364	364.0	1811.593	17.876	1915.913	1.42567	0.00091	5.88	7.83	Abbey
365	365.0	1812.583	17.889	1916.057	1.42740	0.00122	5.89	7.83	Abbey
366	366.0	1813.572	17.902	1916.199	1.42953	0.00145	5.89	7.83	Abbey
367	367.0	1814.563	17.915	1916.339	1.43195	0.00160	5.90	7.84	Abbey
368	368.0	1815.553	17.928	1916.476	1.43451	0.00167	5.91	7.85	Abbey
369	369.0	1816.544	17.941	1916.610	1.43706	0.00165	5.92	7.86	Abbey
370	370.0	1817.535	17.955	1916.742	1.43946	0.00156	5.94	7.87	Abbey
371	371.0	1818.527	17.968	1916.872	1.44158	0.00139	5.96	7.89	Abbey
372	372.0	1819.519	17.981	1917.000	1.44333	0.00116	5.97	7.90	Abbey
373	373.0	1820.511	17.995	1917.126	1.44465	0.00089	5.99	7.91	Abbey
374	374.0	1821.503	18.008	1917.252	1.44551	0.00059	6.01	7.93	Abbey
375	375.0	1822.495	18.022	1917.376	1.44590	0.00028	6.03	7.94	Abbey
376	376.0	1823.487	18.035	1917.501	1.44583	-0.00003	6.04	7.96	Abbey
377	377.0	1824.479	18.049	1917.626	1.44535	-0.00032	6.06	7.97	Abbey
378	378.0	1825.471	18.062	1917.751	1.44451	-0.00058	6.06	7.98	Abbey
379	379.0	1826.464	18.076	1917.878	1.44336	-0.00080	6.07	7.99	Abbey
380	380.0	1827.455	18.089	1918.005	1.44198	-0.00098	6.06	8.00	Abbey
381	381.0	1828.447	18.102	1918.135	1.44045	-0.00111	6.05	8.01	Abbey
382	382.0	1829.438	18.116	1918.265	1.43882	-0.00120	6.04	8.01	Abbey
383	383.0	1830.429	18.129	1918.398	1.43719	-0.00124	6.02	8.01	Abbey
384	384.0	1831.420	18.142	1918.532	1.43560	-0.00124	6.00	8.02	Abbey
385	385.0	1832.411	18.156	1918.667	1.43411	-0.00121	5.97	8.02	Abbey
386	386.0	1833.402	18.169	1918.804	1.43276	-0.00115	5.94	8.02	Abbey
387	387.0	1834.392	18.182	1918.942	1.43157	-0.00108	5.92	8.02	Abbey
388	388.0	1835.382	18.195	1919.082	1.43052	-0.00099	5.89	8.01	Abbey
389	389.0	1836.373	18.207	1919.222	1.42963	-0.00089	5.87	8.01	Abbey
390	390.0	1837.363	18.220	1919.363	1.42885	-0.00080	5.86	8.00	Abbey
391	391.0	1838.352	18.232	1919.505	1.42819	-0.00071	5.84	7.99	Abbey
392	392.0	1839.342	18.245	1919.647	1.42762	-0.00063	5.83	7.98	Abbey
393	393.0	1840.332	18.257	1919.790	1.42712	-0.00055	5.82	7.96	Abbey
394	394.0	1841.322	18.269	1919.934	1.42668	-0.00048	5.81	7.94	Abbey
395	395.0	1842.311	18.280	1920.078	1.42630	-0.00042	5.80	7.92	Abbey
396	396.0	1843.301	18.292	1920.222	1.42596	-0.00037	5.79	7.90	Abbey
397	397.0	1844.290	18.303	1920.366	1.42566	-0.00032	5.78	7.87	Abbey
398	398.0	1845.280	18.314	1920.511	1.42540	-0.00028	5.77	7.85	Abbey
399	399.0	1846.269	18.325	1920.656	1.42517	-0.00024	5.76	7.82	Abbey
400	400.0	1847.259	18.336	1920.801	1.42496	-0.00021	5.75	7.80	Abbey
401	401.0	1848.248	18.347	1920.947	1.42478	-0.00018	5.74	7.78	Abbey
402	402.0	1849.237	18.357	1921.092	1.42462	-0.00016	5.74	7.76	Abbey
403	403.0	1850.227	18.368	1921.238	1.42449	-0.00013	5.74	7.74	Abbey
404	404.0	1851.216	18.378	1921.384	1.42438	-0.00011	5.74	7.72	Abbey
405	405.0	1852.205	18.388	1921.530	1.42428	-0.00009	5.75	7.70	Abbey
406	406.0	1853.195	18.398	1921.676	1.42421	-0.00007	5.77	7.69	Abbey
407	407.0	1854.184	18.408	1921.822	1.42415	-0.00004	5.78	7.68	Abbey
408	408.0	1855.173	18.418	1921.968	1.42412	-0.00002	5.81	7.66	Abbey
409	409.0	1856.162	18.427	1922.114	1.42410	-0.00000	5.83	7.65	Abbey
410	410.0	1857.152	18.437	1922.260	1.42410	0.00002	5.86	7.64	Abbey
411	411.0	1858.141	18.447	1922.406	1.42413	0.00005	5.89	7.63	Abbey
412	412.0	1859.130	18.456	1922.553	1.42417	0.00007	5.93	7.62	Abbey
413	413.0	1860.119	18.466	1922.699	1.42424	0.00010	5.96	7.61	Abbey
414	414.0	1861.109	18.475	1922.845	1.42434	0.00013	5.99	7.60	Abbey
415	415.0	1862.098	18.485	1922.991	1.42446	0.00015	6.01	7.59	Abbey
416	416.0	1863.087	18.494	1923.136	1.42462	0.00018	6.04	7.58	Abbey
417	417.0	1864.077	18.504	1923.282	1.42481	0.00021	6.06	7.57	Abbey
418	418.0	1865.066	18.514	1923.427	1.42504	0.00023	6.07	7.56	Abbey
419	419.0	1866.055	18.524	1923.572	1.42532	0.00025	6.09	7.55	Abbey
420	420.0	1867.045	18.534	1923.717	1.42564	0.00026	6.10	7.54	Abbey
421	421.0	1868.034	18.544	1923.862	1.42601	0.00027	6.10	7.53	Abbey
422	422.0	1869.024	18.554	1924.006	1.42641	0.00028	6.10	7.51	Abbey
423	423.0	1870.014	18.564	1924.149	1.42681	0.00028	6.11	7.48	Abbey
424	424.0	1871.003	18.574	1924.293	1.42717	0.00030	6.11	7.45	Abbey
425	425.0	1871.993	18.585	1924.436	1.42744	0.00034	6.11	7.42	Abbey
426	426.0	1872.983	18.596	1924.578	1.42760	0.00042	6.11	7.37	Abbey
427	427.0	1873.973	18.606	1924.721	1.42762	0.00055	6.12	7.31	Abbey
428	428.0	1874.962	18.617	1924.864	1.42756	0.00074	6.12	7.24	Abbey
429	429.0	1875.952	18.628	1925.007	1.42752	0.00101	6.13	7.15	Abbey
430	430.0	1876.942	18.639	1925.149	1.42764	0.00137	6.14	7.05	Abbey
431	431.0	1877.932	18.651	1925.292	1.42811	0.00182	6.14	6.94	Abbey
432	432.0	1878.922	18.662	1925.434	1.42915	0.00236	6.15	6.82	Abbey
433	433.0	1879.911	18.674	1925.574	1.43093	0.00296	6.15	6.68	Abbey
434	434.0	1880.902	18.685	1925.713	1.43363	0.00362	6.15	6.53	Abbey
435	435.0	1881.893	18.697	1925.848	1.43738	0.00429	6.15	6.37	Abbey
436	436.0	1882.884	18.709	1925.979	1.44223	0.00494	6.16	6.21	Abbey
437	437.0	1883.876	18.721	1926.104	1.44817	0.00555	6.16	6.04	Abbey
438	438.0	1884.869	18.733	1926.223	1.45512	0.00607	6.17	5.87	Abbey
439	439.0	1885.863	18.745	1926.335	1.46287	0.00650	6.17	5.70	Abbey
440	440.0	1886.857	18.757	1926.439	1.47117	0.00680	6.18	5.54	Abbey
441	441.0	1887.853	18.769	1926.534	1.47970	0.00699	6.20	5.38	Abbey
442	442.0	1888.849	18.782	1926.621	1.48812	0.00706	6.21	5.22	Abbey
443	443.0	1889.846	18.794	1926.699	1.49614	0.00704	6.23	5.07	Abbey
444	444.0	1890.844	18.807	1926.770	1.50356	0.00696	6.25	4.94	Abbey
445	445.0	1891.842	18.820	1926.833	1.51034	0.00685	6.27	4.81	Abbey
446	446.0	1892.840	18.833	1926.891	1.51654	0.00674	6.30	4.71	Abbey
447	447.0	1893.839	18.846	1926.942	1.52236	0.00666	6.32	4.62	Abbey
448	448.0	1894.838	18.859	1926.988	1.52805	0.00663	6.34	4.55	Abbey
449	449.0	1895.837	18.873	1927.027	1.53382	0.00667	6.36	4.52	Abbey
450	450.0	1896.836	18.887	1927.062	1.53982	0.00679	6.38	4.51	Abbey
451	451.0	1897.836	18.900	1927.089	1.54612	0.00698	6.40	4.55	Abbey
452	452.0	1898.836	18.914	1927.111	1.55271	0.00724	6.41	4.62	Abbey
453	453.0	1899.835	18.928	1927.126	1.55960	0.00757	6.43	4.74	Abbey
454	454.0	1900.835	18.942	1927.133	1.56681	0.00793	6.44	4.91	Abbey
455	455.0	1901.835	18.956	1927.134	1.57445	0.00832	6.45	5.11	Abbey
456	456.0	1902.835	18.970	1927.126	1.58268	0.00869	6.46	5.34	Abbey
457	457.0	1903.835	18.985	1927.110	1.59167	0.00901	6.46	5.60	Abbey
458	458.0	1904.835	18.999	1927.084	1.60153	0.00925	6.47	5.87	Abbey
459	459.0	1905.834	19.013	1927.048	1.61226	0.00935	6.48	6.14	Abbey
460	460.0	1906.833	19.027	1927.001	1.62368	0.00929	6.48	6.40	Abbey
461	461.0	1907.831	19.041	1926.943	1.63541	0.00904	6.49	6.63	Abbey
462	462.0	1908.829	19.055	1926.872	1.64696	0.00861	6.50	6.85	Abbey
463	463.0	1909.826	19.069	1926.790	1.65777	0.00800	6.50	7.03	Abbey
464	464.0	1910.821	19.083	1926.698	1.66730	0.00725	6.51	7.18	Abbey
465	465.0	1911.816	19.097	1926.598	1.67512	0.00643	6.53	7.30	Abbey
466	466.0	1912.810	19.110	1926.490	1.68100	0.00559	6.54	7.39	Abbey
467	467.0	1913.804	19.124	1926.378	1.68492	0.00483	6.56	7.45	Abbey
468	468.0	1914.797	19.137	1926.262	1.68711	0.00421	6.57	7.50	Abbey
469	469.0	1915.791	19.150	1926.146	1.68801	0.00379	6.59	7.53	Abbey
470	470.0	1916.784	19.163	1926.029	1.68823	0.00360	6.61	7.55	Abbey
471	471.0	1917.777	19.176	1925.911	1.68847	0.00367	6.62	7.56	Abbey
472	472.0	1918.770	19.189	1925.794	1.68940	0.00397	6.64	7.56	Abbey
473	473.0	1919.763	19.201	1925.675	1.69158	0.00448	6.65	7.56	Abbey
474	474.0	1920.755	19.214	1925.553	1.69537	0.00514	6.66	7.55	Abbey
475	475.0	1921.747	19.227	1925.426	1.70087	0.00590	6.67	7.55	Abbey
476	476.0	1922.738	19.239	1925.293	1.70793	0.00669	6.68	7.54	Abbey
477	477.0	1923.728	19.252	1925.153	1.71626	0.00746	6.68	7.53	Abbey
478	478.0	1924.717	19.265	1925.003	1.72547	0.00817	6.68	7.53	Abbey
479	479.0	1925.705	19.277	1924.845	1.73525	0.00877	6.68	7.52	Abbey
480	480.0	1926.690	19.290	1924.676	1.74538	0.00925	6.68	7.52	Abbey
481	481.0	1927.674	19.303	1924.497	1.75576	0.00958	6.68	7.52	Abbey
482	482.0	1928.656	19.315	1924.308	1.76640	0.00977	6.67	7.52	Abbey
483	483.0	1929.636	19.328	1924.109	1.77732	0.00979	6.66	7.52	Abbey
484	484.0	1930.614	19.341	1923.898	1.78849	0.00964	6.65	7.53	Abbey
485	485.0	1931.589	19.354	1923.677	1.79976	0.00933	6.63	7.54	Abbey
486	486.0	1932.561	19.367	1923.444	1.81082	0.00887	6.62	7.54	Abbey
487	487.0	1933.531	19.379	1923.201	1.82124	0.00827	6.59	7.56	Abbey
488	488.0	1934.499	19.392	1922.948	1.83059	0.00757	6.57	7.57	Abbey
489	489.0	1935.464	19.405	1922.687	1.83849	0.00681	6.54	7.58	Abbey
490	490.0	1936.428	19.418	1922.419	1.84474	0.00604	6.52	7.59	Abbey
491	491.0	1937.390	19.431	1922.146	1.84938	0.00531	6.49	7.60	Abbey
492	492.0	1938.350	19.444	1921.870	1.85266	0.00467	6.46	7.61	Abbey
493	493.0	1939.311	19.457	1921.590	1.85501	0.00416	6.44	7.61	Abbey
494	494.0	1940.270	19.470	1921.309	1.85686	0.00382	6.42	7.62	Abbey
495	495.0	1941.229	19.482	1921.026	1.85864	0.00364	6.40	7.62	Abbey
496	496.0	1942.188	19.495	1920.741	1.86065	0.00363	6.38	7.62	Abbey
497	497.0	1943.146	19.508	1920.454	1.86306	0.00378	6.37	7.62	Abbey
498	498.0	1944.103	19.522	1920.165	1.86599	0.00406	6.35	7.61	Abbey
499	499.0	1945.059	19.535	1919.872	1.86950	0.00444	6.34	7.61	Abbey
500	500.0	1946.015	19.548	1919.576	1.87368	0.00490	6.34	7.60	Abbey
501	501.0	1946.968	19.561	1919.276	1.87862	0.00539	6.33	7.59	Abbey
502	502.0	1947.921	19.574	1918.970	1.88442	0.00589	6.32	7.58	Farm Curve
503	503.0	1948.871	19.587	1918.659	1.89109	0.00637	6.32	7.57	Farm Curve
504	504.0	1949.819	19.600	1918.340	1.89856	0.00679	6.31	7.56	Farm Curve
505	505.0	1950.764	19.614	1918.015	1.90663	0.00716	6.31	7.55	Farm Curve
506	506.0	1951.707	19.627	1917.681	1.91501	0.00745	6.31	7.54	Farm Curve
507	507.0	1952.647	19.640	1917.340	1.92347	0.00766	6.31	7.53	Farm Curve
508	508.0	1953.584	19.653	1916.991	1.93180	0.00781	6.31	7.52	Farm Curve
509	509.0	1954.518	19.666	1916.634	1.93993	0.00789	6.32	7.52	Farm Curve
510	510.0	1955.449	19.679	1916.269	1.94790	0.00792	6.32	7.51	Farm Curve
511	511.0	1956.378	19.692	1915.897	1.95581	0.00790	6.32	7.51	Farm Curve
512	512.0	1957.303	19.705	1915.518	1.96375	0.00785	6.33	7.51	Farm Curve
513	513.0	1958.225	19.718	1915.131	1.97177	0.00776	6.33	7.50	Farm Curve
514	514.0	1959.144	19.731	1914.737	1.97987	0.00764	6.33	7.50	Farm Curve
515	515.0	1960.060	19.744	1914.336	1.98796	0.00749	6.33	7.50	Farm Curve
516	516.0	1960.973	19.757	1913.927	1.99589	0.00733	6.33	7.50	Farm Curve
517	517.0	1961.882	19.770	1913.511	2.00350	0.00716	6.33	7.50	Farm Curve
518	518.0	1962.788	19.783	1913.088	2.01066	0.00701	6.33	7.50	Farm Curve
519	519.0	1963.692	19.796	1912.659	2.01728	0.00689	6.32	7.49	Farm Curve
520	520.0	1964.592	19.809	1912.225	2.02338	0.00683	6.31	7.49	Farm Curve
521	521.0	1965.490	19.821	1911.785	2.02909	0.00684	6.30	7.49	Farm Curve
522	522.0	1966.386	19.834	1911.340	2.03464	0.00694	6.29	7.48	Farm Curve
523	523.0	1967.279	19.847	1910.890	2.04032	0.00713	6.28	7.48	Farm Curve
524	524.0	1968.169	19.860	1910.435	2.04644	0.00740	6.26	7.47	Farm Curve
525	525.0	1969.057	19.873	1909.974	2.05324	0.00774	6.24	7.47	Farm Curve
526	526.0	1969.941	19.885	1909.507	2.06089	0.00812	6.22	7.47	Farm Curve
527	527.0	1970.821	19.898	1909.033	2.06940	0.00851	6.19	7.47	Farm Curve
528	528.0	1971.698	19.911	1908.551	2.07870	0.00889	6.16	7.47	Farm Curve
529	529.0	1972.569	19.924	1908.060	2.08861	0.00922	6.13	7.47	Farm Curve
530	530.0	1973.435	19.936	1907.561	2.09894	0.00949	6.10	7.47	Farm Curve
531	531.0	1974.296	19.949	1907.052	2.10950	0.00968	6.07	7.47	Farm Curve
532	532.0	1975.152	19.962	1906.535	2.12014	0.00978	6.03	7.48	Farm Curve
533	533.0	1976.002	19.975	1906.008	2.13073	0.00979	5.99	7.49	Farm Curve
534	534.0	1976.847	19.987	1905.472	2.14118	0.00972	5.95	7.50	Farm Curve
535	535.0	1977.685	20.000	1904.928	2.15143	0.00956	5.90	7.51	Farm Curve
536	536.0	1978.519	20.013	1904.375	2.16139	0.00932	5.86	7.52	Farm Curve
537	537.0	1979.347	20.026	1903.814	2.17102	0.00901	5.81	7.54	Farm Curve
538	538.0	1980.169	20.038	1903.246	2.18029	0.00864	5.76	7.56	Farm Curve
539	539.0	1980.987	20.051	1902.670	2.18915	0.00820	5.72	7.58	Farm Curve
540	540.0	1981.799	20.064	1902.086	2.19759	0.00771	5.68	7.60	Farm Curve
541	541.0	1982.606	20.077	1901.496	2.20555	0.00716	5.64	7.62	Farm Curve
542	542.0	1983.409	20.090	1900.900	2.21293	0.00657	5.61	7.64	Farm Curve
543	543.0	1984.208	20.102	1900.299	2.21963	0.00596	5.58	7.67	Farm Curve
544	544.0	1985.003	20.115	1899.692	2.22552	0.00533	5.55	7.69	Farm Curve
545	545.0	1985.794	20.128	1899.081	2.23054	0.00470	5.53	7.72	Farm Curve
546	546.0	1986.583	20.141	1898.466	2.23465	0.00409	5.51	7.74	Farm Curve
547	547.0	1987.370	20.154	1897.848	2.23789	0.00352	5.50	7.77	Farm Curve
548	548.0	1988.154	20.167	1897.229	2.24037	0.00301	5.48	7.80	Farm Curve
549	549.0	1988.938	20.179	1896.607	2.24223	0.00256	5.47	7.82	Farm Curve
550	550.0	1989.720	20.192	1895.984	2.24365	0.00219	5.47	7.85	Farm Curve
551	551.0	1990.502	20.205	1895.361	2.24482	0.00190	5.46	7.87	Farm Curve
552	552.0	1991.283	20.217	1894.736	2.24589	0.00167	5.45	7.90	Farm Curve
553	553.0	1992.063	20.230	1894.111	2.24700	0.00150	5.45	7.92	Farm Curve
554	554.0	1992.843	20.243	1893.484	2.24820	0.00138	5.44	7.94	Farm Curve
555	555.0	1993.622	20.255	1892.857	2.24949	0.00129	5.43	7.95	Farm Curve
556	556.0	1994.400	20.268	1892.229	2.25084	0.00122	5.43	7.96	Farm Curve
557	557.0	1995.177	20.280	1891.599	2.25219	0.00115	5.42	7.97	Farm Curve
558	558.0	1995.953	20.292	1890.969	2.25347	0.00109	5.42	7.97	Farm Curve
559	559.0	1996.728	20.305	1890.338	2.25465	0.00103	5.42	7.98	Farm Curve
560	560.0	1997.503	20.317	1889.706	2.25571	0.00096	5.41	7.98	Farm Curve
561	561.0	1998.277	20.330	1889.073	2.25664	0.00089	5.41	7.98	Farm Curve
562	562.0	1999.051	20.342	1888.439	2.25746	0.00081	5.42	7.98	Farm Curve
563	563.0	1999.824	20.354	1887.805	2.25818	0.00074	5.42	7.99	Farm Curve
564	564.0	2000.597	20.366	1887.170	2.25881	0.00067	5.42	7.99	Farm Curve
565	565.0	2001.369	20.378	1886.535	2.25937	0.00060	5.43	7.99	Farm Curve
566	566.0	2002.141	20.390	1885.899	2.25987	0.00054	5.43	8.00	Farm Curve
567	567.0	2002.913	20.402	1885.263	2.26033	0.00049	5.44	8.00	Farm Curve
568	568.0	2003.684	20.414	1884.627	2.26074	0.00044	5.44	8.01	Farm Curve
569	569.0	2004.455	20.426	1883.990	2.26111	0.00040	5.45	8.02	Farm Curve
570	570.0	2005.226	20.437	1883.353	2.26145	0.00036	5.45	8.03	Farm Curve
571	571.0	2005.997	20.448	1882.716	2.26176	0.00033	5.45	8.04	Farm Curve
572	572.0	2006.768	20.460	1882.078	2.26205	0.00030	5.46	8.05	Farm Curve
573	573.0	2007.538	20.471	1881.441	2.26232	0.00028	5.46	8.06	Farm Curve
574	574.0	2008.308	20.482	1880.803	2.26256	0.00025	5.47	8.07	Farm Curve
575	575.0	2009.078	20.493	1880.165	2.26279	0.00023	5.47	8.08	Farm Curve
576	576.0	2009.848	20.503	1879.527	2.26301	0.00022	5.48	8.10	Farm Curve
577	577.0	2010.618	20.514	1878.889	2.26320	0.00020	5.48	8.11	Farm Curve
578	578.0	2011.387	20.524	1878.250	2.26339	0.00019	5.49	8.13	Farm Curve
579	579.0	2012.157	20.535	1877.612	2.26356	0.00018	5.49	8.15	Farm Curve
580	580.0	2012.926	20.545	1876.973	2.26372	0.00016	5.50	8.17	Farm Curve
581	581.0	2013.696	20.555	1876.334	2.26388	0.00015	5.50	8.20	Farm Curve
582	582.0	2014.465	20.564	1875.695	2.26402	0.00014	5.51	8.23	Farm Curve
583	583.0	2015.234	20.574	1875.056	2.26415	0.00013	5.51	8.26	Farm Curve
584	584.0	2016.003	20.583	1874.417	2.26428	0.00013	5.51	8.29	Farm Curve
585	585.0	2016.772	20.593	1873.777	2.26439	0.00012	5.51	8.32	Farm Curve
586	586.0	2017.541	20.602	1873.138	2.26450	0.00011	5.52	8.35	Farm Curve
587	587.0	2018.310	20.611	1872.499	2.26461	0.00010	5.52	8.38	Farm Curve
588	588.0	2019.079	20.620	1871.859	2.26470	0.00010	5.52	8.41	Farm Curve
589	589.0	2019.847	20.629	1871.220	2.26479	0.00009	5.52	8.43	Farm Curve
590	590.0	2020.616	20.637	1870.580	2.26488	0.00009	5.52	8.45	Farm Curve
591	591.0	2021.385	20.646	1869.940	2.26496	0.00008	5.53	8.47	Farm Curve
592	592.0	2022.153	20.654	1869.301	2.26504	0.00007	5.53	8.49	Farm Curve
593	593.0	2022.922	20.662	1868.661	2.26511	0.00007	5.54	8.50	Farm Curve
594	594.0	2023.690	20.670	1868.021	2.26517	0.00007	5.54	8.52	Farm Curve
595	595.0	2024.459	20.678	1867.381	2.26523	0.00006	5.54	8.53	Farm Curve
596	596.0	2025.227	20.686	1866.741	2.26529	0.00006	5.55	8.54	Farm Curve
597	597.0	2025.995	20.693	1866.101	2.26535	0.00005	5.55	8.55	Farm Curve
598	598.0	2026.764	20.700	1865.461	2.26540	0.00005	5.55	8.55	Farm Curve
599	599.0	2027.532	20.707	1864.821	2.26544	0.00005	5.55	8.56	Farm Curve
600	600.0	2028.300	20.714	1864.181	2.26548	0.00004	5.54	8.56	Farm Curve
601	601.0	2029.069	20.721	1863.540	2.26552	0.00004	5.54	8.56	Farm Curve
602	602.0	2029.837	20.728	1862.900	2.26556	0.00004	5.54	8.56	Farm Curve
603	603.0	2030.605	20.734	1862.260	2.26559	0.00003	5.53	8.56	Farm Curve
604	604.0	2031.373	20.740	1861.620	2.26562	0.00003	5.53	8.56	Farm Curve
605	605.0	2032.141	20.746	1860.979	2.26565	0.00003	5.53	8.56	Farm Curve
606	606.0	2032.910	20.752	1860.339	2.26568	0.00002	5.54	8.56	Farm Curve
607	607.0	2033.678	20.757	1859.699	2.26570	0.00002	5.54	8.56	Farm Curve
608	608.0	2034.446	20.762	1859.059	2.26572	0.00002	5.55	8.56	Farm Curve
609	609.0	2035.214	20.768	1858.418	2.26574	0.00002	5.56	8.57	Farm Curve
610	610.0	2035.982	20.773	1857.778	2.26575	0.00001	5.57	8.57	Farm Curve
611	611.0	2036.750	20.778	1857.138	2.26576	0.00001	5.58	8.58	Farm Curve
612	612.0	2037.518	20.782	1856.497	2.26577	0.00001	5.59	8.59	Farm Curve
613	613.0	2038.286	20.787	1855.857	2.26578	0.00001	5.60	8.59	Farm Curve
614	614.0	2039.054	20.792	1855.216	2.26578	0.00000	5.60	8.60	Farm Curve
615	615.0	2039.822	20.796	1854.576	2.26579	0.00000	5.61	8.61	Farm Curve
616	616.0	2040.590	20.801	1853.936	2.26579	0.00000	5.61	8.62	Farm Curve
617	617.0	2041.358	20.805	1853.295	2.26579	-0.00000	5.61	8.63	Farm Curve
618	618.0	2042.126	20.809	1852.655	2.26578	-0.00000	5.61	8.64	Farm Curve
619	619.0	2042.895	20.814	1852.015	2.26578	-0.00001	5.61	8.65	Farm Curve
620	620.0	2043.663	20.818	1851.374	2.26577	-0.00001	5.61	8.67	Farm Curve
621	621.0	2044.431	20.822	1850.734	2.26576	-0.00001	5.60	8.68	Farm Curve
622	622.0	2045.199	20.827	1850.094	2.26575	-0.00001	5.60	8.70	Farm Curve
623	623.0	2045.967	20.831	1849.453	2.26574	-0.00001	5.60	8.71	Farm Curve
624	624.0	2046.735	20.836	1848.813	2.26572	-0.00002	5.60	8.73	Farm Curve
625	625.0	2047.503	20.841	1848.172	2.26571	-0.00002	5.60	8.75	Farm Curve
626	626.0	2048.271	20.845	1847.532	2.26569	-0.00002	5.60	8.77	Farm Curve
627	627.0	2049.039	20.850	1846.892	2.26567	-0.00002	5.59	8.79	Farm Curve
628	628.0	2049.807	20.855	1846.252	2.26564	-0.00002	5.59	8.81	Farm Curve
629	629.0	2050.575	20.860	1845.611	2.26562	-0.00003	5.58	8.83	Farm Curve
630	630.0	2051.344	20.865	1844.971	2.26559	-0.00003	5.58	8.84	Farm Curve
631	631.0	2052.112	20.871	1844.331	2.26556	-0.00003	5.57	8.86	Farm Curve
632	632.0	2052.880	20.876	1843.691	2.26553	-0.00003	5.56	8.87	Farm Curve
633	633.0	2053.648	20.881	1843.051	2.26550	-0.00003	5.55	8.88	Farm Curve
634	634.0	2054.417	20.886	1842.410	2.26547	-0.00003	5.53	8.89	Farm Curve
635	635.0	2055.185	20.892	1841.770	2.26543	-0.00004	5.52	8.89	Farm Curve
636	636.0	2055.953	20.897	1841.130	2.26539	-0.00004	5.51	8.90	Farm Curve
637	637.0	2056.721	20.902	1840.490	2.26535	-0.00004	5.50	8.91	Farm Curve
638	638.0	2057.490	20.907	1839.850	2.26531	-0.00004	5.48	8.92	Farm Curve
639	639.0	2058.258	20.913	1839.210	2.26527	-0.00004	5.47	8.93	Farm Curve
640	640.0	2059.027	20.918	1838.570	2.26522	-0.00005	5.46	8.95	Farm Curve
641	641.0	2059.795	20.923	1837.930	2.26518	-0.00005	5.45	8.96	Farm Curve
642	642.0	2060.563	20.928	1837.290	2.26513	-0.00005	5.43	8.98	Farm Curve
643	643.0	2061.332	20.933	1836.650	2.26508	-0.00005	5.42	9.00	Farm Curve
644	644.0	2062.101	20.938	1836.011	2.26502	-0.00005	5.41	9.02	Farm Curve
645	645.0	2062.869	20.943	1835.371	2.26497	-0.00006	5.40	9.04	Farm Curve
646	646.0	2063.638	20.948	1834.731	2.26491	-0.00006	5.39	9.07	Farm Curve
647	647.0	2064.406	20.953	1834.091	2.26485	-0.00006	5.38	9.09	Farm Curve
648	648.0	2065.175	20.957	1833.452	2.26479	-0.00006	5.38	9.11	Farm Curve
649	649.0	2065.944	20.962	1832.812	2.26473	-0.00006	5.37	9.13	Farm Curve
650	650.0	2066.713	20.967	1832.173	2.26466	-0.00007	5.38	9.16	Farm Curve
651	651.0	2067.481	20.972	1831.533	2.26459	-0.00007	5.38	9.18	Farm Curve
652	652.0	2068.250	20.977	1830.894	2.26452	-0.00007	5.39	9.20	Farm Curve
653	653.0	2069.019	20.982	1830.254	2.26445	-0.00007	5.41	9.21	Farm Curve
654	654.0	2069.788	20.987	1829.615	2.26437	-0.00008	5.43	9.23	Farm Curve
655	655.0	2070.557	20.992	1828.976	2.26430	-0.00008	5.45	9.24	Farm Curve
656	656.0	2071.326	20.998	1828.337	2.26422	-0.00008	5.47	9.26	Farm Curve
657	657.0	2072.095	21.003	1827.698	2.26414	-0.00008	5.49	9.27	Farm Curve
658	658.0	2072.864	21.008	1827.058	2.26405	-0.00009	5.52	9.28	Farm Curve
659	659.0	2073.634	21.013	1826.419	2.26396	-0.00009	5.54	9.29	Farm Curve
660	660.0	2074.403	21.018	1825.780	2.26387	-0.00009	5.55	9.30	Farm Curve
661	661.0	2075.172	21.023	1825.142	2.26378	-0.00009	5.56	9.30	Farm Curve
662	662.0	2075.941	21.029	1824.503	2.26369	-0.00010	5.57	9.30	Farm Curve
663	663.0	2076.711	21.034	1823.864	2.26359	-0.00010	5.58	9.30	Farm Curve
664	664.0	2077.480	21.039	1823.225	2.26349	-0.00010	5.58	9.30	Farm Curve
665	665.0	2078.250	21.044	1822.587	2.26338	-0.00011	5.58	9.28	Farm Curve
666	666.0	2079.020	21.049	1821.948	2.26327	-0.00011	5.57	9.26	Farm Curve
667	667.0	2079.789	21.054	1821.310	2.26316	-0.00011	5.56	9.22	Farm Curve
668	668.0	2080.559	21.059	1820.672	2.26305	-0.00012	5.55	9.17	Farm Curve
669	669.0	2081.329	21.064	1820.033	2.26293	-0.00012	5.54	9.10	Farm Curve
670	670.0	2082.099	21.069	1819.395	2.26281	-0.00012	5.53	9.00	Farm Curve
671	671.0	2082.869	21.074	1818.757	2.26268	-0.00013	5.52	8.88	Farm Curve
672	672.0	2083.639	21.079	1818.119	2.26256	-0.00013	5.51	8.72	Farm Curve
673	673.0	2084.409	21.084	1817.481	2.26242	-0.00014	5.50	8.54	Farm Curve
674	674.0	2085.179	21.088	1816.844	2.26229	-0.00014	5.50	8.34	Farm Curve
675	675.0	2085.950	21.093	1816.206	2.26214	-0.00014	5.50	8.11	Farm Curve
676	676.0	2086.720	21.098	1815.568	2.26200	-0.00015	5.50	7.86	Farm Curve
677	677.0	2087.491	21.103	1814.931	2.26185	-0.00015	5.51	7.61	Farm Curve
678	678.0	2088.261	21.108	1814.294	2.26169	-0.00016	5.52	7.37	Farm Curve
679	679.0	2089.032	21.112	1813.657	2.26153	-0.00016	5.53	7.13	Farm Curve
680	680.0	2089.803	21.117	1813.020	2.26137	-0.00017	5.54	6.92	Farm Curve
681	681.0	2090.574	21.122	1812.383	2.26120	-0.00018	5.56	6.73	Farm Curve
682	682.0	2091.345	21.127	1811.746	2.26102	-0.00018	5.57	6.57	Farm Curve
683	683.0	2092.116	21.132	1811.109	2.26084	-0.00019	5.59	6.44	Farm Curve
684	684.0	2092.887	21.137	1810.473	2.26065	-0.00019	5.60	6.34	Farm Curve
685	685.0	2093.659	21.142	1809.836	2.26045	-0.00020	5.61	6.27	Farm Curve
686	686.0	2094.430	21.147	1809.200	2.26025	-0.00021	5.62	6.23	Farm Curve
687	687.0	2095.202	21.152	1808.564	2.26004	-0.00022	5.63	6.22	Farm Curve
688	688.0	2095.974	21.157	1807.928	2.25983	-0.00022	5.64	6.23	Farm Curve
689	689.0	2096.746	21.162	1807.293	2.25960	-0.00023	5.65	6.27	Farm Curve
690	690.0	2097.518	21.167	1806.657	2.25937	-0.00024	5.66	6.33	Farm Curve
691	691.0	2098.290	21.172	1806.022	2.25913	-0.00025	5.66	6.41	Farm Curve
692	692.0	2099.062	21.177	1805.387	2.25887	-0.00026	5.66	6.50	Farm Curve
693	693.0	2099.835	21.182	1804.752	2.25861	-0.00027	5.66	6.62	Farm Curve
694	694.0	2100.607	21.186	1804.117	2.25834	-0.00028	5.66	6.74	Farm Curve
695	695.0	2101.380	21.191	1803.482	2.25806	-0.00030	5.66	6.88	Farm Curve
696	696.0	2102.154	21.196	1802.848	2.25776	-0.00031	5.65	7.02	Farm Curve
697	697.0	2102.927	21.200	1802.214	2.25746	-0.00032	5.64	7.16	Farm Curve
698	698.0	2103.700	21.204	1801.580	2.25713	-0.00034	5.64	7.31	Farm Curve
699	699.0	2104.474	21.208	1800.947	2.25680	-0.00035	5.63	7.47	Farm Curve
700	700.0	2105.248	21.213	1800.313	2.25645	-0.00037	5.63	7.62	Farm Curve
701	701.0	2106.022	21.217	1799.680	2.25608	-0.00039	5.63	7.79	Farm Curve
702	702.0	2106.796	21.220	1799.047	2.25569	-0.00041	5.63	7.95	Farm Curve
703	703.0	2107.571	21.224	1798.415	2.25529	-0.00043	5.63	8.12	Farm Curve
704	704.0	2108.346	21.228	1797.783	2.25486	-0.00045	5.63	8.29	Farm Curve
705	705.0	2109.121	21.231	1797.151	2.25441	-0.00048	5.64	8.46	Farm Curve
706	706.0	2109.896	21.235	1796.520	2.25394	-0.00051	5.64	8.63	Farm Curve
707	707.0	2110.672	21.238	1795.889	2.25344	-0.00054	5.65	8.79	Farm Curve
708	708.0	2111.448	21.242	1795.258	2.25291	-0.00057	5.65	8.93	Farm Curve
709	709.0	2112.225	21.245	1794.628	2.25235	-0.00061	5.66	9.05	Farm Curve
710	710.0	2113.001	21.248	1793.998	2.25175	-0.00066	5.67	9.16	Farm Curve
711	711.0	2113.779	21.251	1793.369	2.25111	-0.00071	5.68	9.25	Farm Curve
712	712.0	2114.556	21.255	1792.740	2.25042	-0.00076	5.69	9.32	Farm Curve
713	713.0	2115.334	21.258	1792.112	2.24969	-0.00083	5.70	9.37	Farm Curve
714	714.0	2116.113	21.261	1791.484	2.24890	-0.00090	5.72	9.41	Farm Curve
715	715.0	2116.892	21.264	1790.857	2.24805	-0.00099	5.73	9.45	Farm Curve
716	716.0	2117.671	21.267	1790.231	2.24712	-0.00110	5.75	9.47	Farm Curve
717	717.0	2118.451	21.270	1789.605	2.24611	-0.00124	5.77	9.48	Farm Curve
718	718.0	2119.232	21.273	1788.980	2.24500	-0.00140	5.79	9.50	Farm Curve
719	719.0	2120.014	21.276	1788.357	2.24378	-0.00162	5.81	9.50	Farm Curve
720	720.0	2120.796	21.279	1787.734	2.24241	-0.00189	5.83	9.51	Farm Curve
721	721.0	2121.579	21.282	1787.112	2.24088	-0.00224	5.85	9.51	Farm Curve
722	722.0	2122.364	21.285	1786.492	2.23914	-0.00268	5.86	9.51	Farm Curve
723	723.0	2123.149	21.288	1785.873	2.23714	-0.00325	5.88	9.51	Farm Curve
724	724.0	2123.936	21.291	1785.255	2.23478	-0.00396	5.89	9.51	Farm Curve
725	725.0	2124.724	21.294	1784.640	2.23195	-0.00484	5.90	9.51	Farm Curve
726	726.0	2125.514	21.297	1784.027	2.22846	-0.00589	5.91	9.50	Farm Curve
727	727.0	2126.307	21.300	1783.418	2.22407	-0.00714	5.91	9.49	Farm Curve
728	728.0	2127.103	21.303	1782.812	2.21844	-0.00856	5.92	9.48	Farm Curve
729	729.0	2127.902	21.306	1782.211	2.21116	-0.01013	5.92	9.47	Farm Curve
730	730.0	2128.706	21.309	1781.617	2.20181	-0.01184	5.93	9.46	Farm Curve
731	731.0	2129.517	21.312	1781.031	2.18997	-0.01362	5.94	9.45	Farm Curve
732	732.0	2130.335	21.315	1780.456	2.17532	-0.01543	5.95	9.44	Farm Curve
733	733.0	2131.162	21.318	1779.895	2.15782	-0.01721	5.96	9.43	Farm Curve
734	734.0	2132.000	21.320	1779.349	2.13776	-0.01894	5.98	9.41	Farm Curve
735	735.0	2132.849	21.323	1778.820	2.11571	-0.02057	6.00	9.40	Farm Curve
736	736.0	2133.710	21.325	1778.312	2.09243	-0.02210	6.03	9.38	Farm Curve
737	737.0	2134.583	21.328	1777.824	2.06854	-0.02353	6.06	9.36	Farm Curve
738	738.0	2135.468	21.330	1777.357	2.04433	-0.02485	6.09	9.33	Farm Curve
739	739.0	2136.363	21.333	1776.912	2.01959	-0.02606	6.13	9.31	Farm Curve
740	740.0	2137.269	21.335	1776.490	1.99376	-0.02715	6.18	9.27	Farm Curve
741	741.0	2138.187	21.338	1776.091	1.96614	-0.02809	6.23	9.24	Farm Curve
742	742.0	2139.115	21.340	1775.719	1.93624	-0.02885	6.28	9.21	Farm Curve
743	743.0	2140.054	21.343	1775.377	1.90404	-0.02942	6.34	9.17	Farm Curve
744	744.0	2141.004	21.345	1775.065	1.87016	-0.02978	6.41	9.13	Farm Curve
745	745.0	2141.965	21.347	1774.787	1.83575	-0.02996	6.47	9.10	Farm Curve
746	746.0	2142.934	21.350	1774.542	1.80220	-0.03003	6.54	9.06	Farm Curve
747	747.0	2143.911	21.352	1774.328	1.77076	-0.03009	6.60	9.02	Farm Curve
748	748.0	2144.894	21.355	1774.144	1.74212	-0.03025	6.67	8.99	Farm Curve
749	749.0	2145.882	21.357	1773.987	1.71613	-0.03064	6.73	8.95	Farm Curve
750	750.0	2146.873	21.360	1773.855	1.69179	-0.03134	6.79	8.92	Farm Curve
751	751.0	2147.867	21.362	1773.746	1.66742	-0.03240	6.85	8.88	Farm Curve
752	752.0	2148.863	21.365	1773.662	1.64110	-0.03380	6.91	8.85	Farm Curve
753	753.0	2149.862	21.367	1773.605	1.61106	-0.03546	6.97	8.81	Farm Curve
754	754.0	2150.861	21.370	1773.581	1.57614	-0.03724	7.02	8.77	Farm Curve
755	755.0	2151.861	21.372	1773.595	1.53597	-0.03898	7.08	8.72	Farm Curve
756	756.0	2152.859	21.375	1773.651	1.49111	-0.04051	7.13	8.67	Farm Curve
757	757.0	2153.854	21.378	1773.754	1.44284	-0.04168	7.19	8.62	Farm Curve
758	758.0	2154.842	21.380	1773.906	1.39286	-0.04238	7.25	8.56	Farm Curve
759	759.0	2155.822	21.383	1774.108	1.34297	-0.04258	7.31	8.49	Farm Curve
760	760.0	2156.790	21.385	1774.358	1.29466	-0.04229	7.37	8.42	Farm Curve
761	761.0	2157.745	21.388	1774.653	1.24890	-0.04159	7.43	8.35	Farm Curve
762	762.0	2158.687	21.391	1774.990	1.20610	-0.04060	7.49	8.27	Village
763	763.0	2159.613	21.394	1775.366	1.16627	-0.03947	7.55	8.19	Village
764	764.0	2160.525	21.397	1775.777	1.12909	-0.03836	7.61	8.11	Village
765	765.0	2161.421	21.400	1776.221	1.09412	-0.03741	7.67	8.02	Village
766	766.0	2162.301	21.404	1776.695	1.06084	-0.03676	7.72	7.94	Village
767	767.0	2163.166	21.407	1777.197	1.02881	-0.03650	7.77	7.86	Village
768	768.0	2164.014	21.411	1777.726	0.99758	-0.03668	7.81	7.78	Village
769	769.0	2164.846	21.415	1778.281	0.96652	-0.03730	7.85	7.71	Village
770	770.0	2165.660	21.419	1778.862	0.93469	-0.03831	7.88	7.64	Village
771	771.0	2166.455	21.423	1779.469	0.90078	-0.03958	7.91	7.59	Village
772	772.0	2167.227	21.428	1780.104	0.86326	-0.04096	7.94	7.54	Village
773	773.0	2167.974	21.432	1780.769	0.82089	-0.04222	7.97	7.49	Village
774	774.0	2168.690	21.437	1781.467	0.77330	-0.04314	8.00	7.45	Village
775	775.0	2169.370	21.442	1782.199	0.72130	-0.04353	8.03	7.42	Village
776	776.0	2170.010	21.447	1782.968	0.66684	-0.04322	8.06	7.38	Village
777	777.0	2170.607	21.453	1783.770	0.61247	-0.04210	8.09	7.35	Village
778	778.0	2171.159	21.459	1784.604	0.56071	-0.04018	8.12	7.31	Village
779	779.0	2171.670	21.464	1785.463	0.51352	-0.03750	8.16	7.27	Village
780	780.0	2172.142	21.470	1786.345	0.47218	-0.03421	8.19	7.22	Village
781	781.0	2172.579	21.476	1787.244	0.43735	-0.03048	8.23	7.18	Village
782	782.0	2172.989	21.483	1788.156	0.40922	-0.02654	8.27	7.14	Village
783	783.0	2173.375	21.489	1789.079	0.38748	-0.02259	8.31	7.10	Village
784	784.0	2173.744	21.496	1790.008	0.37146	-0.01881	8.35	7.06	Village
785	785.0	2174.101	21.503	1790.942	0.36009	-0.01534	8.39	7.03	Village
786	786.0	2174.449	21.510	1791.880	0.35216	-0.01228	8.43	7.01	Village
787	787.0	2174.791	21.517	1792.819	0.34656	-0.00969	8.46	6.99	Village
788	788.0	2175.128	21.525	1793.761	0.34243	-0.00756	8.50	6.99	Village
789	789.0	2175.462	21.532	1794.703	0.33919	-0.00586	8.54	6.99	Village
790	790.0	2175.794	21.540	1795.647	0.33653	-0.00455	8.57	7.00	Village
791	791.0	2176.123	21.548	1796.591	0.33427	-0.00355	8.59	7.01	Village
792	792.0	2176.450	21.557	1797.536	0.33232	-0.00282	8.61	7.02	Village
793	793.0	2176.775	21.565	1798.482	0.33063	-0.00228	8.62	7.04	Village
794	794.0	2177.099	21.574	1799.428	0.32914	-0.00190	8.63	7.06	Village
795	795.0	2177.422	21.583	1800.374	0.32784	-0.00162	8.62	7.08	Village
796	796.0	2177.743	21.592	1801.321	0.32669	-0.00142	8.61	7.11	Village
797	797.0	2178.064	21.601	1802.269	0.32566	-0.00128	8.59	7.13	Village
798	798.0	2178.383	21.610	1803.216	0.32469	-0.00118	8.56	7.15	Village
799	799.0	2178.702	21.620	1804.164	0.32374	-0.00111	8.52	7.17	Village
800	800.0	2179.019	21.630	1805.112	0.32279	-0.00106	8.48	7.19	Village
801	801.0	2179.336	21.640	1806.061	0.32180	-0.00102	8.43	7.21	Village
802	802.0	2179.652	21.650	1807.010	0.32077	-0.00099	8.38	7.22	Village
803	803.0	2179.967	21.660	1807.959	0.31972	-0.00095	8.34	7.24	Village
804	804.0	2180.281	21.670	1808.908	0.31866	-0.00092	8.29	7.26	Village
805	805.0	2180.593	21.681	1809.858	0.31763	-0.00088	8.25	7.27	Village
806	806.0	2180.905	21.691	1810.808	0.31667	-0.00083	8.22	7.28	Village
807	807.0	2181.216	21.702	1811.759	0.31580	-0.00078	8.19	7.29	Village
808	808.0	2181.526	21.713	1812.709	0.31503	-0.00072	8.18	7.29	Village
809	809.0	2181.836	21.723	1813.660	0.31434	-0.00066	8.17	7.29	Village
810	810.0	2182.145	21.734	1814.611	0.31374	-0.00060	8.17	7.28	Village
811	811.0	2182.453	21.745	1815.563	0.31322	-0.00054	8.18	7.27	Village
812	812.0	2182.761	21.756	1816.514	0.31276	-0.00049	8.19	7.26	Village
813	813.0	2183.068	21.767	1817.466	0.31235	-0.00044	8.21	7.24	Village
814	814.0	2183.375	21.778	1818.417	0.31199	-0.00039	8.22	7.23	Village
815	815.0	2183.682	21.789	1819.369	0.31166	-0.00035	8.24	7.21	Village
816	816.0	2183.989	21.800	1820.321	0.31137	-0.00032	8.24	7.20	Village
817	817.0	2184.295	21.811	1821.273	0.31110	-0.00028	8.25	7.19	Village
818	818.0	2184.601	21.822	1822.225	0.31086	-0.00026	8.25	7.18	Village
819	819.0	2184.907	21.833	1823.177	0.31064	-0.00023	8.24	7.18	Village
820	820.0	2185.212	21.844	1824.129	0.31044	-0.00021	8.23	7.18	Village
821	821.0	2185.518	21.854	1825.081	0.31025	-0.00019	8.21	7.18	Village
822	822.0	2185.823	21.865	1826.034	0.31008	-0.00017	8.19	7.18	Village
823	823.0	2186.128	21.876	1826.986	0.30993	-0.00016	8.18	7.19	Village
824	824.0	2186.433	21.887	1827.938	0.30979	-0.00015	8.16	7.20	Village
825	825.0	2186.738	21.898	1828.891	0.30965	-0.00013	8.15	7.20	Village
826	826.0	2187.042	21.909	1829.843	0.30953	-0.00012	8.15	7.21	Village
827	827.0	2187.347	21.920	1830.796	0.30942	-0.00011	8.15	7.22	Village
828	828.0	2187.651	21.932	1831.748	0.30932	-0.00010	8.15	7.23	Village
829	829.0	2187.956	21.943	1832.701	0.30923	-0.00009	8.16	7.24	Village
830	830.0	2188.260	21.954	1833.653	0.30915	-0.00008	8.17	7.25	Village
831	831.0	2188.564	21.966	1834.606	0.30907	-0.00007	8.18	7.26	Village
832	832.0	2188.868	21.977	1835.559	0.30900	-0.00007	8.19	7.26	Village
833	833.0	2189.173	21.988	1836.511	0.30894	-0.00006	8.20	7.27	Village
834	834.0	2189.477	22.000	1837.464	0.30889	-0.00005	8.21	7.27	Village
835	835.0	2189.781	22.011	1838.417	0.30884	-0.00005	8.21	7.28	Village
836	836.0	2190.084	22.023	1839.369	0.30880	-0.00004	8.20	7.28	Village
837	837.0	2190.388	22.034	1840.322	0.30877	-0.00003	8.20	7.28	Village
838	838.0	2190.692	22.046	1841.275	0.30874	-0.00003	8.19	7.29	Village
839	839.0	2190.996	22.058	1842.227	0.30872	-0.00002	8.17	7.29	Village
840	840.0	2191.300	22.069	1843.180	0.30870	-0.00001	8.16	7.29	Village
841	841.0	2191.604	22.081	1844.133	0.30869	-0.00001	8.14	7.29	Village
842	842.0	2191.907	22.092	1845.086	0.30869	-0.00000	8.13	7.29	Village
843	843.0	2192.211	22.103	1846.038	0.30869	0.00001	8.11	7.28	Village
844	844.0	2192.515	22.115	1846.991	0.30870	0.00001	8.10	7.28	Village
845	845.0	2192.819	22.126	1847.944	0.30871	0.00002	8.09	7.27	Village
846	846.0	2193.123	22.137	1848.897	0.30873	0.00003	8.08	7.27	Village
847	847.0	2193.427	22.148	1849.849	0.30876	0.00003	8.07	7.26	Village
848	848.0	2193.730	22.159	1850.802	0.30880	0.00004	8.07	7.26	Village
849	849.0	2194.034	22.169	1851.755	0.30884	0.00005	8.07	7.25	Village
850	850.0	2194.338	22.180	1852.707	0.30889	0.00006	8.07	7.25	Village
851	851.0	2194.643	22.190	1853.660	0.30894	0.00006	8.08	7.25	Village
852	852.0	2194.947	22.201	1854.613	0.30901	0.00007	8.10	7.25	Village
853	853.0	2195.251	22.211	1855.565	0.30908	0.00008	8.11	7.25	Village
854	854.0	2195.555	22.221	1856.518	0.30917	0.00009	8.13	7.25	Village
855	855.0	2195.859	22.230	1857.470	0.30926	0.00011	8.14	7.26	Village
856	856.0	2196.164	22.240	1858.423	0.30936	0.00012	8.16	7.27	Village
857	857.0	2196.468	22.249	1859.375	0.30948	0.00013	8.18	7.28	Village
858	858.0	2196.773	22.258	1860.328	0.30961	0.00015	8.19	7.28	Village
859	859.0	2197.077	22.267	1861.280	0.30975	0.00017	8.20	7.29	Village
860	860.0	2197.382	22.276	1862.233	0.30991	0.00019	8.21	7.30	Village
861	861.0	2197.688	22.285	1863.185	0.31008	0.00021	8.22	7.30	Village
862	862.0	2197.993	22.294	1864.137	0.31028	0.00024	8.22	7.31	Village
863	863.0	2198.298	22.302	1865.090	0.31050	0.00028	8.22	7.31	Village
864	864.0	2198.604	22.310	1866.042	0.31074	0.00033	8.21	7.31	Village
865	865.0	2198.910	22.318	1866.994	0.31101	0.00040	8.20	7.30	Village
866	866.0	2199.216	22.326	1867.946	0.31132	0.00049	8.19	7.30	Village
867	867.0	2199.522	22.333	1868.898	0.31168	0.00063	8.19	7.30	Village
868	868.0	2199.829	22.341	1869.849	0.31208	0.00084	8.18	7.29	Village
869	869.0	2200.136	22.348	1870.801	0.31255	0.00113	8.17	7.29	Village
870	870.0	2200.444	22.355	1871.753	0.31311	0.00156	8.17	7.29	Village
871	871.0	2200.752	22.361	1872.704	0.31379	0.00215	8.17	7.29	Village
872	872.0	2201.061	22.368	1873.655	0.31465	0.00297	8.18	7.29	Village
873	873.0	2201.371	22.374	1874.606	0.31582	0.00404	8.19	7.29	Village
874	874.0	2201.683	22.380	1875.556	0.31751	0.00542	8.20	7.30	Village
875	875.0	2201.996	22.385	1876.506	0.32007	0.00713	8.21	7.30	Village
876	876.0	2202.312	22.390	1877.454	0.32403	0.00918	8.22	7.29	Village
877	877.0	2202.633	22.395	1878.402	0.33012	0.01153	8.23	7.29	Village
878	878.0	2202.960	22.399	1879.346	0.33923	0.01414	8.24	7.28	Village
879	879.0	2203.298	22.403	1880.288	0.35229	0.01691	8.24	7.27	Village
880	880.0	2203.650	22.406	1881.224	0.37005	0.01974	8.23	7.26	Village
881	881.0	2204.021	22.409	1882.152	0.39277	0.02252	8.21	7.24	Village
882	882.0	2204.416	22.412	1883.071	0.42017	0.02513	8.18	7.23	Village
883	883.0	2204.837	22.414	1883.978	0.45138	0.02746	8.14	7.21	Village
884	884.0	2205.288	22.415	1884.870	0.48518	0.02947	8.10	7.19	Village
885	885.0	2205.770	22.417	1885.747	0.52037	0.03111	8.04	7.18	Village
886	886.0	2206.282	22.418	1886.605	0.55599	0.03241	7.97	7.17	Village
887	887.0	2206.825	22.418	1887.445	0.59145	0.03339	7.89	7.16	Village
888	888.0	2207.397	22.418	1888.265	0.62653	0.03411	7.80	7.15	Village
889	889.0	2207.997	22.418	1889.065	0.66122	0.03463	7.71	7.16	Village
890	890.0	2208.625	22.418	1889.843	0.69566	0.03502	7.62	7.17	Village
891	891.0	2209.279	22.417	1890.600	0.73015	0.03531	7.53	7.18	Village
892	892.0	2209.958	22.417	1891.333	0.76505	0.03554	7.43	7.20	Village
893	893.0	2210.664	22.415	1892.042	0.80072	0.03573	7.35	7.23	Village
894	894.0	2211.394	22.414	1892.725	0.83733	0.03590	7.26	7.26	Village
895	895.0	2212.149	22.413	1893.381	0.87470	0.03606	7.18	7.30	Village
896	896.0	2212.928	22.411	1894.007	0.91229	0.03626	7.10	7.35	Village
897	897.0	2213.730	22.409	1894.604	0.94932	0.03653	7.03	7.40	Village
898	898.0	2214.554	22.407	1895.172	0.98512	0.03694	6.95	7.45	Village
899	899.0	2215.397	22.405	1895.710	1.01952	0.03752	6.87	7.51	Village
900	900.0	2216.257	22.403	1896.219	1.05311	0.03832	6.79	7.57	Village
901	901.0	2217.135	22.400	1896.699	1.08716	0.03935	6.70	7.63	Village
902	902.0	2218.028	22.398	1897.149	1.12317	0.04060	6.62	7.70	Village
903	903.0	2218.937	22.395	1897.565	1.16237	0.04204	6.53	7.77	Village
904	904.0	2219.863	22.392	1897.943	1.20518	0.04360	6.43	7.83	Village
905	905.0	2220.804	22.389	1898.280	1.25115	0.04520	6.34	7.90	Village
906	906.0	2221.760	22.386	1898.571	1.29932	0.04677	6.26	7.97	Village
907	907.0	2222.730	22.383	1898.816	1.34879	0.04824	6.17	8.04	Village
908	908.0	2223.711	22.379	1899.011	1.39915	0.04955	6.10	8.11	Village
909	909.0	2224.700	22.375	1899.157	1.45053	0.05066	6.03	8.18	Village
910	910.0	2225.695	22.371	1899.251	1.50321	0.05152	5.97	8.25	Village
911	911.0	2226.694	22.367	1899.292	1.55726	0.05211	5.91	8.31	Village
912	912.0	2227.694	22.363	1899.278	1.61243	0.05241	5.86	8.38	Village
913	913.0	2228.692	22.358	1899.209	1.66821	0.05240	5.81	8.44	Village
914	914.0	2229.684	22.353	1899.084	1.72393	0.05209	5.77	8.50	Village
915	915.0	2230.667	22.349	1898.904	1.77898	0.05149	5.72	8.56	Village
916	916.0	2231.639	22.343	1898.671	1.83279	0.05063	5.67	8.62	Village
917	917.0	2232.598	22.338	1898.386	1.88482	0.04957	5.62	8.67	Village
918	918.0	2233.541	22.333	1898.053	1.93463	0.04836	5.57	8.72	Village
919	919.0	2234.466	22.327	1897.675	1.98213	0.04704	5.52	8.77	Village
920	920.0	2235.373	22.322	1897.254	2.02756	0.04568	5.46	8.81	Village
921	921.0	2236.261	22.317	1896.793	2.07139	0.04430	5.41	8.85	Village
922	922.0	2237.127	22.311	1896.294	2.11406	0.04294	5.36	8.88	The Loop
923	923.0	2237.972	22.306	1895.759	2.15585	0.04160	5.32	8.90	The Loop
924	924.0	2238.794	22.300	1895.190	2.19676	0.04027	5.28	8.91	The Loop
925	925.0	2239.593	22.295	1894.588	2.23664	0.03895	5.24	8.91	The Loop
926	926.0	2240.367	22.290	1893.955	2.27533	0.03760	5.22	8.90	The Loop
927	927.0	2241.116	22.285	1893.293	2.31271	0.03620	5.20	8.89	The Loop
928	928.0	2241.841	22.281	1892.604	2.34878	0.03472	5.19	8.86	The Loop
929	929.0	2242.541	22.276	1891.890	2.38355	0.03315	5.18	8.83	The Loop
930	930.0	2243.216	22.272	1891.152	2.41699	0.03146	5.19	8.79	The Loop
931	931.0	2243.866	22.268	1890.392	2.44897	0.02963	5.20	8.74	The Loop
932	932.0	2244.492	22.264	1889.613	2.47928	0.02765	5.21	8.68	The Loop
933	933.0	2245.096	22.260	1888.815	2.50765	0.02554	5.22	8.62	The Loop
934	934.0	2245.677	22.257	1888.002	2.53373	0.02330	5.24	8.55	The Loop
935	935.0	2246.238	22.253	1887.174	2.55721	0.02097	5.25	8.48	The Loop
936	936.0	2246.780	22.250	1886.334	2.57784	0.01861	5.26	8.41	The Loop
937	937.0	2247.306	22.247	1885.483	2.59539	0.01629	5.25	8.34	The Loop
938	938.0	2247.819	22.244	1884.625	2.60976	0.01409	5.24	8.27	The Loop
939	939.0	2248.321	22.241	1883.760	2.62089	0.01210	5.22	8.20	The Loop
940	940.0	2248.814	22.239	1882.890	2.62890	0.01041	5.20	8.14	The Loop
941	941.0	2249.302	22.236	1882.017	2.63410	0.00909	5.18	8.09	The Loop
942	942.0	2249.786	22.234	1881.142	2.63715	0.00818	5.16	8.05	The Loop
943	943.0	2250.268	22.231	1880.266	2.63907	0.00768	5.15	8.01	The Loop
944	944.0	2250.749	22.229	1879.389	2.64119	0.00755	5.15	7.99	The Loop
945	945.0	2251.228	22.227	1878.511	2.64486	0.00773	5.17	7.98	The Loop
946	946.0	2251.702	22.225	1877.631	2.65113	0.00809	5.21	7.97	The Loop
947	947.0	2252.170	22.223	1876.747	2.66041	0.00851	5.27	7.97	The Loop
948	948.0	2252.628	22.221	1875.858	2.67234	0.00888	5.34	7.97	The Loop
949	949.0	2253.074	22.219	1874.963	2.68589	0.00909	5.41	7.99	The Loop
950	950.0	2253.508	22.217	1874.062	2.69973	0.00907	5.49	8.00	The Loop
951	951.0	2253.930	22.215	1873.155	2.71264	0.00881	5.56	8.02	The Loop
952	952.0	2254.340	22.213	1872.244	2.72382	0.00832	5.62	8.04	The Loop
953	953.0	2254.741	22.211	1871.327	2.73296	0.00764	5.68	8.06	The Loop
954	954.0	2255.135	22.209	1870.408	2.74014	0.00684	5.72	8.09	The Loop
955	955.0	2255.522	22.208	1869.486	2.74566	0.00599	5.75	8.11	The Loop
956	956.0	2255.906	22.206	1868.563	2.74985	0.00516	5.76	8.14	The Loop
957	957.0	2256.286	22.205	1867.638	2.75302	0.00440	5.77	8.16	The Loop
958	958.0	2256.664	22.203	1866.712	2.75542	0.00375	5.77	8.19	The Loop
959	959.0	2257.039	22.202	1865.785	2.75733	0.00321	5.76	8.21	The Loop
960	960.0	2257.414	22.201	1864.858	2.75899	0.00279	5.75	8.22	The Loop
961	961.0	2257.786	22.199	1863.930	2.76063	0.00246	5.74	8.23	The Loop
962	962.0	2258.157	22.198	1863.001	2.76242	0.00221	5.73	8.24	The Loop
963	963.0	2258.526	22.197	1862.072	2.76447	0.00200	5.72	8.23	The Loop
964	964.0	2258.894	22.196	1861.142	2.76679	0.00181	5.71	8.23	The Loop
965	965.0	2259.259	22.196	1860.211	2.76926	0.00161	5.70	8.21	The Loop
966	966.0	2259.621	22.195	1859.279	2.77169	0.00140	5.70	8.19	The Loop
967	967.0	2259.982	22.195	1858.346	2.77381	0.00118	5.70	8.17	The Loop
968	968.0	2260.340	22.194	1857.413	2.77536	0.00097	5.70	8.14	The Loop
969	969.0	2260.698	22.194	1856.479	2.77612	0.00079	5.70	8.11	The Loop
970	970.0	2261.055	22.193	1855.545	2.77602	0.00068	5.71	8.08	The Loop
971	971.0	2261.413	22.193	1854.611	2.77517	0.00068	5.72	8.04	The Loop
972	972.0	2261.771	22.192	1853.677	2.77387	0.00080	5.73	8.01	The Loop
973	973.0	2262.132	22.192	1852.745	2.77255	0.00107	5.75	7.98	The Loop
974	974.0	2262.493	22.192	1851.812	2.77172	0.00147	5.76	7.96	The Loop
975	975.0	2262.855	22.191	1850.880	2.77185	0.00199	5.78	7.93	The Loop
976	976.0	2263.216	22.191	1849.947	2.77327	0.00259	5.79	7.91	The Loop
977	977.0	2263.575	22.190	1849.014	2.77616	0.00323	5.81	7.88	The Loop
978	978.0	2263.930	22.190	1848.079	2.78049	0.00386	5.82	7.86	The Loop
979	979.0	2264.281	22.189	1847.143	2.78607	0.00442	5.83	7.84	The Loop
980	980.0	2264.627	22.188	1846.204	2.79254	0.00488	5.84	7.82	The Loop
981	981.0	2264.965	22.187	1845.264	2.79951	0.00523	5.84	7.80	The Loop
982	982.0	2265.298	22.186	1844.320	2.80659	0.00543	5.85	7.78	The Loop
983	983.0	2265.623	22.185	1843.375	2.81345	0.00552	5.86	7.76	The Loop
984	984.0	2265.942	22.184	1842.427	2.81987	0.00549	5.86	7.74	The Loop
985	985.0	2266.255	22.182	1841.477	2.82575	0.00538	5.86	7.72	The Loop
986	986.0	2266.563	22.181	1840.526	2.83108	0.00521	5.86	7.70	The Loop
987	987.0	2266.866	22.179	1839.573	2.83593	0.00500	5.85	7.68	The Loop
988	988.0	2267.165	22.178	1838.619	2.84041	0.00478	5.85	7.66	The Loop
989	989.0	2267.460	22.176	1837.663	2.84463	0.00456	5.84	7.65	The Loop
990	990.0	2267.750	22.175	1836.706	2.84874	0.00434	5.82	7.63	The Loop
991	991.0	2268.037	22.173	1835.748	2.85283	0.00412	5.81	7.62	The Loop
992	992.0	2268.320	22.172	1834.789	2.85695	0.00389	5.79	7.61	The Loop
993	993.0	2268.599	22.171	1833.829	2.86110	0.00364	5.78	7.60	The Loop
994	994.0	2268.874	22.170	1832.867	2.86519	0.00337	5.76	7.59	The Loop
995	995.0	2269.145	22.169	1831.905	2.86906	0.00307	5.74	7.59	The Loop
996	996.0	2269.412	22.168	1830.941	2.87254	0.00275	5.73	7.58	The Loop
997	997.0	2269.676	22.167	1829.977	2.87548	0.00242	5.72	7.58	The Loop
998	998.0	2269.938	22.166	1829.011	2.87777	0.00209	5.70	7.58	The Loop
999	999.0	2270.198	22.166	1828.046	2.87937	0.00179	5.70	7.57	The Loop
1000	1000.0	2270.456	22.166	1827.080	2.88035	0.00153	5.69	7.57	The Loop
1001	1001.0	2270.714	22.165	1826.114	2.88084	0.00134	5.69	7.57	The Loop
1002	1002.0	2270.972	22.165	1825.147	2.88103	0.00122	5.69	7.57	The Loop
1003	1003.0	2271.229	22.166	1824.181	2.88112	0.00119	5.70	7.58	The Loop
1004	1004.0	2271.487	22.166	1823.215	2.88132	0.00125	5.70	7.58	The Loop
1005	1005.0	2271.744	22.166	1822.249	2.88181	0.00139	5.70	7.59	The Loop
1006	1006.0	2272.001	22.167	1821.282	2.88273	0.00159	5.70	7.59	The Loop
1007	1007.0	2272.256	22.167	1820.315	2.88415	0.00183	5.71	7.60	The Loop
1008	1008.0	2272.510	22.168	1819.348	2.88610	0.00209	5.70	7.61	The Loop
1009	1009.0	2272.762	22.168	1818.380	2.88857	0.00235	5.70	7.62	The Loop
1010	1010.0	2273.011	22.169	1817.411	2.89151	0.00258	5.70	7.63	The Loop
1011	1011.0	2273.257	22.169	1816.442	2.89484	0.00277	5.69	7.64	The Loop
1012	1012.0	2273.499	22.170	1815.472	2.89843	0.00291	5.69	7.66	The Loop
1013	1013.0	2273.738	22.171	1814.501	2.90215	0.00298	5.69	7.68	The Loop
1014	1014.0	2273.973	22.171	1813.529	2.90587	0.00299	5.69	7.70	The Loop
1015	1015.0	2274.205	22.172	1812.556	2.90946	0.00293	5.69	7.72	The Loop
1016	1016.0	2274.434	22.172	1811.583	2.91283	0.00283	5.70	7.74	The Loop
1017	1017.0	2274.659	22.172	1810.609	2.91592	0.00268	5.71	7.76	The Loop
1018	1018.0	2274.881	22.173	1809.634	2.91868	0.00250	5.71	7.77	The Loop
1019	1019.0	2275.101	22.173	1808.658	2.92109	0.00231	5.72	7.78	The Loop
1020	1020.0	2275.319	22.173	1807.682	2.92317	0.00213	5.73	7.79	The Loop
1021	1021.0	2275.534	22.174	1806.706	2.92493	0.00198	5.74	7.79	The Loop
1022	1022.0	2275.749	22.174	1805.729	2.92640	0.00186	5.75	7.78	The Loop
1023	1023.0	2275.961	22.174	1804.752	2.92764	0.00179	5.76	7.76	The Loop
1024	1024.0	2276.173	22.174	1803.774	2.92872	0.00178	5.76	7.74	The Loop
1025	1025.0	2276.384	22.174	1802.797	2.92976	0.00184	5.77	7.70	The Loop
1026	1026.0	2276.594	22.174	1801.819	2.93089	0.00196	5.78	7.66	The Loop
1027	1027.0	2276.802	22.174	1800.841	2.93225	0.00214	5.79	7.61	The Loop
1028	1028.0	2277.009	22.175	1799.863	2.93398	0.00237	5.79	7.55	The Loop
1029	1029.0	2277.214	22.175	1798.884	2.93616	0.00263	5.80	7.49	The Loop
1030	1030.0	2277.417	22.175	1797.905	2.93886	0.00292	5.80	7.44	The Loop
1031	1031.0	2277.617	22.175	1796.925	2.94210	0.00321	5.79	7.38	The Loop
1032	1032.0	2277.814	22.175	1795.944	2.94582	0.00348	5.79	7.33	The Loop
1033	1033.0	2278.006	22.175	1794.963	2.94993	0.00374	5.77	7.29	The Loop
1034	1034.0	2278.195	22.175	1793.981	2.95433	0.00396	5.76	7.25	The Loop
1035	1035.0	2278.378	22.175	1792.998	2.95888	0.00414	5.74	7.23	The Loop
1036	1036.0	2278.558	22.175	1792.014	2.96349	0.00429	5.72	7.21	The Loop
1037	1037.0	2278.733	22.175	1791.030	2.96809	0.00440	5.69	7.21	The Loop
1038	1038.0	2278.903	22.175	1790.044	2.97265	0.00449	5.67	7.21	The Loop
1039	1039.0	2279.069	22.175	1789.058	2.97720	0.00455	5.65	7.22	The Loop
1040	1040.0	2279.230	22.175	1788.071	2.98175	0.00460	5.63	7.23	The Loop
1041	1041.0	2279.387	22.176	1787.084	2.98635	0.00463	5.61	7.25	The Loop
1042	1042.0	2279.540	22.176	1786.095	2.99101	0.00465	5.60	7.26	The Loop
1043	1043.0	2279.688	22.176	1785.106	2.99576	0.00465	5.59	7.28	The Loop
1044	1044.0	2279.830	22.176	1784.117	3.00058	0.00462	5.58	7.30	The Loop
1045	1045.0	2279.969	22.176	1783.126	3.00545	0.00457	5.58	7.31	The Loop
1046	1046.0	2280.102	22.176	1782.135	3.01034	0.00450	5.58	7.31	The Loop
1047	1047.0	2280.230	22.176	1781.143	3.01518	0.00439	5.59	7.31	The Loop
1048	1048.0	2280.354	22.176	1780.151	3.01989	0.00425	5.60	7.31	The Loop
1049	1049.0	2280.473	22.177	1779.158	3.02440	0.00408	5.61	7.29	The Loop
1050	1050.0	2280.588	22.177	1778.165	3.02864	0.00389	5.63	7.28	The Loop
1051	1051.0	2280.698	22.177	1777.171	3.03256	0.00369	5.65	7.25	The Loop
1052	1052.0	2280.805	22.177	1776.177	3.03614	0.00348	5.67	7.23	The Loop
1053	1053.0	2280.909	22.177	1775.182	3.03937	0.00328	5.69	7.20	The Loop
1054	1054.0	2281.010	22.178	1774.187	3.04230	0.00309	5.72	7.17	The Loop
1055	1055.0	2281.107	22.178	1773.192	3.04497	0.00292	5.75	7.15	The Loop
1056	1056.0	2281.203	22.179	1772.197	3.04746	0.00276	5.78	7.13	The Loop
1057	1057.0	2281.295	22.179	1771.201	3.04984	0.00264	5.80	7.12	The Loop
1058	1058.0	2281.386	22.179	1770.205	3.05218	0.00254	5.83	7.10	The Loop
1059	1059.0	2281.474	22.180	1769.209	3.05452	0.00246	5.86	7.10	The Loop
1060	1060.0	2281.560	22.180	1768.213	3.05688	0.00239	5.88	7.10	The Loop
1061	1061.0	2281.643	22.181	1767.216	3.05924	0.00235	5.90	7.10	The Loop
1062	1062.0	2281.724	22.181	1766.219	3.06158	0.00232	5.92	7.10	The Loop
1063	1063.0	2281.803	22.182	1765.222	3.06387	0.00230	5.93	7.11	The Loop
1064	1064.0	2281.879	22.182	1764.225	3.06611	0.00230	5.94	7.11	The Loop
1065	1065.0	2281.954	22.183	1763.228	3.06827	0.00232	5.95	7.12	The Loop
1066	1066.0	2282.026	22.183	1762.231	3.07038	0.00237	5.95	7.13	The Loop
1067	1067.0	2282.096	22.183	1761.233	3.07247	0.00245	5.95	7.13	The Loop
1068	1068.0	2282.164	22.184	1760.235	3.07458	0.00256	5.94	7.13	The Loop
1069	1069.0	2282.230	22.184	1759.238	3.07676	0.00271	5.94	7.13	The Loop
1070	1070.0	2282.294	22.184	1758.240	3.07910	0.00289	5.92	7.13	The Loop
1071	1071.0	2282.355	22.185	1757.242	3.08169	0.00308	5.91	7.11	The Loop
1072	1072.0	2282.413	22.185	1756.243	3.08461	0.00329	5.90	7.10	The Loop
1073	1073.0	2282.469	22.185	1755.245	3.08794	0.00349	5.89	7.07	The Loop
1074	1074.0	2282.521	22.185	1754.246	3.09175	0.00366	5.88	7.04	The Loop
1075	1075.0	2282.569	22.185	1753.247	3.09603	0.00379	5.88	7.00	The Loop
1076	1076.0	2282.612	22.185	1752.248	3.10073	0.00385	5.87	6.95	The Loop
1077	1077.0	2282.650	22.185	1751.249	3.10573	0.00383	5.87	6.90	The Loop
1078	1078.0	2282.684	22.185	1750.250	3.11081	0.00375	5.88	6.85	The Loop
1079	1079.0	2282.712	22.185	1749.250	3.11569	0.00360	5.88	6.79	The Loop
1080	1080.0	2282.735	22.185	1748.250	3.12008	0.00342	5.89	6.73	The Loop
1081	1081.0	2282.755	22.185	1747.250	3.12369	0.00324	5.89	6.67	The Loop
1082	1082.0	2282.771	22.185	1746.250	3.12637	0.00312	5.90	6.62	The Loop
1083	1083.0	2282.785	22.185	1745.251	3.12809	0.00311	5.90	6.56	The Loop
1084	1084.0	2282.798	22.185	1744.251	3.12909	0.00325	5.91	6.51	The Loop
1085	1085.0	2282.810	22.185	1743.251	3.12976	0.00358	5.91	6.47	The Loop
1086	1086.0	2282.822	22.185	1742.251	3.13065	0.00411	5.91	6.43	The Loop
1087	1087.0	2282.832	22.185	1741.251	3.13239	0.00484	5.92	6.40	The Loop
1088	1088.0	2282.840	22.185	1740.251	3.13555	0.00574	5.92	6.37	The Loop
1089	1089.0	2282.844	22.185	1739.251	3.14056	0.00678	5.93	6.36	The Loop
1090	1090.0	2282.842	22.185	1738.251	-3.13557	0.00790	5.94	6.35	The Loop
1091	1091.0	2282.832	22.185	1737.251	-3.12647	0.00905	5.95	6.34	The Loop
1092	1092.0	2282.812	22.185	1736.251	-3.11554	0.01017	5.97	6.34	The Loop
1093	1093.0	2282.780	22.185	1735.252	-3.10315	0.01121	5.99	6.34	The Loop
1094	1094.0	2282.735	22.185	1734.253	-3.08970	0.01217	6.02	6.33	The Loop
1095	1095.0	2282.676	22.185	1733.255	-3.07558	0.01301	6.05	6.30	The Loop
1096	1096.0	2282.603	22.185	1732.257	-3.06108	0.01374	6.07	6.25	The Loop
1097	1097.0	2282.515	22.185	1731.261	-3.04638	0.01438	6.10	6.19	The Loop
1098	1098.0	2282.413	22.185	1730.266	-3.03152	0.01495	6.13	6.09	The Loop
1099	1099.0	2282.296	22.185	1729.273	-3.01643	0.01545	6.16	5.97	The Loop
1100	1100.0	2282.163	22.186	1728.282	-3.00096	0.01591	6.19	5.82	The Loop
1101	1101.0	2282.015	22.186	1727.293	-2.98493	0.01634	6.22	5.65	The Loop
1102	1102.0	2281.851	22.186	1726.307	-2.96823	0.01675	6.24	5.47	The Loop
1103	1103.0	2281.670	22.187	1725.323	-2.95084	0.01715	6.26	5.29	The Loop
1104	1104.0	2281.472	22.187	1724.343	-2.93292	0.01756	6.28	5.10	The Loop
1105	1105.0	2281.256	22.187	1723.367	-2.91472	0.01800	6.30	4.93	The Loop
1106	1106.0	2281.022	22.188	1722.394	-2.89654	0.01848	6.31	4.78	Aintree
1107	1107.0	2280.771	22.189	1721.427	-2.87857	0.01904	6.32	4.65	Aintree
1108	1108.0	2280.502	22.189	1720.463	-2.86079	0.01967	6.33	4.56	Aintree
1109	1109.0	2280.217	22.190	1719.505	-2.84289	0.02040	6.34	4.49	Aintree
1110	1110.0	2279.914	22.191	1718.552	-2.82426	0.02120	6.35	4.46	Aintree
1111	1111.0	2279.593	22.191	1717.605	-2.80415	0.02205	6.36	4.46	Aintree
1112	1112.0	2279.252	22.192	1716.665	-2.78191	0.02291	6.37	4.50	Aintree
1113	1113.0	2278.889	22.193	1715.733	-2.75728	0.02373	6.38	4.57	Aintree
1114	1114.0	2278.502	22.194	1714.811	-2.73058	0.02447	6.40	4.68	Aintree
1115	1115.0	2278.090	22.194	1713.900	-2.70271	0.02510	6.42	4.82	Aintree
1116	1116.0	2277.652	22.195	1713.001	-2.67481	0.02560	6.44	4.99	Aintree
1117	1117.0	2277.190	22.196	1712.114	-2.64781	0.02596	6.47	5.19	Aintree
1118	1118.0	2276.704	22.197	1711.240	-2.62198	0.02617	6.50	5.40	Aintree
1119	1119.0	2276.197	22.197	1710.378	-2.59679	0.02622	6.54	5.63	Aintree
1120	1120.0	2275.668	22.198	1709.530	-2.57125	0.02609	6.58	5.86	Aintree
1121	1121.0	2275.117	22.198	1708.695	-2.54440	0.02574	6.62	6.08	Aintree
1122	1122.0	2274.543	22.199	1707.876	-2.51596	0.02512	6.66	6.28	Aintree
1123	1123.0	2273.946	22.199	1707.074	-2.48651	0.02421	6.70	6.45	Aintree
1124	1124.0	2273.325	22.200	1706.290	-2.45739	0.02298	6.74	6.58	Aintree
1125	1125.0	2272.682	22.200	1705.524	-2.43019	0.02146	6.77	6.67	Aintree
1126	1126.0	2272.020	22.200	1704.775	-2.40622	0.01968	6.81	6.72	Aintree
1127	1127.0	2271.341	22.200	1704.041	-2.38617	0.01771	6.84	6.73	Aintree
1128	1128.0	2270.648	22.200	1703.320	-2.37004	0.01566	6.87	6.72	Aintree
1129	1129.0	2269.946	22.200	1702.608	-2.35737	0.01362	6.90	6.68	Aintree
1130	1130.0	2269.236	22.200	1701.904	-2.34748	0.01168	6.93	6.62	Aintree
1131	1131.0	2268.520	22.200	1701.206	-2.33969	0.00991	6.95	6.55	Aintree
1132	1132.0	2267.799	22.199	1700.513	-2.33345	0.00836	6.97	6.47	Aintree
1133	1133.0	2267.074	22.199	1699.824	-2.32833	0.00705	6.98	6.40	Aintree
1134	1134.0	2266.345	22.198	1699.139	-2.32400	0.00599	7.00	6.33	Aintree
1135	1135.0	2265.615	22.198	1698.456	-2.32026	0.00516	7.01	6.26	Aintree
1136	1136.0	2264.881	22.197	1697.776	-2.31692	0.00454	7.02	6.20	Aintree
1137	1137.0	2264.146	22.197	1697.099	-2.31382	0.00409	7.02	6.15	Aintree
1138	1138.0	2263.409	22.196	1696.423	-2.31083	0.00378	7.03	6.10	Aintree
1139	1139.0	2262.669	22.196	1695.750	-2.30780	0.00356	7.03	6.06	Aintree
1140	1140.0	2261.928	22.195	1695.079	-2.30464	0.00342	7.03	6.03	Aintree
1141	1141.0	2261.184	22.194	1694.411	-2.30128	0.00330	7.03	6.01	Aintree
1142	1142.0	2260.438	22.194	1693.745	-2.29773	0.00319	7.03	5.99	Aintree
1143	1143.0	2259.689	22.193	1693.081	-2.29405	0.00306	7.03	5.98	Aintree
1144	1144.0	2258.939	22.193	1692.421	-2.29039	0.00289	7.02	5.97	Aintree
1145	1145.0	2258.185	22.192	1691.763	-2.28690	0.00267	7.02	5.97	Aintree
1146	1146.0	2257.430	22.192	1691.108	-2.28372	0.00240	7.01	5.98	Aintree
1147	1147.0	2256.672	22.192	1690.455	-2.28097	0.00209	7.00	5.99	Aintree
1148	1148.0	2255.913	22.191	1689.804	-2.27872	0.00173	6.99	6.01	Aintree
1149	1149.0	2255.153	22.191	1689.155	-2.27700	0.00133	6.98	6.03	Aintree
1150	1150.0	2254.392	22.191	1688.506	-2.27581	0.00092	6.96	6.05	Aintree
1151	1151.0	2253.630	22.191	1687.859	-2.27514	0.00048	6.94	6.08	Aintree
1152	1152.0	2252.868	22.191	1687.211	-2.27496	0.00005	6.93	6.10	Aintree
1153	1153.0	2252.105	22.191	1686.564	-2.27525	-0.00039	6.91	6.13	Aintree
1154	1154.0	2251.344	22.191	1685.916	-2.27598	-0.00081	6.90	6.16	Aintree
1155	1155.0	2250.583	22.191	1685.267	-2.27714	-0.00121	6.89	6.18	Aintree
1156	1156.0	2249.822	22.191	1684.618	-2.27872	-0.00160	6.88	6.20	Aintree
1157	1157.0	2249.063	22.191	1683.967	-2.28069	-0.00196	6.87	6.22	Aintree
1158	1158.0	2248.305	22.192	1683.314	-2.28304	-0.00229	6.87	6.24	Aintree
1159	1159.0	2247.549	22.192	1682.660	-2.28576	-0.00258	6.87	6.26	Aintree
1160	1160.0	2246.795	22.192	1682.003	-2.28883	-0.00282	6.87	6.27	Aintree
1161	1161.0	2246.043	22.192	1681.344	-2.29219	-0.00302	6.87	6.28	Aintree
1162	1162.0	2245.293	22.193	1680.682	-2.29580	-0.00317	6.87	6.30	Aintree
1163	1163.0	2244.546	22.193	1680.018	-2.29958	-0.00326	6.88	6.31	Aintree
1164	1164.0	2243.802	22.193	1679.350	-2.30344	-0.00330	6.89	6.32	Aintree
1165	1165.0	2243.059	22.194	1678.680	-2.30729	-0.00327	6.90	6.33	Aintree
1166	1166.0	2242.320	22.194	1678.007	-2.31103	-0.00320	6.91	6.34	Aintree
1167	1167.0	2241.583	22.194	1677.331	-2.31458	-0.00308	6.93	6.34	Aintree
1168	1168.0	2240.848	22.194	1676.653	-2.31788	-0.00292	6.95	6.34	Aintree
1169	1169.0	2240.115	22.195	1675.972	-2.32091	-0.00273	6.98	6.34	Aintree
1170	1170.0	2239.385	22.195	1675.289	-2.32364	-0.00251	7.01	6.33	Aintree
1171	1171.0	2238.656	22.195	1674.605	-2.32607	-0.00228	7.04	6.31	Aintree
1172	1172.0	2237.928	22.195	1673.918	-2.32822	-0.00203	7.07	6.29	Aintree
1173	1173.0	2237.203	22.196	1673.231	-2.33009	-0.00179	7.11	6.26	Aintree
1174	1174.0	2236.478	22.196	1672.542	-2.33170	-0.00154	7.15	6.23	Aintree
1175	1175.0	2235.754	22.196	1671.852	-2.33305	-0.00129	7.19	6.19	Aintree
1176	1176.0	2235.031	22.196	1671.161	-2.33417	-0.00105	7.22	6.15	Aintree
1177	1177.0	2234.309	22.197	1670.469	-2.33504	-0.00081	7.27	6.11	Aintree
1178	1178.0	2233.588	22.197	1669.777	-2.33570	-0.00058	7.31	6.07	Aintree
1179	1179.0	2232.866	22.198	1669.084	-2.33613	-0.00034	7.35	6.02	Aintree
1180	1180.0	2232.145	22.198	1668.391	-2.33634	-0.00012	7.40	5.98	Aintree
1181	1181.0	2231.424	22.198	1667.698	-2.33633	0.00011	7.45	5.94	Aintree
1182	1182.0	2230.703	22.199	1667.005	-2.33611	0.00033	7.50	5.90	Aintree
1183	1183.0	2229.982	22.199	1666.312	-2.33567	0.00054	7.54	5.86	Aintree
1184	1184.0	2229.260	22.200	1665.620	-2.33502	0.00076	7.59	5.82	Aintree
1185	1185.0	2228.538	22.201	1664.929	-2.33414	0.00096	7.64	5.78	Aintree
1186	1186.0	2227.815	22.201	1664.238	-2.33304	0.00116	7.68	5.74	Aintree
1187	1187.0	2227.092	22.202	1663.547	-2.33171	0.00134	7.72	5.70	Aintree
1188	1188.0	2226.367	22.202	1662.858	-2.33015	0.00151	7.76	5.67	Aintree
1189	1189.0	2225.641	22.203	1662.171	-2.32837	0.00166	7.79	5.64	Aintree
1190	1190.0	2224.914	22.204	1661.484	-2.32639	0.00178	7.82	5.60	Aintree
1191	1191.0	2224.185	22.204	1660.799	-2.32424	0.00187	7.85	5.57	Aintree
1192	1192.0	2223.455	22.204	1660.116	-2.32198	0.00193	7.87	5.54	Aintree
1193	1193.0	2222.723	22.205	1659.434	-2.31966	0.00195	7.89	5.51	Aintree
1194	1194.0	2221.990	22.205	1658.754	-2.31737	0.00194	7.91	5.49	Aintree
1195	1195.0	2221.255	22.206	1658.076	-2.31516	0.00191	7.93	5.46	Aintree
1196	1196.0	2220.519	22.206	1657.399	-2.31309	0.00185	7.95	5.44	Aintree
1197	1197.0	2219.781	22.206	1656.724	-2.31117	0.00177	7.97	5.41	Aintree
1198	1198.0	2219.043	22.207	1656.050	-2.30941	0.00168	7.99	5.39	Aintree
1199	1199.0	2218.303	22.207	1655.377	-2.30780	0.00158	8.01	5.37	Aintree
1200	1200.0	2217.562	22.207	1654.706	-2.30632	0.00148	8.02	5.35	Aintree
1201	1201.0	2216.820	22.207	1654.035	-2.30495	0.00137	8.04	5.34	Aintree
1202	1202.0	2216.077	22.207	1653.366	-2.30368	0.00127	8.05	5.32	Aintree
1203	1203.0	2215.333	22.208	1652.697	-2.30249	0.00117	8.06	5.31	Aintree
1204	1204.0	2214.589	22.208	1652.030	-2.30140	0.00107	8.08	5.30	Aintree
1205	1205.0	2213.844	22.208	1651.363	-2.30039	0.00097	8.08	5.30	Aintree
1206	1206.0	2213.098	22.208	1650.697	-2.29947	0.00088	8.09	5.29	Aintree
1207	1207.0	2212.352	22.209	1650.031	-2.29863	0.00079	8.10	5.29	Aintree
1208	1208.0	2211.605	22.209	1649.366	-2.29789	0.00070	8.11	5.28	Aintree
1209	1209.0	2210.857	22.210	1648.702	-2.29724	0.00061	8.12	5.28	Aintree
1210	1210.0	2210.110	22.210	1648.038	-2.29668	0.00052	8.13	5.28	Aintree
1211	1211.0	2209.362	22.210	1647.374	-2.29621	0.00044	8.14	5.27	Aintree
1212	1212.0	2208.613	22.211	1646.711	-2.29584	0.00036	8.14	5.27	Aintree
1213	1213.0	2207.865	22.212	1646.048	-2.29556	0.00030	8.15	5.26	Aintree
1214	1214.0	2207.116	22.212	1645.385	-2.29537	0.00024	8.16	5.25	Aintree
1215	1215.0	2206.367	22.213	1644.722	-2.29527	0.00019	8.16	5.25	Aintree
1216	1216.0	2205.618	22.214	1644.059	-2.29524	0.00015	8.17	5.24	Aintree
1217	1217.0	2204.869	22.214	1643.397	-2.29527	0.00013	8.17	5.23	Aintree
1218	1218.0	2204.121	22.215	1642.734	-2.29532	0.00013	8.17	5.22	Aintree
1219	1219.0	2203.372	22.216	1642.071	-2.29537	0.00013	8.17	5.21	Aintree
1220	1220.0	2202.623	22.216	1641.408	-2.29538	0.00015	8.17	5.21	Aintree
1221	1221.0	2201.874	22.217	1640.745	-2.29531	0.00018	8.17	5.21	Aintree
1222	1222.0	2201.125	22.218	1640.083	-2.29514	0.00022	8.17	5.20	Aintree
1223	1223.0	2200.376	22.219	1639.420	-2.29486	0.00025	8.16	5.20	Aintree
1224	1224.0	2199.627	22.219	1638.758	-2.29450	0.00028	8.16	5.21	Aintree
1225	1225.0	2198.877	22.220	1638.096	-2.29406	0.00030	8.16	5.21	Aintree
1226	1226.0	2198.128	22.221	1637.434	-2.29360	0.00031	8.16	5.21	Aintree
1227	1227.0	2197.378	22.222	1636.773	-2.29313	0.00031	8.15	5.21	Aintree
1228	1228.0	2196.627	22.223	1636.112	-2.29268	0.00029	8.15	5.21	Aintree
1229	1229.0	2195.876	22.224	1635.451	-2.29229	0.00027	8.14	5.20	Aintree
1230	1230.0	2195.125	22.225	1634.791	-2.29196	0.00023	8.14	5.20	Aintree
1231	1231.0	2194.375	22.226	1634.131	-2.29171	0.00018	8.13	5.20	Aintree
1232	1232.0	2193.623	22.227	1633.471	-2.29153	0.00013	8.12	5.20	Aintree
1233	1233.0	2192.872	22.228	1632.811	-2.29143	0.00008	8.11	5.19	Aintree
1234	1234.0	2192.120	22.229	1632.151	-2.29140	0.00003	8.10	5.19	Aintree
1235	1235.0	2191.369	22.231	1631.491	-2.29144	-0.00002	8.10	5.18	Aintree
1236	1236.0	2190.618	22.232	1630.831	-2.29154	-0.00007	8.09	5.18	Aintree
1237	1237.0	2189.866	22.234	1630.171	-2.29169	-0.00011	8.08	5.17	Aintree
1238	1238.0	2189.115	22.235	1629.511	-2.29188	-0.00015	8.07	5.17	Aintree
1239	1239.0	2188.364	22.237	1628.851	-2.29210	-0.00017	8.06	5.17	Aintree
1240	1240.0	2187.613	22.239	1628.190	-2.29234	-0.00020	8.05	5.17	Aintree
1241	1241.0	2186.863	22.241	1627.530	-2.29260	-0.00021	8.04	5.17	Aintree
1242	1242.0	2186.112	22.242	1626.869	-2.29287	-0.00023	8.03	5.17	Aintree
1243	1243.0	2185.362	22.244	1626.208	-2.29314	-0.00023	8.03	5.17	Aintree
1244	1244.0	2184.612	22.246	1625.547	-2.29341	-0.00023	8.03	5.17	Aintree
1245	1245.0	2183.862	22.248	1624.885	-2.29368	-0.00023	8.02	5.17	Aintree
1246	1246.0	2183.112	22.250	1624.224	-2.29393	-0.00022	8.02	5.17	Aintree
1247	1247.0	2182.362	22.252	1623.562	-2.29416	-0.00021	8.02	5.17	Aintree
1248	1248.0	2181.613	22.254	1622.900	-2.29438	-0.00020	8.02	5.17	Aintree
1249	1249.0	2180.863	22.256	1622.238	-2.29457	-0.00018	8.01	5.17	Aintree
1250	1250.0	2180.114	22.258	1621.575	-2.29475	-0.00017	8.01	5.17	Aintree
1251	1251.0	2179.365	22.260	1620.913	-2.29491	-0.00016	8.01	5.17	Aintree
1252	1252.0	2178.616	22.261	1620.250	-2.29505	-0.00014	8.00	5.17	Aintree
1253	1253.0	2177.867	22.263	1619.588	-2.29517	-0.00013	7.99	5.17	Aintree
1254	1254.0	2177.118	22.265	1618.925	-2.29528	-0.00012	7.99	5.17	Aintree
1255	1255.0	2176.369	22.266	1618.262	-2.29538	-0.00011	7.98	5.17	Aintree
1256	1256.0	2175.620	22.267	1617.599	-2.29547	-0.00010	7.97	5.17	Aintree
1257	1257.0	2174.872	22.268	1616.936	-2.29556	-0.00009	7.97	5.17	Aintree
1258	1258.0	2174.123	22.269	1616.273	-2.29563	-0.00008	7.96	5.16	Aintree
1259	1259.0	2173.375	22.270	1615.610	-2.29570	-0.00007	7.96	5.16	Aintree
1260	1260.0	2172.626	22.271	1614.947	-2.29577	-0.00007	7.96	5.16	Aintree
1261	1261.0	2171.877	22.272	1614.284	-2.29583	-0.00006	7.95	5.16	Aintree
1262	1262.0	2171.129	22.272	1613.621	-2.29589	-0.00006	7.96	5.15	Aintree
1263	1263.0	2170.381	22.272	1612.958	-2.29594	-0.00005	7.96	5.15	Aintree
1264	1264.0	2169.632	22.273	1612.295	-2.29599	-0.00005	7.96	5.14	Aintree
1265	1265.0	2168.884	22.273	1611.631	-2.29603	-0.00005	7.97	5.13	Aintree
1266	1266.0	2168.135	22.273	1610.968	-2.29608	-0.00004	7.97	5.13	Aintree
1267	1267.0	2167.387	22.273	1610.305	-2.29612	-0.00004	7.98	5.12	Aintree
1268	1268.0	2166.639	22.272	1609.641	-2.29616	-0.00004	7.98	5.11	Aintree
1269	1269.0	2165.891	22.272	1608.978	-2.29619	-0.00004	7.98	5.09	Aintree
1270	1270.0	2165.143	22.272	1608.314	-2.29623	-0.00003	7.99	5.08	Aintree
1271	1271.0	2164.394	22.271	1607.651	-2.29626	-0.00003	7.99	5.06	Aintree
1272	1272.0	2163.646	22.271	1606.987	-2.29629	-0.00003	7.99	5.05	Aintree
1273	1273.0	2162.898	22.270	1606.324	-2.29632	-0.00003	8.00	5.03	Aintree
1274	1274.0	2162.150	22.270	1605.660	-2.29634	-0.00003	8.00	5.01	Aintree
1275	1275.0	2161.402	22.269	1604.997	-2.29637	-0.00003	8.01	4.99	Aintree
1276	1276.0	2160.654	22.268	1604.333	-2.29639	-0.00002	8.01	4.98	Aintree
1277	1277.0	2159.906	22.268	1603.670	-2.29642	-0.00002	8.02	4.96	Aintree
1278	1278.0	2159.157	22.267	1603.006	-2.29644	-0.00002	8.03	4.95	Aintree
1279	1279.0	2158.409	22.267	1602.342	-2.29646	-0.00002	8.04	4.94	Aintree
1280	1280.0	2157.661	22.266	1601.679	-2.29648	-0.00002	8.05	4.93	Aintree
1281	1281.0	2156.913	22.266	1601.015	-2.29650	-0.00002	8.06	4.93	Aintree
1282	1282.0	2156.165	22.266	1600.351	-2.29652	-0.00002	8.07	4.93	Aintree
1283	1283.0	2155.417	22.266	1599.688	-2.29653	-0.00002	8.07	4.93	Aintree
1284	1284.0	2154.669	22.266	1599.024	-2.29655	-0.00002	8.08	4.94	Aintree
1285	1285.0	2153.921	22.266	1598.360	-2.29656	-0.00002	8.08	4.94	Aintree
1286	1286.0	2153.173	22.266	1597.697	-2.29658	-0.00001	8.08	4.95	Aintree
1287	1287.0	2152.425	22.266	1597.033	-2.29659	-0.00001	8.07	4.97	Aintree
1288	1288.0	2151.677	22.267	1596.369	-2.29661	-0.00001	8.07	4.98	Aintree
1289	1289.0	2150.929	22.267	1595.705	-2.29662	-0.00001	8.06	4.99	Aintree
1290	1290.0	2150.181	22.268	1595.042	-2.29663	-0.00001	8.05	5.00	Aintree
1291	1291.0	2149.433	22.268	1594.378	-2.29664	-0.00001	8.03	5.01	Aintree
1292	1292.0	2148.686	22.269	1593.714	-2.29665	-0.00001	8.02	5.02	Aintree
1293	1293.0	2147.938	22.270	1593.050	-2.29666	-0.00001	8.01	5.03	Aintree
1294	1294.0	2147.190	22.271	1592.386	-2.29667	-0.00001	7.99	5.04	Aintree
1295	1295.0	2146.442	22.272	1591.723	-2.29668	-0.00001	7.98	5.04	Aintree
1296	1296.0	2145.694	22.273	1591.059	-2.29669	-0.00001	7.97	5.04	Aintree
1297	1297.0	2144.946	22.274	1590.395	-2.29670	-0.00001	7.96	5.05	Aintree
1298	1298.0	2144.198	22.275	1589.731	-2.29670	-0.00001	7.95	5.05	Aintree
1299	1299.0	2143.450	22.276	1589.068	-2.29671	-0.00001	7.94	5.05	Aintree
1300	1300.0	2142.702	22.277	1588.404	-2.29672	-0.00001	7.93	5.04	Aintree
1301	1301.0	2141.954	22.278	1587.740	-2.29672	-0.00001	7.92	5.04	Aintree
1302	1302.0	2141.207	22.279	1587.076	-2.29673	-0.00001	7.91	5.04	Aintree
1303	1303.0	2140.458	22.281	1586.412	-2.29674	-0.00001	7.91	5.03	Aintree
1304	1304.0	2139.711	22.282	1585.748	-2.29674	-0.00000	7.90	5.02	Aintree
1305	1305.0	2138.963	22.283	1585.084	-2.29674	-0.00000	7.90	5.01	Aintree
1306	1306.0	2138.215	22.284	1584.421	-2.29675	-0.00000	7.90	5.00	Aintree
1307	1307.0	2137.467	22.286	1583.757	-2.29675	-0.00000	7.91	4.99	Aintree
1308	1308.0	2136.719	22.287	1583.093	-2.29676	-0.00000	7.91	4.98	Aintree
1309	1309.0	2135.971	22.289	1582.429	-2.29676	-0.00000	7.92	4.97	Aintree
1310	1310.0	2135.223	22.290	1581.765	-2.29676	-0.00000	7.93	4.96	Aintree
1311	1311.0	2134.476	22.292	1581.101	-2.29676	-0.00000	7.95	4.95	Aintree
1312	1312.0	2133.728	22.293	1580.438	-2.29677	-0.00000	7.96	4.94	Aintree
1313	1313.0	2132.980	22.295	1579.774	-2.29677	-0.00000	7.97	4.93	Aintree
1314	1314.0	2132.232	22.296	1579.110	-2.29677	-0.00000	7.98	4.91	Aintree
1315	1315.0	2131.484	22.298	1578.446	-2.29677	-0.00000	7.98	4.90	Aintree
1316	1316.0	2130.736	22.300	1577.782	-2.29677	-0.00000	7.99	4.89	Aintree
1317	1317.0	2129.989	22.301	1577.118	-2.29677	-0.00000	7.99	4.88	Aintree
1318	1318.0	2129.241	22.303	1576.454	-2.29677	-0.00000	7.99	4.87	Aintree
1319	1319.0	2128.493	22.305	1575.790	-2.29677	0.00000	7.99	4.85	Aintree
1320	1320.0	2127.745	22.307	1575.127	-2.29677	0.00000	7.99	4.84	Aintree
1321	1321.0	2126.997	22.308	1574.463	-2.29677	0.00000	7.98	4.83	Aintree
1322	1322.0	2126.249	22.310	1573.799	-2.29677	0.00000	7.97	4.81	Aintree
1323	1323.0	2125.501	22.312	1573.135	-2.29677	0.00000	7.97	4.80	Aintree
1324	1324.0	2124.754	22.314	1572.471	-2.29677	0.00000	7.96	4.79	Aintree
1325	1325.0	2124.006	22.316	1571.807	-2.29677	0.00000	7.95	4.78	Aintree
1326	1326.0	2123.258	22.317	1571.143	-2.29677	0.00000	7.95	4.77	Aintree
1327	1327.0	2122.510	22.319	1570.479	-2.29676	0.00000	7.95	4.76	Aintree
1328	1328.0	2121.762	22.321	1569.816	-2.29676	0.00000	7.95	4.75	Aintree
1329	1329.0	2121.014	22.323	1569.152	-2.29676	0.00000	7.95	4.74	Aintree
1330	1330.0	2120.266	22.324	1568.488	-2.29676	0.00000	7.96	4.73	Aintree
1331	1331.0	2119.519	22.326	1567.824	-2.29675	0.00000	7.97	4.72	Aintree
1332	1332.0	2118.771	22.327	1567.160	-2.29675	0.00000	7.98	4.72	Aintree
1333	1333.0	2118.023	22.329	1566.496	-2.29675	0.00000	8.00	4.71	Aintree
1334	1334.0	2117.275	22.330	1565.833	-2.29674	0.00000	8.01	4.70	Aintree
1335	1335.0	2116.527	22.331	1565.169	-2.29674	0.00000	8.03	4.70	Aintree
1336	1336.0	2115.779	22.332	1564.505	-2.29674	0.00000	8.05	4.69	Aintree
1337	1337.0	2115.031	22.333	1563.841	-2.29673	0.00000	8.06	4.69	Aintree
1338	1338.0	2114.283	22.334	1563.177	-2.29673	0.00000	8.08	4.69	Aintree
1339	1339.0	2113.536	22.335	1562.513	-2.29672	0.00001	8.10	4.69	Aintree
1340	1340.0	2112.788	22.335	1561.850	-2.29672	0.00001	8.11	4.69	Aintree
1341	1341.0	2112.040	22.335	1561.186	-2.29671	0.00001	8.12	4.69	Aintree
1342	1342.0	2111.292	22.336	1560.522	-2.29670	0.00001	8.13	4.69	Aintree
1343	1343.0	2110.544	22.336	1559.858	-2.29670	0.00001	8.14	4.70	Aintree
1344	1344.0	2109.796	22.336	1559.194	-2.29669	0.00001	8.14	4.70	Aintree
1345	1345.0	2109.048	22.336	1558.531	-2.29669	0.00001	8.14	4.70	Aintree
1346	1346.0	2108.300	22.335	1557.867	-2.29668	0.00001	8.15	4.70	Aintree
1347	1347.0	2107.552	22.335	1557.203	-2.29667	0.00001	8.15	4.71	Aintree
1348	1348.0	2106.804	22.334	1556.539	-2.29666	0.00001	8.15	4.71	Aintree
1349	1349.0	2106.056	22.333	1555.875	-2.29666	0.00001	8.15	4.71	Aintree
1350	1350.0	2105.309	22.332	1555.212	-2.29665	0.00001	8.15	4.71	Aintree
1351	1351.0	2104.561	22.331	1554.548	-2.29664	0.00001	8.15	4.71	Aintree
1352	1352.0	2103.813	22.330	1553.884	-2.29663	0.00001	8.15	4.71	Aintree
1353	1353.0	2103.065	22.329	1553.220	-2.29662	0.00001	8.15	4.71	Aintree
1354	1354.0	2102.317	22.328	1552.557	-2.29661	0.00001	8.15	4.71	Aintree
1355	1355.0	2101.569	22.326	1551.893	-2.29661	0.00001	8.15	4.71	Aintree
1356	1356.0	2100.821	22.325	1551.229	-2.29660	0.00001	8.15	4.72	Aintree
1357	1357.0	2100.073	22.323	1550.565	-2.29659	0.00001	8.15	4.72	Aintree
1358	1358.0	2099.325	22.322	1549.902	-2.29658	0.00001	8.15	4.72	Aintree
1359	1359.0	2098.577	22.320	1549.238	-2.29657	0.00001	8.15	4.72	Aintree
1360	1360.0	2097.829	22.318	1548.574	-2.29656	0.00001	8.15	4.73	Aintree
1361	1361.0	2097.081	22.316	1547.910	-2.29655	0.00001	8.15	4.73	Aintree
1362	1362.0	2096.333	22.315	1547.247	-2.29653	0.00001	8.16	4.73	Aintree
1363	1363.0	2095.585	22.313	1546.583	-2.29652	0.00001	8.16	4.73	Aintree
1364	1364.0	2094.837	22.311	1545.919	-2.29651	0.00001	8.16	4.73	Aintree
1365	1365.0	2094.089	22.310	1545.256	-2.29650	0.00001	8.17	4.73	Aintree
1366	1366.0	2093.341	22.308	1544.592	-2.29649	0.00001	8.17	4.72	Aintree
1367	1367.0	2092.593	22.306	1543.928	-2.29647	0.00001	8.17	4.72	Aintree
1368	1368.0	2091.845	22.305	1543.265	-2.29646	0.00001	8.17	4.71	Aintree
1369	1369.0	2091.097	22.303	1542.601	-2.29645	0.00001	8.17	4.70	Aintree
1370	1370.0	2090.349	22.302	1541.938	-2.29643	0.00001	8.17	4.68	Aintree
1371	1371.0	2089.601	22.300	1541.274	-2.29642	0.00001	8.17	4.67	Aintree
1372	1372.0	2088.852	22.299	1540.610	-2.29641	0.00001	8.17	4.66	Aintree
1373	1373.0	2088.104	22.297	1539.947	-2.29639	0.00001	8.17	4.65	Aintree
1374	1374.0	2087.356	22.295	1539.283	-2.29638	0.00002	8.18	4.64	Aintree
1375	1375.0	2086.608	22.294	1538.620	-2.29636	0.00002	8.18	4.63	Aintree
1376	1376.0	2085.860	22.292	1537.956	-2.29634	0.00002	8.19	4.62	Aintree
1377	1377.0	2085.112	22.291	1537.292	-2.29633	0.00002	8.19	4.62	Aintree
1378	1378.0	2084.364	22.289	1536.629	-2.29631	0.00002	8.20	4.61	Aintree
1379	1379.0	2083.615	22.288	1535.965	-2.29629	0.00002	8.21	4.61	Aintree
1380	1380.0	2082.867	22.286	1535.302	-2.29628	0.00002	8.21	4.62	Aintree
1381	1381.0	2082.119	22.285	1534.639	-2.29626	0.00002	8.22	4.62	Aintree
1382	1382.0	2081.371	22.283	1533.975	-2.29624	0.00002	8.22	4.63	Aintree
1383	1383.0	2080.623	22.281	1533.312	-2.29622	0.00002	8.23	4.64	Aintree
1384	1384.0	2079.875	22.280	1532.648	-2.29620	0.00002	8.23	4.65	Aintree
1385	1385.0	2079.126	22.278	1531.985	-2.29618	0.00002	8.23	4.66	Aintree
1386	1386.0	2078.378	22.277	1531.321	-2.29616	0.00002	8.23	4.66	Aintree
1387	1387.0	2077.630	22.275	1530.658	-2.29614	0.00002	8.22	4.67	Aintree
1388	1388.0	2076.881	22.274	1529.995	-2.29612	0.00002	8.22	4.68	Aintree
1389	1389.0	2076.133	22.272	1529.331	-2.29610	0.00002	8.21	4.68	Aintree
1390	1390.0	2075.385	22.271	1528.668	-2.29608	0.00002	8.20	4.67	Aintree
1391	1391.0	2074.636	22.269	1528.004	-2.29605	0.00002	8.19	4.67	Aintree
1392	1392.0	2073.888	22.267	1527.341	-2.29603	0.00002	8.18	4.66	Aintree
1393	1393.0	2073.140	22.266	1526.678	-2.29601	0.00002	8.17	4.65	Aintree
1394	1394.0	2072.392	22.264	1526.015	-2.29598	0.00003	8.16	4.64	Aintree
1395	1395.0	2071.643	22.263	1525.351	-2.29596	0.00003	8.16	4.63	Aintree
1396	1396.0	2070.895	22.261	1524.688	-2.29593	0.00003	8.15	4.62	Aintree
1397	1397.0	2070.146	22.260	1524.025	-2.29590	0.00003	8.14	4.61	Aintree
1398	1398.0	2069.398	22.258	1523.362	-2.29587	0.00003	8.14	4.61	Aintree
1399	1399.0	2068.649	22.257	1522.698	-2.29585	0.00003	8.13	4.60	Aintree
1400	1400.0	2067.901	22.256	1522.035	-2.29582	0.00003	8.13	4.60	Aintree
1401	1401.0	2067.152	22.254	1521.372	-2.29579	0.00003	8.12	4.60	Aintree
1402	1402.0	2066.404	22.253	1520.709	-2.29576	0.00003	8.12	4.60	Aintree
1403	1403.0	2065.655	22.251	1520.046	-2.29573	0.00003	8.12	4.60	Aintree
1404	1404.0	2064.907	22.250	1519.383	-2.29569	0.00003	8.12	4.60	Aintree
1405	1405.0	2064.158	22.248	1518.720	-2.29566	0.00003	8.13	4.60	Aintree
1406	1406.0	2063.410	22.247	1518.057	-2.29563	0.00004	8.13	4.60	Aintree
1407	1407.0	2062.661	22.245	1517.394	-2.29559	0.00004	8.14	4.59	Aintree
1408	1408.0	2061.912	22.244	1516.731	-2.29555	0.00004	8.16	4.59	Aintree
1409	1409.0	2061.164	22.242	1516.068	-2.29552	0.00004	8.17	4.59	Aintree
1410	1410.0	2060.415	22.241	1515.405	-2.29548	0.00004	8.19	4.58	Aintree
1411	1411.0	2059.666	22.239	1514.742	-2.29544	0.00004	8.21	4.57	Aintree
1412	1412.0	2058.917	22.238	1514.079	-2.29540	0.00004	8.22	4.57	Aintree
1413	1413.0	2058.169	22.236	1513.416	-2.29535	0.00004	8.24	4.57	Aintree
1414	1414.0	2057.420	22.235	1512.754	-2.29531	0.00005	8.26	4.57	Aintree
1415	1415.0	2056.671	22.233	1512.091	-2.29527	0.00005	8.27	4.57	Aintree
1416	1416.0	2055.922	22.232	1511.428	-2.29522	0.00005	8.28	4.57	Aintree
1417	1417.0	2055.173	22.230	1510.765	-2.29517	0.00005	8.29	4.57	Aintree
1418	1418.0	2054.424	22.229	1510.103	-2.29512	0.00005	8.30	4.58	Aintree
1419	1419.0	2053.676	22.228	1509.440	-2.29507	0.00005	8.31	4.58	Aintree
1420	1420.0	2052.927	22.227	1508.778	-2.29502	0.00006	8.31	4.59	Aintree
1421	1421.0	2052.177	22.226	1508.115	-2.29496	0.00006	8.32	4.60	Aintree
1422	1422.0	2051.428	22.225	1507.453	-2.29490	0.00006	8.32	4.60	Aintree
1423	1423.0	2050.679	22.224	1506.790	-2.29484	0.00006	8.32	4.61	Aintree
1424	1424.0	2049.930	22.223	1506.128	-2.29478	0.00006	8.32	4.61	Aintree
1425	1425.0	2049.181	22.222	1505.465	-2.29471	0.00007	8.31	4.61	Aintree
1426	1426.0	2048.432	22.221	1504.803	-2.29465	0.00007	8.31	4.62	Aintree
1427	1427.0	2047.682	22.221	1504.141	-2.29458	0.00007	8.31	4.62	Aintree
1428	1428.0	2046.933	22.220	1503.479	-2.29450	0.00008	8.31	4.62	Aintree
1429	1429.0	2046.184	22.219	1502.817	-2.29443	0.00008	8.30	4.61	Aintree
1430	1430.0	2045.434	22.219	1502.154	-2.29434	0.00008	8.30	4.61	Aintree
1431	1431.0	2044.685	22.218	1501.492	-2.29426	0.00009	8.30	4.60	Aintree
1432	1432.0	2043.935	22.218	1500.830	-2.29417	0.00009	8.29	4.60	Aintree
1433	1433.0	2043.186	22.218	1500.169	-2.29408	0.00009	8.29	4.59	Aintree
1434	1434.0	2042.436	22.217	1499.507	-2.29398	0.00009	8.28	4.58	Aintree
1435	1435.0	2041.686	22.217	1498.845	-2.29389	0.00010	8.28	4.57	Wellington Straight
1436	1436.0	2040.936	22.216	1498.183	-2.29379	0.00010	8.27	4.56	Wellington Straight
1437	1437.0	2040.187	22.216	1497.522	-2.29368	0.00010	8.26	4.56	Wellington Straight
1438	1438.0	2039.437	22.215	1496.860	-2.29358	0.00010	8.25	4.55	Wellington Straight
1439	1439.0	2038.687	22.215	1496.199	-2.29348	0.00010	8.24	4.55	Wellington Straight
1440	1440.0	2037.937	22.215	1495.537	-2.29338	0.00010	8.24	4.55	Wellington Straight
1441	1441.0	2037.186	22.214	1494.876	-2.29327	0.00010	8.23	4.55	Wellington Straight
1442	1442.0	2036.436	22.214	1494.215	-2.29317	0.00010	8.23	4.56	Wellington Straight
1443	1443.0	2035.686	22.214	1493.554	-2.29308	0.00010	8.22	4.57	Wellington Straight
1444	1444.0	2034.936	22.213	1492.893	-2.29298	0.00010	8.22	4.58	Wellington Straight
1445	1445.0	2034.185	22.213	1492.232	-2.29288	0.00010	8.23	4.59	Wellington Straight
1446	1446.0	2033.435	22.212	1491.571	-2.29279	0.00009	8.23	4.60	Wellington Straight
1447	1447.0	2032.684	22.212	1490.910	-2.29269	0.00009	8.23	4.60	Wellington Straight
1448	1448.0	2031.934	22.212	1490.249	-2.29260	0.00009	8.24	4.61	Wellington Straight
1449	1449.0	2031.183	22.211	1489.589	-2.29251	0.00009	8.24	4.61	Wellington Straight
1450	1450.0	2030.432	22.211	1488.928	-2.29242	0.00009	8.24	4.61	Wellington Straight
1451	1451.0	2029.682	22.211	1488.267	-2.29233	0.00009	8.24	4.61	Wellington Straight
1452	1452.0	2028.931	22.211	1487.607	-2.29224	0.00009	8.24	4.61	Wellington Straight
1453	1453.0	2028.180	22.210	1486.946	-2.29216	0.00008	8.24	4.60	Wellington Straight
1454	1454.0	2027.429	22.210	1486.286	-2.29208	0.00008	8.23	4.59	Wellington Straight
1455	1455.0	2026.678	22.210	1485.626	-2.29200	0.00008	8.22	4.59	Wellington Straight
1456	1456.0	2025.927	22.210	1484.965	-2.29192	0.00008	8.21	4.59	Wellington Straight
1457	1457.0	2025.176	22.210	1484.305	-2.29184	0.00008	8.19	4.59	Wellington Straight
1458	1458.0	2024.425	22.210	1483.645	-2.29176	0.00007	8.17	4.60	Wellington Straight
1459	1459.0	2023.673	22.209	1482.985	-2.29169	0.00007	8.15	4.63	Wellington Straight
1460	1460.0	2022.922	22.209	1482.325	-2.29162	0.00007	8.12	4.66	Wellington Straight
1461	1461.0	2022.171	22.209	1481.665	-2.29155	0.00007	8.08	4.72	Wellington Straight
1462	1462.0	2021.420	22.209	1481.005	-2.29148	0.00007	8.03	4.80	Wellington Straight
1463	1463.0	2020.668	22.209	1480.345	-2.29141	0.00006	7.96	4.91	Wellington Straight
1464	1464.0	2019.917	22.209	1479.685	-2.29135	0.00006	7.88	5.06	Wellington Straight
1465	1465.0	2019.165	22.209	1479.026	-2.29129	0.00006	7.78	5.23	Wellington Straight
1466	1466.0	2018.414	22.209	1478.366	-2.29123	0.00006	7.67	5.44	Wellington Straight
1467	1467.0	2017.662	22.209	1477.706	-2.29117	0.00005	7.54	5.67	Wellington Straight
1468	1468.0	2016.911	22.209	1477.047	-2.29112	0.00005	7.40	5.92	Wellington Straight
1469	1469.0	2016.159	22.209	1476.387	-2.29107	0.00005	7.26	6.18	Wellington Straight
1470	1470.0	2015.407	22.209	1475.727	-2.29102	0.00005	7.13	6.44	Wellington Straight
1471	1471.0	2014.656	22.210	1475.068	-2.29097	0.00004	7.02	6.67	Wellington Straight
1472	1472.0	2013.904	22.210	1474.408	-2.29093	0.00004	6.93	6.87	Wellington Straight
1473	1473.0	2013.152	22.210	1473.749	-2.29089	0.00004	6.89	7.01	Wellington Straight
1474	1474.0	2012.401	22.211	1473.089	-2.29085	0.00004	6.89	7.09	Wellington Straight
1475	1475.0	2011.649	22.211	1472.430	-2.29082	0.00003	6.92	7.11	Wellington Straight
1476	1476.0	2010.897	22.212	1471.771	-2.29078	0.00003	7.00	7.05	Wellington Straight
1477	1477.0	2010.145	22.212	1471.111	-2.29075	0.00003	7.11	6.94	Wellington Straight
1478	1478.0	2009.393	22.213	1470.452	-2.29073	0.00002	7.23	6.77	Wellington Straight
1479	1479.0	2008.641	22.214	1469.793	-2.29070	0.00002	7.37	6.55	Wellington Straight
1480	1480.0	2007.890	22.214	1469.133	-2.29068	0.00002	7.51	6.32	Wellington Straight
1481	1481.0	2007.138	22.215	1468.474	-2.29067	0.00001	7.65	6.07	Wellington Straight
1482	1482.0	2006.386	22.216	1467.815	-2.29065	0.00001	7.76	5.82	Wellington Straight
1483	1483.0	2005.634	22.217	1467.155	-2.29064	0.00001	7.87	5.59	Wellington Straight
1484	1484.0	2004.882	22.218	1466.496	-2.29064	0.00000	7.95	5.39	Wellington Straight
1485	1485.0	2004.130	22.219	1465.837	-2.29063	0.00000	8.02	5.21	Wellington Straight
1486	1486.0	2003.378	22.220	1465.178	-2.29064	-0.00000	8.07	5.07	Wellington Straight
1487	1487.0	2002.626	22.221	1464.518	-2.29064	-0.00001	8.11	4.95	Wellington Straight
1488	1488.0	2001.874	22.222	1463.859	-2.29065	-0.00001	8.14	4.87	Wellington Straight
1489	1489.0	2001.122	22.224	1463.200	-2.29066	-0.00001	8.17	4.81	Wellington Straight
1490	1490.0	2000.370	22.225	1462.541	-2.29068	-0.00002	8.19	4.78	Wellington Straight
1491	1491.0	1999.619	22.226	1461.881	-2.29070	-0.00002	8.20	4.76	Wellington Straight
1492	1492.0	1998.867	22.227	1461.222	-2.29072	-0.00003	8.21	4.76	Wellington Straight
1493	1493.0	1998.115	22.228	1460.563	-2.29075	-0.00003	8.22	4.76	Wellington Straight
1494	1494.0	1997.363	22.229	1459.903	-2.29078	-0.00004	8.23	4.77	Wellington Straight
1495	1495.0	1996.611	22.230	1459.244	-2.29082	-0.00004	8.23	4.78	Wellington Straight
1496	1496.0	1995.859	22.232	1458.584	-2.29086	-0.00004	8.23	4.79	Wellington Straight
1497	1497.0	1995.108	22.232	1457.925	-2.29091	-0.00005	8.23	4.81	Wellington Straight
1498	1498.0	1994.356	22.233	1457.266	-2.29096	-0.00005	8.23	4.82	Wellington Straight
1499	1499.0	1993.604	22.234	1456.606	-2.29101	-0.00006	8.23	4.83	Wellington Straight
1500	1500.0	1992.853	22.235	1455.946	-2.29107	-0.00006	8.23	4.84	Wellington Straight
1501	1501.0	1992.101	22.236	1455.287	-2.29114	-0.00007	8.23	4.86	Wellington Straight
1502	1502.0	1991.350	22.236	1454.627	-2.29121	-0.00007	8.22	4.87	Wellington Straight
1503	1503.0	1990.598	22.237	1453.967	-2.29129	-0.00008	8.22	4.88	Wellington Straight
1504	1504.0	1989.847	22.237	1453.308	-2.29137	-0.00008	8.21	4.89	Wellington Straight
1505	1505.0	1989.095	22.237	1452.648	-2.29145	-0.00009	8.21	4.90	Wellington Straight
1506	1506.0	1988.344	22.238	1451.988	-2.29155	-0.00010	8.20	4.92	Wellington Straight
1507	1507.0	1987.593	22.238	1451.328	-2.29164	-0.00010	8.20	4.93	Wellington Straight
1508	1508.0	1986.841	22.238	1450.668	-2.29175	-0.00011	8.19	4.94	Wellington Straight
1509	1509.0	1986.090	22.238	1450.008	-2.29185	-0.00011	8.19	4.96	Wellington Straight
1510	1510.0	1985.339	22.238	1449.347	-2.29197	-0.00012	8.18	4.97	Wellington Straight
1511	1511.0	1984.588	22.238	1448.687	-2.29209	-0.00012	8.18	4.98	Wellington Straight
1512	1512.0	1983.837	22.237	1448.027	-2.29221	-0.00013	8.17	4.99	Wellington Straight
1513	1513.0	1983.086	22.237	1447.366	-2.29235	-0.00014	8.16	4.99	Wellington Straight
1514	1514.0	1982.336	22.236	1446.706	-2.29249	-0.00014	8.16	5.00	Wellington Straight
1515	1515.0	1981.585	22.236	1446.045	-2.29263	-0.00015	8.15	5.00	Wellington Straight
1516	1516.0	1980.834	22.235	1445.384	-2.29278	-0.00016	8.14	5.00	Wellington Straight
1517	1517.0	1980.084	22.234	1444.723	-2.29294	-0.00016	8.13	4.99	Wellington Straight
1518	1518.0	1979.334	22.233	1444.062	-2.29311	-0.00017	8.12	4.99	Wellington Straight
1519	1519.0	1978.583	22.232	1443.401	-2.29328	-0.00017	8.12	4.99	Wellington Straight
1520	1520.0	1977.833	22.231	1442.740	-2.29346	-0.00018	8.11	4.98	Wellington Straight
1521	1521.0	1977.083	22.230	1442.078	-2.29364	-0.00018	8.11	4.98	Wellington Straight
1522	1522.0	1976.333	22.228	1441.417	-2.29383	-0.00019	8.11	4.98	Wellington Straight
1523	1523.0	1975.584	22.227	1440.755	-2.29403	-0.00019	8.11	4.97	Wellington Straight
1524	1524.0	1974.834	22.225	1440.093	-2.29423	-0.00019	8.11	4.97	Wellington Straight
1525	1525.0	1974.085	22.223	1439.431	-2.29444	-0.00020	8.11	4.97	Wellington Straight
1526	1526.0	1973.335	22.221	1438.769	-2.29464	-0.00020	8.12	4.97	Wellington Straight
1527	1527.0	1972.586	22.218	1438.106	-2.29485	-0.00019	8.13	4.97	Wellington Straight
1528	1528.0	1971.837	22.216	1437.444	-2.29506	-0.00019	8.13	4.97	Wellington Straight
1529	1529.0	1971.088	22.213	1436.781	-2.29526	-0.00019	8.14	4.98	Wellington Straight
1530	1530.0	1970.339	22.210	1436.118	-2.29545	-0.00019	8.15	4.97	Wellington Straight
1531	1531.0	1969.591	22.207	1435.455	-2.29564	-0.00018	8.17	4.97	Wellington Straight
1532	1532.0	1968.842	22.204	1434.792	-2.29582	-0.00017	8.18	4.97	Wellington Straight
1533	1533.0	1968.094	22.201	1434.129	-2.29599	-0.00017	8.19	4.97	Wellington Straight
1534	1534.0	1967.345	22.197	1433.466	-2.29616	-0.00016	8.21	4.97	Wellington Straight
1535	1535.0	1966.597	22.194	1432.802	-2.29632	-0.00016	8.22	4.97	Wellington Straight
1536	1536.0	1965.849	22.190	1432.139	-2.29647	-0.00015	8.24	4.97	Wellington Straight
1537	1537.0	1965.101	22.186	1431.475	-2.29662	-0.00014	8.25	4.97	Wellington Straight
1538	1538.0	1964.353	22.182	1430.811	-2.29676	-0.00014	8.26	4.97	Wellington Straight
1539	1539.0	1963.605	22.178	1430.147	-2.29689	-0.00013	8.27	4.97	Wellington Straight
1540	1540.0	1962.858	22.174	1429.483	-2.29701	-0.00012	8.28	4.97	Wellington Straight
1541	1541.0	1962.110	22.170	1428.819	-2.29713	-0.00012	8.29	4.97	Wellington Straight
1542	1542.0	1961.362	22.165	1428.155	-2.29725	-0.00011	8.30	4.97	Wellington Straight
1543	1543.0	1960.615	22.160	1427.491	-2.29735	-0.00010	8.30	4.97	Wellington Straight
1544	1544.0	1959.868	22.156	1426.827	-2.29745	-0.00010	8.31	4.97	Wellington Straight
1545	1545.0	1959.120	22.151	1426.162	-2.29755	-0.00009	8.31	4.97	Wellington Straight
1546	1546.0	1958.373	22.146	1425.498	-2.29764	-0.00008	8.31	4.96	Wellington Straight
1547	1547.0	1957.626	22.141	1424.833	-2.29772	-0.00008	8.31	4.96	Wellington Straight
1548	1548.0	1956.878	22.136	1424.168	-2.29779	-0.00007	8.31	4.96	Wellington Straight
1549	1549.0	1956.131	22.131	1423.504	-2.29786	-0.00006	8.30	4.97	Wellington Straight
1550	1550.0	1955.384	22.126	1422.839	-2.29792	-0.00006	8.30	4.97	Wellington Straight
1551	1551.0	1954.637	22.121	1422.174	-2.29798	-0.00005	8.29	4.97	Wellington Straight
1552	1552.0	1953.890	22.115	1421.510	-2.29802	-0.00004	8.29	4.97	Wellington Straight
1553	1553.0	1953.143	22.110	1420.845	-2.29806	-0.00003	8.28	4.97	Wellington Straight
1554	1554.0	1952.396	22.105	1420.180	-2.29809	-0.00002	8.28	4.96	Wellington Straight
1555	1555.0	1951.649	22.099	1419.515	-2.29812	-0.00002	8.28	4.96	Wellington Straight
1556	1556.0	1950.902	22.094	1418.850	-2.29813	-0.00001	8.28	4.95	Wellington Straight
1557	1557.0	1950.155	22.088	1418.185	-2.29814	0.00001	8.28	4.94	Wellington Straight
1558	1558.0	1949.408	22.082	1417.520	-2.29814	0.00002	8.28	4.92	Wellington Straight
1559	1559.0	1948.661	22.077	1416.855	-2.29812	0.00003	8.29	4.91	Wellington Straight
1560	1560.0	1947.914	22.071	1416.191	-2.29810	0.00004	8.30	4.89	Wellington Straight
1561	1561.0	1947.167	22.065	1415.526	-2.29806	0.00006	8.30	4.87	Wellington Straight
1562	1562.0	1946.420	22.060	1414.861	-2.29800	0.00007	8.31	4.85	Wellington Straight
1563	1563.0	1945.673	22.054	1414.196	-2.29794	0.00009	8.32	4.83	Wellington Straight
1564	1564.0	1944.926	22.048	1413.531	-2.29785	0.00011	8.33	4.81	Wellington Straight
1565	1565.0	1944.179	22.042	1412.867	-2.29775	0.00014	8.33	4.79	Wellington Straight
1566	1566.0	1943.432	22.036	1412.202	-2.29762	0.00016	8.33	4.77	Wellington Straight
1567	1567.0	1942.684	22.031	1411.538	-2.29747	0.00019	8.34	4.75	Wellington Straight
1568	1568.0	1941.937	22.025	1410.874	-2.29729	0.00022	8.34	4.73	Wellington Straight
1569	1569.0	1941.189	22.019	1410.209	-2.29708	0.00025	8.34	4.72	Wellington Straight
1570	1570.0	1940.442	22.013	1409.545	-2.29683	0.00028	8.34	4.71	Wellington Straight
1571	1571.0	1939.694	22.007	1408.882	-2.29654	0.00032	8.35	4.70	Wellington Straight
1572	1572.0	1938.946	22.001	1408.218	-2.29620	0.00035	8.35	4.69	Wellington Straight
1573	1573.0	1938.197	21.995	1407.555	-2.29583	0.00038	8.36	4.69	Wellington Straight
1574	1574.0	1937.449	21.989	1406.892	-2.29541	0.00041	8.37	4.70	Wellington Straight
1575	1575.0	1936.700	21.983	1406.229	-2.29496	0.00043	8.37	4.71	Wellington Straight
1576	1576.0	1935.951	21.977	1405.567	-2.29447	0.00045	8.38	4.73	Wellington Straight
1577	1577.0	1935.201	21.971	1404.905	-2.29395	0.00046	8.39	4.75	Wellington Straight
1578	1578.0	1934.451	21.965	1404.243	-2.29340	0.00047	8.40	4.78	Wellington Straight
1579	1579.0	1933.701	21.959	1403.582	-2.29283	0.00046	8.40	4.81	Wellington Straight
1580	1580.0	1932.950	21.952	1402.921	-2.29226	0.00045	8.41	4.85	Wellington Straight
1581	1581.0	1932.199	21.946	1402.261	-2.29170	0.00042	8.41	4.89	Wellington Straight
1582	1582.0	1931.448	21.939	1401.601	-2.29118	0.00039	8.41	4.93	Wellington Straight
1583	1583.0	1930.696	21.933	1400.942	-2.29074	0.00035	8.41	4.96	Wellington Straight
1584	1584.0	1929.944	21.926	1400.282	-2.29038	0.00030	8.41	5.00	Wellington Straight
1585	1585.0	1929.192	21.919	1399.624	-2.29012	0.00026	8.41	5.03	Wellington Straight
1586	1586.0	1928.440	21.912	1398.965	-2.28994	0.00021	8.40	5.06	Wellington Straight
1587	1587.0	1927.687	21.905	1398.306	-2.28983	0.00017	8.40	5.08	Wellington Straight
1588	1588.0	1926.935	21.898	1397.647	-2.28977	0.00013	8.40	5.10	Wellington Straight
1589	1589.0	1926.182	21.890	1396.989	-2.28973	0.00010	8.41	5.10	Wellington Straight
1590	1590.0	1925.430	21.883	1396.330	-2.28971	0.00008	8.41	5.11	Wellington Straight
1591	1591.0	1924.677	21.875	1395.672	-2.28970	0.00006	8.41	5.11	Wellington Straight
1592	1592.0	1923.925	21.867	1395.013	-2.28968	0.00004	8.41	5.10	Wellington Straight
1593	1593.0	1923.172	21.860	1394.355	-2.28967	0.00003	8.41	5.09	Wellington Straight
1594	1594.0	1922.420	21.852	1393.696	-2.28965	0.00003	8.41	5.08	Wellington Straight
1595	1595.0	1921.667	21.844	1393.038	-2.28963	0.00003	8.41	5.06	Wellington Straight
1596	1596.0	1920.914	21.835	1392.379	-2.28961	0.00002	8.41	5.04	Wellington Straight
1597	1597.0	1920.162	21.827	1391.721	-2.28958	0.00002	8.40	5.02	Wellington Straight
1598	1598.0	1919.409	21.819	1391.062	-2.28956	0.00002	8.40	5.00	Wellington Straight
1599	1599.0	1918.657	21.810	1390.404	-2.28954	0.00002	8.39	4.97	Wellington Straight
1600	1600.0	1917.904	21.802	1389.745	-2.28951	0.00002	8.38	4.95	Wellington Straight
1601	1601.0	1917.151	21.793	1389.087	-2.28948	0.00003	8.38	4.92	Wellington Straight
1602	1602.0	1916.399	21.784	1388.428	-2.28946	0.00003	8.37	4.90	Wellington Straight
1603	1603.0	1915.646	21.775	1387.770	-2.28943	0.00003	8.36	4.87	Wellington Straight
1604	1604.0	1914.893	21.766	1387.112	-2.28941	0.00003	8.35	4.85	Wellington Straight
1605	1605.0	1914.141	21.756	1386.453	-2.28938	0.00003	8.34	4.83	Wellington Straight
1606	1606.0	1913.388	21.747	1385.795	-2.28935	0.00003	8.34	4.82	Wellington Straight
1607	1607.0	1912.635	21.737	1385.137	-2.28932	0.00003	8.33	4.81	Wellington Straight
1608	1608.0	1911.882	21.728	1384.479	-2.28929	0.00003	8.32	4.81	Wellington Straight
1609	1609.0	1911.129	21.718	1383.820	-2.28927	0.00003	8.32	4.81	Wellington Straight
1610	1610.0	1910.377	21.708	1383.162	-2.28924	0.00003	8.31	4.81	Wellington Straight
1611	1611.0	1909.624	21.698	1382.504	-2.28921	0.00003	8.30	4.82	Wellington Straight
1612	1612.0	1908.871	21.688	1381.846	-2.28918	0.00003	8.30	4.83	Wellington Straight
1613	1613.0	1908.118	21.678	1381.188	-2.28915	0.00003	8.28	4.84	Wellington Straight
1614	1614.0	1907.365	21.667	1380.529	-2.28911	0.00003	8.27	4.85	Wellington Straight
1615	1615.0	1906.612	21.657	1379.871	-2.28908	0.00003	8.26	4.86	Wellington Straight
1616	1616.0	1905.859	21.646	1379.213	-2.28905	0.00003	8.24	4.87	Wellington Straight
1617	1617.0	1905.106	21.636	1378.555	-2.28902	0.00003	8.22	4.88	Wellington Straight
1618	1618.0	1904.353	21.625	1377.897	-2.28899	0.00003	8.21	4.89	Wellington Straight
1619	1619.0	1903.600	21.614	1377.239	-2.28895	0.00003	8.19	4.90	Wellington Straight
1620	1620.0	1902.847	21.603	1376.581	-2.28892	0.00003	8.18	4.90	Wellington Straight
1621	1621.0	1902.094	21.591	1375.923	-2.28889	0.00003	8.16	4.91	Wellington Straight
1622	1622.0	1901.341	21.580	1375.265	-2.28885	0.00004	8.15	4.92	Wellington Straight
1623	1623.0	1900.588	21.568	1374.607	-2.28882	0.00004	8.14	4.93	Wellington Straight
1624	1624.0	1899.835	21.557	1373.949	-2.28878	0.00004	8.14	4.94	Wellington Straight
1625	1625.0	1899.082	21.545	1373.292	-2.28874	0.00004	8.14	4.95	Wellington Straight
1626	1626.0	1898.328	21.533	1372.634	-2.28871	0.00004	8.14	4.97	Wellington Straight
1627	1627.0	1897.575	21.522	1371.976	-2.28867	0.00004	8.14	4.98	Wellington Straight
1628	1628.0	1896.822	21.510	1371.318	-2.28863	0.00004	8.14	4.98	Wellington Straight
1629	1629.0	1896.069	21.498	1370.661	-2.28859	0.00004	8.15	4.99	Wellington Straight
1630	1630.0	1895.316	21.486	1370.003	-2.28855	0.00004	8.15	4.99	Wellington Straight
1631	1631.0	1894.562	21.473	1369.345	-2.28851	0.00004	8.16	4.98	Wellington Straight
1632	1632.0	1893.809	21.461	1368.687	-2.28847	0.00004	8.16	4.97	Wellington Straight
1633	1633.0	1893.056	21.449	1368.030	-2.28843	0.00004	8.17	4.95	Wellington Straight
1634	1634.0	1892.302	21.437	1367.372	-2.28839	0.00004	8.17	4.92	Wellington Straight
1635	1635.0	1891.549	21.424	1366.715	-2.28834	0.00004	8.17	4.88	Wellington Straight
1636	1636.0	1890.795	21.412	1366.057	-2.28830	0.00004	8.16	4.84	Wellington Straight
1637	1637.0	1890.042	21.399	1365.400	-2.28826	0.00005	8.16	4.79	Wellington Straight
1638	1638.0	1889.288	21.387	1364.742	-2.28821	0.00005	8.15	4.74	Wellington Straight
1639	1639.0	1888.535	21.374	1364.085	-2.28816	0.00005	8.14	4.68	Wellington Straight
1640	1640.0	1887.781	21.362	1363.427	-2.28812	0.00005	8.13	4.63	Wellington Straight
1641	1641.0	1887.028	21.349	1362.770	-2.28807	0.00005	8.12	4.57	Wellington Straight
1642	1642.0	1886.274	21.336	1362.113	-2.28802	0.00005	8.11	4.51	Wellington Straight
1643	1643.0	1885.521	21.324	1361.455	-2.28797	0.00005	8.10	4.45	Wellington Straight
1644	1644.0	1884.767	21.311	1360.798	-2.28791	0.00005	8.09	4.39	Wellington Straight
1645	1645.0	1884.013	21.298	1360.141	-2.28786	0.00005	8.08	4.35	Wellington Straight
1646	1646.0	1883.259	21.285	1359.484	-2.28781	0.00006	8.07	4.30	Wellington Straight
1647	1647.0	1882.506	21.273	1358.827	-2.28775	0.00006	8.07	4.26	Wellington Straight
1648	1648.0	1881.752	21.260	1358.170	-2.28769	0.00006	8.06	4.23	Wellington Straight
1649	1649.0	1880.998	21.247	1357.513	-2.28763	0.00006	8.06	4.21	Wellington Straight
1650	1650.0	1880.244	21.234	1356.856	-2.28757	0.00006	8.06	4.19	Wellington Straight
1651	1651.0	1879.490	21.221	1356.199	-2.28751	0.00006	8.05	4.18	Wellington Straight
1652	1652.0	1878.736	21.208	1355.542	-2.28745	0.00006	8.05	4.18	Wellington Straight
1653	1653.0	1877.982	21.195	1354.885	-2.28738	0.00007	8.05	4.19	Wellington Straight
1654	1654.0	1877.228	21.183	1354.228	-2.28732	0.00007	8.04	4.20	Wellington Straight
1655	1655.0	1876.474	21.170	1353.572	-2.28725	0.00007	8.04	4.21	Wellington Straight
1656	1656.0	1875.720	21.157	1352.915	-2.28718	0.00007	8.03	4.23	Wellington Straight
1657	1657.0	1874.965	21.144	1352.258	-2.28711	0.00007	8.03	4.26	Wellington Straight
1658	1658.0	1874.211	21.131	1351.602	-2.28703	0.00008	8.02	4.29	Wellington Straight
1659	1659.0	1873.457	21.118	1350.945	-2.28695	0.00008	8.01	4.32	Wellington Straight
1660	1660.0	1872.703	21.105	1350.289	-2.28688	0.00008	8.00	4.36	Wellington Straight
1661	1661.0	1871.948	21.092	1349.632	-2.28679	0.00008	7.99	4.41	Wellington Straight
1662	1662.0	1871.194	21.079	1348.976	-2.28671	0.00009	7.98	4.48	Wellington Straight
1663	1663.0	1870.439	21.066	1348.320	-2.28662	0.00009	7.97	4.55	Wellington Straight
1664	1664.0	1869.685	21.054	1347.663	-2.28653	0.00009	7.96	4.63	Wellington Straight
1665	1665.0	1868.930	21.041	1347.007	-2.28644	0.00010	7.95	4.73	Wellington Straight
1666	1666.0	1868.175	21.028	1346.351	-2.28634	0.00010	7.94	4.83	Wellington Straight
1667	1667.0	1867.420	21.016	1345.695	-2.28624	0.00010	7.93	4.93	Wellington Straight
1668	1668.0	1866.666	21.003	1345.039	-2.28613	0.00010	7.93	5.03	Wellington Straight
1669	1669.0	1865.911	20.991	1344.383	-2.28602	0.00010	7.92	5.12	Wellington Straight
1670	1670.0	1865.156	20.978	1343.728	-2.28591	0.00009	7.91	5.20	Wellington Straight
1671	1671.0	1864.401	20.966	1343.072	-2.28580	0.00009	7.90	5.26	Wellington Straight
1672	1672.0	1863.646	20.953	1342.417	-2.28568	0.00008	7.90	5.30	Wellington Straight
1673	1673.0	1862.890	20.941	1341.761	-2.28557	0.00007	7.89	5.31	Wellington Straight
1674	1674.0	1862.135	20.928	1341.106	-2.28547	0.00005	7.88	5.30	Wellington Straight
1675	1675.0	1861.380	20.916	1340.450	-2.28539	0.00003	7.88	5.27	Wellington Straight
1676	1676.0	1860.624	20.904	1339.795	-2.28534	0.00001	7.87	5.22	Wellington Straight
1677	1677.0	1859.869	20.892	1339.140	-2.28532	-0.00001	7.86	5.16	Wellington Straight
1678	1678.0	1859.114	20.879	1338.484	-2.28535	-0.00003	7.86	5.09	Wellington Straight
1679	1679.0	1858.358	20.867	1337.829	-2.28541	-0.00005	7.85	5.02	Wellington Straight
1680	1680.0	1857.603	20.855	1337.174	-2.28551	-0.00007	7.85	4.94	Wellington Straight
1681	1681.0	1856.848	20.843	1336.518	-2.28564	-0.00009	7.85	4.87	Wellington Straight
1682	1682.0	1856.092	20.831	1335.863	-2.28578	-0.00010	7.84	4.81	Wellington Straight
1683	1683.0	1855.337	20.818	1335.207	-2.28593	-0.00011	7.83	4.75	Wellington Straight
1684	1684.0	1854.582	20.806	1334.551	-2.28607	-0.00011	7.82	4.71	Wellington Straight
1685	1685.0	1853.828	20.794	1333.896	-2.28621	-0.00011	7.80	4.68	Wellington Straight
1686	1686.0	1853.073	20.782	1333.240	-2.28634	-0.00011	7.77	4.66	Wellington Straight
1687	1687.0	1852.318	20.770	1332.583	-2.28646	-0.00011	7.73	4.66	Wellington Straight
1688	1688.0	1851.563	20.758	1331.927	-2.28657	-0.00010	7.68	4.67	Wellington Straight
1689	1689.0	1850.809	20.746	1331.271	-2.28667	-0.00010	7.61	4.70	Wellington Straight
1690	1690.0	1850.054	20.734	1330.615	-2.28677	-0.00009	7.53	4.75	Wellington Straight
1691	1691.0	1849.300	20.722	1329.958	-2.28685	-0.00008	7.44	4.82	Wellington Straight
1692	1692.0	1848.546	20.710	1329.302	-2.28692	-0.00007	7.33	4.90	Wellington Straight
1693	1693.0	1847.791	20.698	1328.645	-2.28699	-0.00006	7.21	4.99	Wellington Straight
1694	1694.0	1847.037	20.686	1327.989	-2.28705	-0.00006	7.09	5.10	Wellington Straight
1695	1695.0	1846.283	20.674	1327.332	-2.28710	-0.00005	6.98	5.21	Wellington Straight
1696	1696.0	1845.528	20.662	1326.676	-2.28714	-0.00004	6.89	5.32	Wellington Straight
1697	1697.0	1844.774	20.650	1326.019	-2.28717	-0.00003	6.82	5.43	Wellington Straight
1698	1698.0	1844.020	20.639	1325.362	-2.28720	-0.00003	6.77	5.52	Wellington Straight
1699	1699.0	1843.266	20.627	1324.706	-2.28722	-0.00002	6.77	5.59	Wellington Straight
1700	1700.0	1842.512	20.615	1324.049	-2.28724	-0.00001	6.80	5.64	Wellington Straight
1701	1701.0	1841.758	20.603	1323.392	-2.28725	-0.00001	6.87	5.65	Wellington Straight
1702	1702.0	1841.004	20.592	1322.735	-2.28725	0.00000	6.96	5.63	Wellington Straight
1703	1703.0	1840.249	20.580	1322.079	-2.28725	0.00001	7.08	5.57	Wellington Straight
1704	1704.0	1839.495	20.568	1321.422	-2.28724	0.00001	7.20	5.49	Wellington Straight
1705	1705.0	1838.741	20.557	1320.765	-2.28722	0.00002	7.33	5.38	Wellington Straight
1706	1706.0	1837.987	20.545	1320.109	-2.28720	0.00003	7.45	5.26	Wellington Straight
1707	1707.0	1837.233	20.533	1319.452	-2.28717	0.00003	7.56	5.12	Wellington Straight
1708	1708.0	1836.479	20.522	1318.795	-2.28713	0.00004	7.65	5.00	Wellington Straight
1709	1709.0	1835.724	20.510	1318.139	-2.28709	0.00004	7.73	4.88	Wellington Straight
1710	1710.0	1834.970	20.499	1317.482	-2.28704	0.00005	7.78	4.79	Wellington Straight
1711	1711.0	1834.216	20.487	1316.826	-2.28699	0.00006	7.82	4.72	Wellington Straight
1712	1712.0	1833.461	20.476	1316.169	-2.28693	0.00006	7.84	4.69	Wellington Straight
1713	1713.0	1832.707	20.464	1315.513	-2.28686	0.00007	7.86	4.68	Wellington Straight
1714	1714.0	1831.953	20.453	1314.856	-2.28679	0.00008	7.86	4.71	Wellington Straight
1715	1715.0	1831.198	20.442	1314.200	-2.28671	0.00008	7.86	4.77	Wellington Straight
1716	1716.0	1830.444	20.430	1313.544	-2.28662	0.00009	7.85	4.86	Wellington Straight
1717	1717.0	1829.689	20.419	1312.887	-2.28653	0.00010	7.84	4.96	Wellington Straight
1718	1718.0	1828.934	20.407	1312.231	-2.28643	0.00011	7.83	5.07	Wellington Straight
1719	1719.0	1828.180	20.396	1311.575	-2.28632	0.00011	7.82	5.20	Wellington Straight
1720	1720.0	1827.425	20.385	1310.919	-2.28621	0.00012	7.80	5.32	Wellington Straight
1721	1721.0	1826.670	20.374	1310.263	-2.28609	0.00013	7.79	5.43	Wellington Straight
1722	1722.0	1825.915	20.362	1309.608	-2.28596	0.00014	7.78	5.54	Wellington Straight
1723	1723.0	1825.160	20.351	1308.952	-2.28582	0.00015	7.76	5.63	Wellington Straight
1724	1724.0	1824.405	20.340	1308.296	-2.28567	0.00015	7.75	5.70	Wellington Straight
1725	1725.0	1823.650	20.329	1307.641	-2.28552	0.00016	7.74	5.75	Wellington Straight
1726	1726.0	1822.894	20.317	1306.986	-2.28535	0.00017	7.73	5.77	Wellington Straight
1727	1727.0	1822.139	20.306	1306.330	-2.28517	0.00018	7.71	5.77	Wellington Straight
1728	1728.0	1821.383	20.295	1305.675	-2.28499	0.00020	7.70	5.75	Wellington Straight
1729	1729.0	1820.628	20.284	1305.020	-2.28479	0.00021	7.69	5.70	Wellington Straight
1730	1730.0	1819.872	20.272	1304.366	-2.28459	0.00022	7.67	5.64	Wellington Straight
1731	1731.0	1819.116	20.261	1303.711	-2.28437	0.00023	7.65	5.56	Wellington Straight
1732	1732.0	1818.360	20.250	1303.057	-2.28413	0.00025	7.63	5.47	Wellington Straight
1733	1733.0	1817.604	20.239	1302.402	-2.28389	0.00026	7.61	5.37	Wellington Straight
1734	1734.0	1816.847	20.228	1301.748	-2.28363	0.00028	7.58	5.28	Wellington Straight
1735	1735.0	1816.091	20.216	1301.094	-2.28335	0.00029	7.56	5.20	Wellington Straight
1736	1736.0	1815.334	20.205	1300.441	-2.28306	0.00031	7.53	5.14	Wellington Straight
1737	1737.0	1814.577	20.194	1299.787	-2.28275	0.00033	7.50	5.10	Wellington Straight
1738	1738.0	1813.820	20.183	1299.134	-2.28242	0.00035	7.47	5.08	Wellington Straight
1739	1739.0	1813.062	20.171	1298.481	-2.28207	0.00038	7.45	5.08	Wellington Straight
1740	1740.0	1812.305	20.160	1297.828	-2.28170	0.00040	7.42	5.11	Wellington Straight
1741	1741.0	1811.547	20.149	1297.176	-2.28131	0.00043	7.40	5.15	Wellington Straight
1742	1742.0	1810.788	20.138	1296.524	-2.28089	0.00046	7.38	5.21	Wellington Straight
1743	1743.0	1810.030	20.126	1295.872	-2.28044	0.00049	7.36	5.28	Wellington Straight
1744	1744.0	1809.271	20.115	1295.221	-2.27995	0.00053	7.34	5.36	Wellington Straight
1745	1745.0	1808.512	20.104	1294.570	-2.27943	0.00058	7.32	5.45	Wellington Straight
1746	1746.0	1807.753	20.092	1293.919	-2.27888	0.00063	7.31	5.53	Wellington Straight
1747	1747.0	1806.993	20.081	1293.269	-2.27828	0.00068	7.30	5.62	Wellington Straight
1748	1748.0	1806.233	20.069	1292.619	-2.27762	0.00075	7.29	5.71	Wellington Straight
1749	1749.0	1805.472	20.057	1291.970	-2.27692	0.00083	7.29	5.79	Wellington Straight
1750	1750.0	1804.711	20.045	1291.322	-2.27615	0.00092	7.28	5.88	Wellington Straight
1751	1751.0	1803.949	20.034	1290.674	-2.27530	0.00103	7.28	5.98	Wellington Straight
1752	1752.0	1803.187	20.022	1290.026	-2.27437	0.00117	7.28	6.08	Wellington Straight
1753	1753.0	1802.424	20.010	1289.380	-2.27334	0.00133	7.28	6.18	Wellington Straight
1754	1754.0	1801.661	19.997	1288.734	-2.27218	0.00153	7.29	6.28	Wellington Straight
1755	1755.0	1800.896	19.985	1288.089	-2.27088	0.00178	7.29	6.39	Wellington Straight
1756	1756.0	1800.131	19.973	1287.445	-2.26940	0.00207	7.30	6.49	Wellington Straight
1757	1757.0	1799.365	19.960	1286.803	-2.26768	0.00243	7.31	6.59	Wellington Straight
1758	1758.0	1798.598	19.947	1286.162	-2.26568	0.00286	7.31	6.67	Wellington Straight
1759	1759.0	1797.829	19.935	1285.522	-2.26332	0.00336	7.31	6.73	Wellington Straight
1760	1760.0	1797.058	19.922	1284.885	-2.26047	0.00393	7.31	6.76	Wellington Straight
1761	1761.0	1796.286	19.909	1284.250	-2.25704	0.00457	7.31	6.78	Wellington Straight
1762	1762.0	1795.511	19.896	1283.618	-2.25287	0.00528	7.30	6.76	Wellington Straight
1763	1763.0	1794.733	19.883	1282.989	-2.24782	0.00604	7.28	6.72	Wellington Straight
1764	1764.0	1793.952	19.870	1282.365	-2.24175	0.00682	7.27	6.67	Wellington Straight
1765	1765.0	1793.167	19.857	1281.745	-2.23455	0.00762	7.25	6.59	Wellington Straight
1766	1766.0	1792.377	19.844	1281.132	-2.22618	0.00841	7.23	6.51	Wellington Straight
1767	1767.0	1791.581	19.831	1280.526	-2.21670	0.00918	7.21	6.43	Wellington Straight
1768	1768.0	1790.780	19.818	1279.929	-2.20629	0.00992	7.20	6.35	Wellington Straight
1769	1769.0	1789.972	19.804	1279.339	-2.19521	0.01061	7.19	6.28	Wellington Straight
1770	1770.0	1789.157	19.791	1278.759	-2.18372	0.01126	7.19	6.21	Wellington Straight
1771	1771.0	1788.336	19.778	1278.189	-2.17199	0.01186	7.19	6.16	Wellington Straight
1772	1772.0	1787.508	19.765	1277.628	-2.16001	0.01241	7.21	6.11	Wellington Straight
1773	1773.0	1786.673	19.752	1277.078	-2.14762	0.01291	7.23	6.08	Wellington Straight
1774	1774.0	1785.831	19.739	1276.537	-2.13457	0.01334	7.25	6.05	Wellington Straight
1775	1775.0	1784.983	19.726	1276.009	-2.12062	0.01367	7.28	6.03	Wellington Straight
1776	1776.0	1784.126	19.713	1275.492	-2.10569	0.01390	7.31	6.01	Wellington Straight
1777	1777.0	1783.262	19.700	1274.989	-2.08994	0.01400	7.35	5.99	Wellington Straight
1778	1778.0	1782.390	19.687	1274.500	-2.07374	0.01395	7.38	5.97	Wellington Straight
1779	1779.0	1781.510	19.674	1274.025	-2.05762	0.01377	7.40	5.96	Wellington Straight
1780	1780.0	1780.622	19.661	1273.565	-2.04213	0.01347	7.43	5.95	Wellington Straight
1781	1781.0	1779.728	19.648	1273.117	-2.02771	0.01308	7.45	5.93	Wellington Straight
1782	1782.0	1778.828	19.636	1272.682	-2.01459	0.01265	7.47	5.92	Wellington Straight
1783	1783.0	1777.922	19.624	1272.259	-2.00282	0.01224	7.49	5.91	Wellington Straight
1784	1784.0	1777.011	19.611	1271.845	-1.99223	0.01189	7.50	5.90	Wellington Straight
1785	1785.0	1776.097	19.599	1271.440	-1.98251	0.01164	7.52	5.89	Wellington Straight
1786	1786.0	1775.178	19.587	1271.044	-1.97326	0.01152	7.53	5.89	Wellington Straight
1787	1787.0	1774.257	19.575	1270.657	-1.96401	0.01152	7.54	5.89	Wellington Straight
1788	1788.0	1773.331	19.564	1270.278	-1.95423	0.01162	7.56	5.89	Wellington Straight
1789	1789.0	1772.402	19.552	1269.909	-1.94343	0.01177	7.57	5.90	Wellington Straight
1790	1790.0	1771.468	19.541	1269.550	-1.93127	0.01194	7.58	5.90	Wellington Straight
1791	1791.0	1770.530	19.530	1269.203	-1.91773	0.01207	7.60	5.91	Wellington Straight
1792	1792.0	1769.588	19.519	1268.870	-1.90318	0.01213	7.62	5.92	Wellington Straight
1793	1793.0	1768.640	19.509	1268.551	-1.88831	0.01209	7.63	5.93	Wellington Straight
1794	1794.0	1767.688	19.498	1268.246	-1.87402	0.01198	7.65	5.93	Wellington Straight
1795	1795.0	1766.731	19.488	1267.954	-1.86104	0.01180	7.67	5.94	Wellington Straight
1796	1796.0	1765.771	19.478	1267.673	-1.84973	0.01162	7.69	5.93	Wellington Straight
1797	1797.0	1764.809	19.468	1267.403	-1.83992	0.01148	7.70	5.93	Wellington Straight
1798	1798.0	1763.843	19.458	1267.142	-1.83097	0.01144	7.72	5.91	Wellington Straight
1799	1799.0	1762.876	19.449	1266.889	-1.82205	0.01152	7.74	5.90	Wellington Straight
1800	1800.0	1761.906	19.439	1266.644	-1.81249	0.01175	7.76	5.88	Wellington Straight
1801	1801.0	1760.934	19.430	1266.410	-1.80194	0.01213	7.77	5.85	Wellington Straight
1802	1802.0	1759.959	19.421	1266.186	-1.79038	0.01263	7.79	5.83	Wellington Straight
1803	1803.0	1758.982	19.412	1265.974	-1.77797	0.01322	7.82	5.80	Wellington Straight
1804	1804.0	1758.002	19.403	1265.775	-1.76480	0.01386	7.84	5.77	Wellington Straight
1805	1805.0	1757.020	19.394	1265.589	-1.75077	0.01449	7.87	5.75	Wellington Straight
1806	1806.0	1756.035	19.385	1265.417	-1.73563	0.01505	7.89	5.73	Wellington Straight
1807	1807.0	1755.047	19.376	1265.260	-1.71922	0.01548	7.92	5.70	Wellington Straight
1808	1808.0	1754.057	19.367	1265.121	-1.70158	0.01573	7.95	5.68	Wellington Straight
1809	1809.0	1753.064	19.359	1265.000	-1.68301	0.01576	7.98	5.66	Brooklands
1810	1810.0	1752.069	19.350	1264.897	-1.66403	0.01554	8.01	5.64	Brooklands
1811	1811.0	1751.073	19.342	1264.813	-1.64525	0.01506	8.04	5.62	Brooklands
1812	1812.0	1750.075	19.334	1264.748	-1.62728	0.01435	8.07	5.60	Brooklands
1813	1813.0	1749.076	19.326	1264.701	-1.61077	0.01347	8.10	5.58	Brooklands
1814	1814.0	1748.077	19.318	1264.668	-1.59634	0.01249	8.13	5.56	Brooklands
1815	1815.0	1747.077	19.310	1264.650	-1.58446	0.01151	8.16	5.53	Brooklands
1816	1816.0	1746.077	19.302	1264.641	-1.57532	0.01062	8.20	5.51	Brooklands
1817	1817.0	1745.077	19.294	1264.640	-1.56864	0.00993	8.24	5.48	Brooklands
1818	1818.0	1744.077	19.287	1264.645	-1.56360	0.00948	8.28	5.45	Brooklands
1819	1819.0	1743.077	19.279	1264.655	-1.55907	0.00932	8.33	5.42	Brooklands
1820	1820.0	1742.077	19.272	1264.669	-1.55384	0.00943	8.38	5.39	Brooklands
1821	1821.0	1741.077	19.265	1264.689	-1.54695	0.00978	8.43	5.36	Brooklands
1822	1822.0	1740.078	19.258	1264.717	-1.53794	0.01031	8.48	5.33	Brooklands
1823	1823.0	1739.078	19.251	1264.754	-1.52680	0.01092	8.53	5.30	Brooklands
1824	1824.0	1738.080	19.244	1264.804	-1.51390	0.01153	8.57	5.26	Brooklands
1825	1825.0	1737.082	19.238	1264.868	-1.49979	0.01209	8.60	5.23	Brooklands
1826	1826.0	1736.085	19.231	1264.946	-1.48504	0.01255	8.63	5.19	Brooklands
1827	1827.0	1735.089	19.225	1265.039	-1.47012	0.01288	8.65	5.14	Brooklands
1828	1828.0	1734.095	19.219	1265.147	-1.45544	0.01310	8.66	5.10	Brooklands
1829	1829.0	1733.103	19.213	1265.270	-1.44133	0.01323	8.67	5.05	Brooklands
1830	1830.0	1732.112	19.207	1265.406	-1.42799	0.01332	8.68	5.00	Brooklands
1831	1831.0	1731.123	19.201	1265.554	-1.41548	0.01340	8.68	4.95	Brooklands
1832	1832.0	1730.136	19.195	1265.715	-1.40365	0.01351	8.69	4.90	Brooklands
1833	1833.0	1729.151	19.190	1265.887	-1.39208	0.01368	8.70	4.85	Brooklands
1834	1834.0	1728.168	19.184	1266.070	-1.38015	0.01389	8.72	4.81	Brooklands
1835	1835.0	1727.187	19.179	1266.266	-1.36723	0.01413	8.74	4.77	Brooklands
1836	1836.0	1726.209	19.173	1266.475	-1.35285	0.01437	8.76	4.74	Brooklands
1837	1837.0	1725.234	19.168	1266.698	-1.33694	0.01457	8.79	4.71	Brooklands
1838	1838.0	1724.264	19.163	1266.938	-1.31987	0.01469	8.82	4.68	Brooklands
1839	1839.0	1723.297	19.158	1267.195	-1.30243	0.01474	8.85	4.66	Brooklands
1840	1840.0	1722.335	19.153	1267.469	-1.28553	0.01470	8.88	4.64	Brooklands
1841	1841.0	1721.378	19.149	1267.758	-1.26993	0.01461	8.91	4.62	Brooklands
1842	1842.0	1720.425	19.144	1268.061	-1.25596	0.01451	8.93	4.60	Brooklands
1843	1843.0	1719.477	19.139	1268.377	-1.24338	0.01442	8.95	4.59	Brooklands
1844	1844.0	1718.532	19.135	1268.704	-1.23147	0.01438	8.96	4.58	Brooklands
1845	1845.0	1717.591	19.131	1269.043	-1.21932	0.01438	8.96	4.58	Brooklands
1846	1846.0	1716.654	19.127	1269.393	-1.20610	0.01444	8.96	4.58	Brooklands
1847	1847.0	1715.722	19.123	1269.756	-1.19140	0.01453	8.94	4.59	Brooklands
1848	1848.0	1714.796	19.120	1270.134	-1.17537	0.01463	8.92	4.61	Brooklands
1849	1849.0	1713.877	19.116	1270.526	-1.15865	0.01474	8.90	4.64	Brooklands
1850	1850.0	1712.964	19.113	1270.935	-1.14212	0.01486	8.87	4.67	Brooklands
1851	1851.0	1712.058	19.110	1271.358	-1.12653	0.01502	8.83	4.71	Brooklands
1852	1852.0	1711.158	19.107	1271.794	-1.11221	0.01526	8.79	4.76	Brooklands
1853	1853.0	1710.264	19.105	1272.243	-1.09899	0.01562	8.75	4.81	Brooklands
1854	1854.0	1709.377	19.102	1272.703	-1.08625	0.01615	8.71	4.86	Brooklands
1855	1855.0	1708.495	19.100	1273.175	-1.07320	0.01686	8.67	4.91	Brooklands
1856	1856.0	1707.619	19.098	1273.658	-1.05903	0.01775	8.62	4.97	Brooklands
1857	1857.0	1706.751	19.096	1274.154	-1.04307	0.01880	8.58	5.02	Brooklands
1858	1858.0	1705.891	19.094	1274.665	-1.02485	0.01992	8.53	5.08	Brooklands
1859	1859.0	1705.042	19.092	1275.193	-1.00410	0.02106	8.49	5.13	Brooklands
1860	1860.0	1704.204	19.091	1275.739	-0.98086	0.02210	8.45	5.18	Brooklands
1861	1861.0	1703.380	19.090	1276.305	-0.95545	0.02298	8.42	5.22	Brooklands
1862	1862.0	1702.571	19.089	1276.893	-0.92845	0.02362	8.39	5.27	Brooklands
1863	1863.0	1701.779	19.087	1277.503	-0.90063	0.02397	8.36	5.32	Brooklands
1864	1864.0	1701.004	19.087	1278.135	-0.87275	0.02403	8.34	5.36	Brooklands
1865	1865.0	1700.247	19.086	1278.788	-0.84546	0.02380	8.32	5.40	Brooklands
1866	1866.0	1699.508	19.085	1279.462	-0.81929	0.02335	8.30	5.44	Brooklands
1867	1867.0	1698.786	19.084	1280.154	-0.79463	0.02275	8.29	5.47	Brooklands
1868	1868.0	1698.080	19.084	1280.863	-0.77179	0.02210	8.28	5.50	Brooklands
1869	1869.0	1697.391	19.084	1281.587	-0.75103	0.02151	8.26	5.53	Brooklands
1870	1870.0	1696.716	19.084	1282.324	-0.73235	0.02107	8.25	5.56	Brooklands
1871	1871.0	1696.054	19.084	1283.074	-0.71540	0.02088	8.24	5.58	Brooklands
1872	1872.0	1695.404	19.084	1283.834	-0.69943	0.02096	8.22	5.60	Brooklands
1873	1873.0	1694.766	19.084	1284.604	-0.68329	0.02134	8.21	5.62	Brooklands
1874	1874.0	1694.141	19.084	1285.385	-0.66574	0.02197	8.19	5.64	Brooklands
1875	1875.0	1693.531	19.085	1286.177	-0.64573	0.02278	8.17	5.65	Brooklands
1876	1876.0	1692.938	19.086	1286.982	-0.62266	0.02369	8.15	5.66	Brooklands
1877	1877.0	1692.365	19.087	1287.802	-0.59657	0.02458	8.13	5.67	Brooklands
1878	1878.0	1691.814	19.088	1288.636	-0.56803	0.02536	8.10	5.67	Brooklands
1879	1879.0	1691.289	19.089	1289.487	-0.53799	0.02598	8.07	5.67	Brooklands
1880	1880.0	1690.790	19.090	1290.354	-0.50758	0.02639	8.05	5.66	Brooklands
1881	1881.0	1690.317	19.091	1291.235	-0.47785	0.02660	8.02	5.66	Brooklands
1882	1882.0	1689.870	19.093	1292.129	-0.44961	0.02666	7.99	5.65	Brooklands
1883	1883.0	1689.448	19.094	1293.036	-0.42325	0.02661	7.96	5.65	Brooklands
1884	1884.0	1689.049	19.096	1293.953	-0.39854	0.02651	7.93	5.64	Brooklands
1885	1885.0	1688.672	19.098	1294.879	-0.37478	0.02639	7.90	5.64	Brooklands
1886	1886.0	1688.317	19.099	1295.814	-0.35096	0.02623	7.88	5.64	Brooklands
1887	1887.0	1687.984	19.101	1296.757	-0.32605	0.02602	7.86	5.66	Brooklands
1888	1888.0	1687.676	19.103	1297.708	-0.29944	0.02567	7.84	5.68	Brooklands
1889	1889.0	1687.394	19.106	1298.668	-0.27110	0.02513	7.83	5.70	Brooklands
1890	1890.0	1687.141	19.108	1299.635	-0.24166	0.02430	7.82	5.74	Brooklands
1891	1891.0	1686.916	19.110	1300.609	-0.21222	0.02315	7.82	5.78	Brooklands
1892	1892.0	1686.719	19.113	1301.590	-0.18415	0.02165	7.83	5.83	Brooklands
1893	1893.0	1686.550	19.115	1302.575	-0.15874	0.01983	7.83	5.88	Brooklands
1894	1894.0	1686.403	19.118	1303.564	-0.13704	0.01775	7.84	5.93	Brooklands
1895	1895.0	1686.276	19.120	1304.556	-0.11958	0.01551	7.85	5.98	Brooklands
1896	1896.0	1686.165	19.123	1305.550	-0.10635	0.01322	7.86	6.03	Brooklands
1897	1897.0	1686.064	19.126	1306.545	-0.09687	0.01098	7.86	6.07	Brooklands
1898	1898.0	1685.971	19.129	1307.541	-0.09037	0.00890	7.86	6.10	Brooklands
1899	1899.0	1685.884	19.131	1308.537	-0.08603	0.00703	7.85	6.13	Brooklands
1900	1900.0	1685.799	19.134	1309.533	-0.08315	0.00543	7.82	6.16	Brooklands
1901	1901.0	1685.718	19.137	1310.530	-0.08120	0.00411	7.79	6.19	Brooklands
1902	1902.0	1685.637	19.140	1311.527	-0.07985	0.00305	7.75	6.22	Brooklands
1903	1903.0	1685.558	19.143	1312.523	-0.07888	0.00223	7.70	6.26	Brooklands
1904	1904.0	1685.480	19.146	1313.520	-0.07817	0.00162	7.64	6.31	Brooklands
1905	1905.0	1685.402	19.149	1314.517	-0.07761	0.00117	7.58	6.37	Brooklands
1906	1906.0	1685.325	19.152	1315.514	-0.07718	0.00084	7.53	6.43	Brooklands
1907	1907.0	1685.248	19.155	1316.511	-0.07683	0.00061	7.47	6.50	Brooklands
1908	1908.0	1685.171	19.158	1317.509	-0.07655	0.00045	7.42	6.58	Brooklands
1909	1909.0	1685.095	19.162	1318.506	-0.07633	0.00033	7.38	6.65	Brooklands
1910	1910.0	1685.019	19.165	1319.503	-0.07615	0.00025	7.35	6.71	Brooklands
1911	1911.0	1684.943	19.168	1320.500	-0.07600	0.00019	7.33	6.77	Brooklands
1912	1912.0	1684.867	19.172	1321.497	-0.07589	0.00014	7.32	6.80	Brooklands
1913	1913.0	1684.791	19.176	1322.494	-0.07580	0.00011	7.32	6.81	Brooklands
1914	1914.0	1684.715	19.179	1323.491	-0.07574	0.00008	7.33	6.81	Brooklands
1915	1915.0	1684.640	19.183	1324.488	-0.07569	0.00005	7.35	6.77	Brooklands
1916	1916.0	1684.564	19.187	1325.485	-0.07567	0.00003	7.37	6.72	Brooklands
1917	1917.0	1684.488	19.191	1326.483	-0.07567	0.00001	7.40	6.65	Brooklands
1918	1918.0	1684.413	19.196	1327.480	-0.07568	-0.00001	7.42	6.56	Brooklands
1919	1919.0	1684.337	19.200	1328.477	-0.07570	-0.00003	7.44	6.47	Brooklands
1920	1920.0	1684.262	19.205	1329.474	-0.07574	-0.00004	7.46	6.37	Brooklands
1921	1921.0	1684.186	19.209	1330.471	-0.07579	-0.00006	7.47	6.29	Brooklands
1922	1922.0	1684.110	19.214	1331.468	-0.07586	-0.00007	7.48	6.21	Brooklands
1923	1923.0	1684.034	19.219	1332.465	-0.07594	-0.00009	7.49	6.14	Brooklands
1924	1924.0	1683.958	19.224	1333.462	-0.07604	-0.00010	7.50	6.08	Brooklands
1925	1925.0	1683.882	19.229	1334.460	-0.07614	-0.00011	7.50	6.03	Brooklands
1926	1926.0	1683.806	19.234	1335.457	-0.07626	-0.00013	7.51	6.00	Brooklands
1927	1927.0	1683.730	19.240	1336.454	-0.07640	-0.00014	7.52	5.97	Brooklands
1928	1928.0	1683.654	19.246	1337.451	-0.07654	-0.00016	7.53	5.94	Brooklands
1929	1929.0	1683.577	19.251	1338.448	-0.07670	-0.00017	7.54	5.92	Brooklands
1930	1930.0	1683.500	19.257	1339.445	-0.07688	-0.00019	7.55	5.90	Brooklands
1931	1931.0	1683.423	19.263	1340.442	-0.07707	-0.00021	7.55	5.88	Brooklands
1932	1932.0	1683.346	19.269	1341.439	-0.07728	-0.00022	7.56	5.85	Brooklands
1933	1933.0	1683.269	19.276	1342.436	-0.07750	-0.00024	7.57	5.83	Brooklands
1934	1934.0	1683.192	19.282	1343.433	-0.07774	-0.00026	7.57	5.81	Brooklands
1935	1935.0	1683.114	19.289	1344.430	-0.07800	-0.00029	7.58	5.80	Brooklands
1936	1936.0	1683.036	19.295	1345.427	-0.07829	-0.00031	7.58	5.79	Brooklands
1937	1937.0	1682.957	19.302	1346.424	-0.07859	-0.00034	7.58	5.78	Brooklands
1938	1938.0	1682.879	19.309	1347.421	-0.07892	-0.00036	7.59	5.79	Brooklands
1939	1939.0	1682.800	19.316	1348.418	-0.07927	-0.00040	7.59	5.79	Brooklands
1940	1940.0	1682.720	19.323	1349.414	-0.07966	-0.00043	7.60	5.80	Brooklands
1941	1941.0	1682.641	19.330	1350.411	-0.08008	-0.00048	7.61	5.82	Brooklands
1942	1942.0	1682.560	19.337	1351.408	-0.08053	-0.00053	7.62	5.84	Brooklands
1943	1943.0	1682.480	19.345	1352.405	-0.08103	-0.00058	7.63	5.86	Brooklands
1944	1944.0	1682.398	19.352	1353.401	-0.08157	-0.00065	7.63	5.88	Brooklands
1945	1945.0	1682.317	19.359	1354.398	-0.08217	-0.00074	7.63	5.90	Brooklands
1946	1946.0	1682.234	19.367	1355.395	-0.08283	-0.00084	7.63	5.91	Brooklands
1947	1947.0	1682.151	19.374	1356.391	-0.08356	-0.00096	7.63	5.91	Brooklands
1948	1948.0	1682.067	19.382	1357.388	-0.08439	-0.00111	7.62	5.91	Brooklands
1949	1949.0	1681.983	19.390	1358.384	-0.08532	-0.00129	7.61	5.91	Brooklands
1950	1950.0	1681.897	19.398	1359.380	-0.08639	-0.00151	7.59	5.89	Brooklands
1951	1951.0	1681.810	19.405	1360.377	-0.08763	-0.00179	7.58	5.87	Brooklands
1952	1952.0	1681.722	19.413	1361.373	-0.08909	-0.00213	7.57	5.85	Brooklands
1953	1953.0	1681.632	19.421	1362.369	-0.09082	-0.00253	7.56	5.82	Brooklands
1954	1954.0	1681.540	19.430	1363.365	-0.09291	-0.00302	7.55	5.79	Brooklands
1955	1955.0	1681.447	19.438	1364.360	-0.09544	-0.00361	7.55	5.76	Brooklands
1956	1956.0	1681.350	19.446	1365.355	-0.09850	-0.00430	7.56	5.74	Brooklands
1957	1957.0	1681.250	19.454	1366.350	-0.10218	-0.00509	7.56	5.72	Brooklands
1958	1958.0	1681.146	19.463	1367.345	-0.10658	-0.00601	7.58	5.71	Brooklands
1959	1959.0	1681.037	19.471	1368.339	-0.11184	-0.00704	7.59	5.70	Brooklands
1960	1960.0	1680.923	19.480	1369.333	-0.11815	-0.00817	7.61	5.70	Brooklands
1961	1961.0	1680.801	19.489	1370.325	-0.12577	-0.00938	7.62	5.70	Brooklands
1962	1962.0	1680.672	19.498	1371.317	-0.13498	-0.01065	7.64	5.71	Brooklands
1963	1963.0	1680.532	19.507	1372.307	-0.14603	-0.01196	7.65	5.72	Brooklands
1964	1964.0	1680.381	19.516	1373.295	-0.15905	-0.01326	7.67	5.73	Brooklands
1965	1965.0	1680.215	19.525	1374.282	-0.17395	-0.01453	7.68	5.74	Brooklands
1966	1966.0	1680.035	19.534	1375.265	-0.19045	-0.01573	7.69	5.75	Brooklands
1967	1967.0	1679.837	19.543	1376.245	-0.20815	-0.01687	7.70	5.75	Brooklands
1968	1968.0	1679.621	19.552	1377.222	-0.22665	-0.01791	7.72	5.75	Brooklands
1969	1969.0	1679.387	19.561	1378.194	-0.24568	-0.01887	7.73	5.75	Brooklands
1970	1970.0	1679.135	19.570	1379.162	-0.26515	-0.01973	7.74	5.75	Brooklands
1971	1971.0	1678.863	19.579	1380.124	-0.28523	-0.02047	7.76	5.74	Brooklands
1972	1972.0	1678.572	19.588	1381.081	-0.30619	-0.02110	7.77	5.74	Brooklands
1973	1973.0	1678.261	19.597	1382.031	-0.32831	-0.02157	7.79	5.72	Brooklands
1974	1974.0	1677.927	19.606	1382.974	-0.35170	-0.02187	7.81	5.71	Brooklands
1975	1975.0	1677.572	19.615	1383.908	-0.37614	-0.02197	7.83	5.69	Brooklands
1976	1976.0	1677.193	19.624	1384.834	-0.40112	-0.02185	7.86	5.67	Brooklands
1977	1977.0	1676.791	19.633	1385.749	-0.42592	-0.02152	7.88	5.64	Brooklands
1978	1978.0	1676.367	19.642	1386.655	-0.44981	-0.02097	7.91	5.61	Brooklands
1979	1979.0	1675.921	19.651	1387.550	-0.47222	-0.02026	7.95	5.58	Brooklands
1980	1980.0	1675.457	19.659	1388.436	-0.49289	-0.01943	7.98	5.54	Brooklands
1981	1981.0	1674.975	19.668	1389.312	-0.51180	-0.01854	8.01	5.51	Brooklands
1982	1982.0	1674.477	19.676	1390.179	-0.52912	-0.01766	8.04	5.47	Brooklands
1983	1983.0	1673.966	19.685	1391.038	-0.54507	-0.01686	8.07	5.43	Brooklands
1984	1984.0	1673.441	19.693	1391.890	-0.55989	-0.01619	8.10	5.39	Brooklands
1985	1985.0	1672.903	19.702	1392.733	-0.57380	-0.01571	8.13	5.36	Brooklands
1986	1986.0	1672.355	19.710	1393.569	-0.58703	-0.01545	8.15	5.32	Brooklands
1987	1987.0	1671.796	19.718	1394.398	-0.59985	-0.01543	8.17	5.29	Brooklands
1988	1988.0	1671.226	19.726	1395.220	-0.61260	-0.01565	8.18	5.25	Brooklands
1989	1989.0	1670.646	19.734	1396.034	-0.62570	-0.01608	8.20	5.22	Brooklands
1990	1990.0	1670.055	19.742	1396.841	-0.63965	-0.01666	8.21	5.18	Brooklands
1991	1991.0	1669.452	19.750	1397.639	-0.65501	-0.01733	8.22	5.15	Brooklands
1992	1992.0	1668.836	19.758	1398.427	-0.67235	-0.01798	8.23	5.12	Brooklands
1993	1993.0	1668.206	19.765	1399.204	-0.69205	-0.01853	8.24	5.09	Brooklands
1994	1994.0	1667.560	19.773	1399.967	-0.71412	-0.01888	8.26	5.06	Brooklands
1995	1995.0	1666.896	19.780	1400.715	-0.73798	-0.01896	8.27	5.03	Brooklands
1996	1996.0	1666.215	19.788	1401.446	-0.76247	-0.01876	8.28	5.01	Brooklands
1997	1997.0	1665.515	19.795	1402.161	-0.78610	-0.01829	8.30	4.99	Brooklands
1998	1998.0	1664.800	19.802	1402.859	-0.80745	-0.01761	8.31	4.98	Brooklands
1999	1999.0	1664.070	19.809	1403.544	-0.82558	-0.01682	8.33	4.97	Brooklands
2000	2000.0	1663.330	19.815	1404.216	-0.84035	-0.01605	8.34	4.98	Brooklands
2001	2001.0	1662.581	19.822	1404.878	-0.85235	-0.01541	8.34	4.98	Brooklands
2002	2002.0	1661.824	19.828	1405.532	-0.86268	-0.01500	8.35	5.00	Brooklands
2003	2003.0	1661.061	19.835	1406.179	-0.87254	-0.01490	8.35	5.02	Brooklands
2004	2004.0	1660.292	19.841	1406.818	-0.88298	-0.01513	8.34	5.04	Brooklands
2005	2005.0	1659.516	19.847	1407.448	-0.89470	-0.01566	8.32	5.07	Brooklands
2006	2006.0	1658.732	19.852	1408.069	-0.90812	-0.01644	8.30	5.11	Brooklands
2007	2007.0	1657.940	19.858	1408.679	-0.92355	-0.01736	8.28	5.15	Brooklands
2008	2008.0	1657.137	19.863	1409.275	-0.94129	-0.01830	8.25	5.19	Brooklands
2009	2009.0	1656.323	19.868	1409.856	-0.96162	-0.01914	8.21	5.24	Brooklands
2010	2010.0	1655.497	19.872	1410.420	-0.98461	-0.01976	8.17	5.28	Brooklands
2011	2011.0	1654.657	19.877	1410.963	-1.00985	-0.02009	8.13	5.33	Brooklands
2012	2012.0	1653.803	19.881	1411.483	-1.03629	-0.02009	8.09	5.38	Brooklands
2013	2013.0	1652.936	19.885	1411.981	-1.06230	-0.01979	8.05	5.43	Brooklands
2014	2014.0	1652.057	19.888	1412.457	-1.08612	-0.01925	8.02	5.49	Brooklands
2015	2015.0	1651.167	19.892	1412.913	-1.10643	-0.01860	7.98	5.54	Brooklands
2016	2016.0	1650.269	19.895	1413.353	-1.12277	-0.01798	7.95	5.60	Brooklands
2017	2017.0	1649.364	19.898	1413.779	-1.13573	-0.01753	7.92	5.66	Brooklands
2018	2018.0	1648.455	19.901	1414.196	-1.14667	-0.01734	7.90	5.71	Brooklands
2019	2019.0	1647.541	19.903	1414.602	-1.15733	-0.01750	7.87	5.77	Brooklands
2020	2020.0	1646.624	19.906	1414.999	-1.16934	-0.01800	7.85	5.82	Brooklands
2021	2021.0	1645.700	19.908	1415.384	-1.18388	-0.01878	7.83	5.87	Brooklands
2022	2022.0	1644.771	19.910	1415.754	-1.20161	-0.01973	7.81	5.91	Brooklands
2023	2023.0	1643.835	19.912	1416.106	-1.22265	-0.02072	7.79	5.96	Brooklands
2024	2024.0	1642.892	19.913	1416.436	-1.24678	-0.02161	7.77	6.00	Brooklands
2025	2025.0	1641.940	19.915	1416.742	-1.27342	-0.02226	7.75	6.03	Brooklands
2026	2026.0	1640.980	19.916	1417.022	-1.30165	-0.02259	7.73	6.06	Brooklands
2027	2027.0	1640.012	19.917	1417.274	-1.33033	-0.02255	7.72	6.09	Brooklands
2028	2028.0	1639.037	19.917	1417.498	-1.35813	-0.02217	7.70	6.12	Brooklands
2029	2029.0	1638.057	19.918	1417.696	-1.38380	-0.02149	7.69	6.14	Brooklands
2030	2030.0	1637.073	19.918	1417.870	-1.40643	-0.02063	7.67	6.17	Brooklands
2031	2031.0	1636.084	19.918	1418.023	-1.42569	-0.01972	7.66	6.19	Brooklands
2032	2032.0	1635.094	19.918	1418.159	-1.44192	-0.01887	7.64	6.20	Brooklands
2033	2033.0	1634.101	19.918	1418.280	-1.45596	-0.01820	7.63	6.21	Brooklands
2034	2034.0	1633.107	19.917	1418.388	-1.46897	-0.01778	7.61	6.22	Brooklands
2035	2035.0	1632.111	19.916	1418.484	-1.48214	-0.01764	7.59	6.23	Brooklands
2036	2036.0	1631.115	19.915	1418.565	-1.49644	-0.01779	7.57	6.24	Brooklands
2037	2037.0	1630.117	19.913	1418.632	-1.51247	-0.01818	7.55	6.24	Brooklands
2038	2038.0	1629.118	19.911	1418.682	-1.53044	-0.01875	7.53	6.24	Brooklands
2039	2039.0	1628.119	19.909	1418.713	-1.55013	-0.01943	7.50	6.24	Brooklands
2040	2040.0	1627.119	19.907	1418.723	-1.57111	-0.02016	7.48	6.25	Brooklands
2041	2041.0	1626.119	19.904	1418.712	-1.59288	-0.02087	7.46	6.25	Brooklands
2042	2042.0	1625.120	19.901	1418.679	-1.61502	-0.02154	7.44	6.25	Brooklands
2043	2043.0	1624.121	19.898	1418.624	-1.63738	-0.02210	7.43	6.26	Brooklands
2044	2044.0	1623.124	19.895	1418.546	-1.66006	-0.02255	7.42	6.26	Brooklands
2045	2045.0	1622.129	19.891	1418.446	-1.68332	-0.02284	7.41	6.27	Brooklands
2046	2046.0	1621.137	19.887	1418.322	-1.70741	-0.02296	7.41	6.27	Brooklands
2047	2047.0	1620.148	19.883	1418.173	-1.73237	-0.02289	7.41	6.27	Brooklands
2048	2048.0	1619.163	19.878	1418.000	-1.75791	-0.02260	7.41	6.28	Brooklands
2049	2049.0	1618.183	19.873	1417.801	-1.78345	-0.02211	7.42	6.27	Brooklands
2050	2050.0	1617.208	19.868	1417.578	-1.80816	-0.02142	7.43	6.27	Brooklands
2051	2051.0	1616.239	19.863	1417.331	-1.83125	-0.02059	7.44	6.27	Brooklands
2052	2052.0	1615.276	19.857	1417.063	-1.85217	-0.01965	7.45	6.26	Brooklands
2053	2053.0	1614.318	19.852	1416.776	-1.87078	-0.01868	7.47	6.25	Brooklands
2054	2054.0	1613.365	19.846	1416.472	-1.88740	-0.01774	7.48	6.25	Brooklands
2055	2055.0	1612.418	19.840	1416.153	-1.90259	-0.01687	7.49	6.24	Brooklands
2056	2056.0	1611.475	19.834	1415.820	-1.91698	-0.01613	7.50	6.24	Brooklands
2057	2057.0	1610.536	19.828	1415.474	-1.93104	-0.01554	7.51	6.24	Brooklands
2058	2058.0	1609.603	19.821	1415.115	-1.94499	-0.01513	7.52	6.24	Brooklands
2059	2059.0	1608.675	19.815	1414.743	-1.95884	-0.01489	7.53	6.25	Brooklands
2060	2060.0	1607.752	19.808	1414.359	-1.97254	-0.01483	7.53	6.26	Brooklands
2061	2061.0	1606.834	19.801	1413.961	-1.98608	-0.01493	7.52	6.27	Brooklands
2062	2062.0	1605.922	19.794	1413.552	-1.99962	-0.01518	7.52	6.28	Brooklands
2063	2063.0	1605.015	19.787	1413.130	-2.01349	-0.01556	7.51	6.29	Brooklands
2064	2064.0	1604.115	19.780	1412.695	-2.02806	-0.01604	7.50	6.31	Brooklands
2065	2065.0	1603.221	19.773	1412.247	-2.04369	-0.01661	7.48	6.33	Brooklands
2066	2066.0	1602.334	19.765	1411.784	-2.06053	-0.01724	7.46	6.35	Brooklands
2067	2067.0	1601.456	19.758	1411.306	-2.07853	-0.01789	7.44	6.37	Brooklands
2068	2068.0	1600.587	19.750	1410.812	-2.09740	-0.01855	7.42	6.39	Luffield
2069	2069.0	1599.727	19.743	1410.301	-2.11682	-0.01919	7.40	6.41	Luffield
2070	2070.0	1598.878	19.735	1409.773	-2.13654	-0.01979	7.38	6.43	Luffield
2071	2071.0	1598.039	19.727	1409.229	-2.15659	-0.02033	7.35	6.45	Luffield
2072	2072.0	1597.211	19.718	1408.668	-2.17721	-0.02079	7.33	6.46	Luffield
2073	2073.0	1596.396	19.710	1408.089	-2.19871	-0.02116	7.31	6.47	Luffield
2074	2074.0	1595.593	19.702	1407.493	-2.22126	-0.02141	7.30	6.48	Luffield
2075	2075.0	1594.804	19.693	1406.878	-2.24466	-0.02153	7.28	6.48	Luffield
2076	2076.0	1594.030	19.685	1406.245	-2.26838	-0.02151	7.27	6.48	Luffield
2077	2077.0	1593.271	19.676	1405.594	-2.29175	-0.02135	7.25	6.48	Luffield
2078	2078.0	1592.528	19.667	1404.925	-2.31425	-0.02107	7.24	6.48	Luffield
2079	2079.0	1591.799	19.658	1404.240	-2.33566	-0.02068	7.22	6.48	Luffield
2080	2080.0	1591.085	19.649	1403.540	-2.35612	-0.02021	7.21	6.48	Luffield
2081	2081.0	1590.385	19.640	1402.826	-2.37593	-0.01969	7.20	6.48	Luffield
2082	2082.0	1589.699	19.630	1402.098	-2.39529	-0.01913	7.19	6.48	Luffield
2083	2083.0	1589.027	19.621	1401.358	-2.41424	-0.01857	7.18	6.48	Luffield
2084	2084.0	1588.369	19.612	1400.604	-2.43257	-0.01803	7.16	6.48	Luffield
2085	2085.0	1587.725	19.602	1399.840	-2.45008	-0.01751	7.15	6.48	Luffield
2086	2086.0	1587.094	19.593	1399.064	-2.46671	-0.01705	7.13	6.48	Luffield
2087	2087.0	1586.476	19.584	1398.278	-2.48266	-0.01664	7.12	6.49	Luffield
2088	2088.0	1585.870	19.574	1397.483	-2.49826	-0.01630	7.10	6.49	Luffield
2089	2089.0	1585.276	19.565	1396.678	-2.51381	-0.01604	7.08	6.50	Luffield
2090	2090.0	1584.695	19.556	1395.864	-2.52939	-0.01587	7.06	6.51	Luffield
2091	2091.0	1584.127	19.546	1395.041	-2.54485	-0.01579	7.03	6.53	Luffield
2092	2092.0	1583.571	19.537	1394.210	-2.55996	-0.01581	7.01	6.55	Luffield
2093	2093.0	1583.028	19.528	1393.370	-2.57459	-0.01591	6.98	6.57	Luffield
2094	2094.0	1582.497	19.519	1392.523	-2.58893	-0.01609	6.95	6.59	Luffield
2095	2095.0	1581.978	19.509	1391.668	-2.60349	-0.01631	6.92	6.61	Luffield
2096	2096.0	1581.472	19.500	1390.806	-2.61898	-0.01654	6.90	6.64	Luffield
2097	2097.0	1580.980	19.491	1389.935	-2.63597	-0.01673	6.87	6.67	Luffield
2098	2098.0	1580.503	19.482	1389.056	-2.65462	-0.01685	6.84	6.70	Luffield
2099	2099.0	1580.044	19.473	1388.168	-2.67450	-0.01686	6.81	6.73	Luffield
2100	2100.0	1579.603	19.464	1387.270	-2.69462	-0.01677	6.78	6.76	Luffield
2101	2101.0	1579.179	19.456	1386.364	-2.71382	-0.01659	6.76	6.80	Luffield
2102	2102.0	1578.773	19.447	1385.451	-2.73119	-0.01637	6.73	6.84	Luffield
2103	2103.0	1578.382	19.439	1384.531	-2.74644	-0.01617	6.69	6.88	Luffield
2104	2104.0	1578.003	19.430	1383.605	-2.75995	-0.01603	6.66	6.92	Luffield
2105	2105.0	1577.637	19.422	1382.674	-2.77261	-0.01602	6.62	6.97	Luffield
2106	2106.0	1577.282	19.413	1381.740	-2.78546	-0.01616	6.58	7.02	Luffield
2107	2107.0	1576.939	19.405	1380.800	-2.79937	-0.01644	6.54	7.07	Luffield
2108	2108.0	1576.611	19.397	1379.856	-2.81482	-0.01685	6.49	7.12	Luffield
2109	2109.0	1576.297	19.389	1378.906	-2.83188	-0.01736	6.44	7.18	Luffield
2110	2110.0	1576.001	19.380	1377.951	-2.85032	-0.01791	6.39	7.23	Luffield
2111	2111.0	1575.723	19.372	1376.990	-2.86971	-0.01847	6.34	7.29	Luffield
2112	2112.0	1575.464	19.364	1376.024	-2.88967	-0.01901	6.28	7.35	Luffield
2113	2113.0	1575.225	19.356	1375.054	-2.90991	-0.01949	6.22	7.41	Luffield
2114	2114.0	1575.005	19.348	1374.078	-2.93026	-0.01993	6.16	7.47	Luffield
2115	2115.0	1574.805	19.340	1373.098	-2.95064	-0.02031	6.11	7.53	Luffield
2116	2116.0	1574.625	19.332	1372.115	-2.97102	-0.02063	6.06	7.59	Luffield
2117	2117.0	1574.466	19.323	1371.127	-2.99148	-0.02090	6.01	7.65	Luffield
2118	2118.0	1574.326	19.315	1370.137	-3.01219	-0.02110	5.96	7.71	Luffield
2119	2119.0	1574.208	19.307	1369.144	-3.03344	-0.02121	5.93	7.77	Luffield
2120	2120.0	1574.110	19.298	1368.149	-3.05554	-0.02123	5.90	7.83	Luffield
2121	2121.0	1574.036	19.290	1367.152	-3.07855	-0.02113	5.87	7.89	Luffield
2122	2122.0	1573.984	19.281	1366.153	-3.10208	-0.02092	5.86	7.94	Luffield
2123	2123.0	1573.957	19.272	1365.154	-3.12538	-0.02059	5.85	7.99	Luffield
2124	2124.0	1573.952	19.264	1364.154	3.13564	-0.02017	5.84	8.04	Luffield
2125	2125.0	1573.969	19.255	1363.154	3.11525	-0.01970	5.83	8.08	Luffield
2126	2126.0	1574.005	19.246	1362.154	3.09678	-0.01921	5.83	8.12	Luffield
2127	2127.0	1574.058	19.237	1361.156	3.07979	-0.01876	5.82	8.15	Luffield
2128	2128.0	1574.128	19.228	1360.158	3.06350	-0.01836	5.81	8.18	Luffield
2129	2129.0	1574.214	19.219	1359.162	3.04710	-0.01802	5.79	8.20	Luffield
2130	2130.0	1574.317	19.210	1358.167	3.02999	-0.01776	5.76	8.22	Luffield
2131	2131.0	1574.437	19.201	1357.175	3.01199	-0.01757	5.73	8.23	Luffield
2132	2132.0	1574.575	19.191	1356.184	2.99341	-0.01745	5.70	8.24	Luffield
2133	2133.0	1574.732	19.182	1355.197	2.97490	-0.01739	5.66	8.25	Luffield
2134	2134.0	1574.907	19.173	1354.212	2.95725	-0.01740	5.62	8.26	Luffield
2135	2135.0	1575.099	19.163	1353.231	2.94093	-0.01749	5.57	8.27	Luffield
2136	2136.0	1575.306	19.154	1352.252	2.92582	-0.01765	5.52	8.27	Luffield
2137	2137.0	1575.527	19.144	1351.277	2.91108	-0.01788	5.48	8.27	Luffield
2138	2138.0	1575.763	19.135	1350.305	2.89546	-0.01812	5.44	8.28	Luffield
2139	2139.0	1576.014	19.125	1349.337	2.87785	-0.01833	5.41	8.28	Luffield
2140	2140.0	1576.284	19.115	1348.375	2.85775	-0.01841	5.39	8.29	Luffield
2141	2141.0	1576.574	19.105	1347.418	2.83560	-0.01830	5.38	8.29	Luffield
2142	2142.0	1576.886	19.095	1346.468	2.81251	-0.01794	5.37	8.30	Luffield
2143	2143.0	1577.221	19.085	1345.525	2.78990	-0.01728	5.38	8.30	Luffield
2144	2144.0	1577.575	19.074	1344.590	2.76898	-0.01633	5.40	8.30	Luffield
2145	2145.0	1577.949	19.064	1343.662	2.75050	-0.01510	5.43	8.30	Luffield
2146	2146.0	1578.338	19.054	1342.741	2.73472	-0.01366	5.46	8.30	Luffield
2147	2147.0	1578.740	19.043	1341.826	2.72161	-0.01209	5.51	8.30	Luffield
2148	2148.0	1579.153	19.033	1340.915	2.71098	-0.01046	5.55	8.30	Luffield
2149	2149.0	1579.575	19.022	1340.008	2.70264	-0.00885	5.60	8.30	Luffield
2150	2150.0	1580.003	19.011	1339.105	2.69633	-0.00732	5.65	8.30	Luffield
2151	2151.0	1580.436	19.001	1338.203	2.69176	-0.00594	5.69	8.31	Luffield
2152	2152.0	1580.873	18.990	1337.304	2.68854	-0.00472	5.73	8.32	Luffield
2153	2153.0	1581.312	18.979	1336.405	2.68632	-0.00368	5.76	8.33	Luffield
2154	2154.0	1581.752	18.969	1335.507	2.68476	-0.00282	5.79	8.34	Luffield
2155	2155.0	1582.194	18.958	1334.610	2.68365	-0.00212	5.80	8.36	Luffield
2156	2156.0	1582.636	18.947	1333.714	2.68283	-0.00158	5.81	8.38	Luffield
2157	2157.0	1583.080	18.936	1332.817	2.68221	-0.00115	5.81	8.39	Luffield
2158	2158.0	1583.523	18.925	1331.921	2.68176	-0.00083	5.80	8.41	Luffield
2159	2159.0	1583.967	18.915	1331.025	2.68143	-0.00059	5.78	8.42	Luffield
2160	2160.0	1584.411	18.904	1330.129	2.68119	-0.00041	5.77	8.42	Luffield
2161	2161.0	1584.856	18.893	1329.233	2.68103	-0.00027	5.75	8.43	Luffield
2162	2162.0	1585.300	18.882	1328.337	2.68095	-0.00017	5.73	8.43	Luffield
2163	2163.0	1585.745	18.871	1327.442	2.68092	-0.00008	5.71	8.42	Luffield
2164	2164.0	1586.189	18.859	1326.546	2.68094	-0.00002	5.69	8.41	Luffield
2165	2165.0	1586.634	18.848	1325.650	2.68100	0.00004	5.67	8.40	Luffield
2166	2166.0	1587.078	18.836	1324.754	2.68110	0.00009	5.66	8.38	Luffield
2167	2167.0	1587.523	18.825	1323.858	2.68123	0.00013	5.65	8.37	Luffield
2168	2168.0	1587.967	18.813	1322.962	2.68140	0.00017	5.63	8.35	Luffield
2169	2169.0	1588.411	18.801	1322.066	2.68160	0.00021	5.63	8.33	Luffield
2170	2170.0	1588.855	18.789	1321.170	2.68182	0.00024	5.62	8.32	Luffield
2171	2171.0	1589.298	18.777	1320.274	2.68208	0.00027	5.61	8.31	Luffield
2172	2172.0	1589.742	18.765	1319.378	2.68237	0.00031	5.61	8.30	Luffield
2173	2173.0	1590.185	18.752	1318.481	2.68269	0.00034	5.60	8.29	Luffield
2174	2174.0	1590.628	18.739	1317.585	2.68304	0.00038	5.60	8.29	Luffield
2175	2175.0	1591.070	18.727	1316.688	2.68342	0.00042	5.59	8.29	Luffield
2176	2176.0	1591.512	18.714	1315.791	2.68384	0.00045	5.59	8.29	Luffield
2177	2177.0	1591.954	18.700	1314.894	2.68430	0.00049	5.59	8.30	Luffield
2178	2178.0	1592.396	18.687	1313.996	2.68479	0.00053	5.59	8.32	Luffield
2179	2179.0	1592.836	18.674	1313.099	2.68534	0.00057	5.60	8.33	Luffield
2180	2180.0	1593.277	18.661	1312.201	2.68593	0.00061	5.60	8.35	Luffield
2181	2181.0	1593.716	18.647	1311.303	2.68657	0.00065	5.61	8.36	Luffield
2182	2182.0	1594.156	18.633	1310.405	2.68726	0.00069	5.62	8.37	Luffield
2183	2183.0	1594.594	18.620	1309.506	2.68801	0.00072	5.64	8.39	Luffield
2184	2184.0	1595.032	18.606	1308.607	2.68880	0.00074	5.65	8.40	Luffield
2185	2185.0	1595.469	18.592	1307.707	2.68963	0.00076	5.66	8.40	Luffield
2186	2186.0	1595.906	18.578	1306.808	2.69049	0.00077	5.67	8.41	Luffield
2187	2187.0	1596.341	18.564	1305.907	2.69136	0.00077	5.67	8.41	Luffield
2188	2188.0	1596.776	18.550	1305.007	2.69221	0.00077	5.67	8.41	Luffield
2189	2189.0	1597.210	18.537	1304.106	2.69305	0.00075	5.66	8.41	Luffield
2190	2190.0	1597.643	18.523	1303.205	2.69385	0.00073	5.65	8.41	Luffield
2191	2191.0	1598.076	18.509	1302.303	2.69460	0.00071	5.63	8.42	Luffield
2192	2192.0	1598.508	18.495	1301.401	2.69531	0.00068	5.62	8.43	Luffield
2193	2193.0	1598.939	18.481	1300.499	2.69598	0.00064	5.60	8.44	Luffield
2194	2194.0	1599.370	18.468	1299.597	2.69661	0.00061	5.58	8.45	Luffield
2195	2195.0	1599.800	18.454	1298.694	2.69719	0.00057	5.56	8.47	Luffield
2196	2196.0	1600.229	18.441	1297.791	2.69774	0.00054	5.54	8.48	Luffield
2197	2197.0	1600.659	18.428	1296.888	2.69825	0.00050	5.53	8.50	Luffield
2198	2198.0	1601.087	18.414	1295.984	2.69872	0.00047	5.51	8.52	Luffield
2199	2199.0	1601.516	18.401	1295.081	2.69917	0.00044	5.50	8.53	Luffield
2200	2200.0	1601.944	18.389	1294.177	2.69958	0.00041	5.49	8.54	Luffield
2201	2201.0	1602.371	18.376	1293.273	2.69996	0.00037	5.48	8.55	Luffield
2202	2202.0	1602.799	18.363	1292.369	2.70031	0.00034	5.47	8.56	Luffield
2203	2203.0	1603.225	18.351	1291.464	2.70063	0.00031	5.46	8.57	Luffield
2204	2204.0	1603.652	18.339	1290.560	2.70093	0.00029	5.45	8.58	Luffield
2205	2205.0	1604.079	18.327	1289.655	2.70120	0.00026	5.44	8.59	Luffield
2206	2206.0	1604.505	18.315	1288.751	2.70144	0.00023	5.43	8.61	Luffield
2207	2207.0	1604.931	18.303	1287.846	2.70165	0.00020	5.43	8.64	Luffield
2208	2208.0	1605.357	18.292	1286.941	2.70184	0.00018	5.42	8.68	Luffield
2209	2209.0	1605.782	18.281	1286.036	2.70201	0.00015	5.42	8.73	Luffield
2210	2210.0	1606.208	18.270	1285.131	2.70214	0.00013	5.41	8.80	Luffield
2211	2211.0	1606.633	18.259	1284.226	2.70226	0.00010	5.41	8.87	Luffield
2212	2212.0	1607.058	18.249	1283.321	2.70234	0.00007	5.40	8.95	Luffield
2213	2213.0	1607.484	18.239	1282.416	2.70240	0.00005	5.39	9.03	Luffield
2214	2214.0	1607.909	18.229	1281.511	2.70244	0.00002	5.38	9.12	Luffield
2215	2215.0	1608.334	18.220	1280.606	2.70245	-0.00001	5.37	9.19	Luffield
2216	2216.0	1608.759	18.211	1279.701	2.70243	-0.00003	5.35	9.25	Luffield
2217	2217.0	1609.184	18.202	1278.796	2.70239	-0.00006	5.33	9.29	Luffield
2218	2218.0	1609.609	18.193	1277.891	2.70232	-0.00009	5.31	9.31	Luffield
2219	2219.0	1610.035	18.185	1276.986	2.70222	-0.00012	5.29	9.31	Luffield
2220	2220.0	1610.460	18.177	1276.081	2.70209	-0.00014	5.27	9.28	Luffield
2221	2221.0	1610.886	18.169	1275.176	2.70193	-0.00017	5.25	9.22	Luffield
2222	2222.0	1611.312	18.162	1274.271	2.70174	-0.00019	5.24	9.15	Luffield
2223	2223.0	1611.737	18.154	1273.366	2.70152	-0.00022	5.22	9.06	Luffield
2224	2224.0	1612.164	18.147	1272.461	2.70127	-0.00023	5.21	8.96	Luffield
2225	2225.0	1612.590	18.140	1271.557	2.70099	-0.00025	5.20	8.85	Luffield
2226	2226.0	1613.016	18.134	1270.652	2.70068	-0.00026	5.19	8.75	Luffield
2227	2227.0	1613.443	18.127	1269.748	2.70035	-0.00026	5.19	8.65	Luffield
2228	2228.0	1613.871	18.121	1268.844	2.70002	-0.00026	5.18	8.55	Luffield
2229	2229.0	1614.298	18.115	1267.940	2.69969	-0.00026	5.18	8.47	Luffield
2230	2230.0	1614.726	18.109	1267.036	2.69939	-0.00025	5.17	8.39	Luffield
2231	2231.0	1615.154	18.103	1266.132	2.69911	-0.00023	5.16	8.32	Luffield
2232	2232.0	1615.582	18.097	1265.229	2.69887	-0.00021	5.15	8.26	Luffield
2233	2233.0	1616.011	18.091	1264.325	2.69868	-0.00019	5.14	8.21	Luffield
2234	2234.0	1616.439	18.086	1263.422	2.69851	-0.00017	5.13	8.16	Luffield
2235	2235.0	1616.868	18.080	1262.518	2.69838	-0.00015	5.11	8.11	Luffield
2236	2236.0	1617.297	18.075	1261.615	2.69827	-0.00014	5.09	8.07	Luffield
2237	2237.0	1617.726	18.070	1260.712	2.69817	-0.00012	5.07	8.03	Luffield
2238	2238.0	1618.155	18.065	1259.808	2.69808	-0.00011	5.05	7.99	Luffield
2239	2239.0	1618.584	18.060	1258.905	2.69799	-0.00010	5.03	7.96	Luffield
2240	2240.0	1619.014	18.055	1258.002	2.69791	-0.00009	5.00	7.93	Luffield
2241	2241.0	1619.443	18.050	1257.099	2.69784	-0.00008	4.97	7.90	Luffield
2242	2242.0	1619.872	18.046	1256.196	2.69777	-0.00008	4.94	7.86	Luffield
2243	2243.0	1620.302	18.041	1255.292	2.69770	-0.00007	4.91	7.83	Luffield
2244	2244.0	1620.731	18.037	1254.389	2.69763	-0.00007	4.88	7.80	Luffield
2245	2245.0	1621.161	18.032	1253.486	2.69756	-0.00006	4.84	7.77	Luffield
2246	2246.0	1621.590	18.028	1252.583	2.69750	-0.00006	4.81	7.73	Luffield
2247	2247.0	1622.020	18.024	1251.680	2.69744	-0.00006	4.77	7.70	Luffield
2248	2248.0	1622.450	18.020	1250.777	2.69738	-0.00006	4.74	7.65	Luffield
2249	2249.0	1622.880	18.016	1249.875	2.69733	-0.00005	4.71	7.61	Luffield
2250	2250.0	1623.309	18.012	1248.972	2.69728	-0.00005	4.68	7.56	Luffield
2251	2251.0	1623.739	18.009	1248.069	2.69723	-0.00004	4.65	7.52	Luffield
2252	2252.0	1624.169	18.005	1247.166	2.69718	-0.00004	4.63	7.47	Luffield
2253	2253.0	1624.599	18.001	1246.263	2.69713	-0.00003	4.61	7.42	Luffield
2254	2254.0	1625.029	17.998	1245.360	2.69709	-0.00002	4.60	7.37	Luffield
2255	2255.0	1625.459	17.994	1244.457	2.69705	-0.00001	4.59	7.32	Luffield
2256	2256.0	1625.889	17.991	1243.555	2.69702	0.00000	4.58	7.28	Luffield
2257	2257.0	1626.319	17.987	1242.652	2.69699	0.00002	4.58	7.24	Luffield
2258	2258.0	1626.749	17.984	1241.749	2.69698	0.00003	4.58	7.20	Luffield
2259	2259.0	1627.179	17.980	1240.846	2.69699	0.00005	4.58	7.17	Luffield
2260	2260.0	1627.609	17.977	1239.943	2.69703	0.00006	4.59	7.14	Luffield
2261	2261.0	1628.040	17.973	1239.041	2.69711	0.00007	4.59	7.11	Luffield
2262	2262.0	1628.469	17.970	1238.138	2.69724	0.00007	4.59	7.09	Luffield
2263	2263.0	1628.899	17.967	1237.235	2.69742	0.00006	4.59	7.07	Luffield
2264	2264.0	1629.329	17.963	1236.332	2.69764	0.00002	4.59	7.06	Luffield
2265	2265.0	1629.758	17.960	1235.429	2.69788	-0.00004	4.58	7.05	Luffield
2266	2266.0	1630.188	17.957	1234.526	2.69809	-0.00014	4.58	7.04	Luffield
2267	2267.0	1630.616	17.953	1233.622	2.69825	-0.00027	4.57	7.04	Luffield
2268	2268.0	1631.045	17.950	1232.719	2.69830	-0.00044	4.56	7.05	Luffield
2269	2269.0	1631.474	17.947	1231.815	2.69819	-0.00065	4.56	7.05	Luffield
2270	2270.0	1631.903	17.943	1230.912	2.69787	-0.00090	4.55	7.07	Luffield
2271	2271.0	1632.333	17.940	1230.009	2.69726	-0.00119	4.54	7.08	Luffield
2272	2272.0	1632.763	17.937	1229.106	2.69628	-0.00152	4.53	7.10	Luffield
2273	2273.0	1633.194	17.933	1228.204	2.69485	-0.00188	4.53	7.12	Luffield
2274	2274.0	1633.627	17.930	1227.303	2.69289	-0.00226	4.52	7.15	Luffield
2275	2275.0	1634.062	17.927	1226.402	2.69036	-0.00266	4.52	7.18	Luffield
2276	2276.0	1634.499	17.924	1225.503	2.68727	-0.00308	4.51	7.22	Luffield
2277	2277.0	1634.940	17.920	1224.605	2.68375	-0.00353	4.51	7.26	Luffield
2278	2278.0	1635.383	17.917	1223.709	2.67999	-0.00401	4.50	7.30	Luffield
2279	2279.0	1635.830	17.914	1222.814	2.67618	-0.00451	4.50	7.35	Luffield
2280	2280.0	1636.281	17.911	1221.922	2.67234	-0.00504	4.49	7.40	Luffield
2281	2281.0	1636.735	17.908	1221.031	2.66824	-0.00558	4.49	7.45	Luffield
2282	2282.0	1637.193	17.906	1220.141	2.66339	-0.00610	4.49	7.51	Luffield
2283	2283.0	1637.655	17.903	1219.255	2.65723	-0.00655	4.49	7.57	Luffield
2284	2284.0	1638.124	17.900	1218.372	2.64936	-0.00690	4.49	7.63	Luffield
2285	2285.0	1638.600	17.898	1217.492	2.63985	-0.00710	4.49	7.69	Luffield
2286	2286.0	1639.086	17.896	1216.618	2.62930	-0.00713	4.50	7.75	Luffield
2287	2287.0	1639.581	17.894	1215.749	2.61866	-0.00697	4.51	7.80	Luffield
2288	2288.0	1640.085	17.892	1214.885	2.60898	-0.00665	4.52	7.86	Luffield
2289	2289.0	1640.596	17.890	1214.026	2.60101	-0.00620	4.53	7.91	Luffield
2290	2290.0	1641.114	17.889	1213.171	2.59503	-0.00570	4.54	7.96	Luffield
2291	2291.0	1641.636	17.888	1212.318	2.59089	-0.00521	4.55	8.00	Luffield
2292	2292.0	1642.161	17.887	1211.466	2.58812	-0.00481	4.56	8.04	Luffield
2293	2293.0	1642.687	17.886	1210.616	2.58611	-0.00454	4.56	8.08	Luffield
2294	2294.0	1643.215	17.885	1209.767	2.58430	-0.00445	4.57	8.12	Luffield
2295	2295.0	1643.745	17.885	1208.919	2.58220	-0.00455	4.57	8.16	Luffield
2296	2296.0	1644.277	17.885	1208.072	2.57941	-0.00483	4.57	8.19	Luffield
2297	2297.0	1644.811	17.885	1207.227	2.57570	-0.00528	4.56	8.22	Luffield
2298	2298.0	1645.349	17.886	1206.384	2.57091	-0.00584	4.56	8.25	Luffield
2299	2299.0	1645.891	17.886	1205.544	2.56503	-0.00648	4.55	8.28	Luffield
2300	2300.0	1646.439	17.887	1204.707	2.55808	-0.00714	4.54	8.31	Luffield
2301	2301.0	1646.993	17.888	1203.875	2.55012	-0.00777	4.53	8.33	Luffield
2302	2302.0	1647.554	17.889	1203.047	2.54116	-0.00831	4.52	8.35	Luffield
2303	2303.0	1648.123	17.890	1202.224	2.53126	-0.00872	4.52	8.36	Luffield
2304	2304.0	1648.701	17.891	1201.408	2.52050	-0.00896	4.51	8.37	Luffield
2305	2305.0	1649.287	17.893	1200.598	2.50915	-0.00902	4.50	8.37	Luffield
2306	2306.0	1649.883	17.894	1199.795	2.49762	-0.00887	4.50	8.37	Luffield
2307	2307.0	1650.488	17.896	1198.999	2.48645	-0.00853	4.49	8.37	Luffield
2308	2308.0	1651.101	17.898	1198.209	2.47619	-0.00802	4.49	8.35	Luffield
2309	2309.0	1651.723	17.899	1197.425	2.46726	-0.00738	4.49	8.34	Luffield
2310	2310.0	1652.350	17.901	1196.647	2.45986	-0.00664	4.49	8.32	Luffield
2311	2311.0	1652.983	17.903	1195.872	2.45395	-0.00586	4.49	8.29	Luffield
2312	2312.0	1653.620	17.905	1195.101	2.44935	-0.00508	4.49	8.26	Luffield
2313	2313.0	1654.259	17.907	1194.333	2.44576	-0.00434	4.49	8.23	Luffield
2314	2314.0	1654.902	17.909	1193.566	2.44292	-0.00367	4.50	8.20	Luffield
2315	2315.0	1655.546	17.911	1192.801	2.44063	-0.00308	4.50	8.17	Luffield
2316	2316.0	1656.192	17.913	1192.038	2.43873	-0.00258	4.51	8.14	Luffield
2317	2317.0	1656.839	17.915	1191.275	2.43712	-0.00218	4.52	8.11	Luffield
2318	2318.0	1657.487	17.918	1190.514	2.43571	-0.00185	4.53	8.08	Luffield
2319	2319.0	1658.136	17.920	1189.753	2.43444	-0.00159	4.55	8.05	Luffield
2320	2320.0	1658.786	17.922	1188.993	2.43327	-0.00139	4.56	8.02	Luffield
2321	2321.0	1659.437	17.925	1188.234	2.43216	-0.00124	4.58	8.00	Luffield
2322	2322.0	1660.089	17.928	1187.476	2.43112	-0.00111	4.60	7.98	Luffield
2323	2323.0	1660.741	17.931	1186.718	2.43014	-0.00101	4.62	7.96	Luffield
2324	2324.0	1661.395	17.934	1185.961	2.42923	-0.00093	4.64	7.94	Luffield
2325	2325.0	1662.049	17.937	1185.204	2.42838	-0.00086	4.66	7.92	Luffield
2326	2326.0	1662.703	17.941	1184.448	2.42758	-0.00079	4.67	7.90	Luffield
2327	2327.0	1663.359	17.944	1183.693	2.42681	-0.00073	4.69	7.88	Luffield
2328	2328.0	1664.014	17.948	1182.938	2.42608	-0.00068	4.70	7.87	Luffield
2329	2329.0	1664.670	17.953	1182.184	2.42539	-0.00064	4.71	7.85	Luffield
2330	2330.0	1665.327	17.957	1181.429	2.42474	-0.00061	4.72	7.85	Luffield
2331	2331.0	1665.984	17.962	1180.676	2.42417	-0.00061	4.73	7.85	Luffield
2332	2332.0	1666.642	17.966	1179.922	2.42372	-0.00064	4.74	7.85	Luffield
2333	2333.0	1667.300	17.971	1179.169	2.42341	-0.00074	4.74	7.85	Luffield
2334	2334.0	1667.958	17.977	1178.416	2.42326	-0.00091	4.75	7.87	Luffield
2335	2335.0	1668.616	17.982	1177.664	2.42322	-0.00117	4.75	7.88	Luffield
2336	2336.0	1669.275	17.988	1176.911	2.42316	-0.00153	4.76	7.90	Luffield
2337	2337.0	1669.933	17.993	1176.158	2.42286	-0.00199	4.76	7.92	Luffield
2338	2338.0	1670.591	17.999	1175.405	2.42201	-0.00253	4.77	7.95	Luffield
2339	2339.0	1671.251	18.005	1174.654	2.42026	-0.00315	4.78	7.97	Luffield
2340	2340.0	1671.912	18.011	1173.904	2.41734	-0.00379	4.78	7.99	Luffield
2341	2341.0	1672.576	18.018	1173.156	2.41308	-0.00444	4.79	8.02	Luffield
2342	2342.0	1673.244	18.024	1172.411	2.40747	-0.00503	4.80	8.04	Luffield
2343	2343.0	1673.916	18.030	1171.671	2.40070	-0.00553	4.81	8.06	Luffield
2344	2344.0	1674.594	18.037	1170.936	2.39308	-0.00591	4.82	8.08	Luffield
2345	2345.0	1675.277	18.043	1170.205	2.38499	-0.00614	4.83	8.10	Luffield
2346	2346.0	1675.966	18.050	1169.481	2.37684	-0.00621	4.84	8.12	Luffield
2347	2347.0	1676.662	18.056	1168.762	2.36897	-0.00613	4.85	8.13	Luffield
2348	2348.0	1677.362	18.062	1168.049	2.36168	-0.00592	4.86	8.15	Luffield
2349	2349.0	1678.068	18.069	1167.340	2.35514	-0.00560	4.87	8.17	Luffield
2350	2350.0	1678.778	18.075	1166.636	2.34946	-0.00522	4.88	8.18	Luffield
2351	2351.0	1679.492	18.081	1165.936	2.34463	-0.00481	4.89	8.20	Luffield
2352	2352.0	1680.209	18.087	1165.239	2.34057	-0.00440	4.89	8.22	Luffield
2353	2353.0	1680.928	18.092	1164.544	2.33712	-0.00402	4.89	8.23	Luffield
2354	2354.0	1681.650	18.098	1163.852	2.33414	-0.00369	4.90	8.24	Luffield
2355	2355.0	1682.373	18.103	1163.161	2.33145	-0.00343	4.90	8.26	Luffield
2356	2356.0	1683.098	18.108	1162.473	2.32890	-0.00325	4.90	8.27	Luffield
2357	2357.0	1683.825	18.113	1161.786	2.32640	-0.00314	4.90	8.28	Luffield
2358	2358.0	1684.554	18.118	1161.101	2.32385	-0.00310	4.89	8.29	Luffield
2359	2359.0	1685.284	18.123	1160.418	2.32120	-0.00313	4.89	8.30	Luffield
2360	2360.0	1686.017	18.127	1159.737	2.31841	-0.00321	4.89	8.30	Luffield
2361	2361.0	1686.751	18.131	1159.059	2.31542	-0.00332	4.88	8.31	Luffield
2362	2362.0	1687.487	18.135	1158.382	2.31221	-0.00347	4.88	8.31	Luffield
2363	2363.0	1688.226	18.139	1157.708	2.30875	-0.00362	4.88	8.32	Luffield
2364	2364.0	1688.967	18.142	1157.036	2.30501	-0.00378	4.88	8.32	Luffield
2365	2365.0	1689.711	18.145	1156.368	2.30098	-0.00392	4.88	8.32	Luffield
2366	2366.0	1690.457	18.148	1155.703	2.29668	-0.00403	4.88	8.33	Luffield
2367	2367.0	1691.207	18.151	1155.040	2.29214	-0.00411	4.88	8.33	Luffield
2368	2368.0	1691.959	18.154	1154.382	2.28746	-0.00414	4.89	8.32	Luffield
2369	2369.0	1692.715	18.156	1153.727	2.28273	-0.00413	4.89	8.32	Luffield
2370	2370.0	1693.473	18.159	1153.075	2.27806	-0.00406	4.90	8.31	Luffield
2371	2371.0	1694.235	18.161	1152.427	2.27357	-0.00396	4.91	8.30	Luffield
2372	2372.0	1694.999	18.163	1151.782	2.26932	-0.00381	4.91	8.29	Luffield
2373	2373.0	1695.766	18.165	1151.141	2.26538	-0.00363	4.92	8.27	Luffield
2374	2374.0	1696.536	18.166	1150.502	2.26176	-0.00343	4.93	8.25	Luffield
2375	2375.0	1697.308	18.168	1149.866	2.25847	-0.00323	4.93	8.24	Luffield
2376	2376.0	1698.082	18.169	1149.233	2.25547	-0.00303	4.93	8.22	Luffield
2377	2377.0	1698.857	18.171	1148.602	2.25276	-0.00284	4.93	8.21	Luffield
2378	2378.0	1699.634	18.172	1147.972	2.25029	-0.00268	4.93	8.20	Luffield
2379	2379.0	1700.413	18.173	1147.345	2.24804	-0.00256	4.93	8.20	Luffield
2380	2380.0	1701.193	18.174	1146.719	2.24596	-0.00247	4.92	8.20	Luffield
2381	2381.0	1701.974	18.175	1146.095	2.24400	-0.00242	4.92	8.21	Luffield
2382	2382.0	1702.756	18.176	1145.472	2.24208	-0.00240	4.92	8.22	Luffield
2383	2383.0	1703.540	18.177	1144.851	2.24009	-0.00242	4.91	8.23	Luffield
2384	2384.0	1704.325	18.178	1144.231	2.23795	-0.00245	4.91	8.24	Luffield
2385	2385.0	1705.111	18.178	1143.613	2.23556	-0.00249	4.91	8.26	Luffield
2386	2386.0	1705.899	18.179	1142.997	2.23287	-0.00253	4.91	8.28	Luffield
2387	2387.0	1706.689	18.179	1142.384	2.22991	-0.00254	4.91	8.30	Luffield
2388	2388.0	1707.480	18.180	1141.772	2.22679	-0.00253	4.91	8.32	Luffield
2389	2389.0	1708.274	18.180	1141.164	2.22366	-0.00248	4.91	8.34	Luffield
2390	2390.0	1709.069	18.180	1140.557	2.22066	-0.00240	4.91	8.36	Luffield
2391	2391.0	1709.866	18.181	1139.954	2.21793	-0.00229	4.91	8.38	Luffield
2392	2392.0	1710.664	18.181	1139.352	2.21552	-0.00216	4.91	8.40	Luffield
2393	2393.0	1711.464	18.181	1138.752	2.21344	-0.00205	4.91	8.42	Luffield
2394	2394.0	1712.266	18.181	1138.153	2.21167	-0.00196	4.91	8.44	Luffield
2395	2395.0	1713.068	18.181	1137.556	2.21016	-0.00193	4.91	8.45	Luffield
2396	2396.0	1713.870	18.181	1136.960	2.20892	-0.00199	4.91	8.47	Luffield
2397	2397.0	1714.674	18.182	1136.365	2.20795	-0.00216	4.91	8.47	Luffield
2398	2398.0	1715.478	18.182	1135.770	2.20717	-0.00245	4.92	8.48	Luffield
2399	2399.0	1716.282	18.182	1135.176	2.20642	-0.00287	4.92	8.48	Luffield
2400	2400.0	1717.087	18.182	1134.583	2.20532	-0.00341	4.93	8.47	Luffield
2401	2401.0	1717.893	18.183	1133.990	2.20337	-0.00405	4.94	8.47	Luffield
2402	2402.0	1718.700	18.183	1133.400	2.20002	-0.00473	4.94	8.46	Luffield
2403	2403.0	1719.510	18.184	1132.813	2.19487	-0.00540	4.95	8.44	Luffield
2404	2404.0	1720.323	18.185	1132.231	2.18784	-0.00601	4.96	8.43	Luffield
2405	2405.0	1721.141	18.185	1131.656	2.17922	-0.00650	4.96	8.41	Luffield
2406	2406.0	1721.964	18.186	1131.088	2.16961	-0.00683	4.97	8.40	Luffield
2407	2407.0	1722.793	18.187	1130.529	2.15975	-0.00698	4.98	8.39	Woodcote
2408	2408.0	1723.628	18.188	1129.977	2.15033	-0.00694	4.98	8.37	Woodcote
2409	2409.0	1724.467	18.189	1129.433	2.14181	-0.00673	4.99	8.36	Woodcote
2410	2410.0	1725.310	18.190	1128.896	2.13442	-0.00640	4.99	8.35	Woodcote
2411	2411.0	1726.157	18.192	1128.365	2.12815	-0.00598	5.00	8.34	Woodcote
2412	2412.0	1727.007	18.193	1127.839	2.12286	-0.00552	5.00	8.34	Woodcote
2413	2413.0	1727.860	18.194	1127.316	2.11836	-0.00508	5.01	8.33	Woodcote
2414	2414.0	1728.715	18.196	1126.797	2.11446	-0.00468	5.02	8.33	Woodcote
2415	2415.0	1729.572	18.197	1126.282	2.11098	-0.00436	5.03	8.33	Woodcote
2416	2416.0	1730.430	18.199	1125.769	2.10778	-0.00413	5.04	8.33	Woodcote
2417	2417.0	1731.290	18.201	1125.258	2.10473	-0.00401	5.06	8.33	Woodcote
2418	2418.0	1732.152	18.202	1124.751	2.10172	-0.00401	5.07	8.33	Woodcote
2419	2419.0	1733.015	18.204	1124.246	2.09863	-0.00412	5.08	8.33	Woodcote
2420	2420.0	1733.880	18.205	1123.744	2.09534	-0.00433	5.09	8.32	Woodcote
2421	2421.0	1734.746	18.207	1123.244	2.09172	-0.00463	5.10	8.32	Woodcote
2422	2422.0	1735.615	18.208	1122.748	2.08764	-0.00501	5.10	8.31	Woodcote
2423	2423.0	1736.485	18.209	1122.256	2.08300	-0.00544	5.11	8.30	Woodcote
2424	2424.0	1737.358	18.211	1121.768	2.07766	-0.00589	5.11	8.29	Woodcote
2425	2425.0	1738.233	18.212	1121.285	2.07153	-0.00634	5.12	8.28	Woodcote
2426	2426.0	1739.112	18.213	1120.808	2.06458	-0.00675	5.12	8.27	Woodcote
2427	2427.0	1739.995	18.214	1120.337	2.05680	-0.00710	5.12	8.26	Woodcote
2428	2428.0	1740.881	18.215	1119.874	2.04832	-0.00735	5.13	8.24	Woodcote
2429	2429.0	1741.771	18.216	1119.418	2.03932	-0.00750	5.14	8.23	Woodcote
2430	2430.0	1742.665	18.218	1118.971	2.03013	-0.00753	5.15	8.22	Woodcote
2431	2431.0	1743.563	18.219	1118.531	2.02110	-0.00746	5.16	8.20	Woodcote
2432	2432.0	1744.466	18.220	1118.100	2.01259	-0.00730	5.18	8.19	Woodcote
2433	2433.0	1745.371	18.221	1117.676	2.00487	-0.00709	5.19	8.17	Woodcote
2434	2434.0	1746.280	18.223	1117.259	1.99805	-0.00686	5.21	8.16	Woodcote
2435	2435.0	1747.192	18.224	1116.847	1.99209	-0.00663	5.23	8.15	Woodcote
2436	2436.0	1748.105	18.225	1116.441	1.98676	-0.00645	5.25	8.14	Woodcote
2437	2437.0	1749.021	18.227	1116.039	1.98173	-0.00632	5.27	8.13	Woodcote
2438	2438.0	1749.939	18.229	1115.642	1.97664	-0.00626	5.29	8.13	Woodcote
2439	2439.0	1750.859	18.231	1115.250	1.97120	-0.00625	5.30	8.13	Woodcote
2440	2440.0	1751.781	18.232	1114.863	1.96524	-0.00628	5.31	8.14	Woodcote
2441	2441.0	1752.705	18.234	1114.481	1.95876	-0.00633	5.32	8.14	Woodcote
2442	2442.0	1753.632	18.236	1114.106	1.95185	-0.00638	5.33	8.14	Woodcote
2443	2443.0	1754.562	18.238	1113.737	1.94470	-0.00641	5.33	8.14	Woodcote
2444	2444.0	1755.494	18.240	1113.375	1.93752	-0.00640	5.33	8.13	Woodcote
2445	2445.0	1756.428	18.243	1113.020	1.93048	-0.00635	5.33	8.12	Woodcote
2446	2446.0	1757.366	18.245	1112.672	1.92371	-0.00626	5.33	8.10	Woodcote
2447	2447.0	1758.305	18.247	1112.329	1.91727	-0.00613	5.32	8.08	Woodcote
2448	2448.0	1759.247	18.249	1111.992	1.91115	-0.00596	5.31	8.05	Woodcote
2449	2449.0	1760.191	18.251	1111.661	1.90532	-0.00578	5.30	8.01	Woodcote
2450	2450.0	1761.136	18.253	1111.336	1.89974	-0.00557	5.29	7.97	Woodcote
2451	2451.0	1762.083	18.255	1111.015	1.89433	-0.00536	5.28	7.93	Woodcote
2452	2452.0	1763.032	18.257	1110.700	1.88908	-0.00514	5.27	7.89	Woodcote
2453	2453.0	1763.983	18.259	1110.389	1.88399	-0.00492	5.27	7.84	Woodcote
2454	2454.0	1764.935	18.261	1110.084	1.87906	-0.00470	5.26	7.80	Woodcote
2455	2455.0	1765.889	18.262	1109.783	1.87435	-0.00448	5.26	7.76	Woodcote
2456	2456.0	1766.844	18.264	1109.486	1.86990	-0.00426	5.27	7.72	Woodcote
2457	2457.0	1767.800	18.266	1109.193	1.86575	-0.00405	5.27	7.69	Woodcote
2458	2458.0	1768.757	18.268	1108.904	1.86193	-0.00387	5.29	7.66	Woodcote
2459	2459.0	1769.716	18.269	1108.619	1.85841	-0.00371	5.30	7.63	Woodcote
2460	2460.0	1770.675	18.271	1108.337	1.85518	-0.00360	5.32	7.61	Woodcote
2461	2461.0	1771.635	18.272	1108.058	1.85217	-0.00354	5.34	7.58	Woodcote
2462	2462.0	1772.596	18.274	1107.782	1.84930	-0.00354	5.36	7.56	Woodcote
2463	2463.0	1773.558	18.275	1107.508	1.84647	-0.00361	5.38	7.55	Woodcote
2464	2464.0	1774.521	18.277	1107.237	1.84356	-0.00374	5.40	7.54	Woodcote
2465	2465.0	1775.484	18.278	1106.969	1.84044	-0.00393	5.41	7.54	Woodcote
2466	2466.0	1776.448	18.279	1106.705	1.83698	-0.00416	5.41	7.54	Woodcote
2467	2467.0	1777.414	18.281	1106.443	1.83306	-0.00443	5.41	7.54	Woodcote
2468	2468.0	1778.380	18.282	1106.186	1.82859	-0.00471	5.41	7.55	Woodcote
2469	2469.0	1779.348	18.283	1105.933	1.82355	-0.00497	5.41	7.56	Woodcote
2470	2470.0	1780.317	18.284	1105.686	1.81795	-0.00520	5.40	7.58	Woodcote
2471	2471.0	1781.287	18.286	1105.444	1.81187	-0.00538	5.39	7.60	Woodcote
2472	2472.0	1782.259	18.287	1105.208	1.80545	-0.00549	5.39	7.62	Woodcote
2473	2473.0	1783.232	18.288	1104.979	1.79888	-0.00552	5.38	7.64	Woodcote
2474	2474.0	1784.207	18.290	1104.756	1.79235	-0.00546	5.38	7.66	Woodcote
2475	2475.0	1785.183	18.291	1104.540	1.78608	-0.00533	5.38	7.67	Woodcote
2476	2476.0	1786.161	18.293	1104.329	1.78023	-0.00513	5.39	7.68	Woodcote
2477	2477.0	1787.139	18.294	1104.124	1.77490	-0.00488	5.39	7.68	Woodcote
2478	2478.0	1788.119	18.296	1103.924	1.77011	-0.00459	5.40	7.68	Woodcote
2479	2479.0	1789.100	18.298	1103.728	1.76584	-0.00429	5.41	7.67	Woodcote
2480	2480.0	1790.081	18.299	1103.536	1.76198	-0.00398	5.41	7.66	Woodcote
2481	2481.0	1791.063	18.301	1103.348	1.75844	-0.00367	5.42	7.64	Woodcote
2482	2482.0	1792.046	18.303	1103.163	1.75514	-0.00338	5.42	7.62	Woodcote
2483	2483.0	1793.030	18.306	1102.981	1.75205	-0.00311	5.42	7.59	Woodcote
2484	2484.0	1794.013	18.308	1102.802	1.74918	-0.00287	5.41	7.57	Woodcote
2485	2485.0	1794.998	18.310	1102.626	1.74655	-0.00265	5.41	7.55	Woodcote
2486	2486.0	1795.983	18.313	1102.453	1.74418	-0.00247	5.40	7.53	Woodcote
2487	2487.0	1796.968	18.315	1102.281	1.74207	-0.00232	5.40	7.51	Woodcote
2488	2488.0	1797.953	18.318	1102.112	1.74019	-0.00221	5.39	7.49	Woodcote
2489	2489.0	1798.939	18.321	1101.944	1.73847	-0.00214	5.39	7.48	Woodcote
2490	2490.0	1799.925	18.324	1101.778	1.73683	-0.00211	5.38	7.47	Woodcote
2491	2491.0	1800.912	18.327	1101.614	1.73517	-0.00211	5.38	7.47	Woodcote
2492	2492.0	1801.898	18.330	1101.451	1.73341	-0.00214	5.38	7.47	Woodcote
2493	2493.0	1802.885	18.333	1101.290	1.73147	-0.00220	5.37	7.47	Woodcote
2494	2494.0	1803.873	18.336	1101.131	1.72931	-0.00226	5.37	7.47	Woodcote
2495	2495.0	1804.860	18.339	1100.974	1.72692	-0.00232	5.37	7.47	Woodcote
2496	2496.0	1805.848	18.342	1100.820	1.72432	-0.00237	5.36	7.48	Woodcote
2497	2497.0	1806.837	18.345	1100.668	1.72154	-0.00239	5.35	7.48	Woodcote
2498	2498.0	1807.826	18.348	1100.519	1.71866	-0.00236	5.35	7.49	Woodcote
2499	2499.0	1808.815	18.352	1100.374	1.71576	-0.00230	5.34	7.51	Woodcote
2500	2500.0	1809.805	18.355	1100.231	1.71293	-0.00218	5.33	7.52	Woodcote
2501	2501.0	1810.795	18.358	1100.090	1.71029	-0.00202	5.33	7.55	Woodcote
2502	2502.0	1811.785	18.362	1099.953	1.70792	-0.00182	5.32	7.58	Woodcote
2503	2503.0	1812.776	18.365	1099.817	1.70591	-0.00159	5.32	7.61	Woodcote
2504	2504.0	1813.767	18.369	1099.683	1.70430	-0.00133	5.31	7.65	Woodcote
2505	2505.0	1814.758	18.373	1099.551	1.70311	-0.00107	5.31	7.69	Woodcote
2506	2506.0	1815.749	18.377	1099.419	1.70234	-0.00082	5.30	7.73	Woodcote
2507	2507.0	1816.741	18.380	1099.288	1.70196	-0.00059	5.29	7.77	Woodcote
2508	2508.0	1817.732	18.384	1099.158	1.70191	-0.00038	5.28	7.80	Woodcote
2509	2509.0	1818.724	18.388	1099.027	1.70212	-0.00022	5.27	7.83	Woodcote
2510	2510.0	1819.715	18.393	1098.896	1.70250	-0.00011	5.25	7.85	Woodcote
2511	2511.0	1820.706	18.397	1098.764	1.70297	-0.00005	5.24	7.86	Woodcote
2512	2512.0	1821.698	18.401	1098.632	1.70343	-0.00003	5.22	7.87	Woodcote
2513	2513.0	1822.689	18.406	1098.500	1.70380	-0.00006	5.21	7.87	Woodcote
2514	2514.0	1823.680	18.410	1098.367	1.70402	-0.00012	5.19	7.87	Woodcote
2515	2515.0	1824.671	18.415	1098.234	1.70404	-0.00022	5.18	7.87	Woodcote
2516	2516.0	1825.662	18.419	1098.101	1.70386	-0.00033	5.17	7.87	Woodcote
2517	2517.0	1826.653	18.424	1097.969	1.70345	-0.00046	5.16	7.87	Woodcote
2518	2518.0	1827.645	18.429	1097.837	1.70284	-0.00058	5.15	7.87	Woodcote
2519	2519.0	1828.636	18.434	1097.705	1.70206	-0.00070	5.14	7.87	Woodcote
2520	2520.0	1829.627	18.439	1097.575	1.70111	-0.00081	5.13	7.88	Woodcote
2521	2521.0	1830.619	18.444	1097.445	1.70004	-0.00089	5.12	7.89	Woodcote
2522	2522.0	1831.611	18.449	1097.317	1.69889	-0.00096	5.11	7.90	Woodcote
2523	2523.0	1832.603	18.454	1097.190	1.69767	-0.00101	5.10	7.91	Woodcote
2524	2524.0	1833.595	18.459	1097.064	1.69644	-0.00103	5.10	7.93	Woodcote
2525	2525.0	1834.587	18.464	1096.939	1.69521	-0.00104	5.09	7.95	Woodcote
2526	2526.0	1835.579	18.469	1096.816	1.69403	-0.00102	5.09	7.97	Woodcote
2527	2527.0	1836.572	18.475	1096.693	1.69290	-0.00099	5.09	7.98	Woodcote
2528	2528.0	1837.564	18.480	1096.572	1.69186	-0.00095	5.09	8.01	Woodcote
2529	2529.0	1838.557	18.485	1096.452	1.69090	-0.00090	5.09	8.03	Woodcote
2530	2530.0	1839.550	18.491	1096.333	1.69002	-0.00085	5.09	8.05	Woodcote
2531	2531.0	1840.543	18.496	1096.214	1.68922	-0.00079	5.09	8.07	Woodcote
2532	2532.0	1841.536	18.502	1096.096	1.68848	-0.00074	5.08	8.09	Woodcote
2533	2533.0	1842.529	18.507	1095.979	1.68781	-0.00068	5.08	8.12	Woodcote
2534	2534.0	1843.522	18.513	1095.863	1.68720	-0.00063	5.07	8.14	Woodcote
2535	2535.0	1844.516	18.519	1095.747	1.68663	-0.00058	5.06	8.16	Woodcote
2536	2536.0	1845.509	18.525	1095.632	1.68610	-0.00053	5.05	8.18	Woodcote
2537	2537.0	1846.502	18.530	1095.517	1.68562	-0.00049	5.04	8.20	Woodcote
2538	2538.0	1847.496	18.536	1095.403	1.68517	-0.00045	5.03	8.22	Woodcote
2539	2539.0	1848.489	18.542	1095.289	1.68475	-0.00042	5.02	8.23	Woodcote
2540	2540.0	1849.483	18.548	1095.175	1.68437	-0.00038	5.01	8.24	Woodcote
2541	2541.0	1850.476	18.554	1095.062	1.68402	-0.00035	5.01	8.25	Woodcote
2542	2542.0	1851.470	18.561	1094.949	1.68369	-0.00032	5.00	8.26	Woodcote
2543	2543.0	1852.464	18.567	1094.837	1.68340	-0.00030	5.00	8.26	Woodcote
2544	2544.0	1853.457	18.574	1094.724	1.68312	-0.00027	5.01	8.25	Woodcote
2545	2545.0	1854.451	18.580	1094.613	1.68288	-0.00025	5.01	8.24	Woodcote
2546	2546.0	1855.445	18.587	1094.501	1.68265	-0.00023	5.02	8.23	Woodcote
2547	2547.0	1856.438	18.593	1094.389	1.68244	-0.00021	5.03	8.21	Woodcote
2548	2548.0	1857.432	18.600	1094.278	1.68226	-0.00019	5.04	8.19	Woodcote
2549	2549.0	1858.426	18.607	1094.167	1.68209	-0.00017	5.05	8.17	Woodcote
2550	2550.0	1859.420	18.614	1094.056	1.68194	-0.00015	5.06	8.15	Woodcote
2551	2551.0	1860.414	18.621	1093.945	1.68180	-0.00013	5.08	8.13	Woodcote
2552	2552.0	1861.407	18.628	1093.834	1.68168	-0.00012	5.09	8.12	Woodcote
2553	2553.0	1862.401	18.635	1093.724	1.68158	-0.00011	5.11	8.12	Woodcote
2554	2554.0	1863.395	18.642	1093.613	1.68148	-0.00009	5.13	8.12	Woodcote
2555	2555.0	1864.389	18.649	1093.503	1.68140	-0.00008	5.15	8.14	Woodcote
2556	2556.0	1865.383	18.656	1093.392	1.68134	-0.00007	5.17	8.16	Woodcote
2557	2557.0	1866.377	18.663	1093.282	1.68128	-0.00006	5.20	8.19	Woodcote
2558	2558.0	1867.371	18.670	1093.172	1.68123	-0.00005	5.22	8.23	Woodcote
2559	2559.0	1868.365	18.677	1093.062	1.68120	-0.00004	5.25	8.27	Woodcote
2560	2560.0	1869.359	18.685	1092.952	1.68117	-0.00003	5.27	8.31	Woodcote
2561	2561.0	1870.353	18.692	1092.841	1.68115	-0.00002	5.30	8.35	Woodcote
2562	2562.0	1871.346	18.699	1092.731	1.68114	-0.00001	5.32	8.39	Woodcote
2563	2563.0	1872.340	18.705	1092.621	1.68114	-0.00000	5.33	8.42	Woodcote
2564	2564.0	1873.334	18.712	1092.511	1.68115	0.00001	5.35	8.45	Woodcote
2565	2565.0	1874.328	18.719	1092.401	1.68116	0.00001	5.36	8.47	Woodcote
2566	2566.0	1875.322	18.726	1092.291	1.68118	0.00002	5.36	8.49	Woodcote
2567	2567.0	1876.316	18.733	1092.181	1.68121	0.00003	5.36	8.51	Woodcote
2568	2568.0	1877.310	18.739	1092.070	1.68125	0.00003	5.36	8.52	Woodcote
2569	2569.0	1878.304	18.746	1091.960	1.68129	0.00004	5.35	8.53	Woodcote
2570	2570.0	1879.298	18.753	1091.850	1.68134	0.00004	5.34	8.54	Woodcote
2571	2571.0	1880.292	18.759	1091.740	1.68139	0.00004	5.32	8.55	Woodcote
2572	2572.0	1881.286	18.766	1091.629	1.68145	0.00005	5.30	8.55	Woodcote
2573	2573.0	1882.279	18.773	1091.519	1.68151	0.00005	5.28	8.55	Woodcote
2574	2574.0	1883.273	18.779	1091.408	1.68157	0.00005	5.26	8.54	Woodcote
2575	2575.0	1884.267	18.786	1091.297	1.68162	0.00005	5.24	8.53	Woodcote
2576	2576.0	1885.261	18.792	1091.187	1.68167	0.00004	5.21	8.51	Woodcote
2577	2577.0	1886.255	18.799	1091.076	1.68172	0.00004	5.19	8.49	Woodcote
2578	2578.0	1887.249	18.806	1090.965	1.68176	0.00004	5.17	8.47	Woodcote
2579	2579.0	1888.243	18.813	1090.855	1.68180	0.00003	5.15	8.44	Woodcote
2580	2580.0	1889.236	18.820	1090.744	1.68183	0.00003	5.13	8.42	Woodcote
2581	2581.0	1890.230	18.826	1090.633	1.68186	0.00003	5.11	8.40	Woodcote
2582	2582.0	1891.224	18.833	1090.522	1.68188	0.00002	5.10	8.38	Woodcote
2583	2583.0	1892.218	18.840	1090.411	1.68190	0.00002	5.08	8.36	Woodcote
2584	2584.0	1893.212	18.848	1090.301	1.68192	0.00002	5.06	8.34	Woodcote
2585	2585.0	1894.206	18.855	1090.190	1.68193	0.00001	5.04	8.33	Woodcote
2586	2586.0	1895.199	18.862	1090.079	1.68194	0.00001	5.03	8.32	Woodcote
2587	2587.0	1896.193	18.869	1089.968	1.68195	0.00001	5.01	8.31	Woodcote
2588	2588.0	1897.187	18.876	1089.857	1.68195	0.00000	4.99	8.31	Woodcote
2589	2589.0	1898.181	18.884	1089.746	1.68195	0.00000	4.97	8.30	Woodcote
2590	2590.0	1899.175	18.891	1089.635	1.68195	-0.00000	4.95	8.29	Woodcote
2591	2591.0	1900.169	18.898	1089.524	1.68195	-0.00000	4.93	8.28	Woodcote
2592	2592.0	1901.162	18.906	1089.413	1.68194	-0.00001	4.91	8.27	Woodcote
2593	2593.0	1902.156	18.913	1089.302	1.68193	-0.00001	4.90	8.26	Woodcote
2594	2594.0	1903.150	18.921	1089.191	1.68192	-0.00001	4.88	8.24	Woodcote
2595	2595.0	1904.144	18.928	1089.080	1.68191	-0.00001	4.87	8.22	Woodcote
2596	2596.0	1905.138	18.936	1088.970	1.68189	-0.00002	4.86	8.20	Woodcote
2597	2597.0	1906.132	18.943	1088.859	1.68188	-0.00002	4.85	8.17	Woodcote
2598	2598.0	1907.125	18.951	1088.748	1.68186	-0.00002	4.84	8.15	Woodcote
2599	2599.0	1908.119	18.959	1088.637	1.68184	-0.00002	4.84	8.12	Woodcote
2600	2600.0	1909.113	18.966	1088.526	1.68181	-0.00002	4.83	8.10	Woodcote
2601	2601.0	1910.107	18.974	1088.416	1.68179	-0.00003	4.82	8.08	Woodcote
2602	2602.0	1911.101	18.982	1088.305	1.68176	-0.00003	4.82	8.06	Woodcote
2603	2603.0	1912.095	18.990	1088.194	1.68174	-0.00003	4.81	8.04	Woodcote
2604	2604.0	1913.089	18.999	1088.083	1.68171	-0.00003	4.80	8.02	Woodcote
2605	2605.0	1914.082	19.007	1087.973	1.68167	-0.00003	4.80	8.00	Woodcote
2606	2606.0	1915.076	19.015	1087.862	1.68164	-0.00003	4.79	7.98	Woodcote
2607	2607.0	1916.070	19.024	1087.751	1.68161	-0.00003	4.79	7.95	Woodcote
2608	2608.0	1917.064	19.033	1087.641	1.68157	-0.00004	4.79	7.92	Woodcote
2609	2609.0	1918.058	19.042	1087.530	1.68153	-0.00004	4.79	7.89	Woodcote
2610	2610.0	1919.052	19.051	1087.420	1.68149	-0.00004	4.80	7.85	Woodcote
2611	2611.0	1920.046	19.060	1087.309	1.68145	-0.00004	4.81	7.81	Woodcote
2612	2612.0	1921.039	19.069	1087.199	1.68141	-0.00004	4.82	7.77	Woodcote
2613	2613.0	1922.033	19.079	1087.089	1.68137	-0.00004	4.84	7.73	Woodcote
2614	2614.0	1923.027	19.088	1086.978	1.68133	-0.00004	4.86	7.69	Woodcote
2615	2615.0	1924.021	19.098	1086.868	1.68128	-0.00005	4.88	7.65	Woodcote
2616	2616.0	1925.015	19.107	1086.758	1.68123	-0.00005	4.89	7.62	Woodcote
2617	2617.0	1926.009	19.117	1086.648	1.68118	-0.00005	4.91	7.60	Woodcote
2618	2618.0	1927.003	19.126	1086.537	1.68114	-0.00005	4.93	7.59	Woodcote
2619	2619.0	1927.997	19.136	1086.427	1.68108	-0.00005	4.95	7.59	Woodcote
2620	2620.0	1928.991	19.146	1086.317	1.68103	-0.00005	4.96	7.59	Woodcote
2621	2621.0	1929.985	19.155	1086.207	1.68098	-0.00005	4.97	7.61	Woodcote
2622	2622.0	1930.979	19.165	1086.097	1.68092	-0.00005	4.98	7.63	Woodcote
2623	2623.0	1931.973	19.174	1085.987	1.68087	-0.00006	4.99	7.65	Woodcote
2624	2624.0	1932.967	19.184	1085.878	1.68081	-0.00006	4.99	7.67	Woodcote
2625	2625.0	1933.960	19.193	1085.768	1.68075	-0.00006	4.99	7.70	Woodcote
2626	2626.0	1934.954	19.202	1085.658	1.68070	-0.00006	4.98	7.72	Woodcote
2627	2627.0	1935.948	19.212	1085.549	1.68063	-0.00006	4.97	7.74	Woodcote
2628	2628.0	1936.942	19.221	1085.439	1.68057	-0.00006	4.96	7.76	Woodcote
2629	2629.0	1937.936	19.230	1085.329	1.68051	-0.00006	4.94	7.78	Woodcote
2630	2630.0	1938.930	19.239	1085.220	1.68045	-0.00006	4.92	7.80	Woodcote
2631	2631.0	1939.924	19.248	1085.111	1.68038	-0.00007	4.90	7.81	Woodcote
2632	2632.0	1940.918	19.258	1085.001	1.68032	-0.00007	4.87	7.82	Woodcote
2633	2633.0	1941.912	19.267	1084.892	1.68025	-0.00007	4.85	7.83	Woodcote
2634	2634.0	1942.906	19.276	1084.783	1.68018	-0.00007	4.83	7.84	Woodcote
2635	2635.0	1943.900	19.285	1084.674	1.68011	-0.00007	4.81	7.84	Woodcote
2636	2636.0	1944.894	19.294	1084.565	1.68004	-0.00007	4.79	7.83	Woodcote
2637	2637.0	1945.888	19.303	1084.456	1.67997	-0.00007	4.77	7.82	Woodcote
2638	2638.0	1946.883	19.312	1084.347	1.67989	-0.00007	4.76	7.80	Woodcote
2639	2639.0	1947.877	19.321	1084.238	1.67982	-0.00008	4.75	7.78	Woodcote
2640	2640.0	1948.871	19.330	1084.129	1.67974	-0.00008	4.74	7.75	Woodcote
2641	2641.0	1949.865	19.339	1084.020	1.67967	-0.00008	4.73	7.71	Woodcote
2642	2642.0	1950.859	19.348	1083.912	1.67959	-0.00008	4.72	7.67	Woodcote
2643	2643.0	1951.853	19.356	1083.803	1.67951	-0.00008	4.70	7.63	Woodcote
2644	2644.0	1952.847	19.365	1083.695	1.67943	-0.00008	4.69	7.59	Woodcote
2645	2645.0	1953.841	19.374	1083.586	1.67935	-0.00008	4.68	7.55	Woodcote
2646	2646.0	1954.835	19.383	1083.478	1.67926	-0.00008	4.66	7.51	Woodcote
2647	2647.0	1955.829	19.392	1083.370	1.67918	-0.00008	4.65	7.47	Woodcote
2648	2648.0	1956.823	19.401	1083.262	1.67910	-0.00009	4.63	7.43	Woodcote
2649	2649.0	1957.818	19.409	1083.154	1.67901	-0.00009	4.62	7.40	Woodcote
2650	2650.0	1958.812	19.418	1083.046	1.67892	-0.00009	4.61	7.37	Woodcote
2651	2651.0	1959.806	19.427	1082.938	1.67883	-0.00009	4.60	7.35	Woodcote
2652	2652.0	1960.800	19.435	1082.830	1.67874	-0.00009	4.60	7.32	Woodcote
2653	2653.0	1961.794	19.444	1082.722	1.67865	-0.00009	4.60	7.30	Woodcote
2654	2654.0	1962.789	19.452	1082.615	1.67856	-0.00009	4.60	7.28	Woodcote
2655	2655.0	1963.783	19.461	1082.507	1.67846	-0.00009	4.61	7.25	Woodcote
2656	2656.0	1964.777	19.469	1082.400	1.67837	-0.00010	4.62	7.23	Woodcote
2657	2657.0	1965.771	19.477	1082.292	1.67827	-0.00010	4.63	7.21	Woodcote
2658	2658.0	1966.765	19.486	1082.185	1.67817	-0.00010	4.64	7.19	Woodcote
2659	2659.0	1967.760	19.494	1082.078	1.67807	-0.00010	4.64	7.17	Woodcote
2660	2660.0	1968.754	19.502	1081.971	1.67797	-0.00010	4.65	7.15	Woodcote
2661	2661.0	1969.748	19.510	1081.864	1.67787	-0.00010	4.66	7.14	Woodcote
2662	2662.0	1970.742	19.518	1081.757	1.67777	-0.00010	4.66	7.13	Woodcote
2663	2663.0	1971.737	19.526	1081.651	1.67766	-0.00011	4.67	7.12	Woodcote
2664	2664.0	1972.731	19.534	1081.544	1.67755	-0.00011	4.67	7.11	Woodcote
2665	2665.0	1973.725	19.542	1081.438	1.67745	-0.00011	4.67	7.11	Woodcote
2666	2666.0	1974.720	19.550	1081.331	1.67734	-0.00011	4.67	7.11	Woodcote
2667	2667.0	1975.714	19.558	1081.225	1.67723	-0.00011	4.67	7.10	Woodcote
2668	2668.0	1976.708	19.566	1081.119	1.67711	-0.00011	4.67	7.10	Woodcote
2669	2669.0	1977.703	19.574	1081.013	1.67700	-0.00012	4.67	7.09	Woodcote
2670	2670.0	1978.697	19.582	1080.907	1.67688	-0.00012	4.67	7.08	Woodcote
2671	2671.0	1979.692	19.590	1080.801	1.67677	-0.00012	4.67	7.07	Woodcote
2672	2672.0	1980.686	19.597	1080.695	1.67665	-0.00012	4.66	7.06	Woodcote
2673	2673.0	1981.680	19.605	1080.590	1.67653	-0.00012	4.65	7.05	Woodcote
2674	2674.0	1982.675	19.613	1080.484	1.67640	-0.00012	4.64	7.04	Woodcote
2675	2675.0	1983.669	19.621	1080.379	1.67628	-0.00013	4.62	7.04	Woodcote
2676	2676.0	1984.664	19.628	1080.274	1.67615	-0.00013	4.60	7.03	Woodcote
2677	2677.0	1985.658	19.636	1080.168	1.67603	-0.00013	4.57	7.03	Woodcote
2678	2678.0	1986.652	19.644	1080.063	1.67590	-0.00013	4.55	7.02	Woodcote
2679	2679.0	1987.647	19.651	1079.959	1.67577	-0.00013	4.52	7.02	Woodcote
2680	2680.0	1988.641	19.659	1079.854	1.67563	-0.00013	4.50	7.03	Woodcote
2681	2681.0	1989.636	19.666	1079.749	1.67550	-0.00014	4.48	7.03	Woodcote
2682	2682.0	1990.631	19.674	1079.645	1.67536	-0.00014	4.46	7.04	Woodcote
2683	2683.0	1991.625	19.681	1079.541	1.67522	-0.00014	4.45	7.05	Woodcote
2684	2684.0	1992.620	19.688	1079.436	1.67508	-0.00014	4.44	7.05	Woodcote
2685	2685.0	1993.614	19.696	1079.332	1.67494	-0.00014	4.43	7.06	Woodcote
2686	2686.0	1994.609	19.703	1079.229	1.67479	-0.00015	4.43	7.08	Woodcote
2687	2687.0	1995.603	19.709	1079.125	1.67465	-0.00015	4.43	7.09	Woodcote
2688	2688.0	1996.598	19.716	1079.021	1.67450	-0.00015	4.44	7.10	Woodcote
2689	2689.0	1997.593	19.723	1078.918	1.67435	-0.00015	4.44	7.12	Woodcote
2690	2690.0	1998.587	19.729	1078.814	1.67419	-0.00016	4.45	7.13	Woodcote
2691	2691.0	1999.582	19.735	1078.711	1.67404	-0.00016	4.46	7.15	Woodcote
2692	2692.0	2000.577	19.742	1078.608	1.67388	-0.00016	4.47	7.16	Woodcote
2693	2693.0	2001.571	19.748	1078.505	1.67372	-0.00016	4.48	7.17	Woodcote
2694	2694.0	2002.566	19.753	1078.403	1.67355	-0.00016	4.49	7.18	Woodcote
2695	2695.0	2003.561	19.759	1078.300	1.67339	-0.00016	4.49	7.18	Woodcote
2696	2696.0	2004.556	19.765	1078.198	1.67322	-0.00016	4.50	7.18	Woodcote
2697	2697.0	2005.550	19.770	1078.096	1.67305	-0.00016	4.50	7.18	Woodcote
2698	2698.0	2006.545	19.775	1077.994	1.67288	-0.00016	4.49	7.17	Woodcote
2699	2699.0	2007.540	19.781	1077.892	1.67271	-0.00016	4.48	7.16	Woodcote
2700	2700.0	2008.535	19.786	1077.790	1.67253	-0.00016	4.47	7.14	Woodcote
2701	2701.0	2009.530	19.791	1077.689	1.67237	-0.00015	4.46	7.13	Woodcote
2702	2702.0	2010.524	19.796	1077.588	1.67221	-0.00015	4.44	7.11	Woodcote
2703	2703.0	2011.519	19.802	1077.486	1.67206	-0.00014	4.42	7.09	Woodcote
2704	2704.0	2012.514	19.807	1077.385	1.67191	-0.00013	4.40	7.07	Woodcote
2705	2705.0	2013.509	19.812	1077.285	1.67179	-0.00013	4.38	7.05	Woodcote
2706	2706.0	2014.504	19.817	1077.184	1.67167	-0.00012	4.37	7.02	Woodcote
2707	2707.0	2015.499	19.822	1077.083	1.67156	-0.00011	4.36	6.99	Woodcote
2708	2708.0	2016.494	19.828	1076.983	1.67146	-0.00011	4.35	6.97	Woodcote
2709	2709.0	2017.489	19.833	1076.882	1.67137	-0.00010	4.36	6.94	Woodcote
2710	2710.0	2018.484	19.838	1076.782	1.67128	-0.00009	4.36	6.91	Woodcote
2711	2711.0	2019.479	19.844	1076.682	1.67120	-0.00009	4.37	6.88	Woodcote
2712	2712.0	2020.474	19.850	1076.581	1.67111	-0.00009	4.39	6.86	Woodcote
2713	2713.0	2021.469	19.855	1076.481	1.67103	-0.00008	4.40	6.84	Woodcote
2714	2714.0	2022.464	19.861	1076.381	1.67095	-0.00008	4.42	6.82	Woodcote
2715	2715.0	2023.459	19.867	1076.281	1.67087	-0.00008	4.44	6.80	Woodcote
2716	2716.0	2024.454	19.873	1076.181	1.67080	-0.00008	4.45	6.78	Woodcote
2717	2717.0	2025.449	19.878	1076.082	1.67072	-0.00008	4.47	6.77	Woodcote
2718	2718.0	2026.444	19.884	1075.982	1.67065	-0.00007	4.49	6.77	Woodcote
2719	2719.0	2027.439	19.890	1075.882	1.67057	-0.00007	4.50	6.77	Woodcote
2720	2720.0	2028.434	19.896	1075.783	1.67050	-0.00007	4.51	6.79	Woodcote
2721	2721.0	2029.429	19.902	1075.683	1.67043	-0.00007	4.52	6.82	Woodcote
2722	2722.0	2030.424	19.908	1075.584	1.67036	-0.00007	4.52	6.85	Woodcote
2723	2723.0	2031.419	19.914	1075.484	1.67029	-0.00007	4.51	6.90	Woodcote
2724	2724.0	2032.414	19.920	1075.385	1.67022	-0.00007	4.50	6.95	Woodcote
2725	2725.0	2033.409	19.926	1075.286	1.67015	-0.00007	4.47	7.01	Woodcote
2726	2726.0	2034.404	19.932	1075.187	1.67009	-0.00007	4.44	7.06	Woodcote
2727	2727.0	2035.399	19.938	1075.088	1.67002	-0.00007	4.41	7.10	Woodcote
2728	2728.0	2036.394	19.943	1074.989	1.66996	-0.00007	4.38	7.14	Woodcote
2729	2729.0	2037.389	19.949	1074.890	1.66989	-0.00006	4.34	7.16	Woodcote
2730	2730.0	2038.384	19.955	1074.791	1.66983	-0.00006	4.31	7.18	Woodcote
2731	2731.0	2039.380	19.961	1074.692	1.66976	-0.00006	4.28	7.19	Woodcote
2732	2732.0	2040.375	19.967	1074.593	1.66970	-0.00006	4.25	7.19	Woodcote
2733	2733.0	2041.370	19.973	1074.494	1.66964	-0.00006	4.22	7.20	Woodcote
2734	2734.0	2042.365	19.979	1074.396	1.66957	-0.00006	4.21	7.20	Woodcote
2735	2735.0	2043.360	19.985	1074.297	1.66951	-0.00006	4.19	7.21	Woodcote
2736	2736.0	2044.355	19.991	1074.199	1.66945	-0.00006	4.18	7.23	Woodcote
2737	2737.0	2045.350	19.998	1074.100	1.66939	-0.00006	4.17	7.24	Woodcote
2738	2738.0	2046.345	20.004	1074.002	1.66933	-0.00006	4.17	7.26	Woodcote
2739	2739.0	2047.341	20.010	1073.903	1.66927	-0.00006	4.16	7.28	Woodcote
2740	2740.0	2048.336	20.017	1073.805	1.66921	-0.00006	4.16	7.30	Woodcote
2741	2741.0	2049.331	20.023	1073.707	1.66915	-0.00006	4.16	7.32	Woodcote
2742	2742.0	2050.326	20.030	1073.609	1.66909	-0.00006	4.16	7.33	Woodcote
2743	2743.0	2051.321	20.036	1073.511	1.66903	-0.00006	4.17	7.34	Woodcote
2744	2744.0	2052.316	20.043	1073.413	1.66898	-0.00006	4.17	7.35	Woodcote
2745	2745.0	2053.312	20.049	1073.315	1.66892	-0.00006	4.18	7.37	Woodcote
2746	2746.0	2054.307	20.056	1073.217	1.66886	-0.00006	4.18	7.38	Woodcote
2747	2747.0	2055.302	20.063	1073.119	1.66880	-0.00006	4.19	7.39	Woodcote
2748	2748.0	2056.297	20.070	1073.021	1.66874	-0.00006	4.20	7.41	Woodcote
2749	2749.0	2057.292	20.076	1072.923	1.66869	-0.00006	4.22	7.44	Woodcote
2750	2750.0	2058.288	20.083	1072.825	1.66863	-0.00006	4.23	7.46	Woodcote
2751	2751.0	2059.283	20.090	1072.728	1.66857	-0.00006	4.25	7.49	Woodcote
2752	2752.0	2060.278	20.097	1072.630	1.66851	-0.00006	4.27	7.51	Woodcote
2753	2753.0	2061.273	20.103	1072.533	1.66846	-0.00006	4.28	7.54	Woodcote
2754	2754.0	2062.269	20.110	1072.435	1.66840	-0.00006	4.30	7.56	Woodcote
2755	2755.0	2063.264	20.116	1072.338	1.66834	-0.00006	4.32	7.57	Woodcote
2756	2756.0	2064.259	20.123	1072.240	1.66828	-0.00006	4.33	7.57	Woodcote
2757	2757.0	2065.254	20.129	1072.143	1.66823	-0.00006	4.34	7.57	Woodcote
2758	2758.0	2066.250	20.135	1072.046	1.66817	-0.00006	4.34	7.55	Woodcote
2759	2759.0	2067.245	20.141	1071.949	1.66811	-0.00006	4.34	7.52	Woodcote
2760	2760.0	2068.240	20.147	1071.852	1.66806	-0.00006	4.33	7.48	Woodcote
2761	2761.0	2069.235	20.153	1071.755	1.66800	-0.00006	4.32	7.43	Woodcote
2762	2762.0	2070.231	20.159	1071.657	1.66794	-0.00006	4.30	7.38	Woodcote
2763	2763.0	2071.226	20.165	1071.561	1.66788	-0.00006	4.28	7.32	Woodcote
2764	2764.0	2072.221	20.171	1071.464	1.66783	-0.00006	4.27	7.26	Woodcote
2765	2765.0	2073.217	20.177	1071.367	1.66777	-0.00006	4.25	7.21	Woodcote
2766	2766.0	2074.212	20.183	1071.270	1.66771	-0.00006	4.23	7.15	Woodcote
2767	2767.0	2075.207	20.188	1071.173	1.66765	-0.00006	4.22	7.11	Woodcote
2768	2768.0	2076.202	20.194	1071.077	1.66759	-0.00006	4.21	7.07	Woodcote
2769	2769.0	2077.198	20.200	1070.980	1.66754	-0.00006	4.21	7.04	Woodcote
2770	2770.0	2078.193	20.206	1070.883	1.66748	-0.00006	4.21	7.03	Woodcote
2771	2771.0	2079.188	20.212	1070.787	1.66742	-0.00006	4.21	7.02	Woodcote
2772	2772.0	2080.184	20.217	1070.690	1.66736	-0.00006	4.21	7.03	Woodcote
2773	2773.0	2081.179	20.223	1070.594	1.66730	-0.00006	4.22	7.05	Woodcote
2774	2774.0	2082.175	20.229	1070.498	1.66724	-0.00006	4.23	7.08	Woodcote
2775	2775.0	2083.170	20.235	1070.401	1.66718	-0.00006	4.23	7.11	Woodcote
2776	2776.0	2084.165	20.241	1070.305	1.66712	-0.00006	4.23	7.16	Woodcote
2777	2777.0	2085.161	20.248	1070.209	1.66706	-0.00006	4.23	7.20	Woodcote
2778	2778.0	2086.156	20.254	1070.113	1.66700	-0.00006	4.23	7.24	Woodcote
2779	2779.0	2087.151	20.260	1070.017	1.66694	-0.00006	4.22	7.28	Woodcote
2780	2780.0	2088.147	20.267	1069.921	1.66688	-0.00006	4.21	7.31	Woodcote
2781	2781.0	2089.142	20.273	1069.825	1.66682	-0.00006	4.19	7.32	Woodcote
2782	2782.0	2090.137	20.280	1069.729	1.66675	-0.00006	4.18	7.33	Woodcote
2783	2783.0	2091.133	20.286	1069.634	1.66669	-0.00006	4.17	7.33	Woodcote
2784	2784.0	2092.128	20.293	1069.538	1.66663	-0.00006	4.16	7.32	Woodcote
2785	2785.0	2093.124	20.300	1069.442	1.66656	-0.00006	4.15	7.31	Woodcote
2786	2786.0	2094.119	20.306	1069.347	1.66650	-0.00006	4.14	7.29	Woodcote
2787	2787.0	2095.115	20.313	1069.251	1.66644	-0.00006	4.14	7.27	Woodcote
2788	2788.0	2096.110	20.320	1069.156	1.66637	-0.00007	4.14	7.25	Woodcote
2789	2789.0	2097.105	20.327	1069.060	1.66631	-0.00007	4.15	7.22	Woodcote
2790	2790.0	2098.101	20.334	1068.965	1.66624	-0.00007	4.15	7.20	Woodcote
2791	2791.0	2099.096	20.341	1068.870	1.66617	-0.00007	4.16	7.18	Woodcote
2792	2792.0	2100.092	20.348	1068.774	1.66611	-0.00007	4.16	7.17	Woodcote
2793	2793.0	2101.087	20.355	1068.679	1.66604	-0.00007	4.17	7.15	Woodcote
2794	2794.0	2102.083	20.362	1068.584	1.66597	-0.00007	4.18	7.14	Woodcote
2795	2795.0	2103.078	20.369	1068.489	1.66590	-0.00007	4.19	7.14	Woodcote
2796	2796.0	2104.074	20.376	1068.394	1.66583	-0.00007	4.19	7.14	Woodcote
2797	2797.0	2105.069	20.383	1068.299	1.66576	-0.00007	4.20	7.15	Woodcote
2798	2798.0	2106.065	20.390	1068.205	1.66569	-0.00007	4.20	7.16	Woodcote
2799	2799.0	2107.060	20.396	1068.110	1.66561	-0.00007	4.20	7.17	Woodcote
2800	2800.0	2108.056	20.403	1068.015	1.66554	-0.00007	4.20	7.19	Woodcote
2801	2801.0	2109.051	20.410	1067.921	1.66547	-0.00007	4.20	7.21	Woodcote
2802	2802.0	2110.047	20.417	1067.826	1.66539	-0.00008	4.19	7.22	Woodcote
2803	2803.0	2111.042	20.424	1067.732	1.66532	-0.00008	4.18	7.23	Woodcote
2804	2804.0	2112.038	20.431	1067.637	1.66524	-0.00008	4.17	7.24	Woodcote
2805	2805.0	2113.033	20.437	1067.543	1.66516	-0.00008	4.15	7.24	Woodcote
2806	2806.0	2114.029	20.444	1067.449	1.66508	-0.00008	4.13	7.24	Woodcote
2807	2807.0	2115.024	20.451	1067.355	1.66500	-0.00008	4.12	7.24	Woodcote
2808	2808.0	2116.020	20.457	1067.261	1.66492	-0.00008	4.10	7.23	Woodcote
2809	2809.0	2117.016	20.464	1067.167	1.66484	-0.00008	4.09	7.23	Woodcote
2810	2810.0	2118.011	20.470	1067.073	1.66476	-0.00008	4.08	7.22	Woodcote
2811	2811.0	2119.007	20.477	1066.979	1.66467	-0.00009	4.08	7.22	Woodcote
2812	2812.0	2120.002	20.483	1066.886	1.66459	-0.00009	4.07	7.22	Woodcote
2813	2813.0	2120.998	20.489	1066.792	1.66450	-0.00009	4.07	7.22	Woodcote
2814	2814.0	2121.994	20.496	1066.698	1.66441	-0.00009	4.08	7.22	Woodcote
2815	2815.0	2122.989	20.502	1066.605	1.66432	-0.00009	4.08	7.23	Woodcote
2816	2816.0	2123.985	20.508	1066.512	1.66423	-0.00009	4.09	7.25	Woodcote
2817	2817.0	2124.980	20.514	1066.418	1.66414	-0.00009	4.09	7.26	Woodcote
2818	2818.0	2125.976	20.519	1066.325	1.66404	-0.00010	4.10	7.28	Woodcote
2819	2819.0	2126.972	20.525	1066.232	1.66394	-0.00010	4.11	7.30	Woodcote
2820	2820.0	2127.968	20.531	1066.139	1.66385	-0.00010	4.13	7.32	Woodcote
2821	2821.0	2128.963	20.536	1066.046	1.66375	-0.00010	4.14	7.34	Woodcote
2822	2822.0	2129.959	20.542	1065.954	1.66364	-0.00010	4.15	7.35	Woodcote
2823	2823.0	2130.955	20.547	1065.861	1.66354	-0.00011	4.17	7.36	Woodcote
2824	2824.0	2131.950	20.552	1065.768	1.66343	-0.00011	4.19	7.36	Woodcote
2825	2825.0	2132.946	20.557	1065.676	1.66333	-0.00011	4.20	7.36	Woodcote
2826	2826.0	2133.942	20.563	1065.584	1.66322	-0.00011	4.22	7.36	Woodcote
2827	2827.0	2134.938	20.568	1065.491	1.66310	-0.00011	4.23	7.36	Woodcote
2828	2828.0	2135.933	20.572	1065.399	1.66299	-0.00012	4.24	7.35	Woodcote
2829	2829.0	2136.929	20.577	1065.307	1.66287	-0.00012	4.25	7.35	Woodcote
2830	2830.0	2137.925	20.582	1065.215	1.66275	-0.00012	4.25	7.35	Woodcote
2831	2831.0	2138.920	20.587	1065.124	1.66263	-0.00013	4.25	7.35	Woodcote
2832	2832.0	2139.916	20.592	1065.032	1.66250	-0.00013	4.24	7.35	Woodcote
2833	2833.0	2140.912	20.596	1064.940	1.66237	-0.00013	4.23	7.35	Woodcote
2834	2834.0	2141.908	20.601	1064.849	1.66224	-0.00014	4.21	7.35	Woodcote
2835	2835.0	2142.904	20.606	1064.758	1.66210	-0.00014	4.19	7.36	Woodcote
2836	2836.0	2143.900	20.610	1064.667	1.66196	-0.00014	4.18	7.36	Woodcote
2837	2837.0	2144.896	20.615	1064.576	1.66182	-0.00015	4.16	7.36	Woodcote
2838	2838.0	2145.891	20.619	1064.485	1.66167	-0.00015	4.14	7.37	Woodcote
2839	2839.0	2146.887	20.624	1064.394	1.66152	-0.00016	4.13	7.37	Woodcote
2840	2840.0	2147.883	20.628	1064.304	1.66137	-0.00016	4.13	7.39	Woodcote
2841	2841.0	2148.879	20.633	1064.213	1.66121	-0.00016	4.12	7.40	Woodcote
2842	2842.0	2149.875	20.637	1064.123	1.66104	-0.00017	4.12	7.42	Woodcote
2843	2843.0	2150.871	20.642	1064.033	1.66087	-0.00018	4.13	7.43	Woodcote
2844	2844.0	2151.867	20.646	1063.943	1.66070	-0.00018	4.14	7.45	Woodcote
2845	2845.0	2152.863	20.650	1063.854	1.66051	-0.00019	4.15	7.46	Woodcote
2846	2846.0	2153.859	20.654	1063.764	1.66033	-0.00019	4.17	7.47	Woodcote
2847	2847.0	2154.855	20.658	1063.675	1.66013	-0.00020	4.19	7.47	Woodcote
2848	2848.0	2155.851	20.662	1063.586	1.65993	-0.00021	4.20	7.47	Woodcote
2849	2849.0	2156.847	20.665	1063.497	1.65972	-0.00022	4.22	7.45	Woodcote
2850	2850.0	2157.843	20.669	1063.408	1.65950	-0.00023	4.24	7.42	Woodcote
2851	2851.0	2158.839	20.672	1063.319	1.65928	-0.00024	4.25	7.39	Woodcote
2852	2852.0	2159.835	20.676	1063.231	1.65904	-0.00025	4.27	7.35	Woodcote
2853	2853.0	2160.831	20.679	1063.143	1.65880	-0.00026	4.28	7.30	Woodcote
2854	2854.0	2161.827	20.682	1063.055	1.65854	-0.00027	4.28	7.26	Woodcote
2855	2855.0	2162.823	20.685	1062.968	1.65828	-0.00028	4.29	7.21	Woodcote
2856	2856.0	2163.820	20.689	1062.881	1.65800	-0.00030	4.29	7.16	Woodcote
2857	2857.0	2164.816	20.692	1062.794	1.65770	-0.00031	4.29	7.12	Woodcote
2858	2858.0	2165.812	20.695	1062.707	1.65740	-0.00033	4.29	7.07	Woodcote
2859	2859.0	2166.808	20.698	1062.621	1.65707	-0.00035	4.28	7.04	Woodcote
2860	2860.0	2167.805	20.700	1062.535	1.65673	-0.00037	4.28	7.00	Woodcote
2861	2861.0	2168.801	20.703	1062.449	1.65637	-0.00039	4.28	6.97	Woodcote
2862	2862.0	2169.797	20.706	1062.364	1.65599	-0.00042	4.27	6.94	Woodcote
2863	2863.0	2170.794	20.709	1062.279	1.65558	-0.00045	4.27	6.91	Woodcote
2864	2864.0	2171.790	20.712	1062.194	1.65515	-0.00048	4.27	6.88	Woodcote
2865	2865.0	2172.787	20.715	1062.110	1.65468	-0.00052	4.27	6.86	Woodcote
2866	2866.0	2173.783	20.718	1062.027	1.65419	-0.00056	4.27	6.83	Woodcote
2867	2867.0	2174.780	20.721	1061.944	1.65365	-0.00062	4.27	6.81	Woodcote
2868	2868.0	2175.776	20.724	1061.861	1.65307	-0.00067	4.27	6.78	Woodcote
2869	2869.0	2176.773	20.727	1061.780	1.65244	-0.00074	4.28	6.76	Woodcote
2870	2870.0	2177.770	20.730	1061.698	1.65176	-0.00082	4.28	6.74	Woodcote
2871	2871.0	2178.766	20.733	1061.618	1.65100	-0.00091	4.29	6.73	Woodcote
2872	2872.0	2179.763	20.737	1061.538	1.65015	-0.00101	4.31	6.71	Woodcote
2873	2873.0	2180.760	20.740	1061.459	1.64921	-0.00113	4.32	6.70	Woodcote
2874	2874.0	2181.757	20.743	1061.381	1.64814	-0.00125	4.34	6.69	Woodcote
2875	2875.0	2182.754	20.746	1061.305	1.64692	-0.00138	4.35	6.69	Woodcote
2876	2876.0	2183.751	20.749	1061.229	1.64554	-0.00151	4.37	6.69	Woodcote
2877	2877.0	2184.749	20.753	1061.155	1.64398	-0.00164	4.39	6.69	Woodcote
2878	2878.0	2185.746	20.756	1061.083	1.64223	-0.00177	4.41	6.69	Woodcote
2879	2879.0	2186.743	20.759	1061.013	1.64029	-0.00189	4.43	6.70	Woodcote
2880	2880.0	2187.741	20.762	1060.944	1.63818	-0.00199	4.45	6.71	Woodcote
2881	2881.0	2188.739	20.766	1060.878	1.63593	-0.00207	4.47	6.72	Woodcote
2882	2882.0	2189.737	20.769	1060.814	1.63357	-0.00212	4.49	6.73	Woodcote
2883	2883.0	2190.735	20.773	1060.752	1.63113	-0.00213	4.51	6.75	Woodcote
2884	2884.0	2191.733	20.776	1060.693	1.62864	-0.00210	4.53	6.76	Woodcote
2885	2885.0	2192.732	20.780	1060.637	1.62615	-0.00203	4.55	6.77	Woodcote
2886	2886.0	2193.730	20.783	1060.583	1.62370	-0.00191	4.57	6.78	Woodcote
2887	2887.0	2194.729	20.787	1060.531	1.62136	-0.00175	4.58	6.79	Woodcote
2888	2888.0	2195.728	20.790	1060.482	1.61919	-0.00155	4.60	6.80	Woodcote
2889	2889.0	2196.727	20.794	1060.434	1.61730	-0.00134	4.61	6.82	Woodcote
2890	2890.0	2197.725	20.798	1060.389	1.61578	-0.00113	4.63	6.83	Woodcote
2891	2891.0	2198.724	20.801	1060.344	1.61474	-0.00096	4.65	6.85	Woodcote
2892	2892.0	2199.723	20.805	1060.301	1.61428	-0.00086	4.67	6.88	Woodcote
2893	2893.0	2200.723	20.808	1060.257	1.61443	-0.00087	4.69	6.90	Woodcote
2894	2894.0	2201.722	20.812	1060.214	1.61514	-0.00102	4.72	6.94	Woodcote
2895	2895.0	2202.720	20.816	1060.169	1.61618	-0.00135	4.75	6.98	Woodcote
2896	2896.0	2203.719	20.819	1060.123	1.61720	-0.00186	4.79	7.02	Woodcote
2897	2897.0	2204.719	20.823	1060.076	1.61766	-0.00256	4.83	7.06	Woodcote
2898	2898.0	2205.717	20.827	1060.029	1.61694	-0.00343	4.87	7.11	Woodcote
2899	2899.0	2206.716	20.830	1059.984	1.61450	-0.00444	4.92	7.17	Woodcote
2900	2900.0	2207.715	20.834	1059.942	1.60996	-0.00555	4.97	7.22	Woodcote
2901	2901.0	2208.715	20.837	1059.905	1.60327	-0.00671	5.02	7.28	Woodcote
2902	2902.0	2209.714	20.841	1059.877	1.59472	-0.00789	5.06	7.34	Woodcote
2903	2903.0	2210.714	20.844	1059.858	1.58481	-0.00906	5.10	7.41	Woodcote
2904	2904.0	2211.714	20.848	1059.849	1.57409	-0.01021	5.14	7.47	Woodcote
2905	2905.0	2212.714	20.852	1059.851	1.56299	-0.01132	5.17	7.54	Woodcote
2906	2906.0	2213.714	20.855	1059.864	1.55159	-0.01239	5.20	7.60	Woodcote
2907	2907.0	2214.714	20.859	1059.889	1.53961	-0.01341	5.22	7.67	Woodcote
2908	2908.0	2215.713	20.863	1059.927	1.52654	-0.01437	5.24	7.73	Woodcote
2909	2909.0	2216.712	20.867	1059.978	1.51184	-0.01523	5.25	7.78	Woodcote
2910	2910.0	2217.709	20.871	1060.045	1.49517	-0.01596	5.27	7.83	Woodcote
2911	2911.0	2218.706	20.875	1060.129	1.47658	-0.01652	5.28	7.88	Woodcote
2912	2912.0	2219.700	20.879	1060.233	1.45657	-0.01687	5.29	7.91	Woodcote
2913	2913.0	2220.693	20.884	1060.357	1.43595	-0.01700	5.29	7.93	Woodcote
2914	2914.0	2221.682	20.888	1060.502	1.41564	-0.01691	5.30	7.95	Woodcote
2915	2915.0	2222.668	20.892	1060.666	1.39644	-0.01662	5.31	7.96	Woodcote
2916	2916.0	2223.652	20.897	1060.849	1.37884	-0.01618	5.33	7.96	Woodcote
2917	2917.0	2224.632	20.901	1061.048	1.36298	-0.01565	5.34	7.95	Woodcote
2918	2918.0	2225.609	20.906	1061.261	1.34867	-0.01509	5.35	7.94	Woodcote
2919	2919.0	2226.583	20.910	1061.488	1.33551	-0.01453	5.37	7.92	Woodcote
2920	2920.0	2227.553	20.915	1061.727	1.32298	-0.01400	5.38	7.91	Woodcote
2921	2921.0	2228.521	20.919	1061.979	1.31060	-0.01352	5.40	7.89	Woodcote
2922	2922.0	2229.486	20.923	1062.242	1.29800	-0.01307	5.42	7.88	Woodcote
2923	2923.0	2230.447	20.927	1062.518	1.28501	-0.01264	5.44	7.86	Woodcote
2924	2924.0	2231.405	20.932	1062.806	1.27167	-0.01220	5.47	7.86	Woodcote
2925	2925.0	2232.358	20.936	1063.107	1.25828	-0.01172	5.50	7.85	Woodcote
2926	2926.0	2233.308	20.940	1063.421	1.24526	-0.01119	5.53	7.85	Woodcote
2927	2927.0	2234.253	20.944	1063.746	1.23310	-0.01062	5.57	7.84	Woodcote
2928	2928.0	2235.195	20.948	1064.083	1.22216	-0.01001	5.61	7.84	Woodcote
2929	2929.0	2236.133	20.952	1064.430	1.21259	-0.00940	5.66	7.84	Woodcote
2930	2930.0	2237.068	20.956	1064.784	1.20432	-0.00882	5.71	7.84	Woodcote
2931	2931.0	2238.000	20.961	1065.146	1.19707	-0.00830	5.76	7.83	Woodcote
2932	2932.0	2238.930	20.965	1065.515	1.19047	-0.00786	5.81	7.82	Woodcote
2933	2933.0	2239.857	20.969	1065.889	1.18416	-0.00754	5.87	7.80	Woodcote
2934	2934.0	2240.782	20.973	1066.269	1.17792	-0.00733	5.92	7.78	Woodcote
2935	2935.0	2241.705	20.978	1066.655	1.17161	-0.00724	5.97	7.75	Woodcote
2936	2936.0	2242.625	20.982	1067.046	1.16522	-0.00728	6.01	7.72	Woodcote
2937	2937.0	2243.543	20.987	1067.444	1.15871	-0.00742	6.05	7.69	Woodcote
2938	2938.0	2244.458	20.992	1067.847	1.15202	-0.00766	6.08	7.66	Woodcote
2939	2939.0	2245.370	20.997	1068.257	1.14502	-0.00798	6.10	7.63	Woodcote
2940	2940.0	2246.279	21.001	1068.673	1.13749	-0.00835	6.12	7.60	Woodcote
2941	2941.0	2247.185	21.006	1069.097	1.12925	-0.00876	6.14	7.58	Woodcote
2942	2942.0	2248.087	21.012	1069.528	1.12020	-0.00919	6.15	7.56	Woodcote
2943	2943.0	2248.985	21.017	1069.968	1.11037	-0.00961	6.16	7.55	Woodcote
2944	2944.0	2249.879	21.022	1070.417	1.09990	-0.01001	6.17	7.54	Woodcote
2945	2945.0	2250.768	21.027	1070.875	1.08900	-0.01037	6.19	7.53	Woodcote
2946	2946.0	2251.651	21.033	1071.343	1.07789	-0.01069	6.20	7.53	Woodcote
2947	2947.0	2252.530	21.038	1071.821	1.06667	-0.01096	6.22	7.54	Woodcote
2948	2948.0	2253.402	21.043	1072.309	1.05538	-0.01118	6.24	7.54	Woodcote
2949	2949.0	2254.270	21.049	1072.807	1.04396	-0.01135	6.26	7.55	Woodcote
2950	2950.0	2255.131	21.054	1073.315	1.03233	-0.01146	6.28	7.56	Woodcote
2951	2951.0	2255.987	21.060	1073.833	1.02045	-0.01151	6.31	7.58	Woodcote
2952	2952.0	2256.836	21.065	1074.361	1.00831	-0.01150	6.34	7.59	Woodcote
2953	2953.0	2257.678	21.071	1074.899	0.99602	-0.01141	6.37	7.61	Woodcote
2954	2954.0	2258.514	21.077	1075.448	0.98375	-0.01126	6.40	7.62	Woodcote
2955	2955.0	2259.344	21.082	1076.007	0.97169	-0.01104	6.44	7.63	Woodcote
2956	2956.0	2260.166	21.088	1076.576	0.96005	-0.01077	6.48	7.64	Woodcote
2957	2957.0	2260.982	21.094	1077.154	0.94900	-0.01046	6.52	7.65	Woodcote
2958	2958.0	2261.792	21.100	1077.741	0.93862	-0.01014	6.56	7.66	Woodcote
2959	2959.0	2262.595	21.106	1078.336	0.92894	-0.00983	6.61	7.66	Woodcote
2960	2960.0	2263.394	21.112	1078.938	0.91988	-0.00956	6.65	7.65	Woodcote
2961	2961.0	2264.186	21.118	1079.548	0.91132	-0.00934	6.68	7.65	Woodcote
2962	2962.0	2264.974	21.124	1080.164	0.90309	-0.00919	6.72	7.64	Woodcote
2963	2963.0	2265.757	21.130	1080.786	0.89497	-0.00913	6.75	7.64	Woodcote
2964	2964.0	2266.534	21.136	1081.415	0.88679	-0.00914	6.77	7.63	Woodcote
2965	2965.0	2267.307	21.142	1082.050	0.87837	-0.00923	6.79	7.62	Woodcote
2966	2966.0	2268.074	21.148	1082.691	0.86957	-0.00939	6.80	7.60	Woodcote
2967	2967.0	2268.835	21.154	1083.340	0.86035	-0.00959	6.80	7.59	Copse
2968	2968.0	2269.590	21.160	1083.996	0.85069	-0.00982	6.80	7.58	Copse
2969	2969.0	2270.338	21.166	1084.659	0.84065	-0.01007	6.79	7.56	Copse
2970	2970.0	2271.080	21.172	1085.330	0.83029	-0.01031	6.78	7.55	Copse
2971	2971.0	2271.815	21.178	1086.008	0.81964	-0.01053	6.76	7.53	Copse
2972	2972.0	2272.542	21.184	1086.695	0.80871	-0.01072	6.75	7.51	Copse
2973	2973.0	2273.261	21.190	1087.389	0.79748	-0.01087	6.73	7.48	Copse
2974	2974.0	2273.973	21.196	1088.092	0.78595	-0.01097	6.70	7.45	Copse
2975	2975.0	2274.677	21.203	1088.802	0.77419	-0.01104	6.68	7.41	Copse
2976	2976.0	2275.371	21.209	1089.522	0.76238	-0.01106	6.65	7.37	Copse
2977	2977.0	2276.058	21.215	1090.249	0.75076	-0.01107	6.63	7.32	Copse
2978	2978.0	2276.736	21.221	1090.984	0.73957	-0.01107	6.60	7.26	Copse
2979	2979.0	2277.406	21.227	1091.726	0.72893	-0.01109	6.58	7.20	Copse
2980	2980.0	2278.068	21.234	1092.476	0.71880	-0.01113	6.56	7.13	Copse
2981	2981.0	2278.722	21.240	1093.231	0.70890	-0.01121	6.54	7.06	Copse
2982	2982.0	2279.370	21.246	1093.994	0.69882	-0.01132	6.53	6.99	Copse
2983	2983.0	2280.009	21.253	1094.763	0.68814	-0.01143	6.52	6.91	Copse
2984	2984.0	2280.640	21.259	1095.539	0.67655	-0.01152	6.51	6.84	Copse
2985	2985.0	2281.261	21.266	1096.322	0.66397	-0.01155	6.51	6.78	Copse
2986	2986.0	2281.872	21.272	1097.114	0.65063	-0.01151	6.52	6.72	Copse
2987	2987.0	2282.473	21.278	1097.913	0.63701	-0.01138	6.53	6.67	Copse
2988	2988.0	2283.062	21.285	1098.721	0.62372	-0.01117	6.54	6.62	Copse
2989	2989.0	2283.641	21.291	1099.537	0.61137	-0.01089	6.56	6.58	Copse
2990	2990.0	2284.210	21.298	1100.359	0.60034	-0.01059	6.59	6.54	Copse
2991	2991.0	2284.771	21.304	1101.187	0.59071	-0.01031	6.62	6.51	Copse
2992	2992.0	2285.324	21.311	1102.020	0.58223	-0.01010	6.66	6.47	Copse
2993	2993.0	2285.870	21.317	1102.858	0.57441	-0.00999	6.70	6.45	Copse
2994	2994.0	2286.410	21.324	1103.699	0.56667	-0.01000	6.75	6.42	Copse
2995	2995.0	2286.944	21.330	1104.545	0.55848	-0.01014	6.79	6.39	Copse
2996	2996.0	2287.470	21.336	1105.395	0.54951	-0.01039	6.84	6.36	Copse
2997	2997.0	2287.989	21.343	1106.250	0.53958	-0.01072	6.89	6.34	Copse
2998	2998.0	2288.498	21.349	1107.111	0.52868	-0.01108	6.93	6.32	Copse
2999	2999.0	2288.997	21.356	1107.977	0.51686	-0.01142	6.97	6.30	Copse
3000	3000.0	2289.486	21.362	1108.850	0.50422	-0.01168	7.00	6.28	Copse
3001	3001.0	2289.963	21.369	1109.728	0.49088	-0.01183	7.03	6.26	Copse
3002	3002.0	2290.429	21.376	1110.614	0.47707	-0.01183	7.06	6.25	Copse
3003	3003.0	2290.882	21.382	1111.505	0.46310	-0.01165	7.08	6.23	Copse
3004	3004.0	2291.322	21.389	1112.403	0.44939	-0.01129	7.10	6.21	Copse
3005	3005.0	2291.750	21.395	1113.306	0.43636	-0.01075	7.12	6.19	Copse
3006	3006.0	2292.167	21.402	1114.215	0.42440	-0.01006	7.13	6.17	Copse
3007	3007.0	2292.574	21.409	1115.129	0.41379	-0.00925	7.15	6.14	Copse
3008	3008.0	2292.972	21.415	1116.047	0.40463	-0.00837	7.17	6.12	Copse
3009	3009.0	2293.362	21.422	1116.967	0.39693	-0.00745	7.19	6.09	Copse
3010	3010.0	2293.745	21.429	1117.891	0.39058	-0.00654	7.21	6.06	Copse
3011	3011.0	2294.123	21.435	1118.817	0.38541	-0.00568	7.24	6.04	Copse
3012	3012.0	2294.497	21.442	1119.744	0.38123	-0.00489	7.26	6.01	Copse
3013	3013.0	2294.867	21.448	1120.673	0.37788	-0.00421	7.29	5.99	Copse
3014	3014.0	2295.235	21.455	1121.603	0.37517	-0.00363	7.32	5.96	Copse
3015	3015.0	2295.600	21.462	1122.534	0.37293	-0.00316	7.35	5.94	Copse
3016	3016.0	2295.963	21.468	1123.466	0.37100	-0.00279	7.38	5.92	Copse
3017	3017.0	2296.325	21.475	1124.398	0.36921	-0.00251	7.41	5.91	Copse
3018	3018.0	2296.685	21.481	1125.331	0.36741	-0.00230	7.44	5.89	Copse
3019	3019.0	2297.043	21.488	1126.265	0.36548	-0.00214	7.46	5.88	Copse
3020	3020.0	2297.400	21.494	1127.199	0.36339	-0.00201	7.49	5.86	Copse
3021	3021.0	2297.754	21.501	1128.134	0.36115	-0.00187	7.52	5.85	Copse
3022	3022.0	2298.106	21.508	1129.070	0.35885	-0.00172	7.54	5.84	Copse
3023	3023.0	2298.457	21.514	1130.007	0.35663	-0.00154	7.57	5.84	Copse
3024	3024.0	2298.805	21.521	1130.944	0.35459	-0.00132	7.59	5.83	Copse
3025	3025.0	2299.151	21.528	1131.882	0.35287	-0.00106	7.61	5.82	Copse
3026	3026.0	2299.496	21.535	1132.821	0.35154	-0.00077	7.63	5.82	Copse
3027	3027.0	2299.840	21.542	1133.760	0.35066	-0.00045	7.64	5.82	Copse
3028	3028.0	2300.183	21.549	1134.699	0.35026	-0.00013	7.65	5.82	Copse
3029	3029.0	2300.526	21.556	1135.638	0.35037	0.00019	7.66	5.83	Copse
3030	3030.0	2300.869	21.563	1136.578	0.35100	0.00046	7.66	5.84	Copse
3031	3031.0	2301.214	21.570	1137.516	0.35213	0.00068	7.66	5.85	Copse
3032	3032.0	2301.559	21.578	1138.455	0.35371	0.00082	7.66	5.86	Copse
3033	3033.0	2301.906	21.585	1139.393	0.35565	0.00085	7.66	5.87	Copse
3034	3034.0	2302.256	21.593	1140.330	0.35779	0.00077	7.65	5.88	Copse
3035	3035.0	2302.607	21.600	1141.266	0.35994	0.00055	7.66	5.89	Copse
3036	3036.0	2302.960	21.608	1142.202	0.36182	0.00020	7.66	5.90	Copse
3037	3037.0	2303.315	21.615	1143.136	0.36319	-0.00027	7.66	5.91	Copse
3038	3038.0	2303.671	21.623	1144.071	0.36379	-0.00085	7.67	5.92	Copse
3039	3039.0	2304.027	21.631	1145.006	0.36342	-0.00150	7.68	5.92	Copse
3040	3040.0	2304.382	21.638	1145.940	0.36193	-0.00219	7.68	5.93	Copse
3041	3041.0	2304.735	21.646	1146.876	0.35926	-0.00288	7.69	5.93	Copse
3042	3042.0	2305.085	21.654	1147.813	0.35542	-0.00354	7.69	5.94	Copse
3043	3043.0	2305.431	21.661	1148.751	0.35049	-0.00410	7.68	5.94	Copse
3044	3044.0	2305.771	21.669	1149.691	0.34465	-0.00455	7.68	5.93	Copse
3045	3045.0	2306.106	21.677	1150.633	0.33813	-0.00486	7.67	5.93	Copse
3046	3046.0	2306.435	21.684	1151.578	0.33125	-0.00499	7.65	5.92	Copse
3047	3047.0	2306.757	21.692	1152.525	0.32434	-0.00496	7.64	5.92	Copse
3048	3048.0	2307.072	21.699	1153.474	0.31772	-0.00477	7.63	5.90	Copse
3049	3049.0	2307.382	21.706	1154.425	0.31169	-0.00443	7.61	5.89	Copse
3050	3050.0	2307.686	21.714	1155.377	0.30649	-0.00398	7.60	5.86	Copse
3051	3051.0	2307.985	21.721	1156.331	0.30226	-0.00345	7.60	5.84	Copse
3052	3052.0	2308.281	21.728	1157.286	0.29908	-0.00289	7.59	5.81	Copse
3053	3053.0	2308.574	21.736	1158.243	0.29693	-0.00232	7.59	5.77	Copse
3054	3054.0	2308.866	21.743	1159.199	0.29571	-0.00179	7.60	5.73	Copse
3055	3055.0	2309.157	21.750	1160.156	0.29523	-0.00131	7.61	5.68	Copse
3056	3056.0	2309.448	21.757	1161.112	0.29528	-0.00092	7.62	5.63	Copse
3057	3057.0	2309.739	21.764	1162.069	0.29563	-0.00061	7.64	5.56	Copse
3058	3058.0	2310.031	21.771	1163.026	0.29607	-0.00039	7.66	5.49	Copse
3059	3059.0	2310.323	21.778	1163.982	0.29644	-0.00025	7.68	5.40	Copse
3060	3060.0	2310.615	21.785	1164.938	0.29666	-0.00017	7.70	5.30	Copse
3061	3061.0	2310.907	21.792	1165.895	0.29670	-0.00014	7.73	5.20	Copse
3062	3062.0	2311.200	21.799	1166.851	0.29659	-0.00015	7.75	5.09	Copse
3063	3063.0	2311.492	21.806	1167.807	0.29634	-0.00017	7.78	4.97	Copse
3064	3064.0	2311.784	21.813	1168.764	0.29602	-0.00021	7.81	4.86	Copse
3065	3065.0	2312.075	21.819	1169.720	0.29565	-0.00023	7.84	4.76	Copse
3066	3066.0	2312.366	21.826	1170.677	0.29525	-0.00025	7.86	4.67	Copse
3067	3067.0	2312.657	21.833	1171.634	0.29484	-0.00026	7.89	4.61	Copse
3068	3068.0	2312.948	21.840	1172.591	0.29444	-0.00025	7.91	4.58	Copse
3069	3069.0	2313.238	21.847	1173.548	0.29407	-0.00022	7.93	4.59	Copse
3070	3070.0	2313.527	21.854	1174.505	0.29374	-0.00019	7.95	4.64	Copse
3071	3071.0	2313.817	21.861	1175.462	0.29348	-0.00014	7.97	4.73	Copse
3072	3072.0	2314.106	21.868	1176.419	0.29331	-0.00009	7.98	4.85	Copse
3073	3073.0	2314.395	21.874	1177.377	0.29324	-0.00004	7.99	5.00	Copse
3074	3074.0	2314.684	21.881	1178.334	0.29329	0.00001	7.99	5.16	Copse
3075	3075.0	2314.973	21.888	1179.291	0.29343	0.00005	7.99	5.33	Copse
3076	3076.0	2315.262	21.895	1180.249	0.29364	0.00008	7.99	5.49	Copse
3077	3077.0	2315.552	21.902	1181.206	0.29390	0.00010	8.00	5.64	Copse
3078	3078.0	2315.842	21.909	1182.163	0.29416	0.00010	8.00	5.76	Copse
3079	3079.0	2316.132	21.916	1183.120	0.29440	0.00010	8.00	5.85	Copse
3080	3080.0	2316.422	21.923	1184.077	0.29459	0.00008	8.00	5.91	Copse
3081	3081.0	2316.713	21.930	1185.034	0.29472	0.00005	8.01	5.93	Copse
3082	3082.0	2317.003	21.937	1185.991	0.29479	0.00002	8.01	5.94	Copse
3083	3083.0	2317.294	21.944	1186.947	0.29481	-0.00002	8.02	5.92	Copse
3084	3084.0	2317.584	21.951	1187.904	0.29476	-0.00006	8.03	5.89	Copse
3085	3085.0	2317.875	21.958	1188.861	0.29466	-0.00011	8.03	5.85	Copse
3086	3086.0	2318.165	21.965	1189.818	0.29452	-0.00016	8.03	5.81	Copse
3087	3087.0	2318.455	21.972	1190.775	0.29432	-0.00020	8.03	5.76	Copse
3088	3088.0	2318.745	21.979	1191.732	0.29409	-0.00025	8.03	5.72	Copse
3089	3089.0	2319.035	21.986	1192.689	0.29381	-0.00029	8.02	5.69	Copse
3090	3090.0	2319.324	21.994	1193.646	0.29348	-0.00034	8.00	5.66	Copse
3091	3091.0	2319.614	22.001	1194.604	0.29312	-0.00038	7.99	5.63	Copse
3092	3092.0	2319.902	22.008	1195.561	0.29272	-0.00043	7.97	5.62	Copse
3093	3093.0	2320.191	22.015	1196.519	0.29228	-0.00047	7.94	5.60	Copse
3094	3094.0	2320.479	22.022	1197.476	0.29179	-0.00051	7.92	5.59	Copse
3095	3095.0	2320.766	22.029	1198.434	0.29127	-0.00056	7.90	5.59	Copse
3096	3096.0	2321.053	22.037	1199.392	0.29070	-0.00061	7.88	5.58	Copse
3097	3097.0	2321.339	22.044	1200.350	0.29008	-0.00066	7.86	5.58	Copse
3098	3098.0	2321.625	22.051	1201.308	0.28942	-0.00071	7.84	5.58	Copse
3099	3099.0	2321.910	22.058	1202.267	0.28871	-0.00076	7.82	5.59	Copse
3100	3100.0	2322.195	22.065	1203.226	0.28795	-0.00082	7.81	5.59	Copse
3101	3101.0	2322.478	22.073	1204.185	0.28713	-0.00088	7.80	5.60	Copse
3102	3102.0	2322.761	22.080	1205.144	0.28625	-0.00094	7.80	5.61	Copse
3103	3103.0	2323.043	22.087	1206.103	0.28531	-0.00101	7.80	5.62	Copse
3104	3104.0	2323.324	22.094	1207.063	0.28429	-0.00107	7.79	5.63	Copse
3105	3105.0	2323.604	22.101	1208.023	0.28320	-0.00114	7.79	5.64	Copse
3106	3106.0	2323.883	22.109	1208.983	0.28203	-0.00121	7.79	5.65	Copse
3107	3107.0	2324.160	22.116	1209.944	0.28078	-0.00127	7.80	5.67	Copse
3108	3108.0	2324.437	22.123	1210.905	0.27943	-0.00132	7.80	5.68	Copse
3109	3109.0	2324.712	22.130	1211.866	0.27800	-0.00137	7.80	5.69	Copse
3110	3110.0	2324.986	22.138	1212.828	0.27648	-0.00141	7.80	5.71	Copse
3111	3111.0	2325.258	22.145	1213.790	0.27491	-0.00143	7.80	5.72	Copse
3112	3112.0	2325.529	22.152	1214.753	0.27331	-0.00145	7.80	5.73	Copse
3113	3113.0	2325.798	22.159	1215.716	0.27171	-0.00145	7.79	5.74	Copse
3114	3114.0	2326.065	22.166	1216.680	0.27014	-0.00144	7.79	5.75	Copse
3115	3115.0	2326.332	22.173	1217.644	0.26863	-0.00142	7.78	5.76	Copse
3116	3116.0	2326.596	22.180	1218.608	0.26719	-0.00139	7.77	5.76	Copse
3117	3117.0	2326.860	22.187	1219.573	0.26582	-0.00136	7.75	5.77	Copse
3118	3118.0	2327.122	22.194	1220.538	0.26451	-0.00133	7.74	5.77	Copse
3119	3119.0	2327.382	22.201	1221.503	0.26324	-0.00130	7.72	5.78	Copse
3120	3120.0	2327.642	22.208	1222.469	0.26202	-0.00127	7.69	5.78	Copse
3121	3121.0	2327.900	22.216	1223.435	0.26081	-0.00125	7.67	5.79	Copse
3122	3122.0	2328.158	22.223	1224.401	0.25962	-0.00123	7.64	5.79	Copse
3123	3123.0	2328.414	22.230	1225.368	0.25844	-0.00122	7.61	5.79	Copse
3124	3124.0	2328.669	22.237	1226.335	0.25726	-0.00121	7.58	5.80	Copse
3125	3125.0	2328.923	22.244	1227.302	0.25608	-0.00121	7.56	5.80	Copse
3126	3126.0	2329.176	22.251	1228.270	0.25490	-0.00121	7.53	5.81	Copse
3127	3127.0	2329.427	22.258	1229.237	0.25371	-0.00121	7.51	5.81	Copse
3128	3128.0	2329.677	22.265	1230.206	0.25252	-0.00122	7.49	5.82	Copse
3129	3129.0	2329.927	22.272	1231.174	0.25132	-0.00123	7.47	5.82	Copse
3130	3130.0	2330.175	22.279	1232.143	0.25011	-0.00124	7.44	5.83	Copse
3131	3131.0	2330.422	22.287	1233.112	0.24888	-0.00126	7.42	5.83	Copse
3132	3132.0	2330.667	22.294	1234.081	0.24764	-0.00129	7.40	5.83	Copse
3133	3133.0	2330.912	22.301	1235.051	0.24638	-0.00132	7.38	5.83	Copse
3134	3134.0	2331.155	22.308	1236.021	0.24509	-0.00136	7.36	5.83	Copse
3135	3135.0	2331.397	22.315	1236.991	0.24377	-0.00140	7.33	5.83	Copse
3136	3136.0	2331.638	22.323	1237.962	0.24242	-0.00146	7.31	5.83	Copse
3137	3137.0	2331.877	22.330	1238.932	0.24103	-0.00153	7.28	5.83	Copse
3138	3138.0	2332.115	22.337	1239.904	0.23959	-0.00162	7.26	5.83	Copse
3139	3139.0	2332.352	22.344	1240.875	0.23809	-0.00172	7.24	5.84	Copse
3140	3140.0	2332.587	22.351	1241.847	0.23650	-0.00183	7.22	5.84	Copse
3141	3141.0	2332.821	22.359	1242.820	0.23480	-0.00196	7.20	5.84	Copse
3142	3142.0	2333.052	22.366	1243.792	0.23294	-0.00209	7.18	5.85	Copse
3143	3143.0	2333.282	22.373	1244.766	0.23089	-0.00222	7.17	5.85	Copse
3144	3144.0	2333.510	22.380	1245.739	0.22859	-0.00235	7.16	5.86	Copse
3145	3145.0	2333.736	22.387	1246.714	0.22603	-0.00246	7.15	5.86	Copse
3146	3146.0	2333.958	22.394	1247.688	0.22322	-0.00253	7.15	5.86	Copse
3147	3147.0	2334.178	22.401	1248.664	0.22020	-0.00257	7.16	5.86	Copse
3148	3148.0	2334.395	22.409	1249.640	0.21704	-0.00255	7.16	5.86	Copse
3149	3149.0	2334.609	22.416	1250.617	0.21384	-0.00248	7.18	5.85	Copse
3150	3150.0	2334.820	22.423	1251.595	0.21073	-0.00235	7.19	5.84	Copse
3151	3151.0	2335.027	22.430	1252.573	0.20782	-0.00215	7.21	5.84	Copse
3152	3152.0	2335.232	22.437	1253.552	0.20521	-0.00190	7.23	5.83	Copse
3153	3153.0	2335.435	22.444	1254.531	0.20300	-0.00161	7.25	5.82	Copse
3154	3154.0	2335.635	22.452	1255.510	0.20125	-0.00128	7.27	5.81	Copse
3155	3155.0	2335.835	22.459	1256.490	0.20002	-0.00092	7.28	5.80	Copse
3156	3156.0	2336.033	22.466	1257.471	0.19932	-0.00057	7.30	5.80	Copse
3157	3157.0	2336.231	22.473	1258.451	0.19915	-0.00022	7.31	5.79	Copse
3158	3158.0	2336.428	22.480	1259.431	0.19948	0.00009	7.32	5.78	Copse
3159	3159.0	2336.627	22.488	1260.411	0.20025	0.00036	7.33	5.77	Copse
3160	3160.0	2336.826	22.495	1261.391	0.20136	0.00059	7.34	5.76	Copse
3161	3161.0	2337.027	22.502	1262.371	0.20270	0.00075	7.34	5.76	Copse
3162	3162.0	2337.229	22.509	1263.350	0.20418	0.00085	7.35	5.75	Copse
3163	3163.0	2337.432	22.516	1264.329	0.20565	0.00090	7.35	5.75	Copse
3164	3164.0	2337.637	22.523	1265.308	0.20705	0.00088	7.35	5.74	Copse
3165	3165.0	2337.844	22.530	1266.286	0.20828	0.00082	7.35	5.74	Copse
3166	3166.0	2338.051	22.537	1267.265	0.20931	0.00072	7.35	5.74	Copse
3167	3167.0	2338.259	22.544	1268.243	0.21013	0.00058	7.35	5.74	Copse
3168	3168.0	2338.468	22.551	1269.221	0.21071	0.00042	7.35	5.75	Copse
3169	3169.0	2338.677	22.558	1270.199	0.21107	0.00025	7.34	5.75	Copse
3170	3170.0	2338.887	22.566	1271.176	0.21122	0.00007	7.33	5.76	Copse
3171	3171.0	2339.097	22.573	1272.154	0.21116	-0.00012	7.32	5.77	Copse
3172	3172.0	2339.306	22.580	1273.132	0.21091	-0.00031	7.31	5.78	Copse
3173	3173.0	2339.515	22.587	1274.110	0.21047	-0.00050	7.29	5.79	Copse
3174	3174.0	2339.724	22.594	1275.088	0.20985	-0.00068	7.28	5.81	Copse
3175	3175.0	2339.932	22.601	1276.066	0.20904	-0.00086	7.26	5.82	Copse
3176	3176.0	2340.139	22.608	1277.044	0.20806	-0.00103	7.24	5.83	Copse
3177	3177.0	2340.345	22.615	1278.023	0.20689	-0.00119	7.22	5.85	Copse
3178	3178.0	2340.550	22.622	1279.002	0.20555	-0.00134	7.20	5.86	Copse
3179	3179.0	2340.753	22.629	1279.981	0.20404	-0.00147	7.18	5.87	Copse
3180	3180.0	2340.955	22.636	1280.960	0.20236	-0.00158	7.17	5.88	Copse
3181	3181.0	2341.156	22.643	1281.940	0.20052	-0.00168	7.15	5.89	Copse
3182	3182.0	2341.354	22.650	1282.920	0.19856	-0.00175	7.14	5.90	Copse
3183	3183.0	2341.550	22.657	1283.901	0.19650	-0.00179	7.12	5.90	Copse
3184	3184.0	2341.744	22.665	1284.882	0.19441	-0.00181	7.11	5.91	Copse
3185	3185.0	2341.936	22.672	1285.863	0.19233	-0.00181	7.10	5.91	Copse
3186	3186.0	2342.126	22.679	1286.845	0.19032	-0.00179	7.09	5.92	Copse
3187	3187.0	2342.315	22.686	1287.827	0.18841	-0.00175	7.08	5.92	Copse
3188	3188.0	2342.501	22.693	1288.809	0.18663	-0.00170	7.07	5.92	Copse
3189	3189.0	2342.686	22.700	1289.792	0.18497	-0.00164	7.06	5.92	Copse
3190	3190.0	2342.869	22.707	1290.775	0.18343	-0.00158	7.05	5.93	Copse
3191	3191.0	2343.051	22.715	1291.759	0.18198	-0.00152	7.04	5.93	Copse
3192	3192.0	2343.231	22.722	1292.742	0.18059	-0.00147	7.03	5.93	Copse
3193	3193.0	2343.410	22.729	1293.726	0.17925	-0.00143	7.02	5.93	Copse
3194	3194.0	2343.587	22.736	1294.710	0.17794	-0.00140	7.01	5.94	Copse
3195	3195.0	2343.764	22.743	1295.694	0.17665	-0.00138	7.00	5.94	Copse
3196	3196.0	2343.939	22.750	1296.679	0.17536	-0.00138	6.99	5.94	Copse
3197	3197.0	2344.113	22.757	1297.664	0.17407	-0.00138	6.98	5.94	Copse
3198	3198.0	2344.285	22.764	1298.649	0.17276	-0.00140	6.96	5.95	Copse
3199	3199.0	2344.457	22.772	1299.634	0.17144	-0.00143	6.95	5.95	Copse
3200	3200.0	2344.626	22.779	1300.620	0.17008	-0.00147	6.93	5.95	Copse
3201	3201.0	2344.795	22.786	1301.605	0.16869	-0.00153	6.91	5.95	Copse
3202	3202.0	2344.962	22.793	1302.591	0.16724	-0.00160	6.89	5.95	Copse
3203	3203.0	2345.128	22.800	1303.577	0.16573	-0.00168	6.87	5.94	Copse
3204	3204.0	2345.292	22.807	1304.564	0.16414	-0.00177	6.85	5.94	Copse
3205	3205.0	2345.455	22.814	1305.550	0.16245	-0.00188	6.83	5.94	Copse
3206	3206.0	2345.616	22.821	1306.537	0.16063	-0.00200	6.81	5.93	Copse
3207	3207.0	2345.775	22.829	1307.525	0.15866	-0.00212	6.80	5.92	Copse
3208	3208.0	2345.932	22.836	1308.512	0.15652	-0.00224	6.80	5.92	Copse
3209	3209.0	2346.086	22.843	1309.500	0.15420	-0.00236	6.80	5.91	Copse
3210	3210.0	2346.239	22.850	1310.489	0.15167	-0.00247	6.80	5.91	Copse
3211	3211.0	2346.389	22.857	1311.477	0.14897	-0.00256	6.82	5.90	Copse
3212	3212.0	2346.536	22.865	1312.466	0.14610	-0.00262	6.83	5.90	Copse
3213	3213.0	2346.680	22.872	1313.456	0.14312	-0.00266	6.85	5.89	Copse
3214	3214.0	2346.821	22.879	1314.446	0.14008	-0.00267	6.87	5.89	Copse
3215	3215.0	2346.959	22.887	1315.436	0.13706	-0.00265	6.90	5.89	Copse
3216	3216.0	2347.094	22.894	1316.427	0.13411	-0.00261	6.93	5.89	Copse
3217	3217.0	2347.226	22.901	1317.418	0.13130	-0.00254	6.95	5.89	Copse
3218	3218.0	2347.356	22.909	1318.410	0.12868	-0.00246	6.98	5.89	Copse
3219	3219.0	2347.483	22.916	1319.402	0.12628	-0.00236	7.01	5.89	Copse
3220	3220.0	2347.608	22.923	1320.394	0.12408	-0.00227	7.04	5.88	Copse
3221	3221.0	2347.731	22.931	1321.386	0.12206	-0.00217	7.07	5.88	Copse
3222	3222.0	2347.851	22.938	1322.379	0.12015	-0.00208	7.09	5.87	Copse
3223	3223.0	2347.970	22.946	1323.372	0.11829	-0.00200	7.12	5.85	Copse
3224	3224.0	2348.087	22.953	1324.365	0.11640	-0.00191	7.14	5.84	Copse
3225	3225.0	2348.203	22.960	1325.359	0.11447	-0.00182	7.17	5.82	Copse
3226	3226.0	2348.316	22.968	1326.352	0.11250	-0.00172	7.19	5.81	Copse
3227	3227.0	2348.427	22.975	1327.346	0.11056	-0.00160	7.22	5.79	Copse
3228	3228.0	2348.537	22.983	1328.340	0.10870	-0.00147	7.24	5.77	Copse
3229	3229.0	2348.644	22.990	1329.334	0.10701	-0.00132	7.26	5.75	Copse
3230	3230.0	2348.750	22.997	1330.328	0.10557	-0.00116	7.27	5.73	Copse
3231	3231.0	2348.855	23.005	1331.323	0.10439	-0.00098	7.29	5.71	Copse
3232	3232.0	2348.958	23.012	1332.318	0.10352	-0.00081	7.31	5.69	Copse
3233	3233.0	2349.062	23.019	1333.312	0.10294	-0.00065	7.32	5.67	Copse
3234	3234.0	2349.164	23.027	1334.307	0.10261	-0.00049	7.34	5.66	Copse
3235	3235.0	2349.266	23.034	1335.302	0.10250	-0.00036	7.35	5.64	Copse
3236	3236.0	2349.369	23.041	1336.296	0.10253	-0.00026	7.37	5.62	Copse
3237	3237.0	2349.471	23.048	1337.291	0.10265	-0.00018	7.39	5.61	Copse
3238	3238.0	2349.574	23.056	1338.286	0.10279	-0.00013	7.41	5.59	Copse
3239	3239.0	2349.676	23.063	1339.281	0.10291	-0.00011	7.42	5.58	Copse
3240	3240.0	2349.779	23.070	1340.275	0.10297	-0.00011	7.45	5.57	Copse
3241	3241.0	2349.882	23.077	1341.270	0.10296	-0.00013	7.47	5.56	Copse
3242	3242.0	2349.985	23.084	1342.265	0.10288	-0.00016	7.49	5.56	Copse
3243	3243.0	2350.087	23.090	1343.259	0.10271	-0.00021	7.52	5.55	Copse
3244	3244.0	2350.190	23.097	1344.254	0.10248	-0.00026	7.54	5.55	Copse
3245	3245.0	2350.292	23.104	1345.249	0.10219	-0.00032	7.57	5.54	Copse
3246	3246.0	2350.394	23.110	1346.244	0.10184	-0.00037	7.59	5.54	Copse
3247	3247.0	2350.495	23.117	1347.239	0.10143	-0.00043	7.61	5.53	Copse
3248	3248.0	2350.596	23.123	1348.234	0.10096	-0.00049	7.63	5.52	Copse
3249	3249.0	2350.697	23.129	1349.228	0.10044	-0.00054	7.65	5.52	Copse
3250	3250.0	2350.797	23.135	1350.223	0.09985	-0.00060	7.66	5.51	Copse
3251	3251.0	2350.896	23.141	1351.219	0.09920	-0.00064	7.67	5.51	Copse
3252	3252.0	2350.995	23.147	1352.214	0.09850	-0.00069	7.67	5.51	Copse
3253	3253.0	2351.093	23.153	1353.209	0.09774	-0.00073	7.68	5.51	Copse
3254	3254.0	2351.190	23.159	1354.204	0.09693	-0.00076	7.67	5.51	Copse
3255	3255.0	2351.286	23.164	1355.199	0.09608	-0.00078	7.67	5.51	Copse
3256	3256.0	2351.382	23.170	1356.195	0.09520	-0.00080	7.66	5.52	Copse
3257	3257.0	2351.477	23.175	1357.190	0.09432	-0.00081	7.64	5.52	Copse
3258	3258.0	2351.570	23.180	1358.186	0.09344	-0.00081	7.63	5.53	Copse
3259	3259.0	2351.663	23.185	1359.182	0.09258	-0.00080	7.61	5.54	Copse
3260	3260.0	2351.755	23.190	1360.177	0.09173	-0.00079	7.60	5.54	Copse
3261	3261.0	2351.846	23.195	1361.173	0.09092	-0.00077	7.58	5.55	Copse
3262	3262.0	2351.937	23.200	1362.169	0.09013	-0.00074	7.57	5.56	Copse
3263	3263.0	2352.026	23.205	1363.165	0.08938	-0.00071	7.55	5.56	Copse
3264	3264.0	2352.115	23.210	1364.161	0.08866	-0.00068	7.54	5.56	Copse
3265	3265.0	2352.203	23.214	1365.157	0.08797	-0.00065	7.52	5.55	Copse
3266	3266.0	2352.291	23.219	1366.153	0.08733	-0.00061	7.51	5.54	Copse
3267	3267.0	2352.378	23.223	1367.150	0.08672	-0.00058	7.50	5.53	Copse
3268	3268.0	2352.464	23.228	1368.146	0.08617	-0.00054	7.49	5.51	Copse
3269	3269.0	2352.550	23.232	1369.142	0.08566	-0.00051	7.49	5.50	Copse
3270	3270.0	2352.635	23.236	1370.139	0.08519	-0.00048	7.48	5.48	Copse
3271	3271.0	2352.720	23.240	1371.135	0.08477	-0.00045	7.48	5.46	Copse
3272	3272.0	2352.805	23.245	1372.131	0.08438	-0.00042	7.48	5.44	Copse
3273	3273.0	2352.889	23.249	1373.128	0.08402	-0.00040	7.48	5.42	Copse
3274	3274.0	2352.972	23.253	1374.124	0.08368	-0.00038	7.48	5.41	Copse
3275	3275.0	2353.056	23.257	1375.121	0.08335	-0.00037	7.49	5.40	Copse
3276	3276.0	2353.139	23.261	1376.117	0.08301	-0.00036	7.49	5.40	Copse
3277	3277.0	2353.222	23.264	1377.114	0.08267	-0.00035	7.49	5.39	Copse
3278	3278.0	2353.304	23.268	1378.110	0.08232	-0.00034	7.50	5.39	Copse
3279	3279.0	2353.386	23.272	1379.107	0.08197	-0.00034	7.50	5.39	Copse
3280	3280.0	2353.468	23.275	1380.104	0.08162	-0.00033	7.50	5.39	Copse
3281	3281.0	2353.549	23.279	1381.100	0.08128	-0.00032	7.49	5.39	Copse
3282	3282.0	2353.630	23.282	1382.097	0.08095	-0.00031	7.48	5.40	Copse
3283	3283.0	2353.711	23.286	1383.094	0.08063	-0.00031	7.48	5.40	Copse
3284	3284.0	2353.791	23.289	1384.091	0.08032	-0.00030	7.47	5.41	Copse
3285	3285.0	2353.871	23.292	1385.088	0.08003	-0.00029	7.45	5.41	Copse
3286	3286.0	2353.951	23.295	1386.084	0.07975	-0.00028	7.44	5.43	Copse
3287	3287.0	2354.031	23.298	1387.081	0.07948	-0.00027	7.43	5.44	Copse
3288	3288.0	2354.110	23.300	1388.078	0.07922	-0.00026	7.42	5.46	Copse
3289	3289.0	2354.189	23.303	1389.075	0.07897	-0.00025	7.41	5.47	Copse
3290	3290.0	2354.268	23.306	1390.072	0.07873	-0.00024	7.41	5.50	Copse
3291	3291.0	2354.346	23.308	1391.069	0.07850	-0.00023	7.40	5.52	Copse
3292	3292.0	2354.425	23.310	1392.066	0.07827	-0.00022	7.39	5.54	Copse
3293	3293.0	2354.503	23.313	1393.062	0.07806	-0.00021	7.38	5.56	Copse
3294	3294.0	2354.581	23.315	1394.059	0.07784	-0.00020	7.37	5.58	Copse
3295	3295.0	2354.658	23.317	1395.057	0.07764	-0.00019	7.36	5.60	Copse
3296	3296.0	2354.736	23.319	1396.053	0.07744	-0.00018	7.35	5.61	Copse
3297	3297.0	2354.813	23.320	1397.051	0.07725	-0.00017	7.34	5.63	Copse
3298	3298.0	2354.890	23.322	1398.047	0.07707	-0.00016	7.33	5.64	Copse
3299	3299.0	2354.967	23.323	1399.045	0.07690	-0.00014	7.32	5.66	Copse
3300	3300.0	2355.044	23.325	1400.042	0.07675	-0.00013	7.30	5.67	Copse
3301	3301.0	2355.120	23.326	1401.039	0.07662	-0.00011	7.29	5.69	Copse
3302	3302.0	2355.197	23.327	1402.036	0.07653	-0.00010	7.27	5.70	Copse
3303	3303.0	2355.273	23.328	1403.033	0.07646	-0.00009	7.25	5.72	Copse
3304	3304.0	2355.350	23.329	1404.030	0.07642	-0.00008	7.23	5.74	Copse
3305	3305.0	2355.426	23.330	1405.027	0.07639	-0.00008	7.21	5.75	Copse
3306	3306.0	2355.502	23.331	1406.024	0.07638	-0.00008	7.19	5.77	Copse
3307	3307.0	2355.579	23.332	1407.021	0.07636	-0.00008	7.17	5.78	Copse
3308	3308.0	2355.655	23.332	1408.018	0.07633	-0.00009	7.15	5.80	Copse
3309	3309.0	2355.731	23.333	1409.015	0.07627	-0.00011	7.12	5.81	Copse
3310	3310.0	2355.807	23.333	1410.012	0.07619	-0.00013	7.10	5.82	Copse
3311	3311.0	2355.883	23.333	1411.010	0.07607	-0.00016	7.07	5.83	Copse
3312	3312.0	2355.959	23.334	1412.007	0.07591	-0.00018	7.04	5.84	Copse
3313	3313.0	2356.035	23.333	1413.004	0.07572	-0.00021	7.02	5.85	Copse
3314	3314.0	2356.111	23.333	1414.001	0.07549	-0.00024	6.99	5.86	Copse
3315	3315.0	2356.186	23.333	1414.998	0.07523	-0.00027	6.97	5.88	Copse
3316	3316.0	2356.261	23.332	1415.995	0.07493	-0.00031	6.95	5.90	Copse
3317	3317.0	2356.335	23.332	1416.992	0.07460	-0.00034	6.93	5.92	Copse
3318	3318.0	2356.410	23.331	1417.990	0.07424	-0.00036	6.91	5.95	Copse
3319	3319.0	2356.484	23.330	1418.987	0.07385	-0.00039	6.89	5.98	Copse
3320	3320.0	2356.557	23.329	1419.984	0.07343	-0.00042	6.87	6.01	Copse
3321	3321.0	2356.631	23.328	1420.982	0.07298	-0.00044	6.86	6.05	Copse
3322	3322.0	2356.703	23.327	1421.979	0.07251	-0.00047	6.85	6.08	Copse
3323	3323.0	2356.775	23.326	1422.976	0.07202	-0.00049	6.84	6.12	Copse
3324	3324.0	2356.847	23.324	1423.974	0.07150	-0.00051	6.83	6.16	Copse
3325	3325.0	2356.918	23.323	1424.971	0.07097	-0.00052	6.82	6.20	Copse
3326	3326.0	2356.989	23.321	1425.969	0.07041	-0.00053	6.81	6.23	Copse
3327	3327.0	2357.059	23.320	1426.966	0.06984	-0.00054	6.80	6.27	Copse
3328	3328.0	2357.129	23.318	1427.964	0.06926	-0.00055	6.79	6.29	Copse
3329	3329.0	2357.198	23.316	1428.961	0.06867	-0.00055	6.78	6.32	Copse
3330	3330.0	2357.266	23.314	1429.959	0.06809	-0.00054	6.77	6.33	Copse
3331	3331.0	2357.333	23.312	1430.957	0.06750	-0.00054	6.76	6.35	Copse
3332	3332.0	2357.401	23.310	1431.955	0.06693	-0.00053	6.75	6.36	Copse
3333	3333.0	2357.467	23.308	1432.952	0.06638	-0.00051	6.74	6.38	Copse
3334	3334.0	2357.533	23.306	1433.950	0.06586	-0.00049	6.73	6.39	Copse
3335	3335.0	2357.599	23.304	1434.948	0.06537	-0.00048	6.72	6.40	Copse
3336	3336.0	2357.664	23.301	1435.946	0.06490	-0.00046	6.72	6.42	Copse
3337	3337.0	2357.729	23.299	1436.944	0.06447	-0.00044	6.72	6.43	Copse
3338	3338.0	2357.793	23.297	1437.942	0.06406	-0.00042	6.72	6.45	Copse
3339	3339.0	2357.857	23.294	1438.940	0.06367	-0.00040	6.72	6.47	Copse
3340	3340.0	2357.920	23.291	1439.938	0.06330	-0.00038	6.72	6.48	Copse
3341	3341.0	2357.983	23.288	1440.936	0.06294	-0.00037	6.73	6.50	Copse
3342	3342.0	2358.046	23.285	1441.934	0.06259	-0.00036	6.73	6.51	Copse
3343	3343.0	2358.108	23.282	1442.932	0.06225	-0.00034	6.73	6.51	Copse
3344	3344.0	2358.170	23.279	1443.930	0.06192	-0.00033	6.72	6.52	Copse
3345	3345.0	2358.232	23.276	1444.928	0.06160	-0.00033	6.72	6.52	Copse
3346	3346.0	2358.293	23.273	1445.926	0.06128	-0.00032	6.70	6.51	Copse
3347	3347.0	2358.354	23.269	1446.924	0.06097	-0.00031	6.69	6.51	Copse
3348	3348.0	2358.415	23.265	1447.922	0.06067	-0.00030	6.68	6.50	Copse
3349	3349.0	2358.476	23.262	1448.921	0.06037	-0.00030	6.66	6.50	Copse
3350	3350.0	2358.536	23.258	1449.919	0.06008	-0.00029	6.64	6.49	Copse
3351	3351.0	2358.596	23.254	1450.917	0.05979	-0.00029	6.63	6.49	Copse
3352	3352.0	2358.656	23.250	1451.915	0.05950	-0.00029	6.62	6.48	Copse
3353	3353.0	2358.715	23.246	1452.913	0.05922	-0.00028	6.62	6.49	Copse
3354	3354.0	2358.774	23.242	1453.912	0.05895	-0.00028	6.61	6.49	Copse
3355	3355.0	2358.833	23.238	1454.910	0.05867	-0.00028	6.62	6.50	Copse
3356	3356.0	2358.891	23.233	1455.908	0.05840	-0.00027	6.62	6.50	Copse
3357	3357.0	2358.949	23.229	1456.906	0.05813	-0.00027	6.63	6.50	Copse
3358	3358.0	2359.007	23.225	1457.905	0.05786	-0.00027	6.64	6.50	Copse
3359	3359.0	2359.065	23.221	1458.903	0.05759	-0.00027	6.65	6.50	Copse
3360	3360.0	2359.123	23.216	1459.901	0.05733	-0.00027	6.66	6.48	Copse
3361	3361.0	2359.180	23.212	1460.900	0.05707	-0.00027	6.67	6.46	Copse
3362	3362.0	2359.237	23.208	1461.898	0.05680	-0.00027	6.68	6.42	Copse
3363	3363.0	2359.293	23.204	1462.897	0.05654	-0.00027	6.68	6.39	Copse
3364	3364.0	2359.350	23.199	1463.895	0.05628	-0.00027	6.68	6.34	Copse
3365	3365.0	2359.406	23.195	1464.893	0.05601	-0.00027	6.68	6.30	Copse
3366	3366.0	2359.461	23.191	1465.892	0.05575	-0.00027	6.68	6.25	Copse
3367	3367.0	2359.517	23.186	1466.890	0.05548	-0.00027	6.68	6.21	Copse
3368	3368.0	2359.573	23.182	1467.889	0.05522	-0.00027	6.67	6.17	Copse
3369	3369.0	2359.627	23.177	1468.887	0.05495	-0.00028	6.67	6.13	Copse
3370	3370.0	2359.682	23.173	1469.886	0.05468	-0.00028	6.67	6.10	Copse
3371	3371.0	2359.737	23.168	1470.884	0.05441	-0.00029	6.67	6.08	Copse
3372	3372.0	2359.791	23.164	1471.883	0.05414	-0.00030	6.67	6.06	Copse
3373	3373.0	2359.845	23.159	1472.881	0.05386	-0.00031	6.68	6.04	Copse
3374	3374.0	2359.899	23.155	1473.880	0.05357	-0.00033	6.69	6.03	Copse
3375	3375.0	2359.952	23.150	1474.879	0.05327	-0.00035	6.70	6.02	Copse
3376	3376.0	2360.005	23.145	1475.877	0.05294	-0.00037	6.71	6.01	Copse
3377	3377.0	2360.058	23.141	1476.876	0.05259	-0.00039	6.72	6.00	Copse
3378	3378.0	2360.110	23.136	1477.874	0.05220	-0.00041	6.73	5.99	Copse
3379	3379.0	2360.162	23.131	1478.873	0.05177	-0.00042	6.74	5.98	Copse
3380	3380.0	2360.214	23.126	1479.872	0.05130	-0.00044	6.75	5.96	Copse
3381	3381.0	2360.265	23.122	1480.870	0.05080	-0.00045	6.75	5.95	Copse
3382	3382.0	2360.315	23.117	1481.869	0.05027	-0.00046	6.76	5.94	Copse
3383	3383.0	2360.365	23.112	1482.868	0.04974	-0.00046	6.76	5.92	Copse
3384	3384.0	2360.415	23.107	1483.867	0.04922	-0.00046	6.76	5.92	Copse
3385	3385.0	2360.464	23.102	1484.865	0.04871	-0.00045	6.76	5.91	Copse
3386	3386.0	2360.512	23.097	1485.864	0.04823	-0.00044	6.77	5.91	Copse
3387	3387.0	2360.560	23.092	1486.863	0.04778	-0.00042	6.77	5.91	Copse
3388	3388.0	2360.608	23.088	1487.862	0.04735	-0.00040	6.78	5.91	Copse
3389	3389.0	2360.655	23.083	1488.861	0.04696	-0.00038	6.79	5.91	Copse
3390	3390.0	2360.702	23.078	1489.860	0.04659	-0.00036	6.81	5.92	Copse
3391	3391.0	2360.748	23.073	1490.859	0.04624	-0.00034	6.82	5.93	Copse
3392	3392.0	2360.794	23.067	1491.858	0.04592	-0.00032	6.84	5.93	Copse
3393	3393.0	2360.840	23.062	1492.857	0.04563	-0.00029	6.86	5.93	Copse
3394	3394.0	2360.885	23.057	1493.855	0.04535	-0.00027	6.88	5.93	Copse
3395	3395.0	2360.930	23.052	1494.854	0.04510	-0.00025	6.89	5.92	Copse
3396	3396.0	2360.975	23.047	1495.854	0.04486	-0.00023	6.91	5.91	Copse
3397	3397.0	2361.020	23.042	1496.852	0.04464	-0.00021	6.92	5.89	Copse
3398	3398.0	2361.065	23.037	1497.851	0.04445	-0.00019	6.92	5.87	Copse
3399	3399.0	2361.109	23.031	1498.850	0.04427	-0.00017	6.92	5.85	Copse
3400	3400.0	2361.153	23.026	1499.849	0.04411	-0.00015	6.92	5.82	Copse
3401	3401.0	2361.197	23.021	1500.849	0.04397	-0.00013	6.91	5.79	Copse
3402	3402.0	2361.241	23.016	1501.848	0.04384	-0.00011	6.91	5.76	Copse
3403	3403.0	2361.285	23.010	1502.847	0.04373	-0.00009	6.90	5.73	Copse
3404	3404.0	2361.329	23.005	1503.846	0.04365	-0.00007	6.89	5.70	Copse
3405	3405.0	2361.372	23.000	1504.845	0.04358	-0.00005	6.89	5.67	Copse
3406	3406.0	2361.416	22.994	1505.844	0.04353	-0.00003	6.89	5.64	Copse
3407	3407.0	2361.459	22.989	1506.843	0.04350	-0.00001	6.89	5.62	Copse
3408	3408.0	2361.503	22.983	1507.842	0.04349	0.00002	6.90	5.59	Copse
3409	3409.0	2361.546	22.978	1508.841	0.04350	0.00004	6.92	5.57	Copse
3410	3410.0	2361.590	22.972	1509.840	0.04354	0.00007	6.93	5.54	Copse
3411	3411.0	2361.633	22.967	1510.839	0.04360	0.00010	6.95	5.51	Copse
3412	3412.0	2361.677	22.961	1511.838	0.04370	0.00014	6.98	5.48	Copse
3413	3413.0	2361.720	22.956	1512.837	0.04382	0.00017	7.00	5.45	Copse
3414	3414.0	2361.764	22.950	1513.836	0.04398	0.00021	7.03	5.42	Copse
3415	3415.0	2361.809	22.945	1514.835	0.04418	0.00025	7.05	5.39	Copse
3416	3416.0	2361.853	22.939	1515.834	0.04443	0.00030	7.07	5.37	Copse
3417	3417.0	2361.897	22.934	1516.833	0.04473	0.00034	7.09	5.35	Copse
3418	3418.0	2361.942	22.929	1517.832	0.04509	0.00038	7.11	5.33	Copse
3419	3419.0	2361.988	22.923	1518.831	0.04551	0.00043	7.12	5.33	Copse
3420	3420.0	2362.033	22.918	1519.830	0.04600	0.00047	7.14	5.33	Copse
3421	3421.0	2362.079	22.913	1520.829	0.04654	0.00051	7.15	5.34	Copse
3422	3422.0	2362.126	22.908	1521.828	0.04712	0.00054	7.17	5.35	Copse
3423	3423.0	2362.174	22.903	1522.827	0.04774	0.00057	7.18	5.36	Copse
3424	3424.0	2362.222	22.898	1523.826	0.04836	0.00060	7.20	5.38	Copse
3425	3425.0	2362.270	22.893	1524.824	0.04897	0.00063	7.22	5.40	Copse
3426	3426.0	2362.320	22.888	1525.823	0.04959	0.00066	7.24	5.42	Copse
3427	3427.0	2362.369	22.884	1526.822	0.05021	0.00069	7.25	5.43	Copse
3428	3428.0	2362.420	22.879	1527.821	0.05086	0.00072	7.27	5.44	Copse
3429	3429.0	2362.471	22.875	1528.819	0.05157	0.00075	7.29	5.45	Copse
3430	3430.0	2362.523	22.870	1529.818	0.05234	0.00078	7.31	5.45	Copse
3431	3431.0	2362.576	22.866	1530.817	0.05318	0.00081	7.33	5.45	Copse
3432	3432.0	2362.629	22.861	1531.815	0.05409	0.00084	7.34	5.44	Copse
3433	3433.0	2362.684	22.857	1532.814	0.05503	0.00087	7.35	5.43	Copse
3434	3434.0	2362.739	22.852	1533.812	0.05596	0.00090	7.36	5.41	Copse
3435	3435.0	2362.796	22.847	1534.811	0.05686	0.00095	7.37	5.40	Copse
3436	3436.0	2362.853	22.843	1535.809	0.05770	0.00102	7.37	5.39	Copse
3437	3437.0	2362.911	22.838	1536.807	0.05849	0.00112	7.38	5.37	Copse
3438	3438.0	2362.970	22.833	1537.806	0.05927	0.00126	7.38	5.36	Copse
3439	3439.0	2363.030	22.828	1538.804	0.06010	0.00143	7.39	5.34	Copse
3440	3440.0	2363.090	22.822	1539.802	0.06108	0.00165	7.40	5.32	Copse
3441	3441.0	2363.152	22.817	1540.800	0.06230	0.00192	7.41	5.30	Copse
3442	3442.0	2363.215	22.811	1541.798	0.06387	0.00223	7.43	5.27	Copse
3443	3443.0	2363.279	22.805	1542.796	0.06587	0.00257	7.44	5.23	Copse
3444	3444.0	2363.346	22.799	1543.794	0.06838	0.00294	7.46	5.19	Copse
3445	3445.0	2363.416	22.793	1544.791	0.07145	0.00332	7.48	5.14	Copse
3446	3446.0	2363.489	22.786	1545.789	0.07510	0.00370	7.50	5.08	Copse
3447	3447.0	2363.566	22.779	1546.786	0.07930	0.00406	7.51	5.03	Copse
3448	3448.0	2363.647	22.772	1547.782	0.08400	0.00440	7.53	4.97	Copse
3449	3449.0	2363.734	22.765	1548.779	0.08910	0.00471	7.54	4.92	Copse
3450	3450.0	2363.825	22.758	1549.774	0.09448	0.00499	7.55	4.88	Copse
3451	3451.0	2363.923	22.750	1550.770	0.10001	0.00525	7.56	4.85	Copse
3452	3452.0	2364.025	22.742	1551.764	0.10558	0.00549	7.56	4.84	Copse
3453	3453.0	2364.133	22.734	1552.759	0.11113	0.00572	7.57	4.86	Copse
3454	3454.0	2364.247	22.726	1553.752	0.11666	0.00595	7.58	4.89	Copse
3455	3455.0	2364.366	22.718	1554.745	0.12224	0.00619	7.58	4.94	Copse
3456	3456.0	2364.491	22.709	1555.737	0.12804	0.00643	7.59	5.01	Copse
3457	3457.0	2364.621	22.700	1556.729	0.13424	0.00666	7.60	5.09	Copse
3458	3458.0	2364.759	22.691	1557.719	0.14099	0.00687	7.61	5.18	Copse
3459	3459.0	2364.902	22.682	1558.709	0.14837	0.00703	7.62	5.27	Copse
3460	3460.0	2365.054	22.673	1559.697	0.15635	0.00714	7.63	5.37	Copse
3461	3461.0	2365.214	22.663	1560.684	0.16475	0.00717	7.64	5.46	Copse
3462	3462.0	2365.382	22.654	1561.670	0.17330	0.00712	7.64	5.55	Copse
3463	3463.0	2365.559	22.644	1562.654	0.18166	0.00699	7.65	5.62	Copse
3464	3464.0	2365.743	22.634	1563.637	0.18953	0.00681	7.65	5.69	Copse
3465	3465.0	2365.936	22.624	1564.619	0.19667	0.00659	7.65	5.75	Copse
3466	3466.0	2366.134	22.614	1565.599	0.20295	0.00636	7.65	5.80	Copse
3467	3467.0	2366.339	22.604	1566.577	0.20844	0.00616	7.65	5.84	Copse
3468	3468.0	2366.548	22.593	1567.555	0.21329	0.00602	7.65	5.86	Copse
3469	3469.0	2366.762	22.583	1568.532	0.21782	0.00595	7.65	5.89	Copse
3470	3470.0	2366.980	22.572	1569.508	0.22235	0.00598	7.65	5.90	Copse
3471	3471.0	2367.203	22.562	1570.483	0.22722	0.00608	7.64	5.91	Copse
3472	3472.0	2367.431	22.551	1571.457	0.23267	0.00627	7.64	5.92	Copse
3473	3473.0	2367.664	22.540	1572.429	0.23882	0.00650	7.64	5.93	Copse
3474	3474.0	2367.904	22.530	1573.400	0.24565	0.00678	7.65	5.93	Copse
3475	3475.0	2368.151	22.519	1574.369	0.25304	0.00707	7.65	5.94	Copse
3476	3476.0	2368.405	22.508	1575.336	0.26080	0.00736	7.67	5.94	Copse
3477	3477.0	2368.666	22.497	1576.301	0.26873	0.00764	7.68	5.95	Copse
3478	3478.0	2368.936	22.486	1577.264	0.27668	0.00791	7.70	5.96	Copse
3479	3479.0	2369.213	22.475	1578.225	0.28463	0.00815	7.72	5.97	Copse
3480	3480.0	2369.497	22.464	1579.184	0.29263	0.00838	7.74	5.98	Copse
3481	3481.0	2369.790	22.452	1580.140	0.30084	0.00857	7.77	5.99	Copse
3482	3482.0	2370.090	22.441	1581.094	0.30945	0.00872	7.80	6.01	Copse
3483	3483.0	2370.399	22.429	1582.045	0.31861	0.00880	7.83	6.02	Copse
3484	3484.0	2370.716	22.417	1582.993	0.32834	0.00880	7.86	6.05	Copse
3485	3485.0	2371.043	22.406	1583.938	0.33852	0.00870	7.89	6.07	Copse
3486	3486.0	2371.381	22.394	1584.880	0.34882	0.00849	7.93	6.09	Copse
3487	3487.0	2371.727	22.382	1585.818	0.35883	0.00817	7.95	6.12	Copse
3488	3488.0	2372.083	22.370	1586.752	0.36814	0.00776	7.98	6.14	Copse
3489	3489.0	2372.447	22.357	1587.684	0.37644	0.00726	8.00	6.17	Copse
3490	3490.0	2372.818	22.345	1588.612	0.38362	0.00670	8.02	6.20	Copse
3491	3491.0	2373.195	22.333	1589.538	0.38972	0.00613	8.03	6.22	Copse
3492	3492.0	2373.578	22.320	1590.462	0.39493	0.00556	8.05	6.24	Copse
3493	3493.0	2373.965	22.308	1591.384	0.39942	0.00502	8.06	6.26	Copse
3494	3494.0	2374.356	22.295	1592.305	0.40339	0.00452	8.07	6.29	Copse
3495	3495.0	2374.750	22.283	1593.224	0.40697	0.00409	8.08	6.31	Copse
3496	3496.0	2375.147	22.270	1594.141	0.41024	0.00373	8.10	6.33	Copse
3497	3497.0	2375.548	22.258	1595.058	0.41327	0.00343	8.12	6.35	Copse
3498	3498.0	2375.951	22.245	1595.973	0.41613	0.00319	8.14	6.37	Copse
3499	3499.0	2376.356	22.233	1596.887	0.41887	0.00299	8.15	6.39	Copse
3500	3500.0	2376.764	22.220	1597.800	0.42152	0.00285	8.17	6.40	Copse
3501	3501.0	2377.174	22.208	1598.712	0.42412	0.00274	8.18	6.42	Copse
3502	3502.0	2377.587	22.196	1599.623	0.42668	0.00267	8.19	6.43	Copse
3503	3503.0	2378.002	22.184	1600.533	0.42921	0.00264	8.19	6.44	Copse
3504	3504.0	2378.419	22.171	1601.442	0.43171	0.00266	8.18	6.45	Copse
3505	3505.0	2378.839	22.159	1602.349	0.43418	0.00272	8.17	6.45	Copse
3506	3506.0	2379.261	22.147	1603.256	0.43660	0.00286	8.15	6.45	Copse
3507	3507.0	2379.685	22.136	1604.162	0.43896	0.00307	8.12	6.44	Copse
3508	3508.0	2380.111	22.124	1605.066	0.44127	0.00339	8.09	6.44	Copse
3509	3509.0	2380.539	22.112	1605.970	0.44358	0.00381	8.06	6.43	Copse
3510	3510.0	2380.969	22.101	1606.873	0.44604	0.00434	8.02	6.42	Copse
3511	3511.0	2381.402	22.090	1607.774	0.44893	0.00495	7.98	6.41	Copse
3512	3512.0	2381.837	22.079	1608.675	0.45267	0.00561	7.94	6.40	Copse
3513	3513.0	2382.276	22.068	1609.573	0.45774	0.00627	7.90	6.40	Copse
3514	3514.0	2382.721	22.057	1610.469	0.46463	0.00687	7.85	6.39	Copse
3515	3515.0	2383.173	22.047	1611.361	0.47354	0.00734	7.80	6.38	Copse
3516	3516.0	2383.633	22.037	1612.249	0.48430	0.00762	7.75	6.38	Copse
3517	3517.0	2384.104	22.027	1613.131	0.49622	0.00769	7.69	6.37	Copse
3518	3518.0	2384.585	22.017	1614.007	0.50820	0.00755	7.63	6.37	Copse
3519	3519.0	2385.077	22.007	1614.878	0.51900	0.00723	7.56	6.37	Copse
3520	3520.0	2385.577	21.998	1615.744	0.52762	0.00679	7.49	6.36	Copse
3521	3521.0	2386.084	21.989	1616.606	0.53356	0.00631	7.42	6.36	Copse
3522	3522.0	2386.594	21.980	1617.466	0.53704	0.00587	7.34	6.35	Copse
3523	3523.0	2387.107	21.971	1618.325	0.53889	0.00554	7.27	6.35	Copse
3524	3524.0	2387.621	21.963	1619.182	0.54029	0.00535	7.21	6.34	Copse
3525	3525.0	2388.136	21.954	1620.040	0.54240	0.00529	7.15	6.34	Copse
3526	3526.0	2388.653	21.946	1620.896	0.54611	0.00532	7.09	6.33	Copse
3527	3527.0	2389.175	21.938	1621.749	0.55180	0.00539	7.05	6.33	Copse
3528	3528.0	2389.702	21.930	1622.599	0.55930	0.00541	7.01	6.33	Copse
3529	3529.0	2390.236	21.923	1623.444	0.56795	0.00533	6.97	6.32	Copse
3530	3530.0	2390.777	21.915	1624.285	0.57682	0.00509	6.95	6.32	Copse
3531	3531.0	2391.326	21.908	1625.120	0.58493	0.00469	6.92	6.32	Copse
3532	3532.0	2391.882	21.900	1625.952	0.59148	0.00414	6.90	6.32	Copse
3533	3533.0	2392.442	21.893	1626.781	0.59604	0.00348	6.88	6.32	Copse
3534	3534.0	2393.004	21.886	1627.607	0.59862	0.00275	6.87	6.32	Copse
3535	3535.0	2393.569	21.878	1628.433	0.59957	0.00202	6.85	6.32	Copse
3536	3536.0	2394.133	21.871	1629.258	0.59943	0.00133	6.84	6.32	Copse
3537	3537.0	2394.697	21.864	1630.084	0.59871	0.00072	6.82	6.32	Copse
3538	3538.0	2395.260	21.857	1630.911	0.59780	0.00019	6.80	6.33	Copse
3539	3539.0	2395.823	21.850	1631.737	0.59690	-0.00026	6.79	6.33	Copse
3540	3540.0	2396.384	21.844	1632.565	0.59607	-0.00063	6.77	6.33	Copse
3541	3541.0	2396.945	21.837	1633.392	0.59526	-0.00097	6.76	6.34	Copse
3542	3542.0	2397.506	21.830	1634.221	0.59440	-0.00129	6.75	6.34	Copse
3543	3543.0	2398.065	21.824	1635.049	0.59340	-0.00164	6.74	6.35	Copse
3544	3544.0	2398.624	21.817	1635.879	0.59218	-0.00203	6.73	6.35	Copse
3545	3545.0	2399.182	21.811	1636.709	0.59067	-0.00251	6.73	6.35	Copse
3546	3546.0	2399.738	21.804	1637.540	0.58880	-0.00308	6.73	6.36	Copse
3547	3547.0	2400.292	21.798	1638.372	0.58647	-0.00378	6.74	6.36	Copse
3548	3548.0	2400.845	21.792	1639.206	0.58356	-0.00462	6.75	6.37	Copse
3549	3549.0	2401.395	21.786	1640.041	0.57992	-0.00561	6.77	6.37	Copse
3550	3550.0	2401.941	21.780	1640.879	0.57537	-0.00674	6.79	6.37	Copse
3551	3551.0	2402.483	21.774	1641.719	0.56970	-0.00801	6.82	6.37	Copse
3552	3552.0	2403.020	21.767	1642.563	0.56262	-0.00937	6.85	6.37	Copse
3553	3553.0	2403.550	21.761	1643.411	0.55381	-0.01079	6.89	6.37	Copse
3554	3554.0	2404.071	21.755	1644.264	0.54288	-0.01219	6.92	6.37	Maggotts
3555	3555.0	2404.583	21.750	1645.123	0.52951	-0.01351	6.96	6.37	Maggotts
3556	3556.0	2405.082	21.744	1645.990	0.51352	-0.01466	7.00	6.37	Maggotts
3557	3557.0	2405.565	21.738	1646.865	0.49506	-0.01557	7.03	6.37	Maggotts
3558	3558.0	2406.031	21.732	1647.750	0.47467	-0.01621	7.07	6.37	Maggotts
3559	3559.0	2406.479	21.726	1648.644	0.45332	-0.01654	7.10	6.38	Maggotts
3560	3560.0	2406.907	21.720	1649.547	0.43220	-0.01660	7.14	6.38	Maggotts
3561	3561.0	2407.317	21.715	1650.460	0.41246	-0.01643	7.17	6.39	Maggotts
3562	3562.0	2407.709	21.709	1651.380	0.39493	-0.01612	7.20	6.41	Maggotts
3563	3563.0	2408.086	21.703	1652.306	0.37991	-0.01578	7.23	6.42	Maggotts
3564	3564.0	2408.451	21.698	1653.237	0.36707	-0.01548	7.26	6.44	Maggotts
3565	3565.0	2408.804	21.693	1654.172	0.35560	-0.01532	7.29	6.46	Maggotts
3566	3566.0	2409.147	21.688	1655.112	0.34442	-0.01533	7.32	6.47	Maggotts
3567	3567.0	2409.479	21.683	1656.055	0.33245	-0.01551	7.35	6.49	Maggotts
3568	3568.0	2409.800	21.678	1657.002	0.31883	-0.01584	7.38	6.50	Maggotts
3569	3569.0	2410.106	21.673	1657.954	0.30312	-0.01625	7.42	6.51	Maggotts
3570	3570.0	2410.397	21.669	1658.911	0.28533	-0.01668	7.45	6.52	Maggotts
3571	3571.0	2410.669	21.665	1659.873	0.26594	-0.01705	7.48	6.52	Maggotts
3572	3572.0	2410.922	21.660	1660.841	0.24571	-0.01730	7.52	6.51	Maggotts
3573	3573.0	2411.156	21.657	1661.813	0.22553	-0.01742	7.55	6.50	Maggotts
3574	3574.0	2411.369	21.653	1662.790	0.20610	-0.01738	7.58	6.49	Maggotts
3575	3575.0	2411.565	21.650	1663.771	0.18779	-0.01720	7.61	6.47	Maggotts
3576	3576.0	2411.743	21.647	1664.755	0.17061	-0.01690	7.63	6.45	Maggotts
3577	3577.0	2411.905	21.644	1665.741	0.15429	-0.01653	7.65	6.43	Maggotts
3578	3578.0	2412.050	21.641	1666.731	0.13840	-0.01611	7.67	6.42	Maggotts
3579	3579.0	2412.180	21.638	1667.722	0.12264	-0.01567	7.69	6.41	Maggotts
3580	3580.0	2412.295	21.636	1668.716	0.10698	-0.01525	7.71	6.40	Maggotts
3581	3581.0	2412.394	21.634	1669.711	0.09167	-0.01487	7.72	6.40	Maggotts
3582	3582.0	2412.478	21.632	1670.707	0.07709	-0.01456	7.74	6.40	Maggotts
3583	3583.0	2412.548	21.631	1671.705	0.06351	-0.01434	7.75	6.41	Maggotts
3584	3584.0	2412.605	21.629	1672.703	0.05090	-0.01422	7.76	6.42	Maggotts
3585	3585.0	2412.650	21.628	1673.702	0.03885	-0.01422	7.78	6.42	Maggotts
3586	3586.0	2412.683	21.627	1674.702	0.02664	-0.01434	7.79	6.43	Maggotts
3587	3587.0	2412.703	21.626	1675.701	0.01359	-0.01454	7.81	6.43	Maggotts
3588	3588.0	2412.710	21.625	1676.701	-0.00070	-0.01482	7.83	6.43	Maggotts
3589	3589.0	2412.701	21.624	1677.701	-0.01618	-0.01515	7.85	6.42	Maggotts
3590	3590.0	2412.677	21.623	1678.701	-0.03244	-0.01549	7.88	6.41	Maggotts
3591	3591.0	2412.637	21.623	1679.700	-0.04901	-0.01582	7.91	6.40	Maggotts
3592	3592.0	2412.579	21.622	1680.698	-0.06553	-0.01611	7.93	6.37	Maggotts
3593	3593.0	2412.506	21.622	1681.696	-0.08192	-0.01634	7.96	6.34	Maggotts
3594	3594.0	2412.416	21.622	1682.692	-0.09833	-0.01649	7.98	6.30	Maggotts
3595	3595.0	2412.309	21.622	1683.686	-0.11503	-0.01655	8.00	6.26	Maggotts
3596	3596.0	2412.186	21.621	1684.678	-0.13223	-0.01647	8.01	6.20	Maggotts
3597	3597.0	2412.046	21.621	1685.668	-0.14998	-0.01625	8.02	6.14	Maggotts
3598	3598.0	2411.887	21.622	1686.656	-0.16812	-0.01586	8.02	6.08	Maggotts
3599	3599.0	2411.711	21.622	1687.640	-0.18626	-0.01528	8.01	6.01	Maggotts
3600	3600.0	2411.517	21.622	1688.621	-0.20386	-0.01451	8.01	5.94	Maggotts
3601	3601.0	2411.306	21.622	1689.599	-0.22032	-0.01357	7.99	5.88	Maggotts
3602	3602.0	2411.080	21.623	1690.573	-0.23509	-0.01249	7.97	5.82	Maggotts
3603	3603.0	2410.840	21.624	1691.543	-0.24781	-0.01134	7.95	5.77	Maggotts
3604	3604.0	2410.589	21.624	1692.511	-0.25835	-0.01017	7.92	5.73	Maggotts
3605	3605.0	2410.329	21.625	1693.477	-0.26676	-0.00905	7.89	5.71	Maggotts
3606	3606.0	2410.062	21.626	1694.441	-0.27328	-0.00804	7.85	5.70	Maggotts
3607	3607.0	2409.790	21.628	1695.403	-0.27830	-0.00719	7.81	5.71	Maggotts
3608	3608.0	2409.513	21.629	1696.364	-0.28231	-0.00653	7.77	5.74	Maggotts
3609	3609.0	2409.232	21.631	1697.324	-0.28592	-0.00605	7.72	5.78	Maggotts
3610	3610.0	2408.949	21.633	1698.283	-0.28969	-0.00575	7.67	5.83	Maggotts
3611	3611.0	2408.661	21.635	1699.240	-0.29407	-0.00558	7.61	5.90	Maggotts
3612	3612.0	2408.369	21.637	1700.197	-0.29929	-0.00551	7.56	5.98	Maggotts
3613	3613.0	2408.072	21.640	1701.151	-0.30529	-0.00549	7.50	6.07	Maggotts
3614	3614.0	2407.768	21.643	1702.104	-0.31182	-0.00546	7.44	6.18	Maggotts
3615	3615.0	2407.458	21.646	1703.055	-0.31853	-0.00539	7.38	6.29	Maggotts
3616	3616.0	2407.142	21.650	1704.004	-0.32508	-0.00525	7.31	6.41	Maggotts
3617	3617.0	2406.819	21.654	1704.950	-0.33126	-0.00503	7.24	6.53	Maggotts
3618	3618.0	2406.491	21.658	1705.895	-0.33692	-0.00474	7.17	6.66	Maggotts
3619	3619.0	2406.158	21.663	1706.838	-0.34200	-0.00437	7.09	6.78	Maggotts
3620	3620.0	2405.820	21.668	1707.779	-0.34649	-0.00394	7.00	6.90	Maggotts
3621	3621.0	2405.479	21.673	1708.719	-0.35035	-0.00348	6.91	7.01	Maggotts
3622	3622.0	2405.134	21.678	1709.657	-0.35358	-0.00299	6.82	7.10	Maggotts
3623	3623.0	2404.786	21.684	1710.595	-0.35619	-0.00249	6.71	7.17	Maggotts
3624	3624.0	2404.437	21.690	1711.532	-0.35820	-0.00200	6.61	7.21	Maggotts
3625	3625.0	2404.085	21.696	1712.468	-0.35966	-0.00153	6.51	7.21	Maggotts
3626	3626.0	2403.732	21.702	1713.404	-0.36064	-0.00108	6.43	7.18	Maggotts
3627	3627.0	2403.379	21.708	1714.339	-0.36120	-0.00065	6.36	7.11	Maggotts
3628	3628.0	2403.026	21.715	1715.275	-0.36138	-0.00026	6.33	7.00	Maggotts
3629	3629.0	2402.672	21.722	1716.210	-0.36122	0.00010	6.33	6.86	Maggotts
3630	3630.0	2402.319	21.729	1717.146	-0.36074	0.00043	6.37	6.70	Maggotts
3631	3631.0	2401.966	21.736	1718.082	-0.35997	0.00073	6.45	6.53	Maggotts
3632	3632.0	2401.615	21.743	1719.018	-0.35891	0.00099	6.57	6.35	Maggotts
3633	3633.0	2401.264	21.750	1719.954	-0.35756	0.00122	6.72	6.17	Maggotts
3634	3634.0	2400.915	21.757	1720.891	-0.35594	0.00141	6.89	6.01	Maggotts
3635	3635.0	2400.567	21.765	1721.829	-0.35409	0.00156	7.07	5.87	Maggotts
3636	3636.0	2400.221	21.772	1722.767	-0.35205	0.00166	7.25	5.74	Maggotts
3637	3637.0	2399.877	21.780	1723.706	-0.34989	0.00173	7.42	5.63	Maggotts
3638	3638.0	2399.535	21.788	1724.646	-0.34770	0.00175	7.57	5.54	Maggotts
3639	3639.0	2399.196	21.795	1725.586	-0.34555	0.00173	7.71	5.46	Maggotts
3640	3640.0	2398.858	21.803	1726.528	-0.34352	0.00167	7.82	5.39	Maggotts
3641	3641.0	2398.522	21.811	1727.470	-0.34165	0.00157	7.90	5.33	Maggotts
3642	3642.0	2398.188	21.818	1728.412	-0.33997	0.00146	7.97	5.28	Maggotts
3643	3643.0	2397.855	21.826	1729.355	-0.33848	0.00132	8.02	5.23	Maggotts
3644	3644.0	2397.524	21.834	1730.299	-0.33720	0.00116	8.05	5.19	Maggotts
3645	3645.0	2397.193	21.841	1731.243	-0.33611	0.00100	8.07	5.17	Maggotts
3646	3646.0	2396.864	21.849	1732.187	-0.33520	0.00083	8.08	5.15	Maggotts
3647	3647.0	2396.536	21.856	1733.131	-0.33448	0.00067	8.09	5.15	Maggotts
3648	3648.0	2396.208	21.863	1734.076	-0.33394	0.00051	8.08	5.17	Maggotts
3649	3649.0	2395.880	21.870	1735.021	-0.33358	0.00035	8.08	5.19	Maggotts
3650	3650.0	2395.553	21.877	1735.966	-0.33340	0.00021	8.07	5.23	Maggotts
3651	3651.0	2395.226	21.884	1736.911	-0.33339	0.00009	8.06	5.27	Maggotts
3652	3652.0	2394.898	21.891	1737.855	-0.33354	-0.00002	8.05	5.31	Maggotts
3653	3653.0	2394.571	21.898	1738.800	-0.33383	-0.00010	8.04	5.36	Maggotts
3654	3654.0	2394.243	21.905	1739.745	-0.33421	-0.00017	8.03	5.40	Maggotts
3655	3655.0	2393.915	21.911	1740.690	-0.33464	-0.00021	8.01	5.43	Maggotts
3656	3656.0	2393.586	21.918	1741.634	-0.33508	-0.00024	7.99	5.46	Maggotts
3657	3657.0	2393.257	21.924	1742.578	-0.33547	-0.00025	7.97	5.49	Maggotts
3658	3658.0	2392.928	21.931	1743.523	-0.33579	-0.00024	7.95	5.51	Maggotts
3659	3659.0	2392.598	21.937	1744.467	-0.33604	-0.00023	7.93	5.52	Maggotts
3660	3660.0	2392.268	21.943	1745.411	-0.33623	-0.00021	7.91	5.53	Maggotts
3661	3661.0	2391.938	21.949	1746.355	-0.33637	-0.00020	7.89	5.54	Maggotts
3662	3662.0	2391.608	21.956	1747.299	-0.33649	-0.00019	7.87	5.54	Maggotts
3663	3663.0	2391.278	21.962	1748.243	-0.33660	-0.00018	7.85	5.54	Maggotts
3664	3664.0	2390.948	21.968	1749.187	-0.33672	-0.00018	7.83	5.54	Maggotts
3665	3665.0	2390.617	21.974	1750.130	-0.33685	-0.00019	7.82	5.55	Maggotts
3666	3666.0	2390.286	21.980	1751.074	-0.33698	-0.00022	7.81	5.55	Maggotts
3667	3667.0	2389.956	21.985	1752.018	-0.33711	-0.00025	7.80	5.55	Maggotts
3668	3668.0	2389.625	21.991	1752.962	-0.33724	-0.00031	7.79	5.56	Maggotts
3669	3669.0	2389.294	21.997	1753.905	-0.33739	-0.00037	7.79	5.56	Maggotts
3670	3670.0	2388.963	22.002	1754.849	-0.33758	-0.00045	7.79	5.57	Maggotts
3671	3671.0	2388.632	22.008	1755.792	-0.33786	-0.00054	7.79	5.57	Maggotts
3672	3672.0	2388.300	22.013	1756.736	-0.33828	-0.00062	7.80	5.58	Maggotts
3673	3673.0	2387.968	22.018	1757.679	-0.33891	-0.00069	7.81	5.58	Maggotts
3674	3674.0	2387.635	22.024	1758.622	-0.33979	-0.00073	7.83	5.58	Maggotts
3675	3675.0	2387.301	22.029	1759.565	-0.34097	-0.00072	7.84	5.58	Maggotts
3676	3676.0	2386.966	22.033	1760.507	-0.34239	-0.00066	7.86	5.57	Maggotts
3677	3677.0	2386.630	22.038	1761.448	-0.34395	-0.00052	7.87	5.57	Maggotts
3678	3678.0	2386.292	22.043	1762.390	-0.34547	-0.00031	7.88	5.56	Maggotts
3679	3679.0	2385.952	22.047	1763.330	-0.34669	-0.00002	7.89	5.55	Maggotts
3680	3680.0	2385.612	22.052	1764.271	-0.34736	0.00034	7.90	5.54	Maggotts
3681	3681.0	2385.272	22.057	1765.211	-0.34727	0.00077	7.90	5.52	Maggotts
3682	3682.0	2384.931	22.061	1766.151	-0.34636	0.00126	7.91	5.51	Maggotts
3683	3683.0	2384.593	22.065	1767.092	-0.34471	0.00180	7.91	5.49	Maggotts
3684	3684.0	2384.256	22.070	1768.034	-0.34248	0.00239	7.91	5.47	Maggotts
3685	3685.0	2383.921	22.074	1768.976	-0.33987	0.00304	7.91	5.45	Maggotts
3686	3686.0	2383.589	22.079	1769.919	-0.33698	0.00374	7.92	5.43	Maggotts
3687	3687.0	2383.260	22.083	1770.864	-0.33379	0.00450	7.93	5.41	Maggotts
3688	3688.0	2382.934	22.088	1771.809	-0.33012	0.00531	7.94	5.39	Maggotts
3689	3689.0	2382.611	22.093	1772.755	-0.32563	0.00614	7.96	5.37	Maggotts
3690	3690.0	2382.294	22.097	1773.704	-0.31994	0.00697	7.98	5.36	Maggotts
3691	3691.0	2381.982	22.102	1774.654	-0.31264	0.00774	8.00	5.36	Maggotts
3692	3692.0	2381.679	22.107	1775.607	-0.30350	0.00841	8.02	5.35	Maggotts
3693	3693.0	2381.385	22.111	1776.562	-0.29258	0.00892	8.04	5.36	Maggotts
3694	3694.0	2381.102	22.116	1777.522	-0.28026	0.00923	8.05	5.36	Maggotts
3695	3695.0	2380.832	22.121	1778.484	-0.26729	0.00932	8.06	5.37	Maggotts
3696	3696.0	2380.574	22.125	1779.451	-0.25456	0.00919	8.05	5.38	Maggotts
3697	3697.0	2380.328	22.130	1780.420	-0.24291	0.00887	8.04	5.39	Maggotts
3698	3698.0	2380.093	22.134	1781.392	-0.23295	0.00841	8.02	5.41	Maggotts
3699	3699.0	2379.866	22.139	1782.366	-0.22486	0.00789	8.00	5.43	Maggotts
3700	3700.0	2379.647	22.143	1783.342	-0.21850	0.00736	7.97	5.44	Maggotts
3701	3701.0	2379.433	22.147	1784.318	-0.21347	0.00690	7.95	5.46	Maggotts
3702	3702.0	2379.223	22.151	1785.296	-0.20924	0.00654	7.92	5.49	Maggotts
3703	3703.0	2379.017	22.155	1786.275	-0.20527	0.00632	7.91	5.51	Maggotts
3704	3704.0	2378.815	22.159	1787.254	-0.20101	0.00623	7.89	5.54	Maggotts
3705	3705.0	2378.618	22.162	1788.234	-0.19607	0.00625	7.89	5.57	Maggotts
3706	3706.0	2378.426	22.165	1789.216	-0.19017	0.00634	7.89	5.60	Maggotts
3707	3707.0	2378.240	22.168	1790.198	-0.18326	0.00645	7.91	5.64	Maggotts
3708	3708.0	2378.061	22.171	1791.182	-0.17550	0.00655	7.93	5.67	Maggotts
3709	3709.0	2377.891	22.174	1792.168	-0.16727	0.00659	7.95	5.71	Maggotts
3710	3710.0	2377.728	22.176	1793.154	-0.15901	0.00657	7.98	5.75	Maggotts
3711	3711.0	2377.574	22.178	1794.142	-0.15116	0.00647	8.01	5.79	Maggotts
3712	3712.0	2377.427	22.180	1795.131	-0.14406	0.00633	8.03	5.83	Maggotts
3713	3713.0	2377.287	22.182	1796.122	-0.13782	0.00615	8.06	5.86	Maggotts
3714	3714.0	2377.152	22.183	1797.113	-0.13240	0.00598	8.08	5.88	Maggotts
3715	3715.0	2377.023	22.184	1798.104	-0.12756	0.00583	8.10	5.90	Maggotts
3716	3716.0	2376.898	22.185	1799.096	-0.12301	0.00574	8.11	5.91	Maggotts
3717	3717.0	2376.777	22.186	1800.089	-0.11843	0.00572	8.11	5.91	Maggotts
3718	3718.0	2376.662	22.187	1801.082	-0.11359	0.00577	8.11	5.91	Maggotts
3719	3719.0	2376.551	22.187	1802.076	-0.10832	0.00588	8.10	5.90	Maggotts
3720	3720.0	2376.445	22.187	1803.071	-0.10259	0.00604	8.08	5.89	Maggotts
3721	3721.0	2376.346	22.187	1804.066	-0.09641	0.00625	8.06	5.88	Maggotts
3722	3722.0	2376.253	22.187	1805.061	-0.08987	0.00648	8.03	5.87	Maggotts
3723	3723.0	2376.167	22.186	1806.057	-0.08306	0.00674	8.00	5.86	Maggotts
3724	3724.0	2376.087	22.186	1807.054	-0.07607	0.00702	7.98	5.86	Maggotts
3725	3725.0	2376.014	22.185	1808.052	-0.06897	0.00732	7.95	5.85	Maggotts
3726	3726.0	2375.949	22.183	1809.050	-0.06178	0.00764	7.92	5.85	Maggotts
3727	3727.0	2375.891	22.182	1810.048	-0.05447	0.00800	7.90	5.86	Maggotts
3728	3728.0	2375.840	22.180	1811.047	-0.04692	0.00839	7.88	5.87	Maggotts
3729	3729.0	2375.797	22.178	1812.046	-0.03898	0.00880	7.86	5.88	Maggotts
3730	3730.0	2375.762	22.176	1813.045	-0.03047	0.00923	7.85	5.90	Maggotts
3731	3731.0	2375.736	22.173	1814.045	-0.02121	0.00966	7.84	5.93	Maggotts
3732	3732.0	2375.720	22.171	1815.045	-0.01113	0.01006	7.83	5.95	Maggotts
3733	3733.0	2375.714	22.168	1816.045	-0.00023	0.01043	7.82	5.98	Maggotts
3734	3734.0	2375.719	22.164	1817.045	0.01135	0.01073	7.82	6.01	Maggotts
3735	3735.0	2375.737	22.161	1818.044	0.02341	0.01096	7.82	6.05	Maggotts
3736	3736.0	2375.766	22.157	1819.044	0.03569	0.01110	7.81	6.08	Maggotts
3737	3737.0	2375.808	22.153	1820.043	0.04792	0.01117	7.81	6.12	Maggotts
3738	3738.0	2375.862	22.149	1821.042	0.05987	0.01118	7.81	6.15	Maggotts
3739	3739.0	2375.928	22.144	1822.039	0.07140	0.01115	7.82	6.18	Maggotts
3740	3740.0	2376.005	22.140	1823.036	0.08244	0.01111	7.83	6.20	Becketts
3741	3741.0	2376.093	22.135	1824.033	0.09301	0.01109	7.85	6.22	Becketts
3742	3742.0	2376.190	22.130	1825.028	0.10322	0.01110	7.88	6.23	Becketts
3743	3743.0	2376.299	22.124	1826.022	0.11324	0.01118	7.91	6.24	Becketts
3744	3744.0	2376.417	22.119	1827.015	0.12331	0.01131	7.95	6.24	Becketts
3745	3745.0	2376.544	22.113	1828.007	0.13371	0.01151	8.00	6.24	Becketts
3746	3746.0	2376.683	22.107	1828.997	0.14466	0.01175	8.05	6.23	Becketts
3747	3747.0	2376.833	22.101	1829.986	0.15635	0.01200	8.09	6.22	Becketts
3748	3748.0	2376.994	22.095	1830.973	0.16885	0.01224	8.13	6.22	Becketts
3749	3749.0	2377.169	22.088	1831.957	0.18208	0.01244	8.16	6.21	Becketts
3750	3750.0	2377.357	22.082	1832.939	0.19582	0.01257	8.19	6.21	Becketts
3751	3751.0	2377.558	22.075	1833.919	0.20977	0.01261	8.21	6.21	Becketts
3752	3752.0	2377.773	22.068	1834.896	0.22362	0.01254	8.22	6.22	Becketts
3753	3753.0	2378.001	22.061	1835.869	0.23714	0.01236	8.22	6.22	Becketts
3754	3754.0	2378.243	22.054	1836.839	0.25020	0.01208	8.21	6.24	Becketts
3755	3755.0	2378.497	22.046	1837.807	0.26279	0.01170	8.20	6.25	Becketts
3756	3756.0	2378.762	22.039	1838.771	0.27492	0.01125	8.18	6.26	Becketts
3757	3757.0	2379.040	22.031	1839.732	0.28657	0.01075	8.16	6.27	Becketts
3758	3758.0	2379.328	22.023	1840.689	0.29760	0.01025	8.14	6.28	Becketts
3759	3759.0	2379.626	22.016	1841.644	0.30778	0.00980	8.12	6.29	Becketts
3760	3760.0	2379.934	22.007	1842.595	0.31684	0.00943	8.10	6.29	Becketts
3761	3761.0	2380.249	21.999	1843.544	0.32462	0.00921	8.08	6.29	Becketts
3762	3762.0	2380.572	21.991	1844.491	0.33126	0.00916	8.06	6.29	Becketts
3763	3763.0	2380.900	21.982	1845.435	0.33722	0.00934	8.05	6.28	Becketts
3764	3764.0	2381.233	21.973	1846.378	0.34327	0.00973	8.05	6.26	Becketts
3765	3765.0	2381.573	21.964	1847.319	0.35027	0.01032	8.05	6.25	Becketts
3766	3766.0	2381.919	21.955	1848.257	0.35897	0.01108	8.05	6.24	Becketts
3767	3767.0	2382.275	21.946	1849.191	0.36980	0.01195	8.05	6.22	Becketts
3768	3768.0	2382.642	21.937	1850.121	0.38276	0.01285	8.04	6.21	Becketts
3769	3769.0	2383.022	21.927	1851.046	0.39754	0.01372	8.04	6.20	Becketts
3770	3770.0	2383.417	21.918	1851.965	0.41369	0.01448	8.02	6.19	Becketts
3771	3771.0	2383.826	21.908	1852.878	0.43075	0.01510	8.00	6.18	Becketts
3772	3772.0	2384.252	21.898	1853.782	0.44836	0.01552	7.98	6.18	Becketts
3773	3773.0	2384.693	21.889	1854.680	0.46623	0.01574	7.95	6.18	Becketts
3774	3774.0	2385.151	21.879	1855.569	0.48408	0.01576	7.91	6.18	Becketts
3775	3775.0	2385.624	21.869	1856.450	0.50159	0.01559	7.86	6.18	Becketts
3776	3776.0	2386.112	21.859	1857.323	0.51842	0.01526	7.82	6.19	Becketts
3777	3777.0	2386.615	21.849	1858.187	0.53427	0.01480	7.77	6.19	Becketts
3778	3778.0	2387.131	21.839	1859.044	0.54903	0.01424	7.72	6.20	Becketts
3779	3779.0	2387.659	21.829	1859.893	0.56276	0.01361	7.67	6.21	Becketts
3780	3780.0	2388.198	21.819	1860.735	0.57566	0.01292	7.61	6.22	Becketts
3781	3781.0	2388.747	21.809	1861.571	0.58799	0.01219	7.56	6.23	Becketts
3782	3782.0	2389.307	21.799	1862.399	0.59992	0.01142	7.52	6.24	Becketts
3783	3783.0	2389.876	21.790	1863.221	0.61148	0.01061	7.47	6.25	Becketts
3784	3784.0	2390.455	21.780	1864.037	0.62253	0.00976	7.42	6.26	Becketts
3785	3785.0	2391.043	21.770	1864.846	0.63283	0.00886	7.38	6.28	Becketts
3786	3786.0	2391.638	21.760	1865.650	0.64207	0.00793	7.34	6.29	Becketts
3787	3787.0	2392.240	21.750	1866.448	0.65001	0.00698	7.30	6.31	Becketts
3788	3788.0	2392.848	21.741	1867.242	0.65651	0.00603	7.26	6.33	Becketts
3789	3789.0	2393.461	21.731	1868.032	0.66156	0.00511	7.22	6.34	Becketts
3790	3790.0	2394.077	21.721	1868.820	0.66528	0.00424	7.18	6.36	Becketts
3791	3791.0	2394.696	21.711	1869.606	0.66790	0.00346	7.15	6.38	Becketts
3792	3792.0	2395.316	21.701	1870.390	0.66967	0.00277	7.12	6.39	Becketts
3793	3793.0	2395.937	21.691	1871.174	0.67088	0.00218	7.08	6.41	Becketts
3794	3794.0	2396.559	21.681	1871.957	0.67172	0.00171	7.05	6.42	Becketts
3795	3795.0	2397.182	21.671	1872.739	0.67237	0.00133	7.02	6.43	Becketts
3796	3796.0	2397.805	21.661	1873.521	0.67290	0.00105	6.99	6.45	Becketts
3797	3797.0	2398.428	21.651	1874.303	0.67337	0.00085	6.97	6.46	Becketts
3798	3798.0	2399.052	21.640	1875.085	0.67382	0.00071	6.94	6.46	Becketts
3799	3799.0	2399.676	21.630	1875.866	0.67425	0.00062	6.91	6.47	Becketts
3800	3800.0	2400.301	21.620	1876.647	0.67469	0.00056	6.88	6.47	Becketts
3801	3801.0	2400.926	21.609	1877.428	0.67513	0.00054	6.86	6.48	Becketts
3802	3802.0	2401.551	21.599	1878.208	0.67559	0.00054	6.84	6.48	Becketts
3803	3803.0	2402.176	21.588	1878.989	0.67606	0.00056	6.82	6.48	Becketts
3804	3804.0	2402.802	21.578	1879.768	0.67655	0.00060	6.81	6.48	Becketts
3805	3805.0	2403.428	21.567	1880.548	0.67708	0.00065	6.80	6.47	Becketts
3806	3806.0	2404.055	21.556	1881.327	0.67764	0.00072	6.80	6.47	Becketts
3807	3807.0	2404.682	21.546	1882.106	0.67826	0.00082	6.80	6.47	Becketts
3808	3808.0	2405.310	21.535	1882.885	0.67893	0.00094	6.80	6.46	Becketts
3809	3809.0	2405.938	21.525	1883.663	0.67968	0.00109	6.80	6.46	Becketts
3810	3810.0	2406.567	21.514	1884.440	0.68054	0.00126	6.81	6.46	Becketts
3811	3811.0	2407.197	21.504	1885.217	0.68153	0.00146	6.81	6.45	Becketts
3812	3812.0	2407.827	21.493	1885.993	0.68272	0.00168	6.82	6.45	Becketts
3813	3813.0	2408.458	21.483	1886.769	0.68417	0.00191	6.82	6.45	Becketts
3814	3814.0	2409.091	21.472	1887.543	0.68598	0.00211	6.82	6.45	Becketts
3815	3815.0	2409.725	21.462	1888.316	0.68824	0.00226	6.82	6.45	Becketts
3816	3816.0	2410.362	21.452	1889.088	0.69107	0.00233	6.81	6.45	Becketts
3817	3817.0	2411.000	21.441	1889.858	0.69449	0.00226	6.80	6.45	Becketts
3818	3818.0	2411.641	21.431	1890.625	0.69844	0.00204	6.78	6.45	Becketts
3819	3819.0	2412.286	21.421	1891.389	0.70271	0.00162	6.76	6.45	Becketts
3820	3820.0	2412.934	21.410	1892.151	0.70688	0.00098	6.74	6.45	Becketts
3821	3821.0	2413.585	21.400	1892.910	0.71041	0.00014	6.71	6.46	Becketts
3822	3822.0	2414.238	21.390	1893.667	0.71263	-0.00090	6.67	6.46	Becketts
3823	3823.0	2414.893	21.380	1894.423	0.71293	-0.00209	6.64	6.47	Becketts
3824	3824.0	2415.546	21.370	1895.180	0.71089	-0.00340	6.60	6.49	Becketts
3825	3825.0	2416.198	21.359	1895.939	0.70636	-0.00476	6.56	6.51	Becketts
3826	3826.0	2416.844	21.349	1896.701	0.69955	-0.00614	6.53	6.53	Becketts
3827	3827.0	2417.485	21.339	1897.469	0.69094	-0.00750	6.49	6.56	Becketts
3828	3828.0	2418.119	21.329	1898.243	0.68116	-0.00884	6.46	6.60	Becketts
3829	3829.0	2418.745	21.319	1899.023	0.67075	-0.01015	6.43	6.64	Becketts
3830	3830.0	2419.362	21.308	1899.809	0.66003	-0.01146	6.41	6.68	Becketts
3831	3831.0	2419.971	21.298	1900.603	0.64901	-0.01277	6.38	6.72	Becketts
3832	3832.0	2420.571	21.288	1901.403	0.63735	-0.01409	6.37	6.76	Becketts
3833	3833.0	2421.161	21.277	1902.210	0.62448	-0.01540	6.35	6.79	Becketts
3834	3834.0	2421.740	21.267	1903.025	0.60972	-0.01667	6.35	6.82	Becketts
3835	3835.0	2422.306	21.256	1903.849	0.59244	-0.01783	6.34	6.84	Becketts
3836	3836.0	2422.857	21.245	1904.684	0.57230	-0.01881	6.35	6.85	Becketts
3837	3837.0	2423.389	21.234	1905.531	0.54944	-0.01952	6.36	6.85	Becketts
3838	3838.0	2423.901	21.223	1906.390	0.52454	-0.01991	6.37	6.85	Becketts
3839	3839.0	2424.391	21.212	1907.262	0.49878	-0.01993	6.39	6.83	Becketts
3840	3840.0	2424.858	21.201	1908.146	0.47358	-0.01959	6.40	6.81	Becketts
3841	3841.0	2425.303	21.189	1909.041	0.45024	-0.01893	6.43	6.78	Becketts
3842	3842.0	2425.728	21.178	1909.946	0.42960	-0.01801	6.45	6.75	Becketts
3843	3843.0	2426.136	21.166	1910.859	0.41192	-0.01693	6.47	6.72	Becketts
3844	3844.0	2426.529	21.154	1911.779	0.39693	-0.01579	6.49	6.68	Becketts
3845	3845.0	2426.909	21.143	1912.704	0.38403	-0.01467	6.51	6.64	Becketts
3846	3846.0	2427.278	21.131	1913.633	0.37248	-0.01367	6.53	6.61	Becketts
3847	3847.0	2427.637	21.118	1914.567	0.36166	-0.01282	6.55	6.57	Becketts
3848	3848.0	2427.986	21.106	1915.504	0.35112	-0.01218	6.57	6.54	Becketts
3849	3849.0	2428.325	21.094	1916.445	0.34067	-0.01175	6.59	6.50	Becketts
3850	3850.0	2428.654	21.081	1917.389	0.33032	-0.01153	6.61	6.47	Becketts
3851	3851.0	2428.974	21.069	1918.337	0.32021	-0.01152	6.64	6.44	Becketts
3852	3852.0	2429.283	21.056	1919.287	0.31037	-0.01170	6.68	6.41	Becketts
3853	3853.0	2429.584	21.043	1920.241	0.30060	-0.01204	6.72	6.38	Becketts
3854	3854.0	2429.876	21.030	1921.198	0.29039	-0.01250	6.77	6.34	Becketts
3855	3855.0	2430.157	21.017	1922.157	0.27903	-0.01304	6.82	6.31	Becketts
3856	3856.0	2430.427	21.004	1923.120	0.26593	-0.01359	6.87	6.28	Becketts
3857	3857.0	2430.683	20.990	1924.087	0.25086	-0.01409	6.93	6.25	Becketts
3858	3858.0	2430.923	20.977	1925.057	0.23413	-0.01450	6.98	6.22	Becketts
3859	3859.0	2431.146	20.963	1926.032	0.21646	-0.01478	7.03	6.19	Becketts
3860	3860.0	2431.353	20.949	1927.011	0.19880	-0.01491	7.07	6.17	Becketts
3861	3861.0	2431.542	20.935	1927.993	0.18191	-0.01490	7.12	6.15	Becketts
3862	3862.0	2431.714	20.921	1928.978	0.16621	-0.01477	7.16	6.14	Becketts
3863	3863.0	2431.872	20.907	1929.965	0.15170	-0.01456	7.19	6.13	Becketts
3864	3864.0	2432.017	20.892	1930.955	0.13805	-0.01429	7.22	6.12	Becketts
3865	3865.0	2432.148	20.878	1931.946	0.12485	-0.01401	7.25	6.12	Becketts
3866	3866.0	2432.266	20.863	1932.939	0.11172	-0.01372	7.28	6.13	Becketts
3867	3867.0	2432.371	20.848	1933.933	0.09846	-0.01344	7.30	6.13	Becketts
3868	3868.0	2432.462	20.832	1934.929	0.08506	-0.01319	7.33	6.14	Becketts
3869	3869.0	2432.541	20.817	1935.926	0.07166	-0.01294	7.35	6.15	Becketts
3870	3870.0	2432.605	20.802	1936.924	0.05845	-0.01271	7.37	6.16	Becketts
3871	3871.0	2432.657	20.786	1937.923	0.04563	-0.01248	7.39	6.16	Becketts
3872	3872.0	2432.697	20.770	1938.922	0.03331	-0.01226	7.41	6.17	Becketts
3873	3873.0	2432.724	20.754	1939.922	0.02147	-0.01206	7.42	6.17	Becketts
3874	3874.0	2432.740	20.738	1940.921	0.00998	-0.01187	7.43	6.18	Becketts
3875	3875.0	2432.744	20.722	1941.921	-0.00136	-0.01169	7.44	6.18	Becketts
3876	3876.0	2432.737	20.706	1942.921	-0.01273	-0.01155	7.45	6.18	Becketts
3877	3877.0	2432.719	20.689	1943.921	-0.02423	-0.01144	7.46	6.18	Becketts
3878	3878.0	2432.688	20.673	1944.921	-0.03580	-0.01137	7.46	6.18	Becketts
3879	3879.0	2432.647	20.656	1945.920	-0.04725	-0.01137	7.47	6.18	Becketts
3880	3880.0	2432.594	20.640	1946.918	-0.05834	-0.01144	7.49	6.17	Becketts
3881	3881.0	2432.530	20.623	1947.916	-0.06889	-0.01163	7.50	6.17	Becketts
3882	3882.0	2432.456	20.607	1948.914	-0.07898	-0.01193	7.52	6.16	Becketts
3883	3883.0	2432.372	20.590	1949.910	-0.08891	-0.01236	7.54	6.15	Becketts
3884	3884.0	2432.279	20.574	1950.906	-0.09927	-0.01291	7.56	6.13	Becketts
3885	3885.0	2432.174	20.557	1951.900	-0.11068	-0.01357	7.58	6.11	Becketts
3886	3886.0	2432.058	20.541	1952.893	-0.12369	-0.01428	7.61	6.09	Becketts
3887	3887.0	2431.927	20.524	1953.885	-0.13857	-0.01501	7.64	6.07	Becketts
3888	3888.0	2431.781	20.508	1954.874	-0.15524	-0.01570	7.67	6.04	Becketts
3889	3889.0	2431.618	20.492	1955.861	-0.17331	-0.01631	7.70	6.01	Becketts
3890	3890.0	2431.437	20.476	1956.844	-0.19219	-0.01680	7.74	5.97	Chapel Curve
3891	3891.0	2431.236	20.460	1957.824	-0.21128	-0.01716	7.78	5.93	Chapel Curve
3892	3892.0	2431.017	20.444	1958.799	-0.23010	-0.01737	7.82	5.88	Chapel Curve
3893	3893.0	2430.780	20.428	1959.771	-0.24842	-0.01747	7.87	5.83	Chapel Curve
3894	3894.0	2430.526	20.412	1960.738	-0.26621	-0.01744	7.92	5.77	Chapel Curve
3895	3895.0	2430.254	20.396	1961.700	-0.28359	-0.01732	7.97	5.71	Chapel Curve
3896	3896.0	2429.966	20.381	1962.658	-0.30077	-0.01712	8.01	5.65	Chapel Curve
3897	3897.0	2429.662	20.365	1963.610	-0.31791	-0.01682	8.06	5.59	Chapel Curve
3898	3898.0	2429.341	20.349	1964.558	-0.33506	-0.01645	8.11	5.53	Chapel Curve
3899	3899.0	2429.004	20.334	1965.499	-0.35218	-0.01597	8.15	5.47	Chapel Curve
3900	3900.0	2428.651	20.319	1966.435	-0.36912	-0.01539	8.19	5.41	Chapel Curve
3901	3901.0	2428.282	20.303	1967.364	-0.38565	-0.01469	8.22	5.35	Chapel Curve
3902	3902.0	2427.899	20.288	1968.288	-0.40154	-0.01389	8.25	5.30	Chapel Curve
3903	3903.0	2427.501	20.273	1969.205	-0.41648	-0.01302	8.27	5.25	Chapel Curve
3904	3904.0	2427.090	20.258	1970.117	-0.43016	-0.01210	8.30	5.21	Chapel Curve
3905	3905.0	2426.667	20.244	1971.023	-0.44227	-0.01120	8.32	5.16	Chapel Curve
3906	3906.0	2426.234	20.229	1971.924	-0.45253	-0.01039	8.33	5.12	Chapel Curve
3907	3907.0	2425.792	20.214	1972.822	-0.46085	-0.00974	8.35	5.08	Chapel Curve
3908	3908.0	2425.344	20.200	1973.716	-0.46738	-0.00933	8.36	5.04	Chapel Curve
3909	3909.0	2424.891	20.186	1974.607	-0.47257	-0.00922	8.37	5.00	Chapel Curve
3910	3910.0	2424.434	20.172	1975.496	-0.47720	-0.00943	8.38	4.97	Chapel Curve
3911	3911.0	2423.973	20.158	1976.384	-0.48220	-0.00998	8.38	4.93	Chapel Curve
3912	3912.0	2423.506	20.145	1977.268	-0.48856	-0.01082	8.39	4.90	Chapel Curve
3913	3913.0	2423.034	20.131	1978.150	-0.49714	-0.01187	8.40	4.87	Chapel Curve
3914	3914.0	2422.553	20.118	1979.026	-0.50855	-0.01304	8.40	4.84	Chapel Curve
3915	3915.0	2422.060	20.105	1979.897	-0.52302	-0.01421	8.40	4.81	Chapel Curve
3916	3916.0	2421.554	20.092	1980.759	-0.54040	-0.01527	8.41	4.79	Chapel Curve
3917	3917.0	2421.031	20.079	1981.611	-0.56012	-0.01610	8.42	4.78	Chapel Curve
3918	3918.0	2420.491	20.066	1982.453	-0.58132	-0.01665	8.43	4.76	Chapel Curve
3919	3919.0	2419.933	20.054	1983.283	-0.60298	-0.01686	8.44	4.75	Chapel Curve
3920	3920.0	2419.357	20.041	1984.100	-0.62410	-0.01674	8.45	4.74	Chapel Curve
3921	3921.0	2418.764	20.029	1984.906	-0.64391	-0.01633	8.47	4.73	Chapel Curve
3922	3922.0	2418.156	20.017	1985.700	-0.66187	-0.01571	8.49	4.73	Chapel Curve
3923	3923.0	2417.535	20.006	1986.483	-0.67768	-0.01498	8.51	4.72	Chapel Curve
3924	3924.0	2416.903	19.994	1987.258	-0.69131	-0.01422	8.53	4.71	Chapel Curve
3925	3925.0	2416.260	19.983	1988.024	-0.70295	-0.01354	8.55	4.70	Chapel Curve
3926	3926.0	2415.610	19.972	1988.784	-0.71301	-0.01300	8.57	4.69	Chapel Curve
3927	3927.0	2414.952	19.961	1989.537	-0.72218	-0.01263	8.59	4.68	Chapel Curve
3928	3928.0	2414.288	19.950	1990.284	-0.73130	-0.01246	8.60	4.67	Chapel Curve
3929	3929.0	2413.616	19.940	1991.026	-0.74124	-0.01244	8.62	4.66	Chapel Curve
3930	3930.0	2412.937	19.929	1991.760	-0.75267	-0.01252	8.64	4.65	Chapel Curve
3931	3931.0	2412.249	19.919	1992.485	-0.76588	-0.01264	8.65	4.64	Chapel Curve
3932	3932.0	2411.551	19.909	1993.201	-0.78065	-0.01271	8.67	4.64	Chapel Curve
3933	3933.0	2410.842	19.899	1993.906	-0.79634	-0.01269	8.68	4.63	Chapel Curve
3934	3934.0	2410.121	19.889	1994.600	-0.81208	-0.01253	8.69	4.63	Chapel Curve
3935	3935.0	2409.390	19.880	1995.282	-0.82700	-0.01223	8.70	4.64	Chapel Curve
3936	3936.0	2408.650	19.870	1995.954	-0.84049	-0.01180	8.71	4.65	Chapel Curve
3937	3937.0	2407.900	19.860	1996.616	-0.85231	-0.01125	8.71	4.66	Chapel Curve
3938	3938.0	2407.144	19.851	1997.270	-0.86260	-0.01064	8.72	4.68	Chapel Curve
3939	3939.0	2406.381	19.841	1997.917	-0.87179	-0.00998	8.73	4.71	Chapel Curve
3940	3940.0	2405.613	19.832	1998.557	-0.88042	-0.00930	8.74	4.75	Chapel Curve
3941	3941.0	2404.839	19.822	1999.191	-0.88892	-0.00863	8.75	4.79	Chapel Curve
3942	3942.0	2404.060	19.813	1999.818	-0.89749	-0.00797	8.76	4.85	Chapel Curve
3943	3943.0	2403.276	19.803	2000.438	-0.90597	-0.00733	8.77	4.91	Chapel Curve
3944	3944.0	2402.486	19.794	2001.051	-0.91393	-0.00673	8.78	4.97	Chapel Curve
3945	3945.0	2401.692	19.784	2001.659	-0.92082	-0.00619	8.80	5.05	Chapel Curve
3946	3946.0	2400.894	19.774	2002.262	-0.92624	-0.00573	8.82	5.13	Chapel Curve
3947	3947.0	2400.093	19.764	2002.861	-0.93012	-0.00539	8.84	5.22	Chapel Curve
3948	3948.0	2399.291	19.754	2003.457	-0.93280	-0.00518	8.87	5.31	Chapel Curve
3949	3949.0	2398.487	19.744	2004.052	-0.93500	-0.00510	8.89	5.41	Chapel Curve
3950	3950.0	2397.682	19.734	2004.645	-0.93756	-0.00513	8.92	5.51	Chapel Curve
3951	3951.0	2396.875	19.724	2005.235	-0.94127	-0.00525	8.95	5.62	Chapel Curve
3952	3952.0	2396.065	19.714	2005.822	-0.94658	-0.00538	8.98	5.73	Chapel Curve
3953	3953.0	2395.252	19.703	2006.404	-0.95348	-0.00548	9.02	5.84	Chapel Curve
3954	3954.0	2394.434	19.693	2006.980	-0.96152	-0.00549	9.05	5.95	Chapel Curve
3955	3955.0	2393.612	19.683	2007.549	-0.96998	-0.00535	9.07	6.06	Chapel Curve
3956	3956.0	2392.784	19.672	2008.111	-0.97802	-0.00506	9.10	6.16	Chapel Curve
3957	3957.0	2391.953	19.662	2008.666	-0.98497	-0.00462	9.12	6.25	Chapel Curve
3958	3958.0	2391.118	19.651	2009.216	-0.99045	-0.00404	9.14	6.33	Chapel Curve
3959	3959.0	2390.280	19.641	2009.763	-0.99439	-0.00337	9.16	6.39	Chapel Curve
3960	3960.0	2389.441	19.631	2010.307	-0.99694	-0.00267	9.17	6.43	Chapel Curve
3961	3961.0	2388.601	19.620	2010.849	-0.99836	-0.00197	9.18	6.45	Chapel Curve
3962	3962.0	2387.760	19.610	2011.390	-0.99891	-0.00132	9.18	6.45	Chapel Curve
3963	3963.0	2386.919	19.599	2011.931	-0.99877	-0.00076	9.18	6.43	Chapel Curve
3964	3964.0	2386.078	19.588	2012.473	-0.99808	-0.00031	9.18	6.38	Chapel Curve
3965	3965.0	2385.238	19.578	2013.015	-0.99696	0.00002	9.17	6.30	Chapel Curve
3966	3966.0	2384.399	19.567	2013.558	-0.99557	0.00022	9.16	6.20	Chapel Curve
3967	3967.0	2383.560	19.556	2014.103	-0.99407	0.00031	9.14	6.09	Chapel Curve
3968	3968.0	2382.722	19.545	2014.649	-0.99269	0.00029	9.13	5.96	Chapel Curve
3969	3969.0	2381.885	19.534	2015.196	-0.99164	0.00018	9.11	5.83	Chapel Curve
3970	3970.0	2381.048	19.522	2015.743	-0.99108	0.00001	9.09	5.70	Chapel Curve
3971	3971.0	2380.212	19.511	2016.291	-0.99108	-0.00019	9.08	5.58	Chapel Curve
3972	3972.0	2379.375	19.499	2016.839	-0.99166	-0.00040	9.06	5.47	Chapel Curve
3973	3973.0	2378.538	19.488	2017.386	-0.99271	-0.00059	9.05	5.37	Chapel Curve
3974	3974.0	2377.700	19.476	2017.932	-0.99412	-0.00074	9.04	5.30	Chapel Curve
3975	3975.0	2376.861	19.464	2018.476	-0.99571	-0.00085	9.03	5.25	Chapel Curve
3976	3976.0	2376.022	19.452	2019.020	-0.99731	-0.00091	9.02	5.22	Chapel Curve
3977	3977.0	2375.181	19.440	2019.562	-0.99879	-0.00093	9.00	5.22	Chapel Curve
3978	3978.0	2374.340	19.427	2020.102	-1.00004	-0.00090	8.99	5.23	Chapel Curve
3979	3979.0	2373.498	19.415	2020.642	-1.00103	-0.00084	8.97	5.27	Chapel Curve
3980	3980.0	2372.656	19.403	2021.181	-1.00177	-0.00078	8.95	5.32	Chapel Curve
3981	3981.0	2371.813	19.390	2021.720	-1.00228	-0.00071	8.92	5.39	Chapel Curve
3982	3982.0	2370.971	19.378	2022.258	-1.00265	-0.00065	8.89	5.47	Chapel Curve
3983	3983.0	2370.128	19.365	2022.796	-1.00295	-0.00060	8.85	5.55	Chapel Curve
3984	3984.0	2369.284	19.353	2023.334	-1.00324	-0.00058	8.81	5.64	Chapel Curve
3985	3985.0	2368.441	19.340	2023.871	-1.00358	-0.00059	8.76	5.72	Chapel Curve
3986	3986.0	2367.598	19.327	2024.408	-1.00400	-0.00063	8.71	5.80	Chapel Curve
3987	3987.0	2366.754	19.315	2024.945	-1.00450	-0.00070	8.65	5.87	Chapel Curve
3988	3988.0	2365.910	19.302	2025.481	-1.00507	-0.00080	8.60	5.93	Chapel Curve
3989	3989.0	2365.065	19.289	2026.017	-1.00573	-0.00094	8.54	5.99	Chapel Curve
3990	3990.0	2364.221	19.276	2026.552	-1.00647	-0.00112	8.48	6.05	Chapel Curve
3991	3991.0	2363.376	19.263	2027.087	-1.00733	-0.00134	8.43	6.10	Chapel Curve
3992	3992.0	2362.530	19.251	2027.620	-1.00836	-0.00160	8.38	6.14	Chapel Curve
3993	3993.0	2361.684	19.238	2028.153	-1.00961	-0.00191	8.33	6.18	Chapel Curve
3994	3994.0	2360.837	19.225	2028.685	-1.01114	-0.00226	8.29	6.20	Chapel Curve
3995	3995.0	2359.989	19.213	2029.215	-1.01302	-0.00264	8.25	6.22	Chapel Curve
3996	3996.0	2359.140	19.200	2029.743	-1.01536	-0.00303	8.22	6.21	Chapel Curve
3997	3997.0	2358.290	19.188	2030.270	-1.01830	-0.00341	8.19	6.19	Chapel Curve
3998	3998.0	2357.438	19.176	2030.793	-1.02200	-0.00373	8.17	6.16	Chapel Curve
3999	3999.0	2356.583	19.164	2031.313	-1.02662	-0.00398	8.15	6.10	Chapel Curve
4000	4000.0	2355.726	19.152	2031.828	-1.03216	-0.00410	8.14	6.03	Chapel Curve
4001	4001.0	2354.866	19.140	2032.339	-1.03841	-0.00408	8.13	5.95	Chapel Curve
4002	4002.0	2354.003	19.129	2032.844	-1.04494	-0.00390	8.13	5.87	Chapel Curve
4003	4003.0	2353.137	19.118	2033.343	-1.05111	-0.00356	8.13	5.78	Chapel Curve
4004	4004.0	2352.267	19.108	2033.837	-1.05630	-0.00309	8.13	5.70	Chapel Curve
4005	4005.0	2351.396	19.098	2034.327	-1.06003	-0.00250	8.14	5.63	Chapel Curve
4006	4006.0	2350.522	19.088	2034.814	-1.06215	-0.00184	8.15	5.56	Chapel Curve
4007	4007.0	2349.649	19.079	2035.301	-1.06282	-0.00115	8.16	5.50	Chapel Curve
4008	4008.0	2348.775	19.069	2035.787	-1.06241	-0.00044	8.18	5.45	Chapel Curve
4009	4009.0	2347.902	19.061	2036.274	-1.06139	0.00026	8.20	5.41	Chapel Curve
4010	4010.0	2347.029	19.052	2036.763	-1.06014	0.00096	8.22	5.38	Chapel Curve
4011	4011.0	2346.157	19.044	2037.252	-1.05884	0.00165	8.24	5.35	Chapel Curve
4012	4012.0	2345.285	19.036	2037.742	-1.05748	0.00236	8.26	5.33	Chapel Curve
4013	4013.0	2344.415	19.028	2038.234	-1.05584	0.00310	8.29	5.31	Chapel Curve
4014	4014.0	2343.545	19.021	2038.727	-1.05358	0.00386	8.31	5.29	Chapel Curve
4015	4015.0	2342.676	19.014	2039.223	-1.05031	0.00466	8.33	5.27	Chapel Curve
4016	4016.0	2341.810	19.007	2039.722	-1.04573	0.00547	8.36	5.26	Chapel Curve
4017	4017.0	2340.946	19.000	2040.225	-1.03969	0.00626	8.38	5.24	Chapel Curve
4018	4018.0	2340.085	18.993	2040.735	-1.03222	0.00700	8.40	5.22	Chapel Curve
4019	4019.0	2339.229	18.986	2041.251	-1.02357	0.00765	8.42	5.20	Chapel Curve
4020	4020.0	2338.377	18.980	2041.776	-1.01406	0.00818	8.44	5.19	Chapel Curve
4021	4021.0	2337.531	18.973	2042.308	-1.00405	0.00855	8.47	5.18	Chapel Curve
4022	4022.0	2336.690	18.967	2042.849	-0.99384	0.00873	8.50	5.18	Chapel Curve
4023	4023.0	2335.854	18.961	2043.399	-0.98355	0.00871	8.52	5.19	Chapel Curve
4024	4024.0	2335.025	18.955	2043.957	-0.97321	0.00847	8.56	5.22	Chapel Curve
4025	4025.0	2334.201	18.949	2044.524	-0.96278	0.00801	8.59	5.25	Chapel Curve
4026	4026.0	2333.384	18.943	2045.100	-0.95240	0.00736	8.63	5.31	Chapel Curve
4027	4027.0	2332.572	18.938	2045.684	-0.94253	0.00655	8.67	5.38	Chapel Curve
4028	4028.0	2331.765	18.932	2046.275	-0.93397	0.00567	8.71	5.47	Chapel Curve
4029	4029.0	2330.964	18.927	2046.873	-0.92774	0.00481	8.75	5.56	Chapel Curve
4030	4030.0	2330.165	18.922	2047.475	-0.92458	0.00405	8.80	5.67	Chapel Curve
4031	4031.0	2329.367	18.918	2048.077	-0.92461	0.00351	8.84	5.79	Chapel Curve
4032	4032.0	2328.568	18.914	2048.679	-0.92702	0.00326	8.88	5.90	Chapel Curve
4033	4033.0	2327.767	18.909	2049.278	-0.93024	0.00334	8.93	6.00	Chapel Curve
4034	4034.0	2326.965	18.906	2049.874	-0.93237	0.00373	8.97	6.10	Chapel Curve
4035	4035.0	2326.161	18.902	2050.470	-0.93186	0.00440	9.01	6.18	Chapel Curve
4036	4036.0	2325.359	18.898	2051.067	-0.92794	0.00527	9.05	6.24	Chapel Curve
4037	4037.0	2324.561	18.895	2051.669	-0.92077	0.00624	9.09	6.28	Chapel Curve
4038	4038.0	2323.767	18.892	2052.277	-0.91119	0.00720	9.13	6.31	Chapel Curve
4039	4039.0	2322.980	18.889	2052.894	-0.90032	0.00809	9.16	6.31	Chapel Curve
4040	4040.0	2322.200	18.887	2053.520	-0.88909	0.00885	9.19	6.31	Chapel Curve
4041	4041.0	2321.427	18.884	2054.155	-0.87808	0.00946	9.22	6.28	Chapel Curve
4042	4042.0	2320.661	18.881	2054.797	-0.86742	0.00991	9.25	6.25	Chapel Curve
4043	4043.0	2319.902	18.879	2055.448	-0.85699	0.01023	9.28	6.20	Chapel Curve
4044	4044.0	2319.149	18.877	2056.107	-0.84656	0.01043	9.30	6.14	Chapel Curve
4045	4045.0	2318.404	18.874	2056.773	-0.83591	0.01055	9.32	6.07	Chapel Curve
4046	4046.0	2317.666	18.872	2057.448	-0.82497	0.01060	9.35	5.99	Chapel Curve
4047	4047.0	2316.935	18.870	2058.130	-0.81383	0.01061	9.37	5.90	Chapel Curve
4048	4048.0	2316.212	18.867	2058.821	-0.80269	0.01059	9.38	5.82	Chapel Curve
4049	4049.0	2315.496	18.865	2059.520	-0.79180	0.01057	9.40	5.73	Chapel Curve
4050	4050.0	2314.788	18.863	2060.226	-0.78133	0.01055	9.41	5.65	Chapel Curve
4051	4051.0	2314.088	18.860	2060.940	-0.77134	0.01056	9.42	5.59	Chapel Curve
4052	4052.0	2313.394	18.858	2061.660	-0.76168	0.01059	9.43	5.55	Chapel Curve
4053	4053.0	2312.708	18.855	2062.387	-0.75206	0.01064	9.43	5.53	Chapel Curve
4054	4054.0	2312.028	18.852	2063.121	-0.74212	0.01070	9.43	5.54	Chapel Curve
4055	4055.0	2311.356	18.849	2063.861	-0.73156	0.01076	9.42	5.57	Chapel Curve
4056	4056.0	2310.692	18.846	2064.609	-0.72026	0.01078	9.40	5.64	Chapel Curve
4057	4057.0	2310.037	18.843	2065.364	-0.70832	0.01075	9.38	5.72	Chapel Curve
4058	4058.0	2309.391	18.840	2066.128	-0.69606	0.01065	9.35	5.82	Chapel Curve
4059	4059.0	2308.754	18.837	2066.899	-0.68391	0.01046	9.31	5.93	Chapel Curve
4060	4060.0	2308.127	18.833	2067.678	-0.67230	0.01020	9.26	6.03	Chapel Curve
4061	4061.0	2307.509	18.830	2068.464	-0.66153	0.00988	9.21	6.13	Chapel Curve
4062	4062.0	2306.899	18.826	2069.256	-0.65174	0.00952	9.16	6.22	Chapel Curve
4063	4063.0	2306.296	18.823	2070.054	-0.64287	0.00914	9.09	6.29	Chapel Curve
4064	4064.0	2305.700	18.819	2070.857	-0.63476	0.00878	9.03	6.34	Chapel Curve
4065	4065.0	2305.110	18.815	2071.664	-0.62713	0.00844	8.96	6.36	Chapel Curve
4066	4066.0	2304.526	18.811	2072.476	-0.61971	0.00814	8.90	6.36	Chapel Curve
4067	4067.0	2303.948	18.807	2073.292	-0.61227	0.00788	8.83	6.34	Chapel Curve
4068	4068.0	2303.376	18.803	2074.113	-0.60470	0.00765	8.77	6.30	Chapel Curve
4069	4069.0	2302.811	18.798	2074.938	-0.59698	0.00745	8.70	6.24	Chapel Curve
4070	4070.0	2302.252	18.794	2075.767	-0.58921	0.00726	8.65	6.17	Chapel Curve
4071	4071.0	2301.700	18.789	2076.600	-0.58159	0.00708	8.59	6.10	Chapel Curve
4072	4072.0	2301.154	18.785	2077.438	-0.57430	0.00692	8.54	6.01	Chapel Curve
4073	4073.0	2300.613	18.780	2078.280	-0.56748	0.00678	8.49	5.93	Chapel Curve
4074	4074.0	2300.079	18.776	2079.125	-0.56117	0.00666	8.44	5.85	Chapel Curve
4075	4075.0	2299.549	18.771	2079.973	-0.55530	0.00659	8.39	5.77	Chapel Curve
4076	4076.0	2299.024	18.766	2080.824	-0.54971	0.00656	8.35	5.69	Chapel Curve
4077	4077.0	2298.504	18.761	2081.678	-0.54414	0.00656	8.30	5.62	Chapel Curve
4078	4078.0	2297.989	18.756	2082.535	-0.53833	0.00658	8.26	5.56	Chapel Curve
4079	4079.0	2297.479	18.751	2083.395	-0.53202	0.00658	8.21	5.50	Chapel Curve
4080	4080.0	2296.974	18.745	2084.259	-0.52506	0.00654	8.17	5.44	Chapel Curve
4081	4081.0	2296.476	18.740	2085.126	-0.51744	0.00642	8.12	5.39	Chapel Curve
4082	4082.0	2295.985	18.735	2085.997	-0.50932	0.00618	8.08	5.35	Chapel Curve
4083	4083.0	2295.501	18.730	2086.872	-0.50106	0.00580	8.03	5.31	Chapel Curve
4084	4084.0	2295.024	18.724	2087.751	-0.49316	0.00527	8.00	5.29	Chapel Curve
4085	4085.0	2294.554	18.719	2088.634	-0.48618	0.00461	7.96	5.26	Chapel Curve
4086	4086.0	2294.090	18.714	2089.519	-0.48059	0.00385	7.93	5.24	Chapel Curve
4087	4087.0	2293.630	18.709	2090.407	-0.47673	0.00303	7.91	5.23	Chapel Curve
4088	4088.0	2293.172	18.703	2091.296	-0.47465	0.00220	7.90	5.23	Chapel Curve
4089	4089.0	2292.716	18.698	2092.186	-0.47416	0.00141	7.89	5.22	Chapel Curve
4090	4090.0	2292.259	18.693	2093.076	-0.47492	0.00071	7.89	5.22	Chapel Curve
4091	4091.0	2291.801	18.688	2093.965	-0.47647	0.00013	7.90	5.23	Chapel Curve
4092	4092.0	2291.342	18.683	2094.853	-0.47838	-0.00033	7.92	5.23	Chapel Curve
4093	4093.0	2290.880	18.678	2095.740	-0.48033	-0.00064	7.93	5.23	Chapel Curve
4094	4094.0	2290.417	18.674	2096.626	-0.48212	-0.00084	7.95	5.24	Chapel Curve
4095	4095.0	2289.953	18.669	2097.512	-0.48363	-0.00093	7.98	5.24	Chapel Curve
4096	4096.0	2289.488	18.664	2098.397	-0.48486	-0.00094	8.00	5.25	Chapel Curve
4097	4097.0	2289.021	18.660	2099.282	-0.48583	-0.00089	8.02	5.25	Chapel Curve
4098	4098.0	2288.553	18.655	2100.166	-0.48660	-0.00081	8.05	5.26	Chapel Curve
4099	4099.0	2288.086	18.650	2101.050	-0.48721	-0.00072	8.07	5.26	Chapel Curve
4100	4100.0	2287.617	18.646	2101.933	-0.48771	-0.00062	8.10	5.27	Chapel Curve
4101	4101.0	2287.148	18.641	2102.816	-0.48813	-0.00053	8.12	5.28	Chapel Curve
4102	4102.0	2286.679	18.636	2103.699	-0.48848	-0.00045	8.15	5.29	Chapel Curve
4103	4103.0	2286.210	18.631	2104.582	-0.48879	-0.00038	8.18	5.30	Chapel Curve
4104	4104.0	2285.740	18.626	2105.465	-0.48906	-0.00032	8.20	5.30	Chapel Curve
4105	4105.0	2285.270	18.622	2106.348	-0.48930	-0.00028	8.23	5.31	Chapel Curve
4106	4106.0	2284.800	18.617	2107.230	-0.48951	-0.00024	8.25	5.30	Chapel Curve
4107	4107.0	2284.330	18.612	2108.113	-0.48969	-0.00021	8.27	5.30	Chapel Curve
4108	4108.0	2283.859	18.607	2108.996	-0.48986	-0.00018	8.29	5.28	Chapel Curve
4109	4109.0	2283.389	18.602	2109.878	-0.49001	-0.00016	8.31	5.26	Chapel Curve
4110	4110.0	2282.918	18.596	2110.760	-0.49015	-0.00014	8.32	5.24	Chapel Curve
4111	4111.0	2282.447	18.591	2111.642	-0.49027	-0.00013	8.33	5.21	Chapel Curve
4112	4112.0	2281.977	18.586	2112.525	-0.49038	-0.00012	8.34	5.18	Chapel Curve
4113	4113.0	2281.505	18.581	2113.407	-0.49048	-0.00010	8.35	5.15	Chapel Curve
4114	4114.0	2281.034	18.576	2114.289	-0.49058	-0.00009	8.36	5.12	Chapel Curve
4115	4115.0	2280.563	18.570	2115.171	-0.49066	-0.00009	8.36	5.09	Chapel Curve
4116	4116.0	2280.092	18.565	2116.053	-0.49073	-0.00008	8.37	5.07	Chapel Curve
4117	4117.0	2279.621	18.560	2116.935	-0.49080	-0.00007	8.37	5.04	Chapel Curve
4118	4118.0	2279.149	18.555	2117.817	-0.49086	-0.00006	8.38	5.02	Chapel Curve
4119	4119.0	2278.678	18.549	2118.699	-0.49092	-0.00006	8.38	5.00	Chapel Curve
4120	4120.0	2278.206	18.544	2119.581	-0.49097	-0.00005	8.39	4.99	Chapel Curve
4121	4121.0	2277.735	18.539	2120.462	-0.49101	-0.00005	8.39	4.97	Chapel Curve
4122	4122.0	2277.263	18.534	2121.344	-0.49105	-0.00004	8.39	4.96	Chapel Curve
4123	4123.0	2276.792	18.529	2122.226	-0.49109	-0.00004	8.40	4.94	Chapel Curve
4124	4124.0	2276.320	18.524	2123.108	-0.49112	-0.00003	8.41	4.92	Chapel Curve
4125	4125.0	2275.849	18.519	2123.990	-0.49115	-0.00003	8.42	4.91	Chapel Curve
4126	4126.0	2275.377	18.515	2124.871	-0.49117	-0.00002	8.44	4.89	Chapel Curve
4127	4127.0	2274.905	18.510	2125.753	-0.49119	-0.00002	8.46	4.88	Chapel Curve
4128	4128.0	2274.434	18.506	2126.635	-0.49121	-0.00002	8.48	4.87	Chapel Curve
4129	4129.0	2273.962	18.502	2127.517	-0.49123	-0.00001	8.51	4.86	Chapel Curve
4130	4130.0	2273.490	18.497	2128.398	-0.49124	-0.00001	8.53	4.86	Chapel Curve
4131	4131.0	2273.018	18.494	2129.280	-0.49125	-0.00001	8.56	4.85	Chapel Curve
4132	4132.0	2272.547	18.490	2130.162	-0.49125	-0.00001	8.58	4.85	Chapel Curve
4133	4133.0	2272.075	18.486	2131.044	-0.49126	-0.00000	8.60	4.85	Chapel Curve
4134	4134.0	2271.603	18.482	2131.926	-0.49126	-0.00000	8.62	4.84	Chapel Curve
4135	4135.0	2271.132	18.479	2132.807	-0.49125	0.00000	8.63	4.83	Chapel Curve
4136	4136.0	2270.660	18.476	2133.689	-0.49125	0.00000	8.64	4.82	Chapel Curve
4137	4137.0	2270.188	18.472	2134.571	-0.49125	0.00001	8.64	4.81	Chapel Curve
4138	4138.0	2269.716	18.469	2135.452	-0.49124	0.00001	8.65	4.79	Chapel Curve
4139	4139.0	2269.245	18.466	2136.334	-0.49123	0.00001	8.65	4.77	Chapel Curve
4140	4140.0	2268.773	18.463	2137.216	-0.49121	0.00001	8.65	4.74	Chapel Curve
4141	4141.0	2268.301	18.460	2138.098	-0.49120	0.00001	8.65	4.71	Chapel Curve
4142	4142.0	2267.830	18.458	2138.979	-0.49119	0.00002	8.66	4.69	Chapel Curve
4143	4143.0	2267.358	18.455	2139.861	-0.49117	0.00002	8.66	4.66	Chapel Curve
4144	4144.0	2266.886	18.452	2140.743	-0.49115	0.00002	8.67	4.63	Chapel Curve
4145	4145.0	2266.415	18.449	2141.625	-0.49113	0.00002	8.67	4.60	Chapel Curve
4146	4146.0	2265.943	18.447	2142.507	-0.49110	0.00002	8.68	4.57	Chapel Curve
4147	4147.0	2265.471	18.444	2143.388	-0.49108	0.00003	8.69	4.55	Chapel Curve
4148	4148.0	2265.000	18.441	2144.270	-0.49105	0.00003	8.70	4.53	Chapel Curve
4149	4149.0	2264.528	18.439	2145.152	-0.49103	0.00003	8.71	4.51	Chapel Curve
4150	4150.0	2264.057	18.436	2146.034	-0.49100	0.00003	8.73	4.50	Chapel Curve
4151	4151.0	2263.585	18.433	2146.916	-0.49097	0.00003	8.74	4.49	Chapel Curve
4152	4152.0	2263.114	18.430	2147.798	-0.49093	0.00003	8.76	4.49	Chapel Curve
4153	4153.0	2262.642	18.428	2148.680	-0.49090	0.00003	8.78	4.48	Chapel Curve
4154	4154.0	2262.171	18.425	2149.562	-0.49086	0.00004	8.81	4.49	Chapel Curve
4155	4155.0	2261.699	18.422	2150.444	-0.49083	0.00004	8.83	4.49	Chapel Curve
4156	4156.0	2261.228	18.420	2151.325	-0.49079	0.00004	8.86	4.49	Chapel Curve
4157	4157.0	2260.757	18.417	2152.208	-0.49075	0.00004	8.89	4.50	Chapel Curve
4158	4158.0	2260.286	18.414	2153.089	-0.49071	0.00004	8.92	4.51	Chapel Curve
4159	4159.0	2259.814	18.412	2153.971	-0.49066	0.00004	8.95	4.52	Chapel Curve
4160	4160.0	2259.343	18.409	2154.854	-0.49062	0.00005	8.98	4.53	Chapel Curve
4161	4161.0	2258.872	18.406	2155.736	-0.49057	0.00005	9.01	4.54	Chapel Curve
4162	4162.0	2258.401	18.404	2156.618	-0.49053	0.00005	9.04	4.55	Chapel Curve
4163	4163.0	2257.930	18.401	2157.500	-0.49048	0.00005	9.06	4.56	Chapel Curve
4164	4164.0	2257.459	18.398	2158.382	-0.49043	0.00005	9.07	4.57	Chapel Curve
4165	4165.0	2256.988	18.396	2159.264	-0.49037	0.00005	9.09	4.57	Chapel Curve
4166	4166.0	2256.517	18.393	2160.146	-0.49032	0.00005	9.10	4.58	Chapel Curve
4167	4167.0	2256.046	18.390	2161.028	-0.49027	0.00006	9.10	4.59	Chapel Curve
4168	4168.0	2255.575	18.388	2161.911	-0.49021	0.00006	9.10	4.59	Chapel Curve
4169	4169.0	2255.104	18.385	2162.793	-0.49015	0.00006	9.10	4.60	Chapel Curve
4170	4170.0	2254.634	18.382	2163.675	-0.49009	0.00006	9.10	4.60	Chapel Curve
4171	4171.0	2254.163	18.379	2164.557	-0.49003	0.00006	9.10	4.61	Chapel Curve
4172	4172.0	2253.692	18.376	2165.440	-0.48997	0.00006	9.10	4.61	Chapel Curve
4173	4173.0	2253.222	18.374	2166.322	-0.48991	0.00006	9.10	4.61	Chapel Curve
4174	4174.0	2252.751	18.371	2167.204	-0.48984	0.00007	9.10	4.60	Chapel Curve
4175	4175.0	2252.281	18.368	2168.087	-0.48977	0.00007	9.10	4.60	Chapel Curve
4176	4176.0	2251.811	18.365	2168.969	-0.48971	0.00007	9.10	4.59	Chapel Curve
4177	4177.0	2251.340	18.362	2169.852	-0.48963	0.00007	9.10	4.58	Chapel Curve
4178	4178.0	2250.870	18.359	2170.734	-0.48956	0.00007	9.11	4.56	Chapel Curve
4179	4179.0	2250.400	18.356	2171.617	-0.48949	0.00007	9.12	4.55	Chapel Curve
4180	4180.0	2249.929	18.353	2172.500	-0.48941	0.00008	9.12	4.53	Chapel Curve
4181	4181.0	2249.459	18.350	2173.382	-0.48934	0.00008	9.13	4.51	Chapel Curve
4182	4182.0	2248.990	18.347	2174.265	-0.48926	0.00008	9.14	4.50	Chapel Curve
4183	4183.0	2248.520	18.344	2175.147	-0.48918	0.00008	9.15	4.48	Chapel Curve
4184	4184.0	2248.050	18.342	2176.030	-0.48909	0.00008	9.16	4.46	Chapel Curve
4185	4185.0	2247.580	18.339	2176.913	-0.48901	0.00009	9.17	4.44	Chapel Curve
4186	4186.0	2247.110	18.336	2177.796	-0.48892	0.00009	9.17	4.43	Chapel Curve
4187	4187.0	2246.641	18.333	2178.679	-0.48883	0.00009	9.18	4.41	Chapel Curve
4188	4188.0	2246.171	18.330	2179.562	-0.48874	0.00009	9.18	4.39	Chapel Curve
4189	4189.0	2245.701	18.327	2180.445	-0.48865	0.00009	9.18	4.38	Chapel Curve
4190	4190.0	2245.232	18.324	2181.328	-0.48856	0.00010	9.18	4.36	Chapel Curve
4191	4191.0	2244.763	18.321	2182.210	-0.48846	0.00010	9.18	4.34	Chapel Curve
4192	4192.0	2244.293	18.318	2183.094	-0.48836	0.00010	9.18	4.32	Chapel Curve
4193	4193.0	2243.824	18.315	2183.977	-0.48826	0.00010	9.18	4.30	Chapel Curve
4194	4194.0	2243.355	18.312	2184.860	-0.48815	0.00011	9.18	4.28	Chapel Curve
4195	4195.0	2242.886	18.308	2185.743	-0.48805	0.00011	9.19	4.26	Chapel Curve
4196	4196.0	2242.417	18.305	2186.626	-0.48794	0.00011	9.20	4.25	Chapel Curve
4197	4197.0	2241.949	18.302	2187.510	-0.48783	0.00011	9.20	4.23	Chapel Curve
4198	4198.0	2241.480	18.298	2188.393	-0.48771	0.00012	9.21	4.22	Chapel Curve
4199	4199.0	2241.012	18.295	2189.277	-0.48760	0.00012	9.22	4.21	Chapel Curve
4200	4200.0	2240.543	18.291	2190.160	-0.48748	0.00012	9.23	4.21	Chapel Curve
4201	4201.0	2240.075	18.288	2191.044	-0.48735	0.00012	9.24	4.21	Chapel Curve
4202	4202.0	2239.607	18.284	2191.927	-0.48723	0.00013	9.24	4.20	Chapel Curve
4203	4203.0	2239.138	18.280	2192.811	-0.48710	0.00013	9.25	4.20	Chapel Curve
4204	4204.0	2238.670	18.276	2193.695	-0.48697	0.00013	9.25	4.20	Chapel Curve
4205	4205.0	2238.203	18.272	2194.578	-0.48683	0.00014	9.25	4.19	Chapel Curve
4206	4206.0	2237.735	18.268	2195.462	-0.48670	0.00014	9.25	4.18	Chapel Curve
4207	4207.0	2237.267	18.264	2196.346	-0.48655	0.00014	9.25	4.17	Chapel Curve
4208	4208.0	2236.800	18.260	2197.230	-0.48641	0.00015	9.26	4.16	Chapel Curve
4209	4209.0	2236.332	18.256	2198.114	-0.48626	0.00015	9.26	4.15	Chapel Curve
4210	4210.0	2235.865	18.252	2198.998	-0.48611	0.00016	9.26	4.13	Chapel Curve
4211	4211.0	2235.398	18.248	2199.883	-0.48595	0.00016	9.26	4.12	Chapel Curve
4212	4212.0	2234.931	18.244	2200.767	-0.48579	0.00016	9.27	4.12	Chapel Curve
4213	4213.0	2234.464	18.240	2201.651	-0.48562	0.00017	9.28	4.11	Chapel Curve
4214	4214.0	2233.997	18.236	2202.536	-0.48545	0.00017	9.29	4.10	Chapel Curve
4215	4215.0	2233.531	18.231	2203.420	-0.48528	0.00018	9.30	4.10	Chapel Curve
4216	4216.0	2233.064	18.227	2204.305	-0.48510	0.00018	9.32	4.10	Chapel Curve
4217	4217.0	2232.598	18.223	2205.189	-0.48491	0.00019	9.34	4.09	Chapel Curve
4218	4218.0	2232.132	18.219	2206.074	-0.48472	0.00020	9.35	4.09	Chapel Curve
4219	4219.0	2231.666	18.215	2206.959	-0.48453	0.00020	9.37	4.08	Chapel Curve
4220	4220.0	2231.201	18.211	2207.844	-0.48432	0.00021	9.39	4.08	Chapel Curve
4221	4221.0	2230.735	18.207	2208.729	-0.48412	0.00021	9.40	4.08	Chapel Curve
4222	4222.0	2230.270	18.203	2209.614	-0.48390	0.00022	9.42	4.08	Chapel Curve
4223	4223.0	2229.805	18.198	2210.499	-0.48368	0.00023	9.43	4.08	Chapel Curve
4224	4224.0	2229.340	18.194	2211.385	-0.48345	0.00024	9.43	4.08	Chapel Curve
4225	4225.0	2228.875	18.190	2212.270	-0.48322	0.00024	9.43	4.08	Chapel Curve
4226	4226.0	2228.410	18.185	2213.156	-0.48297	0.00025	9.43	4.08	Chapel Curve
4227	4227.0	2227.946	18.181	2214.041	-0.48272	0.00026	9.43	4.08	Chapel Curve
4228	4228.0	2227.482	18.176	2214.927	-0.48246	0.00027	9.42	4.08	Chapel Curve
4229	4229.0	2227.018	18.172	2215.813	-0.48219	0.00028	9.41	4.07	Chapel Curve
4230	4230.0	2226.555	18.167	2216.699	-0.48191	0.00029	9.39	4.07	Chapel Curve
4231	4231.0	2226.091	18.162	2217.585	-0.48162	0.00029	9.38	4.07	Chapel Curve
4232	4232.0	2225.628	18.157	2218.472	-0.48132	0.00030	9.37	4.06	Chapel Curve
4233	4233.0	2225.165	18.152	2219.358	-0.48101	0.00031	9.36	4.06	Chapel Curve
4234	4234.0	2224.703	18.147	2220.245	-0.48068	0.00032	9.35	4.05	Chapel Curve
4235	4235.0	2224.241	18.142	2221.131	-0.48035	0.00032	9.35	4.05	Chapel Curve
4236	4236.0	2223.779	18.137	2222.018	-0.48001	0.00033	9.34	4.04	Chapel Curve
4237	4237.0	2223.317	18.132	2222.905	-0.47966	0.00033	9.34	4.04	Chapel Curve
4238	4238.0	2222.856	18.127	2223.792	-0.47931	0.00033	9.33	4.03	Chapel Curve
4239	4239.0	2222.395	18.121	2224.680	-0.47896	0.00033	9.33	4.03	Chapel Curve
4240	4240.0	2221.934	18.116	2225.568	-0.47862	0.00033	9.33	4.02	Chapel Curve
4241	4241.0	2221.474	18.111	2226.455	-0.47828	0.00033	9.33	4.02	Chapel Curve
4242	4242.0	2221.013	18.105	2227.343	-0.47795	0.00032	9.33	4.02	Chapel Curve
4243	4243.0	2220.554	18.100	2228.231	-0.47763	0.00032	9.33	4.02	Chapel Curve
4244	4244.0	2220.094	18.095	2229.119	-0.47731	0.00032	9.33	4.02	Chapel Curve
4245	4245.0	2219.635	18.089	2230.008	-0.47700	0.00031	9.33	4.02	Chapel Curve
4246	4246.0	2219.176	18.084	2230.896	-0.47670	0.00031	9.33	4.02	Chapel Curve
4247	4247.0	2218.717	18.078	2231.785	-0.47639	0.00030	9.33	4.02	Chapel Curve
4248	4248.0	2218.259	18.073	2232.673	-0.47610	0.00030	9.34	4.02	Chapel Curve
4249	4249.0	2217.801	18.067	2233.562	-0.47580	0.00030	9.34	4.02	Chapel Curve
4250	4250.0	2217.343	18.061	2234.451	-0.47550	0.00029	9.34	4.03	Chapel Curve
4251	4251.0	2216.885	18.056	2235.340	-0.47521	0.00029	9.34	4.03	Chapel Curve
4252	4252.0	2216.427	18.050	2236.229	-0.47492	0.00029	9.34	4.03	Chapel Curve
4253	4253.0	2215.970	18.045	2237.119	-0.47463	0.00029	9.34	4.03	Chapel Curve
4254	4254.0	2215.514	18.039	2238.009	-0.47435	0.00028	9.33	4.04	Chapel Curve
4255	4255.0	2215.057	18.033	2238.898	-0.47407	0.00028	9.33	4.04	Chapel Curve
4256	4256.0	2214.601	18.028	2239.788	-0.47379	0.00028	9.32	4.04	Chapel Curve
4257	4257.0	2214.144	18.022	2240.678	-0.47352	0.00027	9.31	4.04	Chapel Curve
4258	4258.0	2213.688	18.017	2241.568	-0.47324	0.00027	9.30	4.04	Chapel Curve
4259	4259.0	2213.233	18.011	2242.458	-0.47297	0.00027	9.30	4.04	Chapel Curve
4260	4260.0	2212.777	18.005	2243.348	-0.47271	0.00026	9.29	4.04	Chapel Curve
4261	4261.0	2212.322	18.000	2244.239	-0.47245	0.00026	9.28	4.05	Chapel Curve
4262	4262.0	2211.867	17.994	2245.129	-0.47219	0.00026	9.28	4.06	Chapel Curve
4263	4263.0	2211.413	17.988	2246.020	-0.47193	0.00025	9.28	4.07	Chapel Curve
4264	4264.0	2210.958	17.983	2246.911	-0.47168	0.00025	9.28	4.08	Chapel Curve
4265	4265.0	2210.504	17.977	2247.802	-0.47143	0.00025	9.28	4.09	Chapel Curve
4266	4266.0	2210.050	17.972	2248.692	-0.47119	0.00024	9.28	4.10	Chapel Curve
4267	4267.0	2209.596	17.966	2249.583	-0.47095	0.00024	9.28	4.12	Chapel Curve
4268	4268.0	2209.142	17.961	2250.475	-0.47071	0.00023	9.28	4.13	Chapel Curve
4269	4269.0	2208.689	17.955	2251.366	-0.47048	0.00023	9.27	4.14	Chapel Curve
4270	4270.0	2208.236	17.950	2252.257	-0.47025	0.00022	9.27	4.16	Chapel Curve
4271	4271.0	2207.783	17.944	2253.149	-0.47003	0.00022	9.27	4.17	Chapel Curve
4272	4272.0	2207.330	17.939	2254.041	-0.46981	0.00022	9.26	4.19	Chapel Curve
4273	4273.0	2206.877	17.933	2254.932	-0.46960	0.00021	9.26	4.20	Chapel Curve
4274	4274.0	2206.425	17.928	2255.824	-0.46939	0.00021	9.25	4.21	Chapel Curve
4275	4275.0	2205.972	17.923	2256.716	-0.46918	0.00020	9.24	4.23	Chapel Curve
4276	4276.0	2205.521	17.917	2257.608	-0.46898	0.00020	9.23	4.24	Chapel Curve
4277	4277.0	2205.069	17.912	2258.500	-0.46879	0.00019	9.22	4.25	Chapel Curve
4278	4278.0	2204.617	17.906	2259.392	-0.46860	0.00019	9.21	4.26	Chapel Curve
4279	4279.0	2204.165	17.901	2260.284	-0.46841	0.00018	9.21	4.27	Chapel Curve
4280	4280.0	2203.714	17.896	2261.177	-0.46823	0.00018	9.20	4.28	Chapel Curve
4281	4281.0	2203.263	17.890	2262.069	-0.46806	0.00017	9.20	4.29	Chapel Curve
4282	4282.0	2202.812	17.885	2262.962	-0.46789	0.00017	9.19	4.29	Chapel Curve
4283	4283.0	2202.361	17.880	2263.854	-0.46772	0.00016	9.19	4.30	Chapel Curve
4284	4284.0	2201.910	17.874	2264.747	-0.46756	0.00016	9.19	4.31	Chapel Curve
4285	4285.0	2201.459	17.869	2265.639	-0.46741	0.00015	9.18	4.32	Chapel Curve
4286	4286.0	2201.009	17.864	2266.532	-0.46726	0.00015	9.17	4.33	Chapel Curve
4287	4287.0	2200.558	17.858	2267.425	-0.46712	0.00014	9.16	4.34	Chapel Curve
4288	4288.0	2200.108	17.853	2268.318	-0.46698	0.00013	9.15	4.35	Chapel Curve
4289	4289.0	2199.658	17.848	2269.211	-0.46685	0.00013	9.13	4.36	Chapel Curve
4290	4290.0	2199.208	17.842	2270.104	-0.46672	0.00012	9.11	4.37	Chapel Curve
4291	4291.0	2198.758	17.837	2270.997	-0.46660	0.00012	9.08	4.38	Chapel Curve
4292	4292.0	2198.308	17.832	2271.890	-0.46649	0.00011	9.05	4.39	Chapel Curve
4293	4293.0	2197.859	17.827	2272.783	-0.46638	0.00011	9.03	4.41	Chapel Curve
4294	4294.0	2197.409	17.822	2273.677	-0.46627	0.00010	9.00	4.42	Chapel Curve
4295	4295.0	2196.959	17.817	2274.570	-0.46618	0.00009	8.98	4.43	Chapel Curve
4296	4296.0	2196.510	17.811	2275.463	-0.46608	0.00009	8.95	4.44	Chapel Curve
4297	4297.0	2196.061	17.806	2276.356	-0.46600	0.00008	8.93	4.46	Chapel Curve
4298	4298.0	2195.611	17.801	2277.250	-0.46592	0.00008	8.91	4.47	Chapel Curve
4299	4299.0	2195.162	17.796	2278.143	-0.46584	0.00007	8.90	4.49	Chapel Curve
4300	4300.0	2194.713	17.791	2279.037	-0.46578	0.00007	8.88	4.50	Chapel Curve
4301	4301.0	2194.264	17.786	2279.930	-0.46571	0.00006	8.86	4.52	Chapel Curve
4302	4302.0	2193.815	17.780	2280.824	-0.46566	0.00005	8.85	4.54	Chapel Curve
4303	4303.0	2193.366	17.775	2281.717	-0.46561	0.00005	8.84	4.56	Chapel Curve
4304	4304.0	2192.917	17.770	2282.611	-0.46556	0.00004	8.82	4.58	Chapel Curve
4305	4305.0	2192.468	17.764	2283.504	-0.46552	0.00004	8.81	4.60	Chapel Curve
4306	4306.0	2192.019	17.759	2284.398	-0.46549	0.00003	8.79	4.62	Chapel Curve
4307	4307.0	2191.570	17.753	2285.292	-0.46546	0.00002	8.78	4.64	Chapel Curve
4308	4308.0	2191.122	17.748	2286.185	-0.46544	0.00002	8.76	4.65	Chapel Curve
4309	4309.0	2190.673	17.742	2287.079	-0.46543	0.00001	8.74	4.67	Chapel Curve
4310	4310.0	2190.224	17.736	2287.973	-0.46542	0.00001	8.72	4.68	Chapel Curve
4311	4311.0	2189.775	17.730	2288.866	-0.46541	0.00000	8.70	4.69	Chapel Curve
4312	4312.0	2189.326	17.724	2289.760	-0.46541	-0.00000	8.68	4.70	Chapel Curve
4313	4313.0	2188.877	17.718	2290.654	-0.46542	-0.00001	8.66	4.70	Chapel Curve
4314	4314.0	2188.429	17.711	2291.547	-0.46543	-0.00002	8.63	4.71	Chapel Curve
4315	4315.0	2187.980	17.705	2292.441	-0.46545	-0.00002	8.61	4.71	Chapel Curve
4316	4316.0	2187.531	17.698	2293.334	-0.46548	-0.00003	8.58	4.72	Chapel Curve
4317	4317.0	2187.082	17.691	2294.228	-0.46551	-0.00003	8.55	4.72	Chapel Curve
4318	4318.0	2186.633	17.684	2295.122	-0.46554	-0.00004	8.52	4.73	Chapel Curve
4319	4319.0	2186.184	17.677	2296.015	-0.46558	-0.00004	8.49	4.74	Chapel Curve
4320	4320.0	2185.735	17.670	2296.909	-0.46563	-0.00005	8.47	4.75	Chapel Curve
4321	4321.0	2185.286	17.663	2297.802	-0.46568	-0.00005	8.44	4.76	Chapel Curve
4322	4322.0	2184.837	17.655	2298.696	-0.46574	-0.00006	8.42	4.77	Chapel Curve
4323	4323.0	2184.388	17.648	2299.589	-0.46580	-0.00006	8.39	4.78	Chapel Curve
4324	4324.0	2183.939	17.640	2300.483	-0.46587	-0.00007	8.37	4.79	Chapel Curve
4325	4325.0	2183.490	17.633	2301.376	-0.46594	-0.00007	8.35	4.81	Chapel Curve
4326	4326.0	2183.041	17.625	2302.270	-0.46602	-0.00008	8.34	4.83	Chapel Curve
4327	4327.0	2182.591	17.617	2303.163	-0.46610	-0.00008	8.32	4.84	Chapel Curve
4328	4328.0	2182.142	17.609	2304.056	-0.46619	-0.00009	8.31	4.86	Chapel Curve
4329	4329.0	2181.692	17.602	2304.949	-0.46628	-0.00009	8.29	4.88	Chapel Curve
4330	4330.0	2181.243	17.594	2305.843	-0.46638	-0.00010	8.28	4.89	Chapel Curve
4331	4331.0	2180.793	17.586	2306.736	-0.46648	-0.00010	8.28	4.90	Chapel Curve
4332	4332.0	2180.343	17.579	2307.629	-0.46659	-0.00011	8.27	4.92	Chapel Curve
4333	4333.0	2179.893	17.571	2308.522	-0.46670	-0.00011	8.26	4.93	Chapel Curve
4334	4334.0	2179.443	17.563	2309.415	-0.46681	-0.00012	8.26	4.94	Chapel Curve
4335	4335.0	2178.993	17.556	2310.308	-0.46693	-0.00012	8.26	4.95	Chapel Curve
4336	4336.0	2178.543	17.548	2311.201	-0.46706	-0.00013	8.26	4.96	Chapel Curve
4337	4337.0	2178.093	17.541	2312.094	-0.46719	-0.00013	8.25	4.98	Chapel Curve
4338	4338.0	2177.642	17.533	2312.987	-0.46732	-0.00013	8.25	4.99	Chapel Curve
4339	4339.0	2177.192	17.526	2313.879	-0.46746	-0.00014	8.25	5.01	Chapel Curve
4340	4340.0	2176.741	17.519	2314.772	-0.46760	-0.00014	8.25	5.03	Chapel Curve
4341	4341.0	2176.290	17.512	2315.665	-0.46774	-0.00015	8.25	5.05	Chapel Curve
4342	4342.0	2175.839	17.505	2316.557	-0.46789	-0.00015	8.25	5.07	Chapel Curve
4343	4343.0	2175.388	17.498	2317.450	-0.46804	-0.00015	8.24	5.09	Chapel Curve
4344	4344.0	2174.937	17.491	2318.342	-0.46820	-0.00016	8.23	5.12	Chapel Curve
4345	4345.0	2174.486	17.484	2319.234	-0.46836	-0.00016	8.23	5.14	Chapel Curve
4346	4346.0	2174.034	17.477	2320.127	-0.46852	-0.00016	8.22	5.16	Chapel Curve
4347	4347.0	2173.583	17.470	2321.019	-0.46868	-0.00017	8.21	5.18	Chapel Curve
4348	4348.0	2173.131	17.463	2321.911	-0.46885	-0.00017	8.21	5.21	Chapel Curve
4349	4349.0	2172.679	17.456	2322.803	-0.46903	-0.00017	8.20	5.23	Chapel Curve
4350	4350.0	2172.227	17.449	2323.695	-0.46920	-0.00017	8.21	5.26	Chapel Curve
4351	4351.0	2171.774	17.441	2324.587	-0.46938	-0.00017	8.21	5.29	Chapel Curve
4352	4352.0	2171.322	17.434	2325.479	-0.46956	-0.00018	8.23	5.33	Chapel Curve
4353	4353.0	2170.869	17.427	2326.371	-0.46975	-0.00017	8.26	5.38	Chapel Curve
4354	4354.0	2170.417	17.420	2327.262	-0.46993	-0.00017	8.31	5.44	Chapel Curve
4355	4355.0	2169.964	17.413	2328.154	-0.47012	-0.00017	8.37	5.51	Chapel Curve
4356	4356.0	2169.511	17.405	2329.045	-0.47031	-0.00016	8.45	5.59	Chapel Curve
4357	4357.0	2169.057	17.398	2329.937	-0.47049	-0.00015	8.54	5.67	Chapel Curve
4358	4358.0	2168.604	17.390	2330.828	-0.47066	-0.00014	8.64	5.76	Chapel Curve
4359	4359.0	2168.150	17.383	2331.719	-0.47082	-0.00013	8.74	5.85	Chapel Curve
4360	4360.0	2167.697	17.375	2332.610	-0.47095	-0.00012	8.84	5.92	Chapel Curve
4361	4361.0	2167.243	17.367	2333.501	-0.47107	-0.00010	8.92	5.99	Chapel Curve
4362	4362.0	2166.789	17.360	2334.392	-0.47116	-0.00009	8.98	6.03	Chapel Curve
4363	4363.0	2166.335	17.352	2335.283	-0.47123	-0.00008	9.01	6.05	Chapel Curve
4364	4364.0	2165.881	17.344	2336.175	-0.47128	-0.00006	9.00	6.05	Chapel Curve
4365	4365.0	2165.427	17.336	2337.065	-0.47132	-0.00005	8.96	6.02	Chapel Curve
4366	4366.0	2164.973	17.329	2337.956	-0.47135	-0.00004	8.88	5.97	Chapel Curve
4367	4367.0	2164.519	17.321	2338.847	-0.47137	-0.00004	8.78	5.91	Chapel Curve
4368	4368.0	2164.065	17.313	2339.738	-0.47138	-0.00003	8.65	5.83	Chapel Curve
4369	4369.0	2163.611	17.306	2340.629	-0.47140	-0.00002	8.52	5.75	Chapel Curve
4370	4370.0	2163.156	17.298	2341.520	-0.47142	-0.00002	8.39	5.68	Chapel Curve
4371	4371.0	2162.702	17.291	2342.411	-0.47143	-0.00002	8.27	5.61	Chapel Curve
4372	4372.0	2162.248	17.283	2343.302	-0.47145	-0.00002	8.15	5.54	Chapel Curve
4373	4373.0	2161.794	17.276	2344.193	-0.47146	-0.00002	8.06	5.49	Chapel Curve
4374	4374.0	2161.340	17.269	2345.084	-0.47148	-0.00002	7.98	5.46	Chapel Curve
4375	4375.0	2160.886	17.262	2345.975	-0.47149	-0.00002	7.92	5.43	Chapel Curve
4376	4376.0	2160.431	17.255	2346.865	-0.47151	-0.00002	7.88	5.41	Chapel Curve
4377	4377.0	2159.977	17.248	2347.757	-0.47152	-0.00002	7.84	5.40	Chapel Curve
4378	4378.0	2159.523	17.241	2348.647	-0.47154	-0.00002	7.82	5.39	Chapel Curve
4379	4379.0	2159.069	17.235	2349.538	-0.47156	-0.00002	7.80	5.39	Chapel Curve
4380	4380.0	2158.614	17.228	2350.429	-0.47157	-0.00002	7.78	5.40	Chapel Curve
4381	4381.0	2158.160	17.222	2351.320	-0.47159	-0.00002	7.77	5.40	Chapel Curve
4382	4382.0	2157.706	17.215	2352.211	-0.47160	-0.00002	7.76	5.41	Chapel Curve
4383	4383.0	2157.251	17.209	2353.102	-0.47162	-0.00002	7.75	5.42	Chapel Curve
4384	4384.0	2156.797	17.203	2353.992	-0.47164	-0.00002	7.74	5.43	Chapel Curve
4385	4385.0	2156.343	17.196	2354.883	-0.47165	-0.00002	7.72	5.45	Chapel Curve
4386	4386.0	2155.888	17.190	2355.774	-0.47167	-0.00002	7.71	5.46	Chapel Curve
4387	4387.0	2155.434	17.184	2356.665	-0.47169	-0.00002	7.70	5.47	Chapel Curve
4388	4388.0	2154.979	17.178	2357.556	-0.47170	-0.00002	7.69	5.49	Chapel Curve
4389	4389.0	2154.525	17.171	2358.447	-0.47172	-0.00002	7.68	5.50	Chapel Curve
4390	4390.0	2154.071	17.165	2359.337	-0.47174	-0.00002	7.67	5.52	Chapel Curve
4391	4391.0	2153.616	17.159	2360.228	-0.47176	-0.00002	7.66	5.53	Chapel Curve
4392	4392.0	2153.162	17.153	2361.119	-0.47178	-0.00002	7.65	5.55	Chapel Curve
4393	4393.0	2152.707	17.147	2362.010	-0.47179	-0.00002	7.64	5.56	Chapel Curve
4394	4394.0	2152.253	17.141	2362.900	-0.47181	-0.00002	7.63	5.58	Chapel Curve
4395	4395.0	2151.798	17.135	2363.791	-0.47183	-0.00002	7.63	5.59	Chapel Curve
4396	4396.0	2151.344	17.129	2364.682	-0.47185	-0.00002	7.62	5.60	Chapel Curve
4397	4397.0	2150.889	17.123	2365.573	-0.47187	-0.00002	7.61	5.61	Chapel Curve
4398	4398.0	2150.435	17.117	2366.463	-0.47188	-0.00002	7.60	5.61	Chapel Curve
4399	4399.0	2149.980	17.110	2367.354	-0.47190	-0.00002	7.59	5.62	Chapel Curve
4400	4400.0	2149.526	17.104	2368.245	-0.47192	-0.00002	7.58	5.62	Chapel Curve
4401	4401.0	2149.071	17.098	2369.135	-0.47194	-0.00002	7.58	5.63	Chapel Curve
4402	4402.0	2148.616	17.092	2370.026	-0.47196	-0.00002	7.57	5.63	Chapel Curve
4403	4403.0	2148.162	17.086	2370.917	-0.47198	-0.00002	7.56	5.64	Chapel Curve
4404	4404.0	2147.707	17.080	2371.807	-0.47200	-0.00002	7.56	5.64	Chapel Curve
4405	4405.0	2147.252	17.074	2372.698	-0.47202	-0.00002	7.56	5.65	Chapel Curve
4406	4406.0	2146.798	17.069	2373.589	-0.47204	-0.00002	7.56	5.65	Chapel Curve
4407	4407.0	2146.343	17.063	2374.479	-0.47206	-0.00002	7.55	5.66	Chapel Curve
4408	4408.0	2145.888	17.057	2375.370	-0.47208	-0.00002	7.55	5.67	Chapel Curve
4409	4409.0	2145.434	17.051	2376.260	-0.47210	-0.00002	7.55	5.68	Chapel Curve
4410	4410.0	2144.979	17.045	2377.151	-0.47212	-0.00002	7.55	5.69	Chapel Curve
4411	4411.0	2144.524	17.039	2378.042	-0.47214	-0.00002	7.54	5.69	Chapel Curve
4412	4412.0	2144.069	17.033	2378.932	-0.47216	-0.00002	7.53	5.70	Chapel Curve
4413	4413.0	2143.614	17.027	2379.823	-0.47218	-0.00002	7.52	5.71	Chapel Curve
4414	4414.0	2143.159	17.021	2380.713	-0.47221	-0.00002	7.51	5.72	Chapel Curve
4415	4415.0	2142.705	17.015	2381.604	-0.47223	-0.00002	7.50	5.72	Chapel Curve
4416	4416.0	2142.250	17.009	2382.495	-0.47225	-0.00002	7.49	5.73	Chapel Curve
4417	4417.0	2141.795	17.003	2383.385	-0.47227	-0.00002	7.48	5.73	Chapel Curve
4418	4418.0	2141.340	16.998	2384.276	-0.47229	-0.00002	7.47	5.74	Chapel Curve
4419	4419.0	2140.885	16.992	2385.166	-0.47232	-0.00002	7.46	5.75	Chapel Curve
4420	4420.0	2140.430	16.986	2386.057	-0.47234	-0.00002	7.44	5.75	Chapel Curve
4421	4421.0	2139.975	16.980	2386.947	-0.47236	-0.00002	7.43	5.76	Chapel Curve
4422	4422.0	2139.520	16.974	2387.838	-0.47239	-0.00002	7.42	5.76	Chapel Curve
4423	4423.0	2139.065	16.968	2388.728	-0.47241	-0.00002	7.41	5.77	Chapel Curve
4424	4424.0	2138.610	16.962	2389.619	-0.47243	-0.00002	7.40	5.78	Chapel Curve
4425	4425.0	2138.155	16.956	2390.509	-0.47246	-0.00002	7.40	5.78	Chapel Curve
4426	4426.0	2137.700	16.950	2391.400	-0.47248	-0.00002	7.39	5.79	Chapel Curve
4427	4427.0	2137.245	16.944	2392.290	-0.47251	-0.00002	7.38	5.80	Chapel Curve
4428	4428.0	2136.790	16.938	2393.180	-0.47253	-0.00002	7.38	5.81	Chapel Curve
4429	4429.0	2136.334	16.932	2394.071	-0.47256	-0.00003	7.37	5.82	Chapel Curve
4430	4430.0	2135.879	16.927	2394.961	-0.47258	-0.00003	7.36	5.82	Chapel Curve
4431	4431.0	2135.424	16.921	2395.852	-0.47261	-0.00003	7.35	5.83	Chapel Curve
4432	4432.0	2134.969	16.915	2396.742	-0.47263	-0.00003	7.34	5.84	Chapel Curve
4433	4433.0	2134.514	16.909	2397.632	-0.47266	-0.00003	7.33	5.85	Chapel Curve
4434	4434.0	2134.058	16.903	2398.523	-0.47269	-0.00003	7.32	5.86	Chapel Curve
4435	4435.0	2133.603	16.897	2399.413	-0.47271	-0.00003	7.32	5.87	Chapel Curve
4436	4436.0	2133.148	16.891	2400.303	-0.47274	-0.00003	7.31	5.88	Chapel Curve
4437	4437.0	2132.692	16.885	2401.194	-0.47277	-0.00003	7.30	5.89	Chapel Curve
4438	4438.0	2132.237	16.879	2402.084	-0.47280	-0.00003	7.30	5.90	Chapel Curve
4439	4439.0	2131.781	16.874	2402.974	-0.47282	-0.00003	7.30	5.91	Chapel Curve
4440	4440.0	2131.326	16.868	2403.865	-0.47285	-0.00003	7.30	5.92	Chapel Curve
4441	4441.0	2130.871	16.862	2404.755	-0.47288	-0.00003	7.30	5.93	Chapel Curve
4442	4442.0	2130.415	16.856	2405.645	-0.47291	-0.00003	7.30	5.93	Chapel Curve
4443	4443.0	2129.960	16.851	2406.535	-0.47294	-0.00003	7.29	5.94	Chapel Curve
4444	4444.0	2129.504	16.845	2407.426	-0.47297	-0.00003	7.28	5.95	Chapel Curve
4445	4445.0	2129.049	16.840	2408.316	-0.47300	-0.00003	7.28	5.96	Chapel Curve
4446	4446.0	2128.593	16.834	2409.206	-0.47303	-0.00003	7.26	5.97	Chapel Curve
4447	4447.0	2128.137	16.829	2410.096	-0.47306	-0.00003	7.25	5.98	Chapel Curve
4448	4448.0	2127.682	16.824	2410.986	-0.47309	-0.00003	7.24	5.98	Chapel Curve
4449	4449.0	2127.226	16.819	2411.876	-0.47312	-0.00003	7.22	5.99	Chapel Curve
4450	4450.0	2126.771	16.813	2412.767	-0.47316	-0.00003	7.20	6.00	Chapel Curve
4451	4451.0	2126.315	16.808	2413.657	-0.47319	-0.00003	7.18	6.00	Chapel Curve
4452	4452.0	2125.859	16.803	2414.547	-0.47322	-0.00003	7.17	6.01	Chapel Curve
4453	4453.0	2125.403	16.798	2415.437	-0.47326	-0.00003	7.15	6.01	Chapel Curve
4454	4454.0	2124.948	16.793	2416.327	-0.47329	-0.00003	7.13	6.02	Chapel Curve
4455	4455.0	2124.492	16.788	2417.217	-0.47332	-0.00003	7.11	6.02	Chapel Curve
4456	4456.0	2124.036	16.783	2418.107	-0.47336	-0.00004	7.09	6.03	Chapel Curve
4457	4457.0	2123.580	16.778	2418.997	-0.47339	-0.00004	7.07	6.04	Chapel Curve
4458	4458.0	2123.124	16.773	2419.887	-0.47343	-0.00004	7.05	6.04	Chapel Curve
4459	4459.0	2122.668	16.768	2420.777	-0.47347	-0.00004	7.03	6.05	Chapel Curve
4460	4460.0	2122.212	16.763	2421.667	-0.47350	-0.00004	7.01	6.06	Chapel Curve
4461	4461.0	2121.756	16.758	2422.557	-0.47354	-0.00004	6.99	6.07	Chapel Curve
4462	4462.0	2121.300	16.753	2423.447	-0.47358	-0.00004	6.97	6.08	Chapel Curve
4463	4463.0	2120.844	16.749	2424.337	-0.47362	-0.00004	6.95	6.09	Chapel Curve
4464	4464.0	2120.388	16.744	2425.227	-0.47366	-0.00004	6.93	6.10	Chapel Curve
4465	4465.0	2119.932	16.739	2426.117	-0.47370	-0.00004	6.91	6.11	Chapel Curve
4466	4466.0	2119.475	16.734	2427.007	-0.47374	-0.00004	6.90	6.13	Chapel Curve
4467	4467.0	2119.019	16.729	2427.897	-0.47378	-0.00004	6.88	6.14	Chapel Curve
4468	4468.0	2118.563	16.725	2428.786	-0.47382	-0.00004	6.87	6.15	Chapel Curve
4469	4469.0	2118.107	16.720	2429.676	-0.47386	-0.00004	6.86	6.16	Chapel Curve
4470	4470.0	2117.650	16.715	2430.566	-0.47391	-0.00004	6.86	6.17	Chapel Curve
4471	4471.0	2117.194	16.710	2431.456	-0.47395	-0.00004	6.85	6.18	Chapel Curve
4472	4472.0	2116.738	16.705	2432.346	-0.47400	-0.00005	6.84	6.19	Chapel Curve
4473	4473.0	2116.281	16.700	2433.235	-0.47404	-0.00005	6.84	6.19	Chapel Curve
4474	4474.0	2115.824	16.696	2434.125	-0.47409	-0.00005	6.83	6.20	Chapel Curve
4475	4475.0	2115.368	16.691	2435.015	-0.47414	-0.00005	6.83	6.20	Chapel Curve
4476	4476.0	2114.911	16.686	2435.905	-0.47418	-0.00005	6.83	6.21	Chapel Curve
4477	4477.0	2114.455	16.681	2436.794	-0.47423	-0.00005	6.82	6.21	Chapel Curve
4478	4478.0	2113.998	16.676	2437.684	-0.47428	-0.00005	6.81	6.22	Chapel Curve
4479	4479.0	2113.541	16.671	2438.573	-0.47433	-0.00005	6.81	6.22	Chapel Curve
4480	4480.0	2113.084	16.667	2439.463	-0.47439	-0.00005	6.80	6.23	Chapel Curve
4481	4481.0	2112.628	16.662	2440.353	-0.47444	-0.00005	6.78	6.23	Chapel Curve
4482	4482.0	2112.171	16.657	2441.242	-0.47449	-0.00005	6.77	6.24	Chapel Curve
4483	4483.0	2111.714	16.653	2442.132	-0.47455	-0.00006	6.76	6.24	Chapel Curve
4484	4484.0	2111.257	16.648	2443.021	-0.47460	-0.00006	6.75	6.25	Chapel Curve
4485	4485.0	2110.800	16.643	2443.910	-0.47466	-0.00006	6.73	6.26	Chapel Curve
4486	4486.0	2110.343	16.639	2444.800	-0.47472	-0.00006	6.72	6.26	Chapel Curve
4487	4487.0	2109.886	16.634	2445.689	-0.47478	-0.00006	6.71	6.27	Chapel Curve
4488	4488.0	2109.429	16.629	2446.579	-0.47484	-0.00006	6.70	6.28	Chapel Curve
4489	4489.0	2108.971	16.625	2447.468	-0.47490	-0.00006	6.69	6.28	Chapel Curve
4490	4490.0	2108.514	16.620	2448.357	-0.47496	-0.00006	6.68	6.29	Chapel Curve
4491	4491.0	2108.057	16.616	2449.247	-0.47503	-0.00007	6.67	6.30	Chapel Curve
4492	4492.0	2107.599	16.611	2450.136	-0.47509	-0.00007	6.66	6.30	Chapel Curve
4493	4493.0	2107.142	16.606	2451.025	-0.47516	-0.00007	6.65	6.31	Chapel Curve
4494	4494.0	2106.685	16.602	2451.914	-0.47523	-0.00007	6.64	6.31	Chapel Curve
4495	4495.0	2106.227	16.597	2452.803	-0.47530	-0.00007	6.64	6.32	Chapel Curve
4496	4496.0	2105.769	16.592	2453.693	-0.47537	-0.00007	6.63	6.32	Chapel Curve
4497	4497.0	2105.312	16.588	2454.582	-0.47545	-0.00008	6.62	6.32	Chapel Curve
4498	4498.0	2104.854	16.583	2455.471	-0.47552	-0.00008	6.62	6.32	Chapel Curve
4499	4499.0	2104.396	16.578	2456.360	-0.47560	-0.00008	6.62	6.33	Chapel Curve
4500	4500.0	2103.938	16.574	2457.249	-0.47568	-0.00008	6.61	6.33	Chapel Curve
4501	4501.0	2103.480	16.569	2458.138	-0.47576	-0.00008	6.61	6.33	Chapel Curve
4502	4502.0	2103.022	16.564	2459.027	-0.47585	-0.00009	6.61	6.34	Chapel Curve
4503	4503.0	2102.564	16.559	2459.916	-0.47593	-0.00009	6.61	6.34	Chapel Curve
4504	4504.0	2102.106	16.554	2460.804	-0.47602	-0.00009	6.61	6.34	Chapel Curve
4505	4505.0	2101.647	16.549	2461.693	-0.47611	-0.00009	6.61	6.35	Chapel Curve
4506	4506.0	2101.189	16.544	2462.582	-0.47621	-0.00010	6.61	6.35	Chapel Curve
4507	4507.0	2100.730	16.539	2463.471	-0.47630	-0.00010	6.61	6.36	Chapel Curve
4508	4508.0	2100.272	16.534	2464.360	-0.47640	-0.00010	6.61	6.36	Chapel Curve
4509	4509.0	2099.813	16.528	2465.248	-0.47651	-0.00011	6.61	6.36	Chapel Curve
4510	4510.0	2099.355	16.523	2466.137	-0.47661	-0.00011	6.61	6.36	Chapel Curve
4511	4511.0	2098.896	16.518	2467.025	-0.47672	-0.00011	6.61	6.37	Chapel Curve
4512	4512.0	2098.437	16.512	2467.914	-0.47683	-0.00012	6.61	6.37	Chapel Curve
4513	4513.0	2097.978	16.506	2468.802	-0.47695	-0.00012	6.61	6.37	Chapel Curve
4514	4514.0	2097.519	16.500	2469.690	-0.47707	-0.00013	6.61	6.37	Chapel Curve
4515	4515.0	2097.060	16.494	2470.579	-0.47720	-0.00013	6.60	6.37	Chapel Curve
4516	4516.0	2096.600	16.488	2471.467	-0.47733	-0.00014	6.60	6.38	Chapel Curve
4517	4517.0	2096.141	16.482	2472.355	-0.47746	-0.00014	6.59	6.38	Chapel Curve
4518	4518.0	2095.681	16.475	2473.243	-0.47760	-0.00015	6.59	6.39	Chapel Curve
4519	4519.0	2095.221	16.469	2474.132	-0.47774	-0.00016	6.58	6.39	Chapel Curve
4520	4520.0	2094.761	16.462	2475.020	-0.47790	-0.00016	6.57	6.40	Chapel Curve
4521	4521.0	2094.302	16.455	2475.907	-0.47805	-0.00017	6.56	6.40	Chapel Curve
4522	4522.0	2093.842	16.447	2476.795	-0.47822	-0.00018	6.55	6.41	Chapel Curve
4523	4523.0	2093.381	16.440	2477.683	-0.47840	-0.00020	6.54	6.41	Chapel Curve
4524	4524.0	2092.921	16.432	2478.571	-0.47859	-0.00021	6.53	6.42	Chapel Curve
4525	4525.0	2092.460	16.424	2479.458	-0.47879	-0.00022	6.52	6.42	Chapel Curve
4526	4526.0	2091.999	16.416	2480.346	-0.47901	-0.00023	6.51	6.43	Chapel Curve
4527	4527.0	2091.538	16.408	2481.233	-0.47926	-0.00025	6.50	6.43	Chapel Curve
4528	4528.0	2091.077	16.399	2482.121	-0.47952	-0.00026	6.49	6.43	Chapel Curve
4529	4529.0	2090.616	16.390	2483.008	-0.47980	-0.00027	6.48	6.43	Chapel Curve
4530	4530.0	2090.154	16.381	2483.895	-0.48010	-0.00028	6.47	6.43	Chapel Curve
4531	4531.0	2089.692	16.372	2484.781	-0.48041	-0.00029	6.46	6.43	Chapel Curve
4532	4532.0	2089.230	16.363	2485.668	-0.48073	-0.00030	6.46	6.43	Chapel Curve
4533	4533.0	2088.767	16.353	2486.555	-0.48105	-0.00030	6.45	6.43	Chapel Curve
4534	4534.0	2088.304	16.344	2487.441	-0.48137	-0.00031	6.45	6.43	Chapel Curve
4535	4535.0	2087.841	16.334	2488.328	-0.48169	-0.00031	6.45	6.43	Chapel Curve
4536	4536.0	2087.378	16.324	2489.214	-0.48200	-0.00031	6.45	6.43	Chapel Curve
4537	4537.0	2086.914	16.314	2490.100	-0.48232	-0.00030	6.45	6.44	Chapel Curve
4538	4538.0	2086.450	16.304	2490.986	-0.48263	-0.00030	6.45	6.44	Chapel Curve
4539	4539.0	2085.986	16.294	2491.871	-0.48293	-0.00030	6.45	6.45	Chapel Curve
4540	4540.0	2085.521	16.283	2492.757	-0.48323	-0.00029	6.45	6.46	Chapel Curve
4541	4541.0	2085.056	16.273	2493.642	-0.48352	-0.00029	6.45	6.46	Chapel Curve
4542	4542.0	2084.592	16.263	2494.528	-0.48381	-0.00028	6.45	6.46	Chapel Curve
4543	4543.0	2084.126	16.252	2495.413	-0.48409	-0.00027	6.45	6.47	Chapel Curve
4544	4544.0	2083.661	16.242	2496.298	-0.48437	-0.00027	6.45	6.47	Chapel Curve
4545	4545.0	2083.195	16.231	2497.183	-0.48464	-0.00026	6.45	6.46	Chapel Curve
4546	4546.0	2082.729	16.221	2498.067	-0.48490	-0.00025	6.45	6.46	Chapel Curve
4547	4547.0	2082.263	16.210	2498.952	-0.48515	-0.00024	6.45	6.45	Chapel Curve
4548	4548.0	2081.796	16.200	2499.837	-0.48539	-0.00023	6.45	6.44	Chapel Curve
4549	4549.0	2081.330	16.189	2500.721	-0.48563	-0.00022	6.46	6.43	Chapel Curve
4550	4550.0	2080.863	16.179	2501.605	-0.48585	-0.00021	6.46	6.42	Chapel Curve
4551	4551.0	2080.396	16.168	2502.490	-0.48607	-0.00020	6.47	6.41	Chapel Curve
4552	4552.0	2079.928	16.158	2503.374	-0.48627	-0.00019	6.48	6.39	Chapel Curve
4553	4553.0	2079.461	16.147	2504.258	-0.48646	-0.00018	6.49	6.37	Chapel Curve
4554	4554.0	2078.993	16.137	2505.142	-0.48664	-0.00017	6.50	6.36	Chapel Curve
4555	4555.0	2078.526	16.126	2506.026	-0.48680	-0.00015	6.50	6.34	Chapel Curve
4556	4556.0	2078.058	16.116	2506.909	-0.48695	-0.00014	6.51	6.33	Chapel Curve
4557	4557.0	2077.590	16.105	2507.793	-0.48709	-0.00012	6.52	6.31	Chapel Curve
4558	4558.0	2077.122	16.094	2508.677	-0.48721	-0.00010	6.53	6.30	Chapel Curve
4559	4559.0	2076.653	16.084	2509.561	-0.48731	-0.00009	6.55	6.29	Chapel Curve
4560	4560.0	2076.185	16.073	2510.444	-0.48739	-0.00007	6.56	6.28	Chapel Curve
4561	4561.0	2075.717	16.063	2511.328	-0.48746	-0.00005	6.57	6.27	Chapel Curve
4562	4562.0	2075.248	16.052	2512.211	-0.48751	-0.00003	6.59	6.27	Chapel Curve
4563	4563.0	2074.780	16.041	2513.094	-0.48754	-0.00001	6.60	6.27	Chapel Curve
4564	4564.0	2074.312	16.031	2513.978	-0.48754	0.00001	6.62	6.27	Chapel Curve
4565	4565.0	2073.843	16.020	2514.862	-0.48752	0.00004	6.64	6.27	Chapel Curve
4566	4566.0	2073.375	16.009	2515.745	-0.48748	0.00006	6.65	6.27	Chapel Curve
4567	4567.0	2072.906	15.998	2516.629	-0.48742	0.00009	6.67	6.28	Chapel Curve
4568	4568.0	2072.438	15.988	2517.512	-0.48733	0.00011	6.69	6.28	Chapel Curve
4569	4569.0	2071.970	15.977	2518.396	-0.48721	0.00014	6.70	6.29	Chapel Curve
4570	4570.0	2071.501	15.966	2519.280	-0.48706	0.00017	6.72	6.29	Chapel Curve
4571	4571.0	2071.034	15.955	2520.163	-0.48689	0.00020	6.73	6.29	Chapel Curve
4572	4572.0	2070.566	15.944	2521.047	-0.48668	0.00023	6.74	6.29	Chapel Curve
4573	4573.0	2070.098	15.934	2521.931	-0.48644	0.00026	6.75	6.29	Chapel Curve
4574	4574.0	2069.631	15.923	2522.815	-0.48617	0.00030	6.75	6.29	Chapel Curve
4575	4575.0	2069.164	15.912	2523.699	-0.48587	0.00033	6.75	6.29	Chapel Curve
4576	4576.0	2068.697	15.901	2524.583	-0.48553	0.00037	6.76	6.28	Chapel Curve
4577	4577.0	2068.230	15.890	2525.468	-0.48515	0.00040	6.76	6.28	Chapel Curve
4578	4578.0	2067.764	15.880	2526.353	-0.48473	0.00044	6.76	6.27	Chapel Curve
4579	4579.0	2067.298	15.869	2527.238	-0.48427	0.00048	6.76	6.27	Chapel Curve
4580	4580.0	2066.833	15.858	2528.123	-0.48378	0.00051	6.76	6.26	Chapel Curve
4581	4581.0	2066.368	15.847	2529.008	-0.48324	0.00054	6.76	6.25	Chapel Curve
4582	4582.0	2065.904	15.836	2529.894	-0.48266	0.00057	6.77	6.25	Chapel Curve
4583	4583.0	2065.440	15.825	2530.780	-0.48204	0.00060	6.77	6.24	Chapel Curve
4584	4584.0	2064.977	15.814	2531.666	-0.48138	0.00062	6.77	6.24	Chapel Curve
4585	4585.0	2064.514	15.803	2532.552	-0.48069	0.00063	6.78	6.24	Chapel Curve
4586	4586.0	2064.052	15.792	2533.439	-0.47998	0.00064	6.78	6.24	Chapel Curve
4587	4587.0	2063.590	15.781	2534.326	-0.47925	0.00063	6.78	6.23	Chapel Curve
4588	4588.0	2063.130	15.769	2535.214	-0.47853	0.00062	6.78	6.23	Chapel Curve
4589	4589.0	2062.669	15.758	2536.102	-0.47783	0.00060	6.78	6.23	Chapel Curve
4590	4590.0	2062.210	15.746	2536.990	-0.47716	0.00056	6.78	6.24	Chapel Curve
4591	4591.0	2061.751	15.735	2537.878	-0.47652	0.00052	6.78	6.24	Chapel Curve
4592	4592.0	2061.292	15.723	2538.767	-0.47595	0.00046	6.78	6.24	Chapel Curve
4593	4593.0	2060.834	15.711	2539.656	-0.47543	0.00040	6.77	6.24	Chapel Curve
4594	4594.0	2060.377	15.699	2540.545	-0.47499	0.00033	6.77	6.25	Chapel Curve
4595	4595.0	2059.920	15.688	2541.435	-0.47463	0.00024	6.77	6.25	Chapel Curve
4596	4596.0	2059.463	15.676	2542.324	-0.47437	0.00015	6.76	6.25	Chapel Curve
4597	4597.0	2059.006	15.664	2543.214	-0.47421	0.00006	6.76	6.26	Chapel Curve
4598	4598.0	2058.550	15.652	2544.104	-0.47416	-0.00004	6.75	6.26	Chapel Curve
4599	4599.0	2058.093	15.640	2544.993	-0.47423	-0.00015	6.74	6.27	Chapel Curve
4600	4600.0	2057.636	15.628	2545.883	-0.47441	-0.00025	6.74	6.27	Chapel Curve
4601	4601.0	2057.179	15.616	2546.772	-0.47472	-0.00035	6.73	6.28	Chapel Curve
4602	4602.0	2056.722	15.604	2547.662	-0.47515	-0.00045	6.73	6.28	Chapel Curve
4603	4603.0	2056.265	15.592	2548.551	-0.47571	-0.00055	6.72	6.29	Chapel Curve
4604	4604.0	2055.806	15.580	2549.440	-0.47638	-0.00063	6.72	6.29	Chapel Curve
4605	4605.0	2055.347	15.568	2550.328	-0.47717	-0.00070	6.71	6.29	Chapel Curve
4606	4606.0	2054.888	15.557	2551.216	-0.47805	-0.00076	6.71	6.29	Chapel Curve
4607	4607.0	2054.427	15.545	2552.104	-0.47901	-0.00080	6.71	6.29	Chapel Curve
4608	4608.0	2053.966	15.533	2552.991	-0.48001	-0.00082	6.71	6.29	Chapel Curve
4609	4609.0	2053.504	15.522	2553.878	-0.48104	-0.00083	6.71	6.29	Chapel Curve
4610	4610.0	2053.041	15.511	2554.764	-0.48205	-0.00082	6.71	6.29	Chapel Curve
4611	4611.0	2052.577	15.500	2555.650	-0.48300	-0.00080	6.71	6.28	Chapel Curve
4612	4612.0	2052.112	15.488	2556.535	-0.48387	-0.00077	6.72	6.28	Chapel Curve
4613	4613.0	2051.646	15.478	2557.420	-0.48464	-0.00073	6.72	6.27	Chapel Curve
4614	4614.0	2051.180	15.467	2558.305	-0.48531	-0.00068	6.72	6.27	Chapel Curve
4615	4615.0	2050.713	15.456	2559.189	-0.48590	-0.00064	6.73	6.26	Chapel Curve
4616	4616.0	2050.246	15.446	2560.073	-0.48643	-0.00061	6.73	6.26	Chapel Curve
4617	4617.0	2049.778	15.436	2560.958	-0.48692	-0.00058	6.73	6.26	Chapel Curve
4618	4618.0	2049.310	15.426	2561.841	-0.48738	-0.00056	6.73	6.26	Chapel Curve
4619	4619.0	2048.842	15.416	2562.725	-0.48784	-0.00055	6.73	6.26	Chapel Curve
4620	4620.0	2048.373	15.407	2563.608	-0.48831	-0.00054	6.74	6.26	Chapel Curve
4621	4621.0	2047.903	15.398	2564.491	-0.48879	-0.00055	6.74	6.26	Chapel Curve
4622	4622.0	2047.434	15.389	2565.374	-0.48928	-0.00057	6.74	6.26	Chapel Curve
4623	4623.0	2046.963	15.381	2566.256	-0.48980	-0.00060	6.74	6.26	Chapel Curve
4624	4624.0	2046.493	15.372	2567.138	-0.49035	-0.00063	6.74	6.26	Chapel Curve
4625	4625.0	2046.021	15.364	2568.021	-0.49094	-0.00068	6.74	6.26	Chapel Curve
4626	4626.0	2045.550	15.357	2568.902	-0.49156	-0.00075	6.75	6.25	Chapel Curve
4627	4627.0	2045.078	15.349	2569.784	-0.49224	-0.00082	6.75	6.25	Chapel Curve
4628	4628.0	2044.605	15.342	2570.665	-0.49297	-0.00092	6.76	6.25	Chapel Curve
4629	4629.0	2044.131	15.335	2571.546	-0.49377	-0.00104	6.78	6.25	Chapel Curve
4630	4630.0	2043.657	15.329	2572.426	-0.49466	-0.00117	6.80	6.24	Chapel Curve
4631	4631.0	2043.182	15.323	2573.306	-0.49566	-0.00133	6.82	6.24	Chapel Curve
4632	4632.0	2042.705	15.316	2574.185	-0.49680	-0.00151	6.84	6.24	Chapel Curve
4633	4633.0	2042.228	15.311	2575.064	-0.49814	-0.00170	6.87	6.24	Chapel Curve
4634	4634.0	2041.750	15.305	2575.942	-0.49972	-0.00190	6.89	6.24	Chapel Curve
4635	4635.0	2041.270	15.300	2576.820	-0.50161	-0.00208	6.92	6.23	Chapel Curve
4636	4636.0	2040.788	15.295	2577.696	-0.50389	-0.00223	6.95	6.23	Chapel Curve
4637	4637.0	2040.304	15.290	2578.571	-0.50660	-0.00233	6.98	6.23	Chapel Curve
4638	4638.0	2039.818	15.285	2579.445	-0.50973	-0.00236	7.01	6.22	Chapel Curve
4639	4639.0	2039.328	15.281	2580.317	-0.51319	-0.00231	7.04	6.20	Chapel Curve
4640	4640.0	2038.836	15.277	2581.187	-0.51679	-0.00216	7.07	6.19	Chapel Curve
4641	4641.0	2038.340	15.273	2582.055	-0.52023	-0.00193	7.09	6.17	Chapel Curve
4642	4642.0	2037.842	15.269	2582.922	-0.52319	-0.00162	7.12	6.14	Chapel Curve
4643	4643.0	2037.341	15.266	2583.788	-0.52537	-0.00125	7.15	6.11	Chapel Curve
4644	4644.0	2036.839	15.262	2584.653	-0.52658	-0.00086	7.17	6.07	Chapel Curve
4645	4645.0	2036.336	15.259	2585.517	-0.52678	-0.00046	7.20	6.02	Chapel Curve
4646	4646.0	2035.833	15.256	2586.382	-0.52613	-0.00010	7.23	5.98	Chapel Curve
4647	4647.0	2035.331	15.253	2587.247	-0.52488	0.00021	7.25	5.93	Chapel Curve
4648	4648.0	2034.831	15.250	2588.112	-0.52334	0.00044	7.28	5.88	Chapel Curve
4649	4649.0	2034.332	15.248	2588.979	-0.52176	0.00059	7.31	5.83	Chapel Curve
4650	4650.0	2033.834	15.246	2589.846	-0.52035	0.00066	7.34	5.79	Chapel Curve
4651	4651.0	2033.338	15.243	2590.714	-0.51919	0.00067	7.36	5.75	Chapel Curve
4652	4652.0	2032.842	15.241	2591.583	-0.51830	0.00062	7.39	5.73	Chapel Curve
4653	4653.0	2032.347	15.239	2592.451	-0.51767	0.00054	7.42	5.71	Chapel Curve
4654	4654.0	2031.852	15.238	2593.321	-0.51724	0.00043	7.45	5.71	Chapel Curve
4655	4655.0	2031.358	15.236	2594.190	-0.51699	0.00031	7.47	5.71	Chapel Curve
4656	4656.0	2030.864	15.235	2595.059	-0.51689	0.00019	7.50	5.71	Chapel Curve
4657	4657.0	2030.369	15.233	2595.928	-0.51692	0.00008	7.53	5.72	Chapel Curve
4658	4658.0	2029.875	15.232	2596.798	-0.51705	-0.00002	7.55	5.72	Chapel Curve
4659	4659.0	2029.381	15.231	2597.667	-0.51727	-0.00011	7.58	5.71	Chapel Curve
4660	4660.0	2028.886	15.231	2598.536	-0.51756	-0.00019	7.60	5.69	Chapel Curve
4661	4661.0	2028.391	15.230	2599.405	-0.51789	-0.00025	7.63	5.67	Chapel Curve
4662	4662.0	2027.896	15.230	2600.274	-0.51823	-0.00032	7.65	5.63	Chapel Curve
4663	4663.0	2027.401	15.230	2601.143	-0.51856	-0.00039	7.67	5.58	Chapel Curve
4664	4664.0	2026.905	15.230	2602.011	-0.51886	-0.00047	7.69	5.53	Chapel Curve
4665	4665.0	2026.409	15.231	2602.879	-0.51916	-0.00057	7.70	5.47	Chapel Curve
4666	4666.0	2025.912	15.232	2603.748	-0.51949	-0.00069	7.71	5.41	Chapel Curve
4667	4667.0	2025.416	15.233	2604.615	-0.51992	-0.00083	7.72	5.35	Chapel Curve
4668	4668.0	2024.919	15.234	2605.483	-0.52050	-0.00099	7.72	5.30	Chapel Curve
4669	4669.0	2024.421	15.236	2606.351	-0.52132	-0.00116	7.72	5.26	Chapel Curve
4670	4670.0	2023.923	15.237	2607.218	-0.52242	-0.00134	7.71	5.22	Chapel Curve
4671	4671.0	2023.423	15.240	2608.084	-0.52384	-0.00153	7.70	5.20	Chapel Curve
4672	4672.0	2022.922	15.242	2608.949	-0.52560	-0.00170	7.69	5.19	Chapel Curve
4673	4673.0	2022.420	15.245	2609.814	-0.52768	-0.00185	7.67	5.19	Chapel Curve
4674	4674.0	2021.915	15.248	2610.677	-0.53004	-0.00196	7.65	5.20	Chapel Curve
4675	4675.0	2021.409	15.251	2611.539	-0.53260	-0.00203	7.63	5.22	Chapel Curve
4676	4676.0	2020.900	15.255	2612.400	-0.53524	-0.00206	7.61	5.24	Chapel Curve
4677	4677.0	2020.389	15.258	2613.260	-0.53787	-0.00203	7.59	5.27	Chapel Curve
4678	4678.0	2019.875	15.262	2614.118	-0.54036	-0.00194	7.58	5.29	Chapel Curve
4679	4679.0	2019.360	15.266	2614.975	-0.54265	-0.00181	7.56	5.32	Chapel Curve
4680	4680.0	2018.842	15.271	2615.831	-0.54468	-0.00163	7.55	5.34	Chapel Curve
4681	4681.0	2018.323	15.275	2616.685	-0.54645	-0.00142	7.55	5.37	Chapel Curve
4682	4682.0	2017.803	15.280	2617.539	-0.54796	-0.00117	7.55	5.38	Chapel Curve
4683	4683.0	2017.281	15.285	2618.393	-0.54920	-0.00090	7.55	5.40	Chapel Curve
4684	4684.0	2016.759	15.290	2619.245	-0.55015	-0.00061	7.56	5.41	Chapel Curve
4685	4685.0	2016.236	15.295	2620.097	-0.55074	-0.00033	7.57	5.41	Chapel Curve
4686	4686.0	2015.712	15.300	2620.949	-0.55090	-0.00006	7.58	5.41	Chapel Curve
4687	4687.0	2015.189	15.305	2621.802	-0.55059	0.00019	7.59	5.41	Chapel Curve
4688	4688.0	2014.666	15.310	2622.654	-0.54983	0.00041	7.61	5.39	Chapel Curve
4689	4689.0	2014.144	15.316	2623.507	-0.54869	0.00057	7.63	5.36	Chapel Curve
4690	4690.0	2013.623	15.321	2624.360	-0.54731	0.00068	7.64	5.33	Chapel Curve
4691	4691.0	2013.103	15.326	2625.215	-0.54585	0.00073	7.66	5.28	Hangar Straight
4692	4692.0	2012.585	15.332	2626.070	-0.54445	0.00072	7.67	5.23	Hangar Straight
4693	4693.0	2012.067	15.338	2626.926	-0.54323	0.00065	7.68	5.17	Hangar Straight
4694	4694.0	2011.551	15.343	2627.782	-0.54227	0.00054	7.69	5.11	Hangar Straight
4695	4695.0	2011.035	15.349	2628.638	-0.54160	0.00039	7.69	5.04	Hangar Straight
4696	4696.0	2010.520	15.355	2629.496	-0.54123	0.00022	7.70	4.97	Hangar Straight
4697	4697.0	2010.005	15.361	2630.353	-0.54114	0.00003	7.70	4.91	Hangar Straight
4698	4698.0	2009.490	15.367	2631.210	-0.54132	-0.00015	7.70	4.86	Hangar Straight
4699	4699.0	2008.974	15.374	2632.067	-0.54175	-0.00032	7.70	4.83	Hangar Straight
4700	4700.0	2008.458	15.380	2632.923	-0.54239	-0.00048	7.70	4.81	Hangar Straight
4701	4701.0	2007.942	15.387	2633.780	-0.54321	-0.00063	7.70	4.82	Hangar Straight
4702	4702.0	2007.424	15.394	2634.635	-0.54418	-0.00074	7.70	4.84	Hangar Straight
4703	4703.0	2006.906	15.401	2635.491	-0.54522	-0.00084	7.70	4.88	Hangar Straight
4704	4704.0	2006.387	15.408	2636.345	-0.54630	-0.00092	7.70	4.94	Hangar Straight
4705	4705.0	2005.867	15.416	2637.200	-0.54738	-0.00098	7.70	5.02	Hangar Straight
4706	4706.0	2005.346	15.424	2638.053	-0.54842	-0.00103	7.70	5.10	Hangar Straight
4707	4707.0	2004.825	15.432	2638.906	-0.54945	-0.00108	7.70	5.18	Hangar Straight
4708	4708.0	2004.302	15.440	2639.759	-0.55047	-0.00112	7.70	5.27	Hangar Straight
4709	4709.0	2003.778	15.449	2640.611	-0.55153	-0.00116	7.71	5.34	Hangar Straight
4710	4710.0	2003.254	15.458	2641.462	-0.55264	-0.00119	7.72	5.41	Hangar Straight
4711	4711.0	2002.729	15.467	2642.313	-0.55384	-0.00123	7.73	5.47	Hangar Straight
4712	4712.0	2002.202	15.477	2643.163	-0.55512	-0.00126	7.75	5.51	Hangar Straight
4713	4713.0	2001.674	15.486	2644.013	-0.55648	-0.00129	7.76	5.53	Hangar Straight
4714	4714.0	2001.146	15.497	2644.862	-0.55789	-0.00130	7.78	5.55	Hangar Straight
4715	4715.0	2000.616	15.507	2645.710	-0.55934	-0.00131	7.80	5.55	Hangar Straight
4716	4716.0	2000.084	15.518	2646.557	-0.56079	-0.00130	7.81	5.54	Hangar Straight
4717	4717.0	1999.552	15.529	2647.403	-0.56223	-0.00128	7.83	5.53	Hangar Straight
4718	4718.0	1999.018	15.540	2648.249	-0.56363	-0.00125	7.84	5.52	Hangar Straight
4719	4719.0	1998.483	15.552	2649.094	-0.56497	-0.00121	7.85	5.50	Hangar Straight
4720	4720.0	1997.947	15.564	2649.938	-0.56624	-0.00116	7.87	5.48	Hangar Straight
4721	4721.0	1997.410	15.576	2650.782	-0.56741	-0.00110	7.88	5.46	Hangar Straight
4722	4722.0	1996.873	15.589	2651.625	-0.56850	-0.00103	7.89	5.44	Hangar Straight
4723	4723.0	1996.334	15.602	2652.467	-0.56949	-0.00097	7.90	5.42	Hangar Straight
4724	4724.0	1995.794	15.615	2653.309	-0.57039	-0.00090	7.92	5.40	Hangar Straight
4725	4725.0	1995.254	15.628	2654.151	-0.57121	-0.00083	7.93	5.38	Hangar Straight
4726	4726.0	1994.713	15.642	2654.992	-0.57196	-0.00077	7.95	5.37	Hangar Straight
4727	4727.0	1994.171	15.656	2655.832	-0.57264	-0.00072	7.97	5.36	Hangar Straight
4728	4728.0	1993.629	15.670	2656.673	-0.57328	-0.00067	7.99	5.35	Hangar Straight
4729	4729.0	1993.086	15.684	2657.512	-0.57387	-0.00063	8.01	5.34	Hangar Straight
4730	4730.0	1992.543	15.699	2658.352	-0.57441	-0.00059	8.03	5.33	Hangar Straight
4731	4731.0	1992.000	15.713	2659.192	-0.57493	-0.00057	8.05	5.32	Hangar Straight
4732	4732.0	1991.456	15.728	2660.031	-0.57542	-0.00055	8.07	5.32	Hangar Straight
4733	4733.0	1990.911	15.743	2660.869	-0.57588	-0.00054	8.08	5.32	Hangar Straight
4734	4734.0	1990.367	15.758	2661.708	-0.57634	-0.00054	8.10	5.32	Hangar Straight
4735	4735.0	1989.822	15.773	2662.546	-0.57680	-0.00055	8.11	5.32	Hangar Straight
4736	4736.0	1989.276	15.789	2663.385	-0.57727	-0.00056	8.13	5.32	Hangar Straight
4737	4737.0	1988.730	15.804	2664.222	-0.57778	-0.00058	8.14	5.32	Hangar Straight
4738	4738.0	1988.184	15.820	2665.060	-0.57833	-0.00059	8.15	5.32	Hangar Straight
4739	4739.0	1987.637	15.836	2665.897	-0.57896	-0.00061	8.15	5.33	Hangar Straight
4740	4740.0	1987.089	15.852	2666.734	-0.57964	-0.00062	8.16	5.33	Hangar Straight
4741	4741.0	1986.541	15.869	2667.570	-0.58038	-0.00062	8.17	5.33	Hangar Straight
4742	4742.0	1985.993	15.885	2668.406	-0.58115	-0.00061	8.18	5.33	Hangar Straight
4743	4743.0	1985.443	15.902	2669.242	-0.58191	-0.00059	8.19	5.34	Hangar Straight
4744	4744.0	1984.893	15.919	2670.077	-0.58265	-0.00055	8.20	5.34	Hangar Straight
4745	4745.0	1984.343	15.936	2670.912	-0.58332	-0.00050	8.22	5.34	Hangar Straight
4746	4746.0	1983.792	15.953	2671.747	-0.58391	-0.00043	8.23	5.33	Hangar Straight
4747	4747.0	1983.240	15.970	2672.581	-0.58441	-0.00036	8.25	5.33	Hangar Straight
4748	4748.0	1982.688	15.987	2673.415	-0.58479	-0.00027	8.26	5.33	Hangar Straight
4749	4749.0	1982.136	16.005	2674.248	-0.58506	-0.00019	8.28	5.33	Hangar Straight
4750	4750.0	1981.584	16.022	2675.082	-0.58520	-0.00009	8.30	5.33	Hangar Straight
4751	4751.0	1981.031	16.040	2675.916	-0.58521	-0.00001	8.32	5.33	Hangar Straight
4752	4752.0	1980.479	16.057	2676.749	-0.58510	0.00008	8.35	5.33	Hangar Straight
4753	4753.0	1979.927	16.075	2677.583	-0.58487	0.00015	8.37	5.33	Hangar Straight
4754	4754.0	1979.375	16.092	2678.417	-0.58454	0.00021	8.39	5.33	Hangar Straight
4755	4755.0	1978.823	16.110	2679.251	-0.58414	0.00026	8.40	5.33	Hangar Straight
4756	4756.0	1978.272	16.128	2680.085	-0.58371	0.00029	8.42	5.32	Hangar Straight
4757	4757.0	1977.721	16.145	2680.920	-0.58327	0.00031	8.43	5.32	Hangar Straight
4758	4758.0	1977.171	16.163	2681.754	-0.58286	0.00031	8.45	5.32	Hangar Straight
4759	4759.0	1976.620	16.180	2682.589	-0.58247	0.00029	8.46	5.32	Hangar Straight
4760	4760.0	1976.070	16.198	2683.425	-0.58210	0.00025	8.46	5.31	Hangar Straight
4761	4761.0	1975.521	16.215	2684.260	-0.58174	0.00017	8.47	5.31	Hangar Straight
4762	4762.0	1974.971	16.233	2685.096	-0.58137	0.00007	8.46	5.30	Hangar Straight
4763	4763.0	1974.422	16.250	2685.931	-0.58099	-0.00007	8.46	5.29	Hangar Straight
4764	4764.0	1973.874	16.267	2686.768	-0.58065	-0.00025	8.45	5.28	Hangar Straight
4765	4765.0	1973.325	16.284	2687.604	-0.58043	-0.00046	8.44	5.28	Hangar Straight
4766	4766.0	1972.777	16.301	2688.440	-0.58048	-0.00069	8.43	5.27	Hangar Straight
4767	4767.0	1972.228	16.319	2689.276	-0.58095	-0.00095	8.41	5.26	Hangar Straight
4768	4768.0	1971.679	16.336	2690.112	-0.58196	-0.00120	8.39	5.25	Hangar Straight
4769	4769.0	1971.129	16.353	2690.947	-0.58357	-0.00144	8.37	5.25	Hangar Straight
4770	4770.0	1970.577	16.370	2691.781	-0.58572	-0.00164	8.35	5.24	Hangar Straight
4771	4771.0	1970.023	16.387	2692.614	-0.58826	-0.00179	8.33	5.24	Hangar Straight
4772	4772.0	1969.467	16.404	2693.445	-0.59100	-0.00189	8.30	5.23	Hangar Straight
4773	4773.0	1968.909	16.421	2694.274	-0.59373	-0.00193	8.28	5.22	Hangar Straight
4774	4774.0	1968.349	16.438	2695.102	-0.59628	-0.00192	8.27	5.22	Hangar Straight
4775	4775.0	1967.786	16.456	2695.929	-0.59856	-0.00186	8.25	5.21	Hangar Straight
4776	4776.0	1967.222	16.473	2696.755	-0.60052	-0.00177	8.24	5.21	Hangar Straight
4777	4777.0	1966.656	16.490	2697.579	-0.60219	-0.00166	8.23	5.20	Hangar Straight
4778	4778.0	1966.089	16.508	2698.403	-0.60361	-0.00154	8.23	5.19	Hangar Straight
4779	4779.0	1965.521	16.525	2699.226	-0.60483	-0.00143	8.23	5.18	Hangar Straight
4780	4780.0	1964.952	16.543	2700.048	-0.60590	-0.00134	8.23	5.18	Hangar Straight
4781	4781.0	1964.382	16.560	2700.870	-0.60687	-0.00128	8.24	5.17	Hangar Straight
4782	4782.0	1963.811	16.578	2701.691	-0.60779	-0.00123	8.26	5.16	Hangar Straight
4783	4783.0	1963.240	16.595	2702.511	-0.60871	-0.00121	8.27	5.16	Hangar Straight
4784	4784.0	1962.667	16.613	2703.332	-0.60968	-0.00120	8.30	5.15	Hangar Straight
4785	4785.0	1962.094	16.630	2704.151	-0.61074	-0.00118	8.32	5.14	Hangar Straight
4786	4786.0	1961.520	16.648	2704.970	-0.61197	-0.00116	8.34	5.14	Hangar Straight
4787	4787.0	1960.945	16.666	2705.788	-0.61340	-0.00110	8.37	5.13	Hangar Straight
4788	4788.0	1960.369	16.683	2706.605	-0.61501	-0.00099	8.39	5.12	Hangar Straight
4789	4789.0	1959.791	16.701	2707.422	-0.61675	-0.00081	8.42	5.11	Hangar Straight
4790	4790.0	1959.212	16.719	2708.237	-0.61847	-0.00057	8.44	5.11	Hangar Straight
4791	4791.0	1958.632	16.736	2709.051	-0.61996	-0.00026	8.47	5.10	Hangar Straight
4792	4792.0	1958.050	16.754	2709.865	-0.62099	0.00011	8.49	5.08	Hangar Straight
4793	4793.0	1957.468	16.772	2710.678	-0.62134	0.00052	8.51	5.07	Hangar Straight
4794	4794.0	1956.886	16.789	2711.491	-0.62083	0.00094	8.54	5.06	Hangar Straight
4795	4795.0	1956.305	16.807	2712.305	-0.61941	0.00134	8.56	5.05	Hangar Straight
4796	4796.0	1955.725	16.824	2713.120	-0.61709	0.00169	8.58	5.04	Hangar Straight
4797	4797.0	1955.147	16.842	2713.936	-0.61402	0.00195	8.60	5.03	Hangar Straight
4798	4798.0	1954.573	16.860	2714.754	-0.61042	0.00209	8.62	5.02	Hangar Straight
4799	4799.0	1954.001	16.878	2715.575	-0.60661	0.00210	8.64	5.02	Hangar Straight
4800	4800.0	1953.432	16.895	2716.397	-0.60288	0.00198	8.65	5.01	Hangar Straight
4801	4801.0	1952.867	16.913	2717.222	-0.59955	0.00172	8.66	5.01	Hangar Straight
4802	4802.0	1952.304	16.931	2718.049	-0.59685	0.00135	8.67	5.01	Hangar Straight
4803	4803.0	1951.743	16.949	2718.876	-0.59497	0.00088	8.67	5.02	Hangar Straight
4804	4804.0	1951.183	16.967	2719.705	-0.59402	0.00036	8.67	5.02	Hangar Straight
4805	4805.0	1950.623	16.984	2720.534	-0.59403	-0.00018	8.66	5.03	Hangar Straight
4806	4806.0	1950.063	17.002	2721.362	-0.59497	-0.00071	8.65	5.04	Hangar Straight
4807	4807.0	1949.502	17.020	2722.190	-0.59674	-0.00120	8.64	5.04	Hangar Straight
4808	4808.0	1948.940	17.038	2723.017	-0.59919	-0.00162	8.62	5.05	Hangar Straight
4809	4809.0	1948.375	17.056	2723.842	-0.60213	-0.00196	8.60	5.06	Hangar Straight
4810	4810.0	1947.807	17.074	2724.665	-0.60534	-0.00221	8.58	5.07	Hangar Straight
4811	4811.0	1947.236	17.092	2725.486	-0.60862	-0.00236	8.56	5.07	Hangar Straight
4812	4812.0	1946.663	17.110	2726.306	-0.61179	-0.00243	8.54	5.07	Hangar Straight
4813	4813.0	1946.088	17.129	2727.124	-0.61475	-0.00244	8.52	5.07	Hangar Straight
4814	4814.0	1945.510	17.147	2727.939	-0.61745	-0.00239	8.50	5.07	Hangar Straight
4815	4815.0	1944.930	17.165	2728.754	-0.61987	-0.00231	8.48	5.07	Hangar Straight
4816	4816.0	1944.348	17.183	2729.567	-0.62204	-0.00221	8.46	5.07	Hangar Straight
4817	4817.0	1943.764	17.201	2730.380	-0.62399	-0.00212	8.44	5.06	Hangar Straight
4818	4818.0	1943.179	17.219	2731.191	-0.62578	-0.00204	8.42	5.05	Hangar Straight
4819	4819.0	1942.593	17.238	2732.000	-0.62743	-0.00200	8.39	5.04	Hangar Straight
4820	4820.0	1942.005	17.256	2732.810	-0.62900	-0.00200	8.36	5.03	Hangar Straight
4821	4821.0	1941.416	17.274	2733.618	-0.63054	-0.00205	8.33	5.02	Hangar Straight
4822	4822.0	1940.826	17.292	2734.425	-0.63210	-0.00215	8.30	5.01	Hangar Straight
4823	4823.0	1940.235	17.310	2735.231	-0.63377	-0.00232	8.27	5.00	Hangar Straight
4824	4824.0	1939.642	17.328	2736.037	-0.63563	-0.00254	8.24	4.98	Hangar Straight
4825	4825.0	1939.047	17.346	2736.841	-0.63776	-0.00282	8.22	4.97	Hangar Straight
4826	4826.0	1938.451	17.364	2737.644	-0.64024	-0.00314	8.21	4.96	Hangar Straight
4827	4827.0	1937.853	17.381	2738.445	-0.64317	-0.00351	8.20	4.94	Hangar Straight
4828	4828.0	1937.251	17.399	2739.244	-0.64658	-0.00392	8.20	4.92	Hangar Straight
4829	4829.0	1936.648	17.417	2740.041	-0.65053	-0.00435	8.21	4.90	Hangar Straight
4830	4830.0	1936.040	17.434	2740.835	-0.65505	-0.00478	8.22	4.88	Hangar Straight
4831	4831.0	1935.429	17.452	2741.627	-0.66015	-0.00521	8.24	4.86	Hangar Straight
4832	4832.0	1934.814	17.469	2742.415	-0.66583	-0.00561	8.26	4.83	Hangar Straight
4833	4833.0	1934.194	17.487	2743.200	-0.67207	-0.00599	8.29	4.81	Hangar Straight
4834	4834.0	1933.569	17.505	2743.980	-0.67881	-0.00634	8.32	4.79	Hangar Straight
4835	4835.0	1932.938	17.522	2744.756	-0.68593	-0.00664	8.35	4.77	Hangar Straight
4836	4836.0	1932.302	17.540	2745.528	-0.69330	-0.00691	8.38	4.75	Hangar Straight
4837	4837.0	1931.660	17.558	2746.295	-0.70077	-0.00716	8.41	4.73	Hangar Straight
4838	4838.0	1931.012	17.576	2747.057	-0.70821	-0.00740	8.44	4.71	Hangar Straight
4839	4839.0	1930.359	17.594	2747.814	-0.71556	-0.00764	8.47	4.70	Hangar Straight
4840	4840.0	1929.700	17.612	2748.566	-0.72284	-0.00789	8.49	4.69	Hangar Straight
4841	4841.0	1929.036	17.630	2749.313	-0.73017	-0.00818	8.50	4.68	Hangar Straight
4842	4842.0	1928.366	17.649	2750.056	-0.73770	-0.00850	8.52	4.66	Hangar Straight
4843	4843.0	1927.691	17.668	2750.794	-0.74565	-0.00885	8.52	4.65	Hangar Straight
4844	4844.0	1927.009	17.686	2751.525	-0.75422	-0.00920	8.53	4.64	Hangar Straight
4845	4845.0	1926.321	17.705	2752.251	-0.76353	-0.00954	8.52	4.63	Hangar Straight
4846	4846.0	1925.626	17.724	2752.970	-0.77365	-0.00984	8.52	4.62	Hangar Straight
4847	4847.0	1924.924	17.744	2753.682	-0.78455	-0.01005	8.51	4.62	Hangar Straight
4848	4848.0	1924.213	17.763	2754.385	-0.79607	-0.01015	8.50	4.61	Hangar Straight
4849	4849.0	1923.495	17.782	2755.081	-0.80800	-0.01012	8.49	4.61	Hangar Straight
4850	4850.0	1922.768	17.802	2755.768	-0.82001	-0.00993	8.48	4.62	Hangar Straight
4851	4851.0	1922.032	17.821	2756.445	-0.83172	-0.00958	8.47	4.62	Hangar Straight
4852	4852.0	1921.289	17.841	2757.115	-0.84278	-0.00910	8.46	4.64	Hangar Straight
4853	4853.0	1920.539	17.860	2757.776	-0.85286	-0.00850	8.44	4.66	Hangar Straight
4854	4854.0	1919.783	17.880	2758.430	-0.86177	-0.00785	8.43	4.69	Hangar Straight
4855	4855.0	1919.021	17.899	2759.078	-0.86939	-0.00719	8.42	4.72	Hangar Straight
4856	4856.0	1918.255	17.919	2759.721	-0.87575	-0.00661	8.40	4.76	Hangar Straight
4857	4857.0	1917.485	17.938	2760.359	-0.88084	-0.00618	8.39	4.80	Hangar Straight
4858	4858.0	1916.713	17.958	2760.994	-0.88472	-0.00598	8.37	4.85	Hangar Straight
4859	4859.0	1915.938	17.977	2761.626	-0.88750	-0.00609	8.35	4.91	Hangar Straight
4860	4860.0	1915.162	17.996	2762.257	-0.88948	-0.00655	8.32	4.97	Hangar Straight
4861	4861.0	1914.385	18.015	2762.886	-0.89130	-0.00739	8.29	5.03	Hangar Straight
4862	4862.0	1913.606	18.034	2763.513	-0.89394	-0.00859	8.26	5.09	Hangar Straight
4863	4863.0	1912.825	18.053	2764.138	-0.89862	-0.01008	8.22	5.15	Hangar Straight
4864	4864.0	1912.041	18.072	2764.759	-0.90650	-0.01176	8.17	5.22	Hangar Straight
4865	4865.0	1911.251	18.091	2765.371	-0.91842	-0.01350	8.12	5.28	Hangar Straight
4866	4866.0	1910.452	18.110	2765.973	-0.93465	-0.01514	8.07	5.35	Hangar Straight
4867	4867.0	1909.642	18.128	2766.560	-0.95486	-0.01652	8.02	5.41	Hangar Straight
4868	4868.0	1908.819	18.147	2767.128	-0.97819	-0.01751	7.97	5.46	Hangar Straight
4869	4869.0	1907.983	18.165	2767.677	-1.00340	-0.01802	7.92	5.52	Hangar Straight
4870	4870.0	1907.133	18.184	2768.203	-1.02900	-0.01801	7.87	5.57	Hangar Straight
4871	4871.0	1906.270	18.202	2768.708	-1.05345	-0.01751	7.83	5.61	Hangar Straight
4872	4872.0	1905.395	18.220	2769.192	-1.07536	-0.01661	7.79	5.65	Hangar Straight
4873	4873.0	1904.510	18.238	2769.658	-1.09372	-0.01542	7.76	5.68	Hangar Straight
4874	4874.0	1903.618	18.256	2770.110	-1.10812	-0.01410	7.73	5.71	Hangar Straight
4875	4875.0	1902.721	18.273	2770.551	-1.11881	-0.01281	7.71	5.74	Hangar Straight
4876	4876.0	1901.819	18.291	2770.984	-1.12661	-0.01167	7.69	5.76	Hangar Straight
4877	4877.0	1900.915	18.309	2771.411	-1.13265	-0.01081	7.67	5.77	Hangar Straight
4878	4878.0	1900.008	18.326	2771.832	-1.13809	-0.01026	7.65	5.79	Hangar Straight
4879	4879.0	1899.099	18.343	2772.249	-1.14390	-0.01004	7.63	5.80	Hangar Straight
4880	4880.0	1898.188	18.361	2772.660	-1.15078	-0.01012	7.62	5.81	Hangar Straight
4881	4881.0	1897.273	18.378	2773.065	-1.15917	-0.01041	7.61	5.82	Hangar Straight
4882	4882.0	1896.355	18.395	2773.461	-1.16931	-0.01084	7.60	5.84	Hangar Straight
4883	4883.0	1895.432	18.412	2773.846	-1.18128	-0.01130	7.59	5.85	Hangar Straight
4884	4884.0	1894.505	18.429	2774.220	-1.19492	-0.01170	7.59	5.87	Hangar Straight
4885	4885.0	1893.572	18.446	2774.581	-1.20986	-0.01199	7.59	5.89	Hangar Straight
4886	4886.0	1892.634	18.463	2774.926	-1.22540	-0.01213	7.59	5.92	Hangar Straight
4887	4887.0	1891.690	18.480	2775.258	-1.24066	-0.01211	7.60	5.95	Hangar Straight
4888	4888.0	1890.742	18.497	2775.575	-1.25473	-0.01199	7.61	5.98	Hangar Straight
4889	4889.0	1889.789	18.514	2775.879	-1.26699	-0.01180	7.63	6.01	Hangar Straight
4890	4890.0	1888.833	18.531	2776.173	-1.27728	-0.01162	7.64	6.05	Hangar Straight
4891	4891.0	1887.875	18.548	2776.458	-1.28604	-0.01151	7.66	6.09	Hangar Straight
4892	4892.0	1886.914	18.565	2776.735	-1.29417	-0.01149	7.68	6.13	Hangar Straight
4893	4893.0	1885.951	18.582	2777.004	-1.30273	-0.01160	7.70	6.16	Hangar Straight
4894	4894.0	1884.985	18.599	2777.265	-1.31260	-0.01179	7.71	6.20	Hangar Straight
4895	4895.0	1884.017	18.615	2777.515	-1.32425	-0.01204	7.72	6.23	Hangar Straight
4896	4896.0	1883.046	18.632	2777.753	-1.33758	-0.01228	7.73	6.26	Hangar Straight
4897	4897.0	1882.071	18.649	2777.977	-1.35208	-0.01246	7.74	6.28	Hangar Straight
4898	4898.0	1881.094	18.665	2778.187	-1.36706	-0.01253	7.74	6.30	Hangar Straight
4899	4899.0	1880.113	18.682	2778.382	-1.38190	-0.01245	7.74	6.32	Hangar Straight
4900	4900.0	1879.129	18.698	2778.562	-1.39621	-0.01220	7.74	6.33	Hangar Straight
4901	4901.0	1878.143	18.715	2778.729	-1.40977	-0.01181	7.74	6.34	Hangar Straight
4902	4902.0	1877.155	18.731	2778.883	-1.42250	-0.01129	7.74	6.35	Hangar Straight
4903	4903.0	1876.165	18.747	2779.024	-1.43426	-0.01068	7.73	6.35	Hangar Straight
4904	4904.0	1875.174	18.762	2779.155	-1.44488	-0.01005	7.72	6.36	Hangar Straight
4905	4905.0	1874.181	18.778	2779.276	-1.45419	-0.00945	7.71	6.36	Hangar Straight
4906	4906.0	1873.187	18.793	2779.388	-1.46214	-0.00894	7.70	6.37	Hangar Straight
4907	4907.0	1872.193	18.809	2779.492	-1.46888	-0.00855	7.68	6.38	Hangar Straight
4908	4908.0	1871.198	18.824	2779.591	-1.47480	-0.00834	7.65	6.39	Hangar Straight
4909	4909.0	1870.202	18.839	2779.684	-1.48046	-0.00830	7.63	6.41	Hangar Straight
4910	4910.0	1869.206	18.853	2779.771	-1.48642	-0.00845	7.60	6.42	Hangar Straight
4911	4911.0	1868.209	18.868	2779.853	-1.49319	-0.00875	7.57	6.44	Hangar Straight
4912	4912.0	1867.212	18.882	2779.927	-1.50109	-0.00917	7.54	6.45	Hangar Straight
4913	4913.0	1866.214	18.895	2779.992	-1.51028	-0.00966	7.51	6.47	Hangar Straight
4914	4914.0	1865.216	18.909	2780.048	-1.52074	-0.01017	7.49	6.48	Hangar Straight
4915	4915.0	1864.217	18.922	2780.092	-1.53229	-0.01066	7.47	6.49	Hangar Straight
4916	4916.0	1863.217	18.935	2780.125	-1.54466	-0.01108	7.46	6.50	Hangar Straight
4917	4917.0	1862.217	18.948	2780.144	-1.55750	-0.01143	7.46	6.50	Hangar Straight
4918	4918.0	1861.217	18.960	2780.151	-1.57047	-0.01170	7.47	6.51	Hangar Straight
4919	4919.0	1860.217	18.971	2780.145	-1.58328	-0.01189	7.48	6.51	Hangar Straight
4920	4920.0	1859.218	18.983	2780.126	-1.59570	-0.01203	7.49	6.51	Hangar Straight
4921	4921.0	1858.218	18.994	2780.095	-1.60765	-0.01216	7.51	6.51	Hangar Straight
4922	4922.0	1857.219	19.004	2780.052	-1.61917	-0.01229	7.53	6.52	Hangar Straight
4923	4923.0	1856.220	19.014	2779.999	-1.63044	-0.01246	7.55	6.52	Hangar Straight
4924	4924.0	1855.223	19.024	2779.933	-1.64175	-0.01269	7.56	6.52	Hangar Straight
4925	4925.0	1854.226	19.033	2779.857	-1.65340	-0.01296	7.57	6.52	Hangar Straight
4926	4926.0	1853.229	19.042	2779.768	-1.66568	-0.01327	7.58	6.52	Hangar Straight
4927	4927.0	1852.235	19.050	2779.667	-1.67879	-0.01359	7.59	6.52	Hangar Straight
4928	4928.0	1851.241	19.058	2779.553	-1.69280	-0.01388	7.59	6.51	Hangar Straight
4929	4929.0	1850.250	19.066	2779.424	-1.70768	-0.01410	7.59	6.50	Stowe
4930	4930.0	1849.260	19.073	2779.280	-1.72332	-0.01421	7.60	6.49	Stowe
4931	4931.0	1848.273	19.080	2779.120	-1.73949	-0.01417	7.60	6.47	Stowe
4932	4932.0	1847.288	19.086	2778.944	-1.75589	-0.01397	7.61	6.46	Stowe
4933	4933.0	1846.307	19.093	2778.752	-1.77212	-0.01361	7.61	6.44	Stowe
4934	4934.0	1845.329	19.099	2778.544	-1.78765	-0.01310	7.62	6.42	Stowe
4935	4935.0	1844.354	19.105	2778.322	-1.80197	-0.01248	7.64	6.40	Stowe
4936	4936.0	1843.382	19.110	2778.086	-1.81466	-0.01179	7.65	6.38	Stowe
4937	4937.0	1842.413	19.115	2777.839	-1.82552	-0.01110	7.66	6.37	Stowe
4938	4938.0	1841.447	19.121	2777.582	-1.83470	-0.01045	7.67	6.36	Stowe
4939	4939.0	1840.483	19.126	2777.317	-1.84262	-0.00989	7.68	6.35	Stowe
4940	4940.0	1839.520	19.130	2777.045	-1.84993	-0.00944	7.68	6.34	Stowe
4941	4941.0	1838.560	19.135	2776.766	-1.85728	-0.00910	7.69	6.34	Stowe
4942	4942.0	1837.602	19.139	2776.480	-1.86513	-0.00886	7.69	6.34	Stowe
4943	4943.0	1836.646	19.144	2776.186	-1.87371	-0.00871	7.69	6.34	Stowe
4944	4944.0	1835.693	19.148	2775.883	-1.88291	-0.00862	7.69	6.35	Stowe
4945	4945.0	1834.743	19.152	2775.572	-1.89239	-0.00858	7.68	6.35	Stowe
4946	4946.0	1833.795	19.156	2775.251	-1.90173	-0.00857	7.68	6.36	Stowe
4947	4947.0	1832.851	19.159	2774.922	-1.91054	-0.00861	7.67	6.37	Stowe
4948	4948.0	1831.910	19.163	2774.584	-1.91865	-0.00869	7.67	6.37	Stowe
4949	4949.0	1830.971	19.166	2774.240	-1.92614	-0.00884	7.66	6.38	Stowe
4950	4950.0	1830.035	19.169	2773.889	-1.93338	-0.00905	7.65	6.39	Stowe
4951	4951.0	1829.101	19.172	2773.531	-1.94087	-0.00934	7.63	6.39	Stowe
4952	4952.0	1828.170	19.175	2773.166	-1.94915	-0.00968	7.62	6.40	Stowe
4953	4953.0	1827.242	19.177	2772.792	-1.95860	-0.01005	7.60	6.41	Stowe
4954	4954.0	1826.319	19.179	2772.409	-1.96932	-0.01042	7.57	6.41	Stowe
4955	4955.0	1825.399	19.182	2772.016	-1.98112	-0.01078	7.55	6.41	Stowe
4956	4956.0	1824.485	19.183	2771.611	-1.99361	-0.01108	7.52	6.42	Stowe
4957	4957.0	1823.575	19.185	2771.195	-2.00631	-0.01132	7.49	6.42	Stowe
4958	4958.0	1822.672	19.186	2770.768	-2.01880	-0.01150	7.46	6.42	Stowe
4959	4959.0	1821.773	19.188	2770.329	-2.03083	-0.01163	7.44	6.42	Stowe
4960	4960.0	1820.879	19.188	2769.880	-2.04234	-0.01173	7.41	6.42	Stowe
4961	4961.0	1819.991	19.189	2769.420	-2.05348	-0.01181	7.39	6.43	Stowe
4962	4962.0	1819.108	19.190	2768.951	-2.06448	-0.01189	7.36	6.43	Stowe
4963	4963.0	1818.230	19.190	2768.473	-2.07564	-0.01196	7.34	6.43	Stowe
4964	4964.0	1817.358	19.190	2767.984	-2.08724	-0.01203	7.32	6.44	Stowe
4965	4965.0	1816.491	19.190	2767.485	-2.09943	-0.01207	7.30	6.45	Stowe
4966	4966.0	1815.631	19.190	2766.975	-2.11227	-0.01208	7.28	6.45	Stowe
4967	4967.0	1814.777	19.189	2766.454	-2.12561	-0.01205	7.26	6.46	Stowe
4968	4968.0	1813.931	19.188	2765.922	-2.13911	-0.01197	7.24	6.47	Stowe
4969	4969.0	1813.091	19.187	2765.378	-2.15231	-0.01186	7.22	6.48	Stowe
4970	4970.0	1812.259	19.185	2764.823	-2.16474	-0.01172	7.20	6.49	Stowe
4971	4971.0	1811.434	19.184	2764.259	-2.17606	-0.01159	7.17	6.49	Stowe
4972	4972.0	1810.615	19.182	2763.685	-2.18627	-0.01149	7.14	6.49	Stowe
4973	4973.0	1809.801	19.179	2763.104	-2.19575	-0.01142	7.11	6.49	Stowe
4974	4974.0	1808.993	19.177	2762.515	-2.20518	-0.01138	7.08	6.49	Stowe
4975	4975.0	1808.190	19.174	2761.919	-2.21536	-0.01134	7.04	6.48	Stowe
4976	4976.0	1807.394	19.170	2761.313	-2.22683	-0.01128	7.00	6.48	Stowe
4977	4977.0	1806.605	19.167	2760.699	-2.23971	-0.01115	6.96	6.47	Stowe
4978	4978.0	1805.825	19.163	2760.073	-2.25356	-0.01092	6.92	6.46	Stowe
4979	4979.0	1805.054	19.159	2759.437	-2.26756	-0.01060	6.88	6.45	Stowe
4980	4980.0	1804.291	19.154	2758.790	-2.28070	-0.01020	6.84	6.44	Stowe
4981	4981.0	1803.537	19.149	2758.133	-2.29215	-0.00978	6.80	6.44	Stowe
4982	4982.0	1802.790	19.144	2757.469	-2.30136	-0.00941	6.76	6.44	Stowe
4983	4983.0	1802.047	19.139	2756.799	-2.30825	-0.00916	6.73	6.45	Stowe
4984	4984.0	1801.309	19.133	2756.124	-2.31321	-0.00912	6.70	6.46	Stowe
4985	4985.0	1800.574	19.128	2755.447	-2.31718	-0.00931	6.67	6.48	Stowe
4986	4986.0	1799.841	19.121	2754.766	-2.32147	-0.00973	6.65	6.50	Stowe
4987	4987.0	1799.111	19.115	2754.083	-2.32759	-0.01034	6.62	6.53	Stowe
4988	4988.0	1798.387	19.108	2753.393	-2.33681	-0.01106	6.60	6.57	Stowe
4989	4989.0	1797.670	19.101	2752.696	-2.34969	-0.01177	6.59	6.60	Stowe
4990	4990.0	1796.964	19.094	2751.988	-2.36585	-0.01238	6.57	6.64	Stowe
4991	4991.0	1796.270	19.087	2751.268	-2.38396	-0.01281	6.56	6.67	Stowe
4992	4992.0	1795.589	19.079	2750.535	-2.40225	-0.01301	6.55	6.70	Stowe
4993	4993.0	1794.922	19.071	2749.791	-2.41910	-0.01298	6.54	6.73	Stowe
4994	4994.0	1794.267	19.063	2749.035	-2.43360	-0.01275	6.53	6.76	Stowe
4995	4995.0	1793.621	19.055	2748.271	-2.44570	-0.01239	6.52	6.78	Stowe
4996	4996.0	1792.985	19.046	2747.500	-2.45607	-0.01194	6.51	6.80	Stowe
4997	4997.0	1792.355	19.037	2746.723	-2.46567	-0.01148	6.51	6.82	Stowe
4998	4998.0	1791.733	19.028	2745.940	-2.47533	-0.01105	6.50	6.84	Stowe
4999	4999.0	1791.119	19.019	2745.151	-2.48543	-0.01066	6.50	6.85	Stowe
5000	5000.0	1790.513	19.009	2744.355	-2.49596	-0.01034	6.49	6.86	Stowe
5001	5001.0	1789.916	18.999	2743.553	-2.50659	-0.01008	6.49	6.88	Stowe
5002	5002.0	1789.327	18.989	2742.745	-2.51692	-0.00987	6.48	6.89	Stowe
5003	5003.0	1788.746	18.978	2741.931	-2.52669	-0.00973	6.47	6.90	Stowe
5004	5004.0	1788.173	18.968	2741.112	-2.53584	-0.00965	6.46	6.92	Stowe
5005	5005.0	1787.607	18.957	2740.287	-2.54448	-0.00963	6.46	6.93	Stowe
5006	5006.0	1787.049	18.946	2739.458	-2.55290	-0.00969	6.45	6.95	Stowe
5007	5007.0	1786.497	18.934	2738.624	-2.56141	-0.00983	6.43	6.97	Stowe
5008	5008.0	1785.952	18.922	2737.785	-2.57031	-0.01003	6.42	6.99	Stowe
5009	5009.0	1785.416	18.910	2736.941	-2.57982	-0.01027	6.40	7.01	Stowe
5010	5010.0	1784.887	18.898	2736.092	-2.59009	-0.01054	6.39	7.04	Stowe
5011	5011.0	1784.368	18.886	2735.238	-2.60114	-0.01080	6.37	7.06	Stowe
5012	5012.0	1783.858	18.873	2734.377	-2.61285	-0.01102	6.35	7.09	Stowe
5013	5013.0	1783.359	18.860	2733.511	-2.62503	-0.01118	6.33	7.11	Stowe
5014	5014.0	1782.870	18.847	2732.638	-2.63742	-0.01125	6.31	7.13	Stowe
5015	5015.0	1782.393	18.833	2731.760	-2.64980	-0.01122	6.29	7.16	Stowe
5016	5016.0	1781.926	18.819	2730.875	-2.66197	-0.01107	6.28	7.17	Stowe
5017	5017.0	1781.470	18.805	2729.986	-2.67384	-0.01081	6.27	7.19	Stowe
5018	5018.0	1781.024	18.790	2729.090	-2.68536	-0.01043	6.27	7.21	Stowe
5019	5019.0	1780.589	18.776	2728.190	-2.69648	-0.00994	6.27	7.22	Stowe
5020	5020.0	1780.163	18.761	2727.285	-2.70710	-0.00934	6.28	7.22	Stowe
5021	5021.0	1779.747	18.745	2726.376	-2.71706	-0.00864	6.30	7.22	Stowe
5022	5022.0	1779.339	18.730	2725.463	-2.72614	-0.00786	6.33	7.22	Stowe
5023	5023.0	1778.939	18.714	2724.546	-2.73416	-0.00699	6.36	7.21	Stowe
5024	5024.0	1778.547	18.698	2723.626	-2.74101	-0.00606	6.40	7.20	Stowe
5025	5025.0	1778.160	18.681	2722.705	-2.74669	-0.00506	6.44	7.17	Stowe
5026	5026.0	1777.777	18.664	2721.781	-2.75131	-0.00402	6.49	7.15	Stowe
5027	5027.0	1777.399	18.648	2720.855	-2.75501	-0.00294	6.53	7.12	Stowe
5028	5028.0	1777.023	18.630	2719.928	-2.75785	-0.00184	6.58	7.08	Stowe
5029	5029.0	1776.650	18.613	2719.000	-2.75978	-0.00074	6.62	7.05	Stowe
5030	5030.0	1776.278	18.595	2718.072	-2.76055	0.00033	6.67	7.01	Stowe
5031	5031.0	1775.906	18.577	2717.144	-2.75984	0.00133	6.71	6.97	Stowe
5032	5032.0	1775.533	18.559	2716.216	-2.75736	0.00221	6.75	6.93	Stowe
5033	5033.0	1775.156	18.541	2715.290	-2.75298	0.00292	6.79	6.89	Stowe
5034	5034.0	1774.775	18.522	2714.365	-2.74690	0.00341	6.82	6.85	Stowe
5035	5035.0	1774.387	18.503	2713.443	-2.73965	0.00367	6.86	6.81	Stowe
5036	5036.0	1773.993	18.484	2712.525	-2.73204	0.00370	6.89	6.77	Stowe
5037	5037.0	1773.591	18.465	2711.609	-2.72499	0.00351	6.92	6.74	Stowe
5038	5038.0	1773.183	18.445	2710.696	-2.71937	0.00318	6.95	6.71	Stowe
5039	5039.0	1772.771	18.425	2709.784	-2.71578	0.00278	6.97	6.68	Stowe
5040	5040.0	1772.357	18.405	2708.874	-2.71443	0.00242	7.00	6.65	Stowe
5041	5041.0	1771.943	18.385	2707.964	-2.71506	0.00217	7.02	6.63	Stowe
5042	5042.0	1771.530	18.364	2707.053	-2.71697	0.00209	7.04	6.61	Stowe
5043	5043.0	1771.119	18.343	2706.142	-2.71918	0.00224	7.05	6.60	Stowe
5044	5044.0	1770.710	18.322	2705.229	-2.72064	0.00260	7.07	6.59	Stowe
5045	5045.0	1770.302	18.300	2704.316	-2.72039	0.00312	7.08	6.58	Stowe
5046	5046.0	1769.892	18.278	2703.404	-2.71781	0.00374	7.08	6.58	Stowe
5047	5047.0	1769.479	18.256	2702.493	-2.71272	0.00436	7.08	6.57	Stowe
5048	5048.0	1769.060	18.234	2701.585	-2.70541	0.00489	7.07	6.57	Stowe
5049	5049.0	1768.634	18.211	2700.681	-2.69658	0.00527	7.06	6.58	Stowe
5050	5050.0	1768.200	18.188	2699.780	-2.68717	0.00544	7.05	6.58	Stowe
5051	5051.0	1767.756	18.165	2698.884	-2.67817	0.00539	7.03	6.58	Stowe
5052	5052.0	1767.306	18.141	2697.991	-2.67039	0.00514	7.01	6.58	Stowe
5053	5053.0	1766.848	18.117	2697.102	-2.66429	0.00472	6.99	6.59	Stowe
5054	5054.0	1766.387	18.093	2696.215	-2.65996	0.00420	6.97	6.59	Stowe
5055	5055.0	1765.922	18.068	2695.329	-2.65716	0.00365	6.95	6.59	Stowe
5056	5056.0	1765.455	18.044	2694.445	-2.65542	0.00310	6.93	6.59	Stowe
5057	5057.0	1764.988	18.019	2693.561	-2.65424	0.00260	6.91	6.59	Stowe
5058	5058.0	1764.519	17.993	2692.677	-2.65319	0.00218	6.90	6.60	Stowe
5059	5059.0	1764.049	17.968	2691.795	-2.65201	0.00183	6.88	6.60	Stowe
5060	5060.0	1763.578	17.942	2690.913	-2.65061	0.00155	6.87	6.60	Stowe
5061	5061.0	1763.106	17.916	2690.031	-2.64905	0.00133	6.86	6.60	Stowe
5062	5062.0	1762.632	17.889	2689.150	-2.64748	0.00115	6.85	6.60	Stowe
5063	5063.0	1762.158	17.863	2688.270	-2.64612	0.00102	6.84	6.60	Stowe
5064	5064.0	1761.682	17.836	2687.391	-2.64512	0.00094	6.83	6.61	Stowe
5065	5065.0	1761.205	17.809	2686.512	-2.64459	0.00091	6.82	6.62	Stowe
5066	5066.0	1760.728	17.781	2685.633	-2.64450	0.00095	6.81	6.62	Stowe
5067	5067.0	1760.251	17.754	2684.754	-2.64469	0.00106	6.79	6.63	Stowe
5068	5068.0	1759.775	17.726	2683.875	-2.64489	0.00124	6.78	6.65	Stowe
5069	5069.0	1759.298	17.698	2682.995	-2.64477	0.00149	6.78	6.66	Stowe
5070	5070.0	1758.821	17.670	2682.116	-2.64399	0.00178	6.77	6.67	Stowe
5071	5071.0	1758.344	17.642	2681.238	-2.64233	0.00210	6.76	6.68	Stowe
5072	5072.0	1757.864	17.613	2680.361	-2.63970	0.00240	6.75	6.70	Stowe
5073	5073.0	1757.381	17.585	2679.485	-2.63618	0.00266	6.75	6.71	Stowe
5074	5074.0	1756.895	17.556	2678.611	-2.63200	0.00285	6.74	6.71	Stowe
5075	5075.0	1756.406	17.527	2677.739	-2.62750	0.00295	6.74	6.72	Stowe
5076	5076.0	1755.912	17.497	2676.869	-2.62305	0.00296	6.74	6.72	Stowe
5077	5077.0	1755.414	17.468	2676.002	-2.61896	0.00288	6.74	6.72	Stowe
5078	5078.0	1754.914	17.438	2675.136	-2.61548	0.00273	6.75	6.72	Stowe
5079	5079.0	1754.410	17.408	2674.272	-2.61271	0.00254	6.75	6.72	Stowe
5080	5080.0	1753.905	17.377	2673.409	-2.61065	0.00234	6.75	6.71	Stowe
5081	5081.0	1753.397	17.347	2672.547	-2.60916	0.00216	6.75	6.71	Stowe
5082	5082.0	1752.889	17.316	2671.686	-2.60803	0.00201	6.75	6.70	Stowe
5083	5083.0	1752.380	17.285	2670.825	-2.60705	0.00192	6.75	6.70	Stowe
5084	5084.0	1751.870	17.253	2669.965	-2.60600	0.00189	6.74	6.69	Stowe
5085	5085.0	1751.359	17.222	2669.105	-2.60471	0.00191	6.73	6.69	Stowe
5086	5086.0	1750.847	17.189	2668.247	-2.60309	0.00198	6.71	6.69	Stowe
5087	5087.0	1750.334	17.157	2667.389	-2.60110	0.00208	6.70	6.70	Stowe
5088	5088.0	1749.818	17.124	2666.532	-2.59880	0.00219	6.68	6.70	Stowe
5089	5089.0	1749.301	17.091	2665.676	-2.59626	0.00231	6.66	6.71	Stowe
5090	5090.0	1748.781	17.057	2664.822	-2.59357	0.00242	6.65	6.72	Stowe
5091	5091.0	1748.259	17.023	2663.969	-2.59081	0.00251	6.63	6.74	Stowe
5092	5092.0	1747.734	16.989	2663.117	-2.58803	0.00258	6.62	6.75	Stowe
5093	5093.0	1747.207	16.954	2662.268	-2.58526	0.00262	6.62	6.76	Stowe
5094	5094.0	1746.678	16.919	2661.419	-2.58249	0.00264	6.61	6.77	Stowe
5095	5095.0	1746.146	16.884	2660.572	-2.57972	0.00264	6.61	6.79	Stowe
5096	5096.0	1745.613	16.848	2659.727	-2.57695	0.00261	6.61	6.80	Stowe
5097	5097.0	1745.076	16.812	2658.883	-2.57420	0.00256	6.62	6.81	Stowe
5098	5098.0	1744.538	16.775	2658.040	-2.57148	0.00250	6.62	6.81	Stowe
5099	5099.0	1743.997	16.738	2657.199	-2.56884	0.00241	6.62	6.82	Stowe
5100	5100.0	1743.454	16.701	2656.359	-2.56629	0.00230	6.61	6.83	Stowe
5101	5101.0	1742.909	16.664	2655.521	-2.56388	0.00218	6.61	6.83	Stowe
5102	5102.0	1742.362	16.626	2654.684	-2.56162	0.00204	6.61	6.84	Stowe
5103	5103.0	1741.813	16.588	2653.848	-2.55955	0.00189	6.60	6.84	Stowe
5104	5104.0	1741.262	16.550	2653.013	-2.55769	0.00174	6.59	6.84	Stowe
5105	5105.0	1740.710	16.511	2652.179	-2.55605	0.00158	6.59	6.84	Stowe
5106	5106.0	1740.157	16.473	2651.346	-2.55462	0.00142	6.58	6.84	Stowe
5107	5107.0	1739.602	16.434	2650.514	-2.55338	0.00127	6.57	6.84	Stowe
5108	5108.0	1739.047	16.395	2649.682	-2.55231	0.00113	6.56	6.83	Stowe
5109	5109.0	1738.491	16.356	2648.851	-2.55139	0.00100	6.55	6.83	Stowe
5110	5110.0	1737.934	16.317	2648.021	-2.55059	0.00089	6.55	6.82	Stowe
5111	5111.0	1737.376	16.277	2647.191	-2.54989	0.00078	6.54	6.82	Stowe
5112	5112.0	1736.818	16.238	2646.361	-2.54926	0.00070	6.52	6.81	Stowe
5113	5113.0	1736.260	16.198	2645.531	-2.54870	0.00062	6.51	6.81	Stowe
5114	5114.0	1735.701	16.159	2644.702	-2.54820	0.00055	6.50	6.80	Stowe
5115	5115.0	1735.141	16.119	2643.873	-2.54774	0.00050	6.48	6.79	Stowe
5116	5116.0	1734.582	16.080	2643.044	-2.54732	0.00046	6.47	6.79	Stowe
5117	5117.0	1734.022	16.040	2642.216	-2.54693	0.00042	6.46	6.78	Stowe
5118	5118.0	1733.461	16.001	2641.388	-2.54658	0.00040	6.45	6.77	Stowe
5119	5119.0	1732.901	15.961	2640.560	-2.54625	0.00039	6.45	6.76	Stowe
5120	5120.0	1732.340	15.922	2639.732	-2.54595	0.00040	6.45	6.75	Stowe
5121	5121.0	1731.779	15.882	2638.904	-2.54568	0.00043	6.46	6.74	Stowe
5122	5122.0	1731.217	15.843	2638.077	-2.54542	0.00049	6.47	6.73	Stowe
5123	5123.0	1730.656	15.804	2637.249	-2.54517	0.00057	6.49	6.71	Stowe
5124	5124.0	1730.094	15.765	2636.422	-2.54489	0.00069	6.51	6.70	Stowe
5125	5125.0	1729.532	15.726	2635.595	-2.54453	0.00084	6.54	6.68	Stowe
5126	5126.0	1728.969	15.688	2634.768	-2.54402	0.00101	6.56	6.67	Stowe
5127	5127.0	1728.406	15.650	2633.941	-2.54328	0.00121	6.59	6.65	Stowe
5128	5128.0	1727.843	15.612	2633.115	-2.54221	0.00143	6.62	6.63	Stowe
5129	5129.0	1727.278	15.574	2632.290	-2.54074	0.00166	6.65	6.62	Stowe
5130	5130.0	1726.712	15.537	2631.466	-2.53884	0.00188	6.67	6.60	Stowe
5131	5131.0	1726.144	15.500	2630.643	-2.53653	0.00208	6.70	6.59	Stowe
5132	5132.0	1725.575	15.464	2629.821	-2.53388	0.00225	6.72	6.57	Stowe
5133	5133.0	1725.002	15.428	2629.001	-2.53101	0.00238	6.74	6.56	Stowe
5134	5134.0	1724.428	15.393	2628.182	-2.52803	0.00247	6.75	6.54	Stowe
5135	5135.0	1723.851	15.358	2627.365	-2.52504	0.00251	6.76	6.53	Stowe
5136	5136.0	1723.271	15.323	2626.550	-2.52213	0.00251	6.78	6.51	Stowe
5137	5137.0	1722.690	15.289	2625.737	-2.51934	0.00248	6.79	6.49	Stowe
5138	5138.0	1722.106	15.256	2624.925	-2.51671	0.00242	6.79	6.47	Stowe
5139	5139.0	1721.520	15.223	2624.115	-2.51424	0.00234	6.80	6.45	Stowe
5140	5140.0	1720.932	15.190	2623.306	-2.51193	0.00225	6.80	6.43	Stowe
5141	5141.0	1720.342	15.158	2622.499	-2.50978	0.00216	6.81	6.40	Stowe
5142	5142.0	1719.750	15.127	2621.692	-2.50779	0.00208	6.81	6.36	Stowe
5143	5143.0	1719.157	15.096	2620.887	-2.50595	0.00202	6.81	6.32	Stowe
5144	5144.0	1718.563	15.066	2620.083	-2.50423	0.00199	6.81	6.28	Stowe
5145	5145.0	1717.967	15.036	2619.280	-2.50259	0.00198	6.81	6.23	Vale
5146	5146.0	1717.370	15.007	2618.478	-2.50099	0.00202	6.80	6.18	Vale
5147	5147.0	1716.772	14.979	2617.676	-2.49937	0.00210	6.80	6.13	Vale
5148	5148.0	1716.172	14.951	2616.876	-2.49767	0.00221	6.80	6.09	Vale
5149	5149.0	1715.571	14.924	2616.077	-2.49581	0.00235	6.80	6.05	Vale
5150	5150.0	1714.969	14.897	2615.279	-2.49373	0.00251	6.80	6.02	Vale
5151	5151.0	1714.364	14.872	2614.482	-2.49134	0.00266	6.80	6.01	Vale
5152	5152.0	1713.758	14.847	2613.687	-2.48856	0.00280	6.79	6.01	Vale
5153	5153.0	1713.149	14.823	2612.894	-2.48534	0.00289	6.79	6.03	Vale
5154	5154.0	1712.538	14.799	2612.102	-2.48166	0.00292	6.79	6.07	Vale
5155	5155.0	1711.923	14.777	2611.313	-2.47761	0.00286	6.79	6.12	Vale
5156	5156.0	1711.305	14.755	2610.527	-2.47337	0.00271	6.79	6.19	Vale
5157	5157.0	1710.684	14.734	2609.744	-2.46924	0.00246	6.79	6.27	Vale
5158	5158.0	1710.059	14.714	2608.962	-2.46558	0.00214	6.79	6.35	Vale
5159	5159.0	1709.432	14.694	2608.183	-2.46275	0.00176	6.79	6.43	Vale
5160	5160.0	1708.804	14.676	2607.406	-2.46101	0.00137	6.79	6.51	Vale
5161	5161.0	1708.174	14.658	2606.629	-2.46045	0.00100	6.80	6.59	Vale
5162	5162.0	1707.544	14.642	2605.852	-2.46094	0.00070	6.80	6.66	Vale
5163	5163.0	1706.915	14.626	2605.075	-2.46217	0.00050	6.82	6.72	Vale
5164	5164.0	1706.288	14.611	2604.296	-2.46369	0.00042	6.83	6.78	Vale
5165	5165.0	1705.661	14.596	2603.517	-2.46504	0.00048	6.85	6.83	Vale
5166	5166.0	1705.035	14.582	2602.737	-2.46586	0.00067	6.87	6.87	Vale
5167	5167.0	1704.410	14.569	2601.956	-2.46593	0.00097	6.90	6.91	Vale
5168	5168.0	1703.785	14.557	2601.176	-2.46521	0.00138	6.92	6.94	Vale
5169	5169.0	1703.158	14.545	2600.397	-2.46375	0.00185	6.94	6.98	Vale
5170	5170.0	1702.530	14.534	2599.618	-2.46167	0.00237	6.96	7.01	Vale
5171	5171.0	1701.901	14.523	2598.842	-2.45905	0.00291	6.98	7.06	Vale
5172	5172.0	1701.269	14.513	2598.066	-2.45587	0.00343	7.00	7.11	Vale
5173	5173.0	1700.634	14.503	2597.293	-2.45206	0.00391	7.02	7.17	Vale
5174	5174.0	1699.996	14.493	2596.523	-2.44752	0.00432	7.03	7.24	Vale
5175	5175.0	1699.355	14.484	2595.756	-2.44217	0.00463	7.04	7.32	Vale
5176	5176.0	1698.709	14.475	2594.993	-2.43607	0.00481	7.05	7.40	Vale
5177	5177.0	1698.058	14.467	2594.234	-2.42939	0.00484	7.06	7.48	Vale
5178	5178.0	1697.402	14.459	2593.479	-2.42249	0.00472	7.06	7.55	Vale
5179	5179.0	1696.741	14.451	2592.729	-2.41581	0.00445	7.06	7.61	Vale
5180	5180.0	1696.074	14.444	2591.983	-2.40981	0.00405	7.07	7.64	Vale
5181	5181.0	1695.404	14.436	2591.241	-2.40490	0.00355	7.07	7.66	Vale
5182	5182.0	1694.731	14.430	2590.502	-2.40130	0.00299	7.07	7.64	Vale
5183	5183.0	1694.055	14.423	2589.764	-2.39906	0.00242	7.06	7.58	Vale
5184	5184.0	1693.378	14.417	2589.028	-2.39799	0.00189	7.06	7.50	Vale
5185	5185.0	1692.701	14.411	2588.292	-2.39782	0.00142	7.05	7.39	Vale
5186	5186.0	1692.024	14.405	2587.556	-2.39818	0.00106	7.05	7.25	Vale
5187	5187.0	1691.348	14.400	2586.820	-2.39874	0.00082	7.04	7.10	Vale
5188	5188.0	1690.672	14.395	2586.083	-2.39925	0.00071	7.03	6.95	Vale
5189	5189.0	1689.996	14.391	2585.346	-2.39955	0.00072	7.02	6.79	Vale
5190	5190.0	1689.320	14.386	2584.609	-2.39955	0.00085	7.02	6.65	Vale
5191	5191.0	1688.644	14.383	2583.872	-2.39921	0.00108	7.01	6.52	Vale
5192	5192.0	1687.968	14.379	2583.135	-2.39852	0.00141	7.01	6.41	Vale
5193	5193.0	1687.291	14.376	2582.399	-2.39745	0.00181	7.00	6.32	Vale
5194	5194.0	1686.613	14.373	2581.664	-2.39597	0.00227	7.00	6.25	Vale
5195	5195.0	1685.934	14.371	2580.930	-2.39399	0.00275	7.01	6.21	Vale
5196	5196.0	1685.253	14.369	2580.198	-2.39139	0.00324	7.01	6.18	Vale
5197	5197.0	1684.571	14.367	2579.467	-2.38802	0.00368	7.01	6.18	Vale
5198	5198.0	1683.885	14.366	2578.739	-2.38373	0.00405	7.02	6.18	Vale
5199	5199.0	1683.196	14.365	2578.014	-2.37842	0.00429	7.02	6.20	Vale
5200	5200.0	1682.502	14.365	2577.294	-2.37210	0.00437	7.02	6.22	Vale
5201	5201.0	1681.804	14.365	2576.578	-2.36504	0.00426	7.01	6.25	Vale
5202	5202.0	1681.101	14.365	2575.867	-2.35775	0.00394	7.00	6.29	Vale
5203	5203.0	1680.392	14.366	2575.161	-2.35097	0.00343	6.98	6.32	Vale
5204	5204.0	1679.679	14.367	2574.460	-2.34550	0.00276	6.96	6.36	Vale
5205	5205.0	1678.963	14.369	2573.762	-2.34198	0.00198	6.93	6.40	Vale
5206	5206.0	1678.245	14.371	2573.066	-2.34072	0.00117	6.89	6.44	Vale
5207	5207.0	1677.527	14.373	2572.370	-2.34155	0.00039	6.85	6.47	Vale
5208	5208.0	1676.810	14.376	2571.673	-2.34395	-0.00030	6.81	6.51	Vale
5209	5209.0	1676.096	14.379	2570.973	-2.34723	-0.00086	6.77	6.55	Vale
5210	5210.0	1675.384	14.383	2570.271	-2.35071	-0.00127	6.72	6.59	Vale
5211	5211.0	1674.674	14.386	2569.567	-2.35391	-0.00152	6.68	6.63	Vale
5212	5212.0	1673.966	14.391	2568.860	-2.35659	-0.00163	6.65	6.67	Vale
5213	5213.0	1673.260	14.395	2568.152	-2.35870	-0.00162	6.61	6.71	Vale
5214	5214.0	1672.555	14.400	2567.443	-2.36031	-0.00153	6.58	6.76	Vale
5215	5215.0	1671.852	14.406	2566.732	-2.36156	-0.00140	6.56	6.80	Vale
5216	5216.0	1671.149	14.411	2566.021	-2.36255	-0.00124	6.54	6.84	Vale
5217	5217.0	1670.447	14.417	2565.309	-2.36336	-0.00108	6.52	6.88	Vale
5218	5218.0	1669.745	14.423	2564.597	-2.36405	-0.00094	6.51	6.92	Vale
5219	5219.0	1669.043	14.430	2563.884	-2.36468	-0.00082	6.51	6.95	Vale
5220	5220.0	1668.343	14.436	2563.170	-2.36525	-0.00071	6.50	6.98	Vale
5221	5221.0	1667.642	14.443	2562.457	-2.36579	-0.00064	6.50	7.00	Vale
5222	5222.0	1666.942	14.450	2561.743	-2.36630	-0.00058	6.51	7.02	Vale
5223	5223.0	1666.242	14.456	2561.028	-2.36678	-0.00053	6.51	7.04	Vale
5224	5224.0	1665.543	14.463	2560.313	-2.36724	-0.00050	6.52	7.04	Vale
5225	5225.0	1664.844	14.470	2559.599	-2.36769	-0.00047	6.52	7.05	Vale
5226	5226.0	1664.145	14.477	2558.883	-2.36812	-0.00046	6.53	7.05	Vale
5227	5227.0	1663.447	14.484	2558.167	-2.36855	-0.00045	6.54	7.05	Vale
5228	5228.0	1662.748	14.491	2557.452	-2.36897	-0.00044	6.55	7.05	Vale
5229	5229.0	1662.051	14.498	2556.735	-2.36939	-0.00043	6.55	7.05	Vale
5230	5230.0	1661.353	14.504	2556.019	-2.36980	-0.00043	6.56	7.05	Vale
5231	5231.0	1660.656	14.511	2555.302	-2.37021	-0.00043	6.56	7.06	Vale
5232	5232.0	1659.959	14.517	2554.585	-2.37063	-0.00043	6.57	7.06	Vale
5233	5233.0	1659.262	14.523	2553.868	-2.37104	-0.00043	6.57	7.06	Vale
5234	5234.0	1658.566	14.529	2553.150	-2.37146	-0.00044	6.57	7.07	Vale
5235	5235.0	1657.870	14.535	2552.432	-2.37189	-0.00044	6.57	7.08	Vale
5236	5236.0	1657.174	14.540	2551.714	-2.37232	-0.00045	6.57	7.09	Vale
5237	5237.0	1656.478	14.545	2550.995	-2.37277	-0.00046	6.57	7.09	Vale
5238	5238.0	1655.783	14.550	2550.276	-2.37322	-0.00048	6.57	7.10	Vale
5239	5239.0	1655.088	14.555	2549.557	-2.37368	-0.00049	6.57	7.11	Vale
5240	5240.0	1654.394	14.559	2548.837	-2.37417	-0.00051	6.57	7.12	Vale
5241	5241.0	1653.700	14.564	2548.118	-2.37466	-0.00053	6.57	7.13	Vale
5242	5242.0	1653.006	14.567	2547.397	-2.37518	-0.00055	6.57	7.14	Vale
5243	5243.0	1652.313	14.571	2546.677	-2.37572	-0.00058	6.57	7.15	Vale
5244	5244.0	1651.620	14.574	2545.956	-2.37628	-0.00061	6.58	7.16	Vale
5245	5245.0	1650.927	14.577	2545.235	-2.37688	-0.00064	6.58	7.16	Vale
5246	5246.0	1650.235	14.580	2544.513	-2.37750	-0.00067	6.58	7.16	Vale
5247	5247.0	1649.543	14.582	2543.791	-2.37817	-0.00070	6.58	7.16	Vale
5248	5248.0	1648.852	14.584	2543.068	-2.37887	-0.00074	6.59	7.16	Vale
5249	5249.0	1648.162	14.586	2542.344	-2.37963	-0.00078	6.59	7.16	Vale
5250	5250.0	1647.472	14.588	2541.621	-2.38043	-0.00081	6.59	7.16	Vale
5251	5251.0	1646.782	14.589	2540.896	-2.38129	-0.00084	6.60	7.16	Vale
5252	5252.0	1646.093	14.590	2540.172	-2.38219	-0.00087	6.60	7.16	Vale
5253	5253.0	1645.405	14.590	2539.446	-2.38314	-0.00089	6.61	7.15	Vale
5254	5254.0	1644.718	14.591	2538.720	-2.38411	-0.00091	6.61	7.15	Vale
5255	5255.0	1644.031	14.591	2537.993	-2.38509	-0.00093	6.61	7.15	Vale
5256	5256.0	1643.345	14.590	2537.265	-2.38607	-0.00094	6.61	7.15	Vale
5257	5257.0	1642.660	14.590	2536.537	-2.38704	-0.00094	6.62	7.15	Vale
5258	5258.0	1641.975	14.589	2535.808	-2.38798	-0.00095	6.62	7.15	Vale
5259	5259.0	1641.291	14.587	2535.079	-2.38892	-0.00095	6.62	7.15	Vale
5260	5260.0	1640.608	14.586	2534.348	-2.38985	-0.00096	6.63	7.15	Vale
5261	5261.0	1639.925	14.584	2533.618	-2.39078	-0.00096	6.63	7.15	Vale
5262	5262.0	1639.243	14.581	2532.886	-2.39173	-0.00097	6.64	7.15	Vale
5263	5263.0	1638.562	14.578	2532.154	-2.39269	-0.00098	6.64	7.15	Vale
5264	5264.0	1637.882	14.575	2531.421	-2.39367	-0.00098	6.65	7.16	Vale
5265	5265.0	1637.202	14.572	2530.688	-2.39466	-0.00099	6.66	7.16	Vale
5266	5266.0	1636.523	14.568	2529.954	-2.39567	-0.00099	6.66	7.16	Vale
5267	5267.0	1635.845	14.563	2529.219	-2.39669	-0.00100	6.67	7.17	Vale
5268	5268.0	1635.167	14.558	2528.483	-2.39772	-0.00100	6.67	7.17	Vale
5269	5269.0	1634.490	14.553	2527.747	-2.39875	-0.00100	6.68	7.17	Vale
5270	5270.0	1633.814	14.547	2527.010	-2.39978	-0.00099	6.68	7.17	Vale
5271	5271.0	1633.139	14.541	2526.273	-2.40080	-0.00098	6.69	7.18	Vale
5272	5272.0	1632.465	14.535	2525.534	-2.40181	-0.00097	6.69	7.18	Vale
5273	5273.0	1631.791	14.528	2524.795	-2.40281	-0.00095	6.70	7.18	Vale
5274	5274.0	1631.118	14.521	2524.056	-2.40378	-0.00093	6.70	7.17	Vale
5275	5275.0	1630.445	14.513	2523.316	-2.40474	-0.00091	6.71	7.17	Vale
5276	5276.0	1629.774	14.505	2522.575	-2.40566	-0.00089	6.72	7.16	Vale
5277	5277.0	1629.103	14.497	2521.833	-2.40655	-0.00086	6.73	7.15	Vale
5278	5278.0	1628.433	14.488	2521.091	-2.40741	-0.00083	6.74	7.14	Vale
5279	5279.0	1627.763	14.479	2520.348	-2.40823	-0.00080	6.75	7.12	Vale
5280	5280.0	1627.094	14.470	2519.605	-2.40901	-0.00077	6.76	7.10	Vale
5281	5281.0	1626.425	14.461	2518.862	-2.40975	-0.00075	6.77	7.07	Vale
5282	5282.0	1625.757	14.451	2518.117	-2.41045	-0.00073	6.78	7.04	Vale
5283	5283.0	1625.090	14.441	2517.373	-2.41112	-0.00071	6.80	7.01	Vale
5284	5284.0	1624.423	14.430	2516.628	-2.41175	-0.00070	6.81	6.97	Vale
5285	5285.0	1623.756	14.420	2515.882	-2.41236	-0.00070	6.83	6.93	Vale
5286	5286.0	1623.090	14.409	2515.136	-2.41296	-0.00070	6.84	6.89	Vale
5287	5287.0	1622.425	14.397	2514.390	-2.41357	-0.00071	6.86	6.85	Vale
5288	5288.0	1621.760	14.386	2513.643	-2.41422	-0.00072	6.88	6.81	Vale
5289	5289.0	1621.095	14.374	2512.896	-2.41491	-0.00074	6.90	6.78	Vale
5290	5290.0	1620.431	14.363	2512.148	-2.41567	-0.00076	6.93	6.76	Vale
5291	5291.0	1619.767	14.351	2511.400	-2.41649	-0.00077	6.97	6.74	Vale
5292	5292.0	1619.104	14.338	2510.652	-2.41736	-0.00079	7.00	6.73	Vale
5293	5293.0	1618.442	14.326	2509.902	-2.41826	-0.00079	7.05	6.72	Vale
5294	5294.0	1617.781	14.313	2509.152	-2.41916	-0.00079	7.09	6.73	Vale
5295	5295.0	1617.120	14.300	2508.402	-2.42004	-0.00078	7.13	6.74	Vale
5296	5296.0	1616.459	14.287	2507.651	-2.42088	-0.00076	7.18	6.76	Vale
5297	5297.0	1615.800	14.274	2506.899	-2.42167	-0.00073	7.22	6.78	Vale
5298	5298.0	1615.141	14.261	2506.147	-2.42242	-0.00070	7.25	6.80	Vale
5299	5299.0	1614.482	14.248	2505.395	-2.42311	-0.00067	7.27	6.83	Vale
5300	5300.0	1613.824	14.234	2504.642	-2.42376	-0.00063	7.29	6.85	Vale
5301	5301.0	1613.167	14.221	2503.888	-2.42436	-0.00060	7.30	6.87	Vale
5302	5302.0	1612.510	14.207	2503.134	-2.42493	-0.00056	7.29	6.89	Vale
5303	5303.0	1611.853	14.193	2502.380	-2.42545	-0.00053	7.28	6.91	Vale
5304	5304.0	1611.197	14.180	2501.625	-2.42594	-0.00049	7.26	6.92	Vale
5305	5305.0	1610.541	14.166	2500.871	-2.42640	-0.00046	7.24	6.93	Vale
5306	5306.0	1609.885	14.152	2500.116	-2.42683	-0.00043	7.21	6.93	Vale
5307	5307.0	1609.230	14.138	2499.360	-2.42723	-0.00040	7.18	6.92	Vale
5308	5308.0	1608.575	14.124	2498.605	-2.42760	-0.00037	7.16	6.92	Vale
5309	5309.0	1607.920	14.110	2497.849	-2.42795	-0.00035	7.13	6.90	Vale
5310	5310.0	1607.266	14.097	2497.093	-2.42828	-0.00032	7.10	6.89	Vale
5311	5311.0	1606.612	14.083	2496.336	-2.42859	-0.00030	7.08	6.87	Vale
5312	5312.0	1605.958	14.069	2495.580	-2.42887	-0.00028	7.06	6.85	Vale
5313	5313.0	1605.304	14.055	2494.823	-2.42913	-0.00026	7.04	6.84	Vale
5314	5314.0	1604.650	14.041	2494.066	-2.42938	-0.00024	7.02	6.82	Vale
5315	5315.0	1603.997	14.028	2493.309	-2.42960	-0.00022	7.00	6.80	Vale
5316	5316.0	1603.344	14.014	2492.552	-2.42981	-0.00020	6.99	6.78	Vale
5317	5317.0	1602.690	14.000	2491.795	-2.42999	-0.00018	6.97	6.76	Vale
5318	5318.0	1602.037	13.987	2491.038	-2.43017	-0.00016	6.96	6.73	Vale
5319	5319.0	1601.385	13.973	2490.280	-2.43032	-0.00015	6.94	6.71	Vale
5320	5320.0	1600.732	13.960	2489.522	-2.43045	-0.00013	6.93	6.69	Vale
5321	5321.0	1600.079	13.946	2488.765	-2.43057	-0.00011	6.93	6.66	Vale
5322	5322.0	1599.427	13.933	2488.007	-2.43067	-0.00009	6.93	6.63	Vale
5323	5323.0	1598.774	13.920	2487.249	-2.43076	-0.00007	6.93	6.60	Vale
5324	5324.0	1598.122	13.907	2486.491	-2.43082	-0.00005	6.93	6.57	Vale
5325	5325.0	1597.469	13.894	2485.734	-2.43087	-0.00003	6.94	6.53	Vale
5326	5326.0	1596.817	13.881	2484.976	-2.43090	-0.00001	6.95	6.49	Vale
5327	5327.0	1596.165	13.868	2484.218	-2.43091	0.00001	6.96	6.45	Vale
5328	5328.0	1595.512	13.855	2483.460	-2.43090	0.00003	6.97	6.42	Vale
5329	5329.0	1594.860	13.842	2482.702	-2.43087	0.00005	6.97	6.38	Vale
5330	5330.0	1594.208	13.829	2481.944	-2.43082	0.00007	6.97	6.35	Vale
5331	5331.0	1593.555	13.817	2481.186	-2.43074	0.00010	6.97	6.32	Vale
5332	5332.0	1592.902	13.804	2480.428	-2.43064	0.00012	6.96	6.30	Vale
5333	5333.0	1592.250	13.791	2479.671	-2.43051	0.00015	6.95	6.28	Vale
5334	5334.0	1591.597	13.778	2478.913	-2.43036	0.00017	6.94	6.27	Vale
5335	5335.0	1590.944	13.766	2478.156	-2.43017	0.00019	6.92	6.26	Vale
5336	5336.0	1590.291	13.753	2477.398	-2.42994	0.00020	6.91	6.26	Vale
5337	5337.0	1589.638	13.741	2476.641	-2.42968	0.00020	6.90	6.27	Vale
5338	5338.0	1588.985	13.728	2475.884	-2.42939	0.00020	6.89	6.28	Vale
5339	5339.0	1588.331	13.715	2475.127	-2.42907	0.00018	6.88	6.29	Vale
5340	5340.0	1587.677	13.703	2474.371	-2.42874	0.00015	6.86	6.31	Vale
5341	5341.0	1587.023	13.690	2473.614	-2.42842	0.00011	6.85	6.33	Vale
5342	5342.0	1586.369	13.677	2472.858	-2.42816	0.00006	6.84	6.34	Vale
5343	5343.0	1585.714	13.665	2472.102	-2.42799	-0.00000	6.83	6.35	Vale
5344	5344.0	1585.060	13.652	2471.346	-2.42796	-0.00007	6.83	6.36	Vale
5345	5345.0	1584.405	13.640	2470.590	-2.42809	-0.00013	6.82	6.37	Vale
5346	5346.0	1583.751	13.627	2469.834	-2.42838	-0.00018	6.81	6.37	Vale
5347	5347.0	1583.097	13.615	2469.077	-2.42881	-0.00021	6.80	6.37	Vale
5348	5348.0	1582.443	13.602	2468.321	-2.42932	-0.00022	6.79	6.36	Vale
5349	5349.0	1581.790	13.590	2467.564	-2.42986	-0.00020	6.78	6.36	Vale
5350	5350.0	1581.137	13.577	2466.806	-2.43036	-0.00015	6.77	6.35	Vale
5351	5351.0	1580.484	13.565	2466.049	-2.43078	-0.00006	6.76	6.35	Vale
5352	5352.0	1579.832	13.553	2465.291	-2.43109	0.00007	6.76	6.35	Vale
5353	5353.0	1579.180	13.541	2464.532	-2.43124	0.00024	6.75	6.35	Vale
5354	5354.0	1578.527	13.530	2463.774	-2.43121	0.00046	6.75	6.35	Vale
5355	5355.0	1577.875	13.518	2463.016	-2.43098	0.00075	6.75	6.36	Vale
5356	5356.0	1577.223	13.507	2462.259	-2.43052	0.00111	6.75	6.38	Vale
5357	5357.0	1576.570	13.495	2461.501	-2.42979	0.00156	6.76	6.39	Vale
5358	5358.0	1575.917	13.484	2460.744	-2.42874	0.00214	6.77	6.42	Vale
5359	5359.0	1575.262	13.474	2459.988	-2.42730	0.00287	6.79	6.44	Vale
5360	5360.0	1574.606	13.463	2459.233	-2.42540	0.00380	6.82	6.47	Vale
5361	5361.0	1573.949	13.453	2458.479	-2.42290	0.00497	6.84	6.50	Vale
5362	5362.0	1573.290	13.443	2457.728	-2.41964	0.00642	6.88	6.54	Vale
5363	5363.0	1572.627	13.434	2456.978	-2.41539	0.00820	6.92	6.57	Vale
5364	5364.0	1571.961	13.424	2456.232	-2.40980	0.01034	6.96	6.60	Vale
5365	5365.0	1571.291	13.416	2455.490	-2.40242	0.01285	7.01	6.63	Vale
5366	5366.0	1570.614	13.407	2454.754	-2.39259	0.01574	7.06	6.66	Vale
5367	5367.0	1569.929	13.399	2454.026	-2.37945	0.01898	7.11	6.68	Vale
5368	5368.0	1569.233	13.392	2453.308	-2.36210	0.02250	7.17	6.70	Vale
5369	5369.0	1568.523	13.385	2452.603	-2.33974	0.02624	7.23	6.71	Vale
5370	5370.0	1567.796	13.378	2451.917	-2.31191	0.03011	7.29	6.71	Vale
5371	5371.0	1567.048	13.372	2451.253	-2.27864	0.03400	7.37	6.70	Vale
5372	5372.0	1566.277	13.367	2450.617	-2.24047	0.03783	7.44	6.68	Vale
5373	5373.0	1565.481	13.362	2450.012	-2.19821	0.04150	7.52	6.66	Vale
5374	5374.0	1564.658	13.358	2449.443	-2.15258	0.04493	7.60	6.63	Vale
5375	5375.0	1563.810	13.354	2448.914	-2.10395	0.04804	7.68	6.59	Vale
5376	5376.0	1562.937	13.351	2448.427	-2.05225	0.05076	7.76	6.54	Vale
5377	5377.0	1562.038	13.349	2447.988	-1.99719	0.05301	7.84	6.48	Vale
5378	5378.0	1561.117	13.348	2447.600	-1.93865	0.05473	7.91	6.42	Vale
5379	5379.0	1560.173	13.347	2447.269	-1.87709	0.05587	7.98	6.35	Vale
5380	5380.0	1559.211	13.346	2446.998	-1.81364	0.05639	8.04	6.27	Vale
5381	5381.0	1558.233	13.347	2446.788	-1.74981	0.05631	8.09	6.19	Vale
5382	5382.0	1557.244	13.348	2446.642	-1.68717	0.05566	8.15	6.10	Vale
5383	5383.0	1556.248	13.350	2446.556	-1.62702	0.05452	8.20	6.01	Vale
5384	5384.0	1555.249	13.352	2446.530	-1.57013	0.05300	8.25	5.92	Vale
5385	5385.0	1554.249	13.355	2446.558	-1.51689	0.05124	8.31	5.83	Vale
5386	5386.0	1553.252	13.359	2446.637	-1.46732	0.04939	8.36	5.74	Vale
5387	5387.0	1552.261	13.363	2446.764	-1.42115	0.04757	8.41	5.66	Vale
5388	5388.0	1551.275	13.368	2446.935	-1.37788	0.04589	8.46	5.58	Vale
5389	5389.0	1550.298	13.374	2447.147	-1.33683	0.04442	8.51	5.51	Vale
5390	5390.0	1549.330	13.380	2447.399	-1.29714	0.04319	8.55	5.44	Vale
5391	5391.0	1548.373	13.387	2447.688	-1.25796	0.04218	8.59	5.39	Vale
5392	5392.0	1547.428	13.395	2448.014	-1.21854	0.04132	8.62	5.33	Vale
5393	5393.0	1546.496	13.403	2448.378	-1.17838	0.04053	8.64	5.29	Vale
5394	5394.0	1545.581	13.412	2448.779	-1.13725	0.03969	8.66	5.25	Vale
5395	5395.0	1544.682	13.422	2449.218	-1.09522	0.03868	8.67	5.22	Vale
5396	5396.0	1543.803	13.432	2449.694	-1.05275	0.03739	8.68	5.20	Vale
5397	5397.0	1542.945	13.442	2450.208	-1.01068	0.03577	8.68	5.18	Vale
5398	5398.0	1542.109	13.454	2450.756	-0.97018	0.03376	8.68	5.16	Vale
5399	5399.0	1541.295	13.466	2451.338	-0.93251	0.03139	8.67	5.15	Vale
5400	5400.0	1540.503	13.478	2451.948	-0.89878	0.02871	8.66	5.14	Vale
5401	5401.0	1539.731	13.491	2452.583	-0.86971	0.02580	8.66	5.14	Vale
5402	5402.0	1538.975	13.505	2453.238	-0.84551	0.02277	8.65	5.13	Vale
5403	5403.0	1538.234	13.519	2453.909	-0.82594	0.01974	8.63	5.12	Vale
5404	5404.0	1537.505	13.533	2454.594	-0.81044	0.01681	8.62	5.12	Vale
5405	5405.0	1536.785	13.548	2455.288	-0.79835	0.01407	8.61	5.11	Vale
5406	5406.0	1536.072	13.563	2455.989	-0.78902	0.01160	8.60	5.10	Vale
5407	5407.0	1535.366	13.578	2456.697	-0.78187	0.00942	8.59	5.09	Vale
5408	5408.0	1534.663	13.594	2457.408	-0.77643	0.00755	8.58	5.09	Vale
5409	5409.0	1533.964	13.610	2458.124	-0.77230	0.00598	8.57	5.08	Vale
5410	5410.0	1533.268	13.625	2458.841	-0.76915	0.00469	8.56	5.07	Vale
5411	5411.0	1532.573	13.641	2459.561	-0.76673	0.00364	8.56	5.06	Vale
5412	5412.0	1531.880	13.658	2460.281	-0.76485	0.00281	8.55	5.06	Vale
5413	5413.0	1531.188	13.674	2461.003	-0.76339	0.00214	8.54	5.06	Vale
5414	5414.0	1530.497	13.690	2461.726	-0.76226	0.00161	8.54	5.06	Vale
5415	5415.0	1529.807	13.706	2462.450	-0.76138	0.00117	8.53	5.06	Vale
5416	5416.0	1529.118	13.721	2463.174	-0.76073	0.00081	8.53	5.07	Vale
5417	5417.0	1528.428	13.737	2463.899	-0.76027	0.00049	8.52	5.08	Vale
5418	5418.0	1527.739	13.753	2464.624	-0.75999	0.00018	8.52	5.08	Vale
5419	5419.0	1527.050	13.768	2465.348	-0.75988	-0.00013	8.52	5.09	Vale
5420	5420.0	1526.362	13.783	2466.073	-0.75996	-0.00048	8.51	5.10	Vale
5421	5421.0	1525.673	13.798	2466.798	-0.76022	-0.00089	8.51	5.11	Vale
5422	5422.0	1524.983	13.812	2467.523	-0.76069	-0.00140	8.50	5.12	Vale
5423	5423.0	1524.294	13.826	2468.247	-0.76140	-0.00204	8.49	5.13	Vale
5424	5424.0	1523.604	13.840	2468.970	-0.76242	-0.00284	8.48	5.14	Vale
5425	5425.0	1522.912	13.853	2469.693	-0.76388	-0.00384	8.46	5.15	Vale
5426	5426.0	1522.220	13.866	2470.415	-0.76599	-0.00506	8.44	5.15	Vale
5427	5427.0	1521.526	13.879	2471.135	-0.76906	-0.00654	8.42	5.16	Vale
5428	5428.0	1520.829	13.891	2471.852	-0.77349	-0.00827	8.40	5.17	Vale
5429	5429.0	1520.129	13.902	2472.565	-0.77985	-0.01025	8.38	5.19	Vale
5430	5430.0	1519.423	13.914	2473.274	-0.78878	-0.01246	8.35	5.20	Vale
5431	5431.0	1518.710	13.924	2473.975	-0.80082	-0.01486	8.33	5.23	Vale
5432	5432.0	1517.987	13.934	2474.666	-0.81624	-0.01743	8.30	5.25	Vale
5433	5433.0	1517.253	13.944	2475.345	-0.83495	-0.02012	8.27	5.29	Vale
5434	5434.0	1516.505	13.953	2476.008	-0.85655	-0.02286	8.25	5.33	Vale
5435	5435.0	1515.742	13.961	2476.655	-0.88065	-0.02559	8.23	5.37	Vale
5436	5436.0	1514.963	13.969	2477.281	-0.90717	-0.02825	8.21	5.42	Vale
5437	5437.0	1514.166	13.976	2477.886	-0.93654	-0.03075	8.20	5.47	Vale
5438	5438.0	1513.352	13.982	2478.467	-0.96950	-0.03298	8.20	5.52	Vale
5439	5439.0	1512.517	13.988	2479.018	-1.00662	-0.03485	8.20	5.57	Vale
5440	5440.0	1511.662	13.994	2479.536	-1.04778	-0.03627	8.21	5.62	Vale
5441	5441.0	1510.785	13.999	2480.016	-1.09193	-0.03718	8.23	5.67	Vale
5442	5442.0	1509.888	14.003	2480.457	-1.13730	-0.03755	8.25	5.71	Vale
5443	5443.0	1508.971	14.006	2480.856	-1.18189	-0.03738	8.27	5.74	Vale
5444	5444.0	1508.038	14.009	2481.215	-1.22412	-0.03674	8.30	5.77	Vale
5445	5445.0	1507.090	14.012	2481.536	-1.26313	-0.03573	8.33	5.78	Vale
5446	5446.0	1506.132	14.014	2481.821	-1.29874	-0.03448	8.36	5.80	Vale
5447	5447.0	1505.164	14.015	2482.073	-1.33126	-0.03310	8.39	5.80	Vale
5448	5448.0	1504.189	14.016	2482.295	-1.36129	-0.03173	8.41	5.81	Vale
5449	5449.0	1503.208	14.016	2482.489	-1.38956	-0.03046	8.42	5.81	Vale
5450	5450.0	1502.222	14.015	2482.656	-1.41682	-0.02939	8.42	5.81	Vale
5451	5451.0	1501.232	14.015	2482.795	-1.44357	-0.02856	8.41	5.82	Vale
5452	5452.0	1500.239	14.013	2482.909	-1.46995	-0.02801	8.40	5.83	Vale
5453	5453.0	1499.243	14.012	2482.997	-1.49580	-0.02777	8.37	5.84	Vale
5454	5454.0	1498.245	14.009	2483.059	-1.52090	-0.02784	8.33	5.85	Vale
5455	5455.0	1497.245	14.007	2483.096	-1.54536	-0.02819	8.29	5.86	Vale
5456	5456.0	1496.245	14.004	2483.110	-1.56987	-0.02879	8.24	5.87	Vale
5457	5457.0	1495.246	14.000	2483.098	-1.59563	-0.02957	8.18	5.89	Vale
5458	5458.0	1494.246	13.996	2483.060	-1.62389	-0.03044	8.13	5.90	Vale
5459	5459.0	1493.249	13.992	2482.992	-1.65538	-0.03130	8.06	5.91	Vale
5460	5460.0	1492.254	13.987	2482.891	-1.68999	-0.03206	8.00	5.92	Vale
5461	5461.0	1491.263	13.982	2482.754	-1.72684	-0.03262	7.93	5.94	Vale
5462	5462.0	1490.279	13.977	2482.581	-1.76466	-0.03294	7.86	5.95	Vale
5463	5463.0	1489.301	13.971	2482.369	-1.80219	-0.03299	7.79	5.97	Vale
5464	5464.0	1488.332	13.965	2482.122	-1.83841	-0.03281	7.72	5.98	Vale
5465	5465.0	1487.373	13.959	2481.841	-1.87274	-0.03243	7.65	6.00	Vale
5466	5466.0	1486.423	13.952	2481.527	-1.90488	-0.03195	7.58	6.01	Vale
5467	5467.0	1485.484	13.946	2481.185	-1.93491	-0.03142	7.52	6.03	Vale
5468	5468.0	1484.555	13.938	2480.815	-1.96330	-0.03091	7.45	6.05	Vale
5469	5469.0	1483.636	13.931	2480.420	-1.99092	-0.03043	7.39	6.08	Vale
5470	5470.0	1482.729	13.923	2480.000	-2.01883	-0.02998	7.32	6.10	Vale
5471	5471.0	1481.834	13.915	2479.554	-2.04791	-0.02951	7.26	6.12	Vale
5472	5472.0	1480.952	13.907	2479.081	-2.07854	-0.02895	7.21	6.15	Vale
5473	5473.0	1480.086	13.899	2478.581	-2.11038	-0.02825	7.15	6.17	Vale
5474	5474.0	1479.237	13.890	2478.054	-2.14249	-0.02733	7.10	6.20	Vale
5475	5475.0	1478.405	13.881	2477.500	-2.17366	-0.02615	7.05	6.22	Vale
5476	5476.0	1477.590	13.872	2476.920	-2.20279	-0.02471	7.00	6.25	Vale
5477	5477.0	1476.791	13.863	2476.318	-2.22917	-0.02302	6.96	6.27	Vale
5478	5478.0	1476.008	13.854	2475.697	-2.25252	-0.02113	6.93	6.29	Vale
5479	5479.0	1475.238	13.844	2475.058	-2.27294	-0.01910	6.91	6.31	Vale
5480	5480.0	1474.481	13.834	2474.405	-2.29067	-0.01700	6.89	6.32	Vale
5481	5481.0	1473.735	13.825	2473.740	-2.30591	-0.01489	6.89	6.33	Vale
5482	5482.0	1472.998	13.815	2473.063	-2.31880	-0.01284	6.89	6.35	Vale
5483	5483.0	1472.269	13.805	2472.379	-2.32939	-0.01092	6.89	6.36	Vale
5484	5484.0	1471.546	13.795	2471.688	-2.33774	-0.00916	6.91	6.37	Vale
5485	5485.0	1470.828	13.785	2470.991	-2.34402	-0.00759	6.92	6.38	Vale
5486	5486.0	1470.115	13.776	2470.291	-2.34853	-0.00626	6.94	6.39	Vale
5487	5487.0	1469.403	13.766	2469.588	-2.35169	-0.00516	6.95	6.40	Vale
5488	5488.0	1468.694	13.756	2468.883	-2.35394	-0.00430	6.96	6.41	Vale
5489	5489.0	1467.986	13.746	2468.177	-2.35572	-0.00366	6.97	6.41	Vale
5490	5490.0	1467.279	13.737	2467.469	-2.35737	-0.00324	6.98	6.42	Vale
5491	5491.0	1466.573	13.727	2466.761	-2.35912	-0.00299	6.98	6.42	Vale
5492	5492.0	1465.869	13.718	2466.051	-2.36112	-0.00290	6.97	6.42	Vale
5493	5493.0	1465.166	13.708	2465.340	-2.36342	-0.00291	6.96	6.42	Vale
5494	5494.0	1464.465	13.699	2464.627	-2.36605	-0.00301	6.95	6.41	Vale
5495	5495.0	1463.766	13.690	2463.912	-2.36902	-0.00317	6.94	6.40	Vale
5496	5496.0	1463.069	13.681	2463.195	-2.37233	-0.00334	6.93	6.39	Vale
5497	5497.0	1462.375	13.672	2462.475	-2.37596	-0.00352	6.91	6.37	Vale
5498	5498.0	1461.683	13.663	2461.753	-2.37989	-0.00368	6.90	6.36	Vale
5499	5499.0	1460.995	13.654	2461.028	-2.38406	-0.00381	6.88	6.35	Vale
5500	5500.0	1460.309	13.646	2460.300	-2.38841	-0.00391	6.87	6.34	Vale
5501	5501.0	1459.627	13.637	2459.569	-2.39284	-0.00396	6.86	6.33	Vale
5502	5502.0	1458.948	13.629	2458.834	-2.39727	-0.00397	6.84	6.32	Vale
5503	5503.0	1458.272	13.620	2458.097	-2.40162	-0.00395	6.83	6.32	Vale
5504	5504.0	1457.599	13.612	2457.357	-2.40582	-0.00389	6.82	6.32	Vale
5505	5505.0	1456.929	13.604	2456.615	-2.40984	-0.00380	6.82	6.32	Vale
5506	5506.0	1456.263	13.595	2455.870	-2.41365	-0.00370	6.81	6.32	Vale
5507	5507.0	1455.599	13.587	2455.122	-2.41726	-0.00360	6.81	6.33	Vale
5508	5508.0	1454.937	13.579	2454.372	-2.42068	-0.00349	6.81	6.34	Vale
5509	5509.0	1454.279	13.571	2453.619	-2.42393	-0.00338	6.81	6.35	Vale
5510	5510.0	1453.622	13.563	2452.865	-2.42707	-0.00329	6.81	6.36	Vale
5511	5511.0	1452.968	13.555	2452.109	-2.43013	-0.00320	6.80	6.37	Vale
5512	5512.0	1452.316	13.547	2451.350	-2.43318	-0.00313	6.80	6.39	Vale
5513	5513.0	1451.667	13.539	2450.590	-2.43623	-0.00306	6.79	6.41	Vale
5514	5514.0	1451.020	13.531	2449.827	-2.43929	-0.00301	6.78	6.43	Vale
5515	5515.0	1450.375	13.524	2449.063	-2.44234	-0.00298	6.77	6.44	Vale
5516	5516.0	1449.732	13.516	2448.297	-2.44532	-0.00297	6.75	6.46	Vale
5517	5517.0	1449.092	13.508	2447.529	-2.44820	-0.00298	6.73	6.48	Vale
5518	5518.0	1448.454	13.500	2446.759	-2.45094	-0.00304	6.70	6.50	Vale
5519	5519.0	1447.818	13.492	2445.987	-2.45355	-0.00315	6.67	6.52	Vale
5520	5520.0	1447.184	13.485	2445.214	-2.45607	-0.00332	6.63	6.54	Vale
5521	5521.0	1446.552	13.477	2444.439	-2.45860	-0.00356	6.59	6.56	Vale
5522	5522.0	1445.922	13.470	2443.662	-2.46129	-0.00386	6.55	6.58	Vale
5523	5523.0	1445.294	13.462	2442.884	-2.46435	-0.00421	6.51	6.60	Vale
5524	5524.0	1444.668	13.455	2442.104	-2.46804	-0.00461	6.47	6.62	Vale
5525	5525.0	1444.046	13.448	2441.321	-2.47258	-0.00503	6.43	6.64	Vale
5526	5526.0	1443.428	13.440	2440.535	-2.47812	-0.00544	6.40	6.66	Vale
5527	5527.0	1442.815	13.433	2439.745	-2.48462	-0.00582	6.36	6.68	Vale
5528	5528.0	1442.207	13.427	2438.951	-2.49185	-0.00615	6.33	6.70	Vale
5529	5529.0	1441.605	13.420	2438.153	-2.49945	-0.00643	6.31	6.73	Vale
5530	5530.0	1441.009	13.413	2437.349	-2.50702	-0.00665	6.28	6.75	Vale
5531	5531.0	1440.419	13.407	2436.542	-2.51428	-0.00683	6.26	6.78	Vale
5532	5532.0	1439.835	13.401	2435.730	-2.52113	-0.00699	6.24	6.80	Vale
5533	5533.0	1439.256	13.394	2434.915	-2.52764	-0.00713	6.22	6.83	Vale
5534	5534.0	1438.683	13.388	2434.095	-2.53403	-0.00727	6.21	6.85	Vale
5535	5535.0	1438.115	13.383	2433.273	-2.54059	-0.00741	6.19	6.88	Vale
5536	5536.0	1437.552	13.377	2432.446	-2.54757	-0.00755	6.18	6.90	Vale
5537	5537.0	1436.995	13.372	2431.615	-2.55515	-0.00766	6.17	6.93	Vale
5538	5538.0	1436.445	13.367	2430.780	-2.56337	-0.00772	6.16	6.95	Vale
5539	5539.0	1435.902	13.361	2429.940	-2.57218	-0.00770	6.15	6.97	Vale
5540	5540.0	1435.367	13.356	2429.096	-2.58137	-0.00758	6.15	6.99	Vale
5541	5541.0	1434.839	13.352	2428.246	-2.59063	-0.00734	6.15	7.01	Vale
5542	5542.0	1434.320	13.347	2427.392	-2.59958	-0.00698	6.15	7.02	Vale
5543	5543.0	1433.808	13.342	2426.533	-2.60785	-0.00651	6.16	7.03	Vale
5544	5544.0	1433.302	13.338	2425.670	-2.61514	-0.00596	6.16	7.04	Vale
5545	5545.0	1432.803	13.333	2424.804	-2.62122	-0.00536	6.17	7.04	Vale
5546	5546.0	1432.308	13.328	2423.935	-2.62602	-0.00475	6.17	7.05	Vale
5547	5547.0	1431.817	13.324	2423.064	-2.62960	-0.00417	6.17	7.05	Vale
5548	5548.0	1431.328	13.319	2422.191	-2.63215	-0.00368	6.17	7.05	Vale
5549	5549.0	1430.841	13.314	2421.318	-2.63394	-0.00331	6.16	7.05	Vale
5550	5550.0	1430.356	13.309	2420.443	-2.63532	-0.00306	6.15	7.05	Club
5551	5551.0	1429.871	13.304	2419.569	-2.63661	-0.00296	6.14	7.04	Club
5552	5552.0	1429.388	13.298	2418.693	-2.63811	-0.00300	6.13	7.04	Club
5553	5553.0	1428.906	13.293	2417.817	-2.64005	-0.00315	6.12	7.04	Club
5554	5554.0	1428.427	13.287	2416.939	-2.64258	-0.00341	6.11	7.04	Club
5555	5555.0	1427.949	13.281	2416.061	-2.64579	-0.00374	6.10	7.04	Club
5556	5556.0	1427.475	13.275	2415.180	-2.64971	-0.00410	6.10	7.04	Club
5557	5557.0	1427.005	13.268	2414.298	-2.65431	-0.00447	6.09	7.04	Club
5558	5558.0	1426.539	13.262	2413.413	-2.65952	-0.00482	6.09	7.04	Club
5559	5559.0	1426.078	13.254	2412.526	-2.66522	-0.00513	6.10	7.05	Club
5560	5560.0	1425.622	13.247	2411.635	-2.67128	-0.00540	6.10	7.05	Club
5561	5561.0	1425.171	13.239	2410.743	-2.67753	-0.00561	6.11	7.06	Club
5562	5562.0	1424.726	13.231	2409.847	-2.68382	-0.00576	6.11	7.06	Club
5563	5563.0	1424.287	13.223	2408.949	-2.69003	-0.00588	6.12	7.07	Club
5564	5564.0	1423.854	13.215	2408.048	-2.69612	-0.00596	6.12	7.07	Club
5565	5565.0	1423.426	13.206	2407.144	-2.70208	-0.00601	6.12	7.08	Club
5566	5566.0	1423.003	13.197	2406.238	-2.70796	-0.00606	6.11	7.08	Club
5567	5567.0	1422.585	13.187	2405.329	-2.71382	-0.00610	6.10	7.09	Club
5568	5568.0	1422.173	13.177	2404.418	-2.71972	-0.00615	6.09	7.10	Club
5569	5569.0	1421.766	13.167	2403.504	-2.72572	-0.00619	6.06	7.11	Club
5570	5570.0	1421.365	13.157	2402.588	-2.73184	-0.00625	6.04	7.12	Club
5571	5571.0	1420.969	13.146	2401.670	-2.73812	-0.00629	6.01	7.13	Club
5572	5572.0	1420.580	13.135	2400.749	-2.74456	-0.00633	5.98	7.13	Club
5573	5573.0	1420.196	13.124	2399.826	-2.75115	-0.00635	5.95	7.14	Club
5574	5574.0	1419.819	13.113	2398.900	-2.75784	-0.00634	5.91	7.15	Club
5575	5575.0	1419.447	13.101	2397.971	-2.76458	-0.00630	5.88	7.16	Club
5576	5576.0	1419.082	13.089	2397.040	-2.77128	-0.00623	5.85	7.17	Club
5577	5577.0	1418.724	13.077	2396.107	-2.77787	-0.00614	5.83	7.17	Club
5578	5578.0	1418.371	13.064	2395.171	-2.78424	-0.00602	5.81	7.18	Club
5579	5579.0	1418.024	13.051	2394.233	-2.79035	-0.00589	5.79	7.18	Club
5580	5580.0	1417.683	13.038	2393.293	-2.79615	-0.00575	5.78	7.18	Club
5581	5581.0	1417.347	13.025	2392.351	-2.80166	-0.00561	5.77	7.19	Club
5582	5582.0	1417.016	13.012	2391.407	-2.80690	-0.00549	5.76	7.19	Club
5583	5583.0	1416.690	12.998	2390.462	-2.81194	-0.00539	5.76	7.20	Club
5584	5584.0	1416.368	12.984	2389.515	-2.81686	-0.00530	5.77	7.20	Club
5585	5585.0	1416.052	12.971	2388.567	-2.82178	-0.00523	5.77	7.21	Club
5586	5586.0	1415.740	12.957	2387.617	-2.82678	-0.00516	5.78	7.22	Club
5587	5587.0	1415.432	12.942	2386.665	-2.83194	-0.00509	5.79	7.23	Club
5588	5588.0	1415.130	12.928	2385.712	-2.83728	-0.00501	5.80	7.24	Club
5589	5589.0	1414.833	12.914	2384.757	-2.84274	-0.00490	5.81	7.25	Club
5590	5590.0	1414.541	12.899	2383.800	-2.84820	-0.00476	5.82	7.26	Club
5591	5591.0	1414.255	12.885	2382.842	-2.85351	-0.00459	5.83	7.27	Club
5592	5592.0	1413.973	12.871	2381.883	-2.85852	-0.00440	5.84	7.27	Club
5593	5593.0	1413.696	12.856	2380.922	-2.86308	-0.00420	5.84	7.28	Club
5594	5594.0	1413.423	12.842	2379.960	-2.86712	-0.00402	5.85	7.29	Club
5595	5595.0	1413.154	12.827	2378.997	-2.87063	-0.00387	5.86	7.29	Club
5596	5596.0	1412.888	12.813	2378.033	-2.87368	-0.00379	5.86	7.30	Club
5597	5597.0	1412.625	12.799	2377.068	-2.87639	-0.00380	5.86	7.31	Club
5598	5598.0	1412.364	12.785	2376.103	-2.87895	-0.00391	5.86	7.32	Club
5599	5599.0	1412.105	12.771	2375.137	-2.88155	-0.00413	5.86	7.33	Club
5600	5600.0	1411.849	12.757	2374.170	-2.88443	-0.00446	5.86	7.34	Club
5601	5601.0	1411.597	12.743	2373.203	-2.88782	-0.00487	5.85	7.36	Club
5602	5602.0	1411.347	12.729	2372.234	-2.89196	-0.00533	5.84	7.37	Club
5603	5603.0	1411.103	12.716	2371.264	-2.89708	-0.00581	5.82	7.39	Club
5604	5604.0	1410.863	12.702	2370.294	-2.90339	-0.00624	5.81	7.40	Club
5605	5605.0	1410.631	12.689	2369.321	-2.91101	-0.00658	5.79	7.42	Club
5606	5606.0	1410.406	12.675	2368.346	-2.91986	-0.00678	5.78	7.43	Club
5607	5607.0	1410.191	12.662	2367.370	-2.92960	-0.00680	5.77	7.43	Club
5608	5608.0	1409.985	12.649	2366.391	-2.93961	-0.00665	5.76	7.43	Club
5609	5609.0	1409.790	12.636	2365.411	-2.94903	-0.00635	5.75	7.43	Club
5610	5610.0	1409.603	12.624	2364.428	-2.95702	-0.00594	5.75	7.41	Club
5611	5611.0	1409.422	12.611	2363.445	-2.96301	-0.00550	5.75	7.39	Club
5612	5612.0	1409.247	12.598	2362.460	-2.96691	-0.00511	5.75	7.36	Club
5613	5613.0	1409.075	12.586	2361.475	-2.96913	-0.00485	5.75	7.33	Club
5614	5614.0	1408.904	12.573	2360.490	-2.97045	-0.00481	5.75	7.29	Club
5615	5615.0	1408.734	12.561	2359.504	-2.97171	-0.00504	5.75	7.25	Club
5616	5616.0	1408.566	12.549	2358.519	-2.97361	-0.00556	5.75	7.20	Club
5617	5617.0	1408.400	12.537	2357.532	-2.97658	-0.00640	5.74	7.16	Club
5618	5618.0	1408.237	12.525	2356.546	-2.98086	-0.00753	5.74	7.12	Club
5619	5619.0	1408.080	12.513	2355.558	-2.98666	-0.00891	5.73	7.08	Club
5620	5620.0	1407.929	12.501	2354.570	-2.99431	-0.01047	5.72	7.06	Club
5621	5621.0	1407.786	12.490	2353.580	-3.00425	-0.01215	5.70	7.04	Club
5622	5622.0	1407.655	12.478	2352.589	-3.01695	-0.01384	5.69	7.04	Club
5623	5623.0	1407.538	12.466	2351.595	-3.03269	-0.01545	5.67	7.04	Club
5624	5624.0	1407.438	12.455	2350.601	-3.05144	-0.01691	5.66	7.05	Club
5625	5625.0	1407.358	12.444	2349.604	-3.07276	-0.01814	5.64	7.08	Club
5626	5626.0	1407.300	12.433	2348.605	-3.09582	-0.01911	5.63	7.10	Club
5627	5627.0	1407.266	12.422	2347.606	-3.11962	-0.01981	5.62	7.14	Club
5628	5628.0	1407.256	12.411	2346.606	3.14005	-0.02029	5.61	7.17	Club
5629	5629.0	1407.269	12.400	2345.606	3.11764	-0.02060	5.60	7.21	Club
5630	5630.0	1407.304	12.390	2344.607	3.09677	-0.02083	5.58	7.26	Club
5631	5631.0	1407.359	12.380	2343.608	3.07741	-0.02109	5.57	7.30	Club
5632	5632.0	1407.432	12.370	2342.611	3.05915	-0.02145	5.55	7.35	Club
5633	5633.0	1407.524	12.360	2341.615	3.04120	-0.02200	5.53	7.41	Club
5634	5634.0	1407.633	12.350	2340.621	3.02266	-0.02275	5.50	7.46	Club
5635	5635.0	1407.761	12.341	2339.630	3.00267	-0.02371	5.47	7.52	Club
5636	5636.0	1407.910	12.332	2338.641	2.98057	-0.02485	5.43	7.57	Club
5637	5637.0	1408.081	12.324	2337.656	2.95599	-0.02609	5.39	7.63	Club
5638	5638.0	1408.279	12.315	2336.675	2.92890	-0.02735	5.35	7.69	Club
5639	5639.0	1408.504	12.308	2335.701	2.89947	-0.02852	5.30	7.74	Club
5640	5640.0	1408.758	12.300	2334.734	2.86803	-0.02951	5.25	7.78	Club
5641	5641.0	1409.044	12.293	2333.776	2.83490	-0.03021	5.20	7.82	Club
5642	5642.0	1409.362	12.286	2332.828	2.80046	-0.03055	5.14	7.86	Club
5643	5643.0	1409.713	12.279	2331.891	2.76522	-0.03046	5.09	7.89	Club
5644	5644.0	1410.097	12.273	2330.968	2.72988	-0.02993	5.05	7.91	Club
5645	5645.0	1410.513	12.267	2330.059	2.69533	-0.02895	5.00	7.92	Club
5646	5646.0	1410.960	12.261	2329.164	2.66255	-0.02755	4.96	7.93	Club
5647	5647.0	1411.435	12.256	2328.284	2.63240	-0.02578	4.92	7.94	Club
5648	5648.0	1411.935	12.250	2327.418	2.60548	-0.02374	4.89	7.93	Club
5649	5649.0	1412.456	12.245	2326.565	2.58202	-0.02151	4.87	7.93	Club
5650	5650.0	1412.996	12.241	2325.723	2.56199	-0.01918	4.85	7.92	Club
5651	5651.0	1413.552	12.236	2324.892	2.54515	-0.01684	4.84	7.90	Club
5652	5652.0	1414.120	12.232	2324.069	2.53121	-0.01457	4.83	7.88	Club
5653	5653.0	1414.698	12.227	2323.253	2.51983	-0.01243	4.84	7.86	Club
5654	5654.0	1415.284	12.223	2322.443	2.51066	-0.01046	4.84	7.83	Club
5655	5655.0	1415.878	12.219	2321.638	2.50330	-0.00868	4.86	7.80	Club
5656	5656.0	1416.476	12.215	2320.837	2.49740	-0.00710	4.88	7.77	Club
5657	5657.0	1417.079	12.211	2320.039	2.49264	-0.00571	4.90	7.74	Club
5658	5658.0	1417.685	12.208	2319.243	2.48878	-0.00450	4.93	7.72	Club
5659	5659.0	1418.294	12.204	2318.450	2.48572	-0.00343	4.96	7.70	Club
5660	5660.0	1418.905	12.200	2317.658	2.48340	-0.00251	4.99	7.69	Club
5661	5661.0	1419.517	12.196	2316.868	2.48181	-0.00170	5.02	7.69	Club
5662	5662.0	1420.130	12.192	2316.078	2.48096	-0.00100	5.05	7.70	Club
5663	5663.0	1420.744	12.187	2315.289	2.48087	-0.00042	5.08	7.71	Club
5664	5664.0	1421.358	12.183	2314.499	2.48154	0.00007	5.11	7.73	Club
5665	5665.0	1421.970	12.179	2313.709	2.48290	0.00044	5.14	7.76	Club
5666	5666.0	1422.582	12.175	2312.917	2.48478	0.00072	5.16	7.78	Club
5667	5667.0	1423.192	12.170	2312.125	2.48690	0.00089	5.19	7.80	Club
5668	5668.0	1423.800	12.166	2311.331	2.48893	0.00099	5.21	7.81	Club
5669	5669.0	1424.406	12.161	2310.536	2.49056	0.00102	5.22	7.81	Club
5670	5670.0	1425.012	12.156	2309.740	2.49167	0.00100	5.24	7.80	Club
5671	5671.0	1425.617	12.152	2308.944	2.49229	0.00096	5.25	7.79	Club
5672	5672.0	1426.221	12.147	2308.147	2.49263	0.00091	5.26	7.78	Club
5673	5673.0	1426.825	12.142	2307.350	2.49295	0.00087	5.27	7.76	Club
5674	5674.0	1427.429	12.137	2306.553	2.49345	0.00083	5.27	7.75	Club
5675	5675.0	1428.033	12.133	2305.756	2.49420	0.00080	5.27	7.73	Club
5676	5676.0	1428.635	12.128	2304.958	2.49516	0.00078	5.27	7.72	Club
5677	5677.0	1429.237	12.123	2304.159	2.49622	0.00076	5.27	7.72	Club
5678	5678.0	1429.839	12.118	2303.360	2.49727	0.00073	5.27	7.72	Club
5679	5679.0	1430.439	12.114	2302.560	2.49820	0.00069	5.27	7.72	Club
5680	5680.0	1431.038	12.109	2301.760	2.49900	0.00064	5.27	7.73	Club
5681	5681.0	1431.637	12.105	2300.959	2.49965	0.00058	5.27	7.74	Club
5682	5682.0	1432.236	12.100	2300.158	2.50017	0.00052	5.28	7.76	Club
5683	5683.0	1432.834	12.096	2299.357	2.50058	0.00046	5.28	7.77	Club
5684	5684.0	1433.432	12.091	2298.555	2.50092	0.00040	5.29	7.79	Club
5685	5685.0	1434.029	12.087	2297.753	2.50119	0.00034	5.30	7.80	Club
5686	5686.0	1434.627	12.083	2296.951	2.50143	0.00029	5.31	7.81	Club
5687	5687.0	1435.224	12.078	2296.149	2.50162	0.00025	5.32	7.81	Club
5688	5688.0	1435.821	12.074	2295.347	2.50180	0.00021	5.33	7.81	Club
5689	5689.0	1436.418	12.070	2294.545	2.50195	0.00018	5.34	7.80	Club
5690	5690.0	1437.015	12.066	2293.743	2.50208	0.00015	5.35	7.77	Club
5691	5691.0	1437.612	12.062	2292.940	2.50219	0.00013	5.36	7.74	Club
5692	5692.0	1438.208	12.058	2292.138	2.50230	0.00011	5.36	7.70	Club
5693	5693.0	1438.805	12.055	2291.335	2.50239	0.00010	5.37	7.64	Club
5694	5694.0	1439.401	12.051	2290.532	2.50247	0.00009	5.38	7.59	Club
5695	5695.0	1439.998	12.047	2289.730	2.50254	0.00008	5.39	7.52	Club
5696	5696.0	1440.594	12.044	2288.927	2.50261	0.00007	5.41	7.46	Club
5697	5697.0	1441.191	12.040	2288.125	2.50266	0.00006	5.42	7.41	Club
5698	5698.0	1441.787	12.037	2287.322	2.50271	0.00005	5.44	7.36	Club
5699	5699.0	1442.383	12.034	2286.519	2.50276	0.00005	5.46	7.32	Club
5700	5700.0	1442.980	12.031	2285.716	2.50280	0.00004	5.48	7.28	Club
5701	5701.0	1443.576	12.028	2284.913	2.50283	0.00003	5.50	7.26	Club
5702	5702.0	1444.172	12.025	2284.111	2.50286	0.00003	5.52	7.23	Club
5703	5703.0	1444.768	12.022	2283.308	2.50289	0.00003	5.54	7.22	Club
5704	5704.0	1445.364	12.019	2282.505	2.50291	0.00002	5.55	7.20	Club
5705	5705.0	1445.960	12.017	2281.702	2.50292	0.00002	5.56	7.19	Club
5706	5706.0	1446.557	12.014	2280.899	2.50294	0.00001	5.56	7.17	Club
5707	5707.0	1447.153	12.012	2280.096	2.50295	0.00001	5.56	7.16	Club
5708	5708.0	1447.749	12.010	2279.293	2.50296	0.00001	5.55	7.15	Club
5709	5709.0	1448.345	12.008	2278.490	2.50296	0.00000	5.54	7.16	Club
5710	5710.0	1448.941	12.006	2277.687	2.50296	0.00000	5.52	7.17	Club
5711	5711.0	1449.537	12.005	2276.885	2.50296	-0.00000	5.50	7.20	Club
5712	5712.0	1450.133	12.003	2276.082	2.50296	-0.00000	5.49	7.23	Club
5713	5713.0	1450.729	12.002	2275.279	2.50295	-0.00001	5.47	7.28	Club
5714	5714.0	1451.325	12.001	2274.476	2.50294	-0.00001	5.45	7.34	Club
5715	5715.0	1451.922	12.001	2273.673	2.50293	-0.00001	5.44	7.40	Club
5716	5716.0	1452.518	12.000	2272.870	2.50291	-0.00002	5.43	7.46	Club
5717	5717.0	1453.114	12.000	2272.067	2.50290	-0.00002	5.42	7.51	Club
5718	5718.0	1453.710	12.000	2271.264	2.50288	-0.00002	5.41	7.55	Club
5719	5719.0	1454.306	12.001	2270.461	2.50286	-0.00002	5.41	7.59	Club
5720	5720.0	1454.902	12.001	2269.658	2.50283	-0.00002	5.40	7.61	Club
5721	5721.0	1455.499	12.002	2268.856	2.50281	-0.00003	5.39	7.63	Club
5722	5722.0	1456.095	12.004	2268.053	2.50278	-0.00003	5.39	7.63	Club
5723	5723.0	1456.691	12.005	2267.250	2.50275	-0.00003	5.38	7.63	Club
5724	5724.0	1457.287	12.007	2266.447	2.50271	-0.00003	5.37	7.62	Club
5725	5725.0	1457.884	12.009	2265.645	2.50268	-0.00003	5.37	7.61	Club
5726	5726.0	1458.480	12.012	2264.842	2.50264	-0.00004	5.36	7.60	Club
5727	5727.0	1459.076	12.015	2264.039	2.50260	-0.00004	5.35	7.59	Club
5728	5728.0	1459.673	12.018	2263.236	2.50256	-0.00004	5.34	7.58	Club
5729	5729.0	1460.269	12.021	2262.434	2.50252	-0.00004	5.34	7.56	Club
5730	5730.0	1460.866	12.025	2261.631	2.50248	-0.00004	5.33	7.56	Club
5731	5731.0	1461.462	12.029	2260.829	2.50243	-0.00003	5.32	7.55	Club
5732	5732.0	1462.059	12.033	2260.026	2.50239	-0.00003	5.32	7.54	Club
5733	5733.0	1462.655	12.037	2259.223	2.50235	-0.00003	5.32	7.54	Club
5734	5734.0	1463.252	12.041	2258.421	2.50232	-0.00003	5.32	7.54	Club
5735	5735.0	1463.848	12.045	2257.618	2.50229	-0.00002	5.32	7.54	Club
5736	5736.0	1464.445	12.050	2256.816	2.50227	-0.00002	5.32	7.54	Club
5737	5737.0	1465.042	12.054	2256.013	2.50225	-0.00002	5.32	7.55	Club
5738	5738.0	1465.638	12.058	2255.211	2.50224	-0.00001	5.33	7.55	Club
5739	5739.0	1466.235	12.063	2254.408	2.50224	-0.00001	5.33	7.55	Club
5740	5740.0	1466.832	12.067	2253.606	2.50224	-0.00001	5.34	7.55	Club
5741	5741.0	1467.428	12.071	2252.803	2.50224	-0.00000	5.35	7.55	Club
5742	5742.0	1468.025	12.076	2252.001	2.50224	-0.00000	5.36	7.55	Club
5743	5743.0	1468.622	12.080	2251.198	2.50224	-0.00000	5.37	7.55	Club
5744	5744.0	1469.219	12.084	2250.396	2.50224	-0.00000	5.38	7.55	Club
5745	5745.0	1469.815	12.088	2249.594	2.50224	-0.00000	5.39	7.55	Club
5746	5746.0	1470.412	12.092	2248.791	2.50224	0.00000	5.40	7.55	Club
5747	5747.0	1471.009	12.096	2247.989	2.50224	0.00000	5.40	7.55	Club
5748	5748.0	1471.605	12.100	2247.186	2.50224	0.00000	5.41	7.55	Club
5749	5749.0	1472.202	12.104	2246.384	2.50224	0.00000	5.41	7.56	Club
5750	5750.0	1472.798	12.108	2245.581	2.50224	0.00000	5.41	7.56	Club
5751	5751.0	1473.395	12.112	2244.779	2.50224	0.00000	5.41	7.56	Club
5752	5752.0	1473.992	12.116	2243.976	2.50225	0.00000	5.41	7.56	Club
5753	5753.0	1474.589	12.120	2243.174	2.50225	0.00000	5.40	7.56	Club
5754	5754.0	1475.185	12.124	2242.371	2.50225	0.00000	5.40	7.56	Club
5755	5755.0	1475.782	12.128	2241.569	2.50225	0.00000	5.39	7.56	Club
5756	5756.0	1476.379	12.132	2240.766	2.50225	0.00000	5.38	7.56	Club
5757	5757.0	1476.975	12.137	2239.964	2.50225	0.00000	5.38	7.56	Club
5758	5758.0	1477.572	12.141	2239.161	2.50225	0.00000	5.37	7.55	Club
5759	5759.0	1478.169	12.146	2238.359	2.50225	0.00000	5.36	7.55	Club
5760	5760.0	1478.765	12.150	2237.556	2.50225	0.00000	5.35	7.55	Club
5761	5761.0	1479.362	12.155	2236.754	2.50225	0.00000	5.34	7.55	Club
5762	5762.0	1479.958	12.160	2235.951	2.50225	0.00000	5.34	7.55	Club
5763	5763.0	1480.555	12.164	2235.149	2.50225	0.00000	5.33	7.55	Club
5764	5764.0	1481.152	12.169	2234.346	2.50225	0.00000	5.33	7.55	Club
5765	5765.0	1481.749	12.174	2233.544	2.50225	0.00000	5.32	7.55	Club
5766	5766.0	1482.345	12.179	2232.741	2.50225	0.00000	5.32	7.56	Club
5767	5767.0	1482.942	12.185	2231.939	2.50225	0.00000	5.31	7.56	Club
5768	5768.0	1483.539	12.190	2231.136	2.50225	0.00000	5.31	7.57	Club
5769	5769.0	1484.135	12.195	2230.334	2.50225	0.00000	5.31	7.58	Club
5770	5770.0	1484.732	12.201	2229.531	2.50226	0.00000	5.30	7.59	Club
5771	5771.0	1485.328	12.206	2228.729	2.50226	0.00000	5.30	7.60	Club
5772	5772.0	1485.925	12.212	2227.926	2.50226	0.00000	5.30	7.61	Club
5773	5773.0	1486.522	12.218	2227.124	2.50226	0.00000	5.29	7.62	Club
5774	5774.0	1487.119	12.223	2226.321	2.50226	0.00000	5.29	7.63	Club
5775	5775.0	1487.715	12.229	2225.519	2.50226	0.00000	5.28	7.63	Club
5776	5776.0	1488.312	12.235	2224.716	2.50226	0.00000	5.27	7.64	Club
5777	5777.0	1488.909	12.241	2223.914	2.50226	0.00000	5.26	7.65	Club
5778	5778.0	1489.505	12.247	2223.111	2.50226	0.00000	5.25	7.65	Club
5779	5779.0	1490.102	12.253	2222.309	2.50226	0.00000	5.24	7.65	Club
5780	5780.0	1490.698	12.259	2221.506	2.50226	0.00000	5.23	7.65	Club
5781	5781.0	1491.295	12.265	2220.704	2.50226	0.00000	5.22	7.65	Club
5782	5782.0	1491.892	12.271	2219.901	2.50226	0.00000	5.22	7.65	Club
5783	5783.0	1492.489	12.277	2219.099	2.50226	0.00000	5.21	7.64	Club
5784	5784.0	1493.085	12.283	2218.296	2.50226	0.00000	5.21	7.64	Club
5785	5785.0	1493.682	12.289	2217.494	2.50226	0.00000	5.21	7.63	Club
5786	5786.0	1494.278	12.295	2216.691	2.50226	0.00000	5.21	7.63	Club
5787	5787.0	1494.875	12.301	2215.889	2.50226	0.00000	5.22	7.63	Club
5788	5788.0	1495.472	12.307	2215.086	2.50226	0.00000	5.22	7.63	Club
5789	5789.0	1496.068	12.313	2214.284	2.50226	0.00000	5.23	7.63	Club
5790	5790.0	1496.665	12.319	2213.481	2.50226	0.00000	5.23	7.64	Club
5791	5791.0	1497.262	12.325	2212.679	2.50226	0.00000	5.24	7.64	Club
5792	5792.0	1497.858	12.331	2211.876	2.50226	0.00000	5.25	7.65	Club
5793	5793.0	1498.455	12.337	2211.074	2.50226	0.00000	5.25	7.66	Club
5794	5794.0	1499.052	12.343	2210.271	2.50226	0.00000	5.26	7.67	Club
5795	5795.0	1499.648	12.349	2209.469	2.50226	0.00000	5.27	7.68	Club
5796	5796.0	1500.245	12.356	2208.667	2.50226	0.00000	5.28	7.69	Club
5797	5797.0	1500.842	12.362	2207.864	2.50226	0.00000	5.28	7.69	Club
5798	5798.0	1501.438	12.369	2207.062	2.50226	0.00000	5.29	7.70	Club
5799	5799.0	1502.035	12.375	2206.259	2.50226	0.00000	5.30	7.70	Club
5800	5800.0	1502.632	12.382	2205.457	2.50226	0.00000	5.30	7.70	Club
5801	5801.0	1503.228	12.389	2204.654	2.50226	0.00000	5.31	7.70	Club
5802	5802.0	1503.825	12.396	2203.852	2.50226	0.00000	5.31	7.69	Club
5803	5803.0	1504.422	12.403	2203.049	2.50226	0.00000	5.32	7.68	Club
5804	5804.0	1505.018	12.410	2202.246	2.50226	0.00000	5.32	7.67	Club
5805	5805.0	1505.615	12.417	2201.444	2.50226	0.00000	5.32	7.66	Club
5806	5806.0	1506.212	12.424	2200.641	2.50226	0.00000	5.32	7.65	Club
5807	5807.0	1506.808	12.432	2199.839	2.50226	0.00000	5.32	7.65	Club
5808	5808.0	1507.405	12.439	2199.036	2.50226	0.00000	5.31	7.64	Club
5809	5809.0	1508.002	12.447	2198.234	2.50226	0.00000	5.31	7.63	Club
5810	5810.0	1508.598	12.455	2197.431	2.50226	0.00000	5.30	7.63	Club
5811	5811.0	1509.195	12.462	2196.629	2.50226	0.00000	5.28	7.63	Club
5812	5812.0	1509.792	12.470	2195.826	2.50226	0.00000	5.27	7.63	Club
5813	5813.0	1510.388	12.478	2195.024	2.50226	0.00000	5.25	7.64	Club
5814	5814.0	1510.985	12.486	2194.221	2.50226	0.00000	5.24	7.65	Club
5815	5815.0	1511.582	12.495	2193.419	2.50226	0.00000	5.22	7.65	Club
5816	5816.0	1512.178	12.503	2192.616	2.50226	0.00000	5.20	7.66	Club
5817	5817.0	1512.775	12.512	2191.814	2.50226	0.00000	5.19	7.67	Club
5818	5818.0	1513.371	12.520	2191.011	2.50226	0.00000	5.18	7.68	Club
5819	5819.0	1513.968	12.529	2190.209	2.50226	0.00000	5.16	7.69	Club
5820	5820.0	1514.565	12.537	2189.406	2.50226	0.00000	5.16	7.70	Club
5821	5821.0	1515.161	12.546	2188.604	2.50226	0.00000	5.15	7.71	Club
5822	5822.0	1515.758	12.555	2187.802	2.50226	0.00000	5.15	7.71	Club
5823	5823.0	1516.355	12.564	2186.999	2.50226	-0.00000	5.15	7.72	Club
5824	5824.0	1516.951	12.573	2186.197	2.50226	-0.00000	5.15	7.72	Club
5825	5825.0	1517.548	12.582	2185.394	2.50226	-0.00000	5.15	7.73	Club
5826	5826.0	1518.145	12.591	2184.592	2.50226	-0.00000	5.16	7.73	Club
5827	5827.0	1518.741	12.600	2183.789	2.50226	-0.00000	5.17	7.73	Club
5828	5828.0	1519.338	12.609	2182.987	2.50226	-0.00000	5.18	7.73	Club
5829	5829.0	1519.935	12.618	2182.184	2.50226	-0.00000	5.19	7.73	Club
5830	5830.0	1520.531	12.627	2181.382	2.50226	-0.00000	5.19	7.73	Club
5831	5831.0	1521.128	12.636	2180.579	2.50226	-0.00000	5.20	7.73	Club
5832	5832.0	1521.725	12.645	2179.777	2.50226	-0.00000	5.20	7.73	Club
5833	5833.0	1522.321	12.654	2178.974	2.50226	-0.00000	5.21	7.72	Club
5834	5834.0	1522.918	12.663	2178.172	2.50226	-0.00000	5.21	7.72	Club
5835	5835.0	1523.515	12.673	2177.369	2.50226	-0.00000	5.21	7.72	Club
5836	5836.0	1524.111	12.682	2176.567	2.50226	-0.00000	5.21	7.71	Club
5837	5837.0	1524.708	12.691	2175.764	2.50226	-0.00000	5.21	7.71	Club
5838	5838.0	1525.305	12.700	2174.962	2.50226	-0.00000	5.20	7.70	Club
5839	5839.0	1525.901	12.709	2174.159	2.50226	-0.00000	5.20	7.70	Club
5840	5840.0	1526.498	12.718	2173.357	2.50226	-0.00000	5.20	7.70	Club
5841	5841.0	1527.095	12.727	2172.554	2.50226	-0.00000	5.20	7.70	Club
5842	5842.0	1527.691	12.737	2171.751	2.50226	-0.00000	5.19	7.71	Club
5843	5843.0	1528.288	12.746	2170.949	2.50226	-0.00000	5.19	7.71	Club
5844	5844.0	1528.885	12.755	2170.146	2.50226	-0.00000	5.19	7.72	Club
5845	5845.0	1529.481	12.765	2169.344	2.50226	-0.00000	5.19	7.73	Club
5846	5846.0	1530.078	12.774	2168.542	2.50226	-0.00000	5.19	7.73	Club
5847	5847.0	1530.675	12.784	2167.739	2.50226	-0.00000	5.19	7.74	Club
5848	5848.0	1531.271	12.793	2166.937	2.50226	-0.00000	5.19	7.74	Club
5849	5849.0	1531.868	12.803	2166.134	2.50226	-0.00000	5.19	7.74	Club
5850	5850.0	1532.464	12.813	2165.332	2.50226	-0.00000	5.19	7.74	Club
5851	5851.0	1533.061	12.823	2164.529	2.50226	-0.00000	5.19	7.73	Club
5852	5852.0	1533.658	12.833	2163.727	2.50226	-0.00000	5.19	7.73	Club
5853	5853.0	1534.255	12.843	2162.924	2.50226	-0.00000	5.19	7.72	Club
5854	5854.0	1534.851	12.853	2162.122	2.50226	-0.00000	5.19	7.71	Club
5855	5855.0	1535.448	12.864	2161.319	2.50226	-0.00000	5.19	7.70	Club
5856	5856.0	1536.044	12.874	2160.517	2.50226	-0.00000	5.19	7.69	Club
5857	5857.0	1536.641	12.885	2159.714	2.50226	-0.00000	5.20	7.69	Club
5858	5858.0	1537.238	12.896	2158.912	2.50226	-0.00000	5.20	7.69	Club
5859	5859.0	1537.834	12.906	2158.109	2.50226	-0.00000	5.20	7.69	Club
5860	5860.0	1538.431	12.917	2157.307	2.50226	-0.00000	5.20	7.69	Club
5861	5861.0	1539.028	12.928	2156.504	2.50226	-0.00000	5.20	7.70	Club
5862	5862.0	1539.624	12.939	2155.702	2.50226	-0.00000	5.20	7.70	Club
5863	5863.0	1540.221	12.950	2154.899	2.50226	-0.00000	5.20	7.71	Club
5864	5864.0	1540.818	12.961	2154.097	2.50226	-0.00000	5.20	7.71	Club
5865	5865.0	1541.414	12.973	2153.294	2.50226	-0.00000	5.20	7.71	Club
5866	5866.0	1542.011	12.984	2152.492	2.50226	-0.00000	5.21	7.71	Club
5867	5867.0	1542.608	12.995	2151.689	2.50226	-0.00000	5.21	7.71	Club
5868	5868.0	1543.204	13.006	2150.887	2.50226	-0.00000	5.21	7.70	Club
5869	5869.0	1543.801	13.018	2150.084	2.50226	-0.00000	5.22	7.69	Club
5870	5870.0	1544.398	13.029	2149.282	2.50226	-0.00000	5.23	7.69	Club
5871	5871.0	1544.994	13.040	2148.479	2.50226	-0.00000	5.24	7.68	Club
5872	5872.0	1545.591	13.051	2147.677	2.50226	-0.00000	5.25	7.67	Club
5873	5873.0	1546.188	13.063	2146.874	2.50226	-0.00000	5.27	7.67	Club
5874	5874.0	1546.784	13.074	2146.072	2.50226	0.00000	5.29	7.67	Club
5875	5875.0	1547.381	13.085	2145.269	2.50226	0.00000	5.31	7.67	Club
5876	5876.0	1547.978	13.097	2144.467	2.50226	0.00000	5.34	7.67	Club
5877	5877.0	1548.574	13.108	2143.664	2.50226	0.00000	5.37	7.68	Club
5878	5878.0	1549.171	13.119	2142.862	2.50226	0.00000	5.41	7.68	Club
5879	5879.0	1549.768	13.131	2142.059	2.50226	0.00000	5.44	7.69	Club
5880	5880.0	1550.364	13.143	2141.257	2.50226	0.00000	5.48	7.70	Club
5881	5881.0	1550.961	13.154	2140.454	2.50226	0.00000	5.52	7.71	Club
5882	5882.0	1551.558	13.166	2139.652	2.50226	0.00000	5.55	7.71	Club
5883	5883.0	1552.154	13.178	2138.849	2.50226	0.00001	5.58	7.72	Club
5884	5884.0	1552.751	13.191	2138.047	2.50227	0.00001	5.61	7.73	Club
5885	5885.0	1553.348	13.203	2137.244	2.50228	0.00001	5.62	7.73	Club
5886	5886.0	1553.944	13.215	2136.442	2.50229	0.00001	5.63	7.73	Club
