tick	x	y	z	speed_ms	kmh	yaw	vel_yaw	yaw_err	station	dist	lateral	curv	corner	steer	gas	brake	v_target	alpha
0	1820.092	21.300	1538.642	27.97	100.7	2.3998	2.3980	-0.0536	796	29	0.46	0.0088	Grid	-37	1	0	36.19	0.1358
5	1821.038	21.316	1537.599	28.40	102.2	2.4016	2.4109	-0.0666	798	31	0.55	0.0075	Grid	-36	1	0	37.73	0.1446
10	1821.989	21.335	1536.533	28.81	103.7	2.4149	2.4211	-0.0559	799	32	0.63	0.0070	Grid	-37	1	0	37.47	0.1398
15	1822.939	21.356	1535.437	29.23	105.2	2.4363	2.4408	-0.0333	801	34	0.70	0.0068	Grid	-31	1	0	36.93	0.1198
20	1823.878	21.382	1534.306	29.64	106.7	2.4627	2.4644	-0.0067	802	35	0.73	0.0072	Grid	-26	1	0	36.66	0.0967
25	1824.802	21.415	1533.135	30.05	108.2	2.4903	2.4903	0.0093	804	37	0.72	0.0079	Grid	-14	1	0	36.11	0.0561
30	1825.709	21.450	1531.925	30.46	109.6	2.5162	2.5135	0.0214	805	38	0.70	0.0080	Grid	-7	1	0	35.83	0.0275
35	1826.601	21.488	1530.679	30.86	111.1	2.5374	2.5340	0.0050	807	40	0.69	0.0066	Grid	1	1	0	35.27	-0.0053
40	1827.483	21.530	1529.400	31.27	112.6	2.5530	2.5488	0.0029	808	41	0.70	0.0051	Grid	8	1	0	34.98	-0.0280
45	1828.360	21.577	1528.093	31.68	114.0	2.5622	2.5578	-0.0065	810	43	0.72	0.0004	Grid	15	1	0	34.41	-0.0571
50	1829.240	21.631	1526.765	32.01	115.2	2.5647	2.5603	-0.0022	811	44	0.74	-0.0022	Grid	20	1	0	34.11	-0.0694
55	1830.126	21.692	1525.426	32.20	115.9	2.5608	2.5568	0.0167	813	46	0.74	-0.0071	Grid	22	1	0	33.52	-0.0802
60	1831.024	21.760	1524.084	32.39	116.6	2.5511	2.5481	0.0429	815	48	0.70	-0.0102	Grid	23	1	0	32.92	-0.0845
65	1831.940	21.836	1522.744	32.56	117.2	2.5371	2.5349	0.0468	816	49	0.63	-0.0108	Grid	23	0	0	32.62	-0.0804
70	1832.877	21.917	1521.414	32.49	117.0	2.5199	2.5186	0.0594	818	51	0.54	-0.0105	Grid	21	1	0	33.13	-0.0752
75	1833.833	22.002	1520.101	32.59	117.3	2.5009	2.5005	0.0604	820	53	0.44	-0.0088	Plaza	18	1	0	36.21	-0.0663
80	1834.817	22.091	1518.799	32.75	117.9	2.4814	2.4819	0.0480	821	54	0.35	-0.0077	Plaza	15	1	0	38.62	-0.0538
85	1835.829	22.184	1517.511	32.91	118.5	2.4627	2.4637	0.0392	823	56	0.27	-0.0056	Plaza	12	1	0	40.00	-0.0419
90	1836.868	22.280	1516.234	33.07	119.1	2.4454	2.4468	0.0286	825	58	0.21	-0.0040	Plaza	8	1	0	40.00	-0.0295
95	1837.932	22.378	1514.968	33.23	119.6	2.4303	2.4320	0.0161	826	59	0.16	-0.0033	Plaza	5	1	0	40.00	-0.0172
100	1839.018	22.478	1513.710	33.39	120.2	2.4179	2.4196	0.0079	828	61	0.13	-0.0023	Plaza	2	1	0	40.00	-0.0066
105	1840.124	22.578	1512.460	33.55	120.8	2.4083	2.4100	-0.0001	829	62	0.12	-0.0019	Plaza	-1	1	0	40.00	0.0025
110	1841.246	22.676	1511.213	33.71	121.4	2.4015	2.4033	-0.0040	831	64	0.12	-0.0014	Plaza	-3	1	0	40.00	0.0088
115	1842.382	22.773	1509.967	33.87	121.9	2.3977	2.3992	-0.0057	833	66	0.12	-0.0009	Plaza	-3	1	0	39.69	0.0119
120	1843.527	22.866	1508.719	34.04	122.5	2.3961	2.3971	-0.0057	835	68	0.13	-0.0005	Plaza	-3	1	0	39.18	0.0119
125	1844.680	22.955	1507.467	34.21	123.2	2.3962	2.3967	-0.0052	836	69	0.13	-0.0003	Plaza	-3	1	0	38.93	0.0111
130	1845.840	23.038	1506.208	34.39	123.8	2.3973	2.3976	-0.0036	838	71	0.14	0.0001	Plaza	-2	1	0	38.41	0.0071
135	1847.004	23.116	1504.942	34.57	124.4	2.3989	2.3989	-0.0023	840	73	0.14	0.0004	Plaza	-1	1	0	37.89	0.0020
140	1848.172	23.188	1503.667	34.76	125.1	2.4006	2.4003	-0.0013	841	74	0.15	0.0005	Plaza	1	1	0	37.62	-0.0017
145	1849.346	23.253	1502.384	34.95	125.8	2.4019	2.4013	-0.0026	843	76	0.15	0.0005	Plaza	2	1	0	37.08	-0.0071
150	1850.526	23.311	1501.092	35.15	126.5	2.4023	2.4017	-0.0057	845	78	0.16	-0.0000	Plaza	4	1	0	36.54	-0.0134
155	1851.713	23.363	1499.793	35.36	127.3	2.4017	2.4009	-0.0089	847	80	0.17	-0.0009	Plaza	5	1	0	35.99	-0.0170
160	1852.908	23.408	1498.487	35.57	128.1	2.3998	2.3991	-0.0106	848	81	0.19	-0.0015	Plaza	5	0	0	35.71	-0.0179
165	1854.112	23.446	1497.179	35.55	128.0	2.3969	2.3964	-0.0089	850	83	0.21	-0.0027	Plaza	6	0	0	35.15	-0.0190
170	1855.317	23.479	1495.877	35.47	127.7	2.3931	2.3926	-0.0027	852	85	0.22	-0.0036	Loop entry	6	0	0	34.57	-0.0189
175	1856.524	23.506	1494.583	35.40	127.4	2.3886	2.3882	0.0047	854	87	0.22	-0.0039	Loop entry	5	0	1	33.99	-0.0174
180	1857.711	23.528	1493.321	33.33	120.0	2.3836	2.3835	0.0053	855	88	0.21	-0.0038	Loop entry	4	1	0	33.69	-0.0131
185	1858.845	23.544	1492.127	33.00	118.8	2.3787	2.3788	0.0091	857	90	0.19	-0.0034	Loop entry	3	0	0	33.10	-0.0106
190	1859.987	23.558	1490.936	33.00	118.8	2.3742	2.3745	0.0102	859	92	0.18	-0.0027	Loop entry	2	0	0	32.49	-0.0075
195	1861.132	23.570	1489.751	32.94	118.6	2.3703	2.3707	0.0083	860	93	0.16	-0.0023	Loop entry	1	0	0	32.18	-0.0040
200	1862.280	23.579	1488.572	32.88	118.4	2.3671	2.3676	0.0079	862	95	0.14	-0.0016	Loop entry	0	0	1	31.55	0.0001
205	1863.404	23.587	1487.423	30.83	111.0	2.3648	2.3653	0.0074	864	97	0.13	-0.0011	Loop entry	-1	0	0	30.91	0.0035
210	1864.467	23.593	1486.340	30.27	109.0	2.3634	2.3639	0.0067	865	98	0.12	-0.0008	Loop entry	-2	1	0	30.58	0.0067
215	1865.533	23.597	1485.258	30.62	110.2	2.3629	2.3634	0.0074	867	100	0.10	-0.0004	Loop entry	-3	0	0	29.92	0.0115
220	1866.609	23.601	1484.165	30.66	110.4	2.3633	2.3639	0.0084	868	101	0.09	-0.0002	Loop entry	-4	0	0	29.59	0.0143
225	1867.684	23.605	1483.073	30.61	110.2	2.3648	2.3653	0.0105	870	103	0.08	0.0003	Loop entry	-5	0	1	28.90	0.0195
230	1868.731	23.607	1482.004	28.56	102.8	2.3672	2.3678	0.0130	871	104	0.06	0.0006	Loop entry	-5	0	0	28.55	0.0187
235	1869.713	23.605	1480.997	28.00	100.8	2.3705	2.3709	0.0157	873	106	0.04	0.0014	Loop entry	-5	0	0	27.84	0.0201
240	1870.687	23.605	1479.992	27.95	100.6	2.3744	2.3747	0.0187	874	107	0.01	0.0019	Loop entry	-6	0	0	27.48	0.0213
245	1871.655	23.605	1478.985	27.90	100.4	2.3788	2.3792	0.0215	875	108	-0.01	0.0025	Loop entry	-6	0	0	27.12	0.0221
250	1872.616	23.607	1477.976	27.85	100.3	2.3837	2.3840	0.0207	877	110	-0.04	0.0036	Loop entry	-6	0	1	26.37	0.0243
255	1873.551	23.610	1476.986	25.80	92.9	2.3890	2.3894	0.0219	878	111	-0.07	0.0042	Loop entry	-5	0	0	25.99	0.0211
260	1874.416	23.611	1476.058	25.25	90.9	2.3945	2.3945	0.0165	880	113	-0.09	0.0052	Loop entry	-5	0	0	25.20	0.0198
265	1875.273	23.612	1475.132	25.19	90.7	2.3997	2.3998	0.0156	881	114	-0.11	0.0056	Loop entry	-4	0	0	24.80	0.0162
270	1876.122	23.613	1474.202	25.14	90.5	2.4048	2.4046	0.0140	882	115	-0.13	0.0059	Loop entry	-3	0	0	24.40	0.0120
275	1876.966	23.613	1473.271	25.09	90.3	2.4094	2.4090	0.0118	883	116	-0.14	0.0060	Loop entry	-2	0	0	23.98	0.0081
280	1877.803	23.613	1472.339	25.04	90.1	2.4133	2.4128	0.0011	885	118	-0.15	0.0057	Loop entry	-2	0	1	23.14	0.0072
285	1878.616	23.613	1471.427	22.99	82.8	2.4165	2.4163	-0.0035	886	119	-0.15	0.0052	Loop entry	-1	0	0	22.70	0.0025
290	1879.364	23.614	1470.583	22.44	80.8	2.4192	2.4188	-0.0089	887	120	-0.15	0.0046	Loop entry	-1	0	0	22.25	0.0022
295	1880.106	23.614	1469.742	22.39	80.6	2.4213	2.4210	-0.0144	888	121	-0.13	0.0037	Loop entry	-1	0	0	21.80	0.0057
300	1880.844	23.613	1468.901	22.34	80.4	2.4230	2.4228	-0.0191	889	122	-0.11	0.0029	Loop entry	-3	0	0	21.34	0.0142
305	1881.578	23.613	1468.061	22.29	80.3	2.4246	2.4251	-0.0217	890	123	-0.09	0.0021	Loop entry	-7	0	1	20.86	0.0288
310	1882.288	23.612	1467.244	20.24	72.9	2.4269	2.4288	-0.0203	891	124	-0.06	0.0017	Loop entry	-6	0	0	20.38	0.0290
315	1882.936	23.611	1466.494	19.69	70.9	2.4305	2.4318	-0.0140	892	125	-0.04	0.0019	Loop entry	-6	0	0	19.88	0.0280
320	1883.576	23.610	1465.747	19.64	70.7	2.4347	2.4358	-0.0036	893	126	-0.04	0.0030	Loop entry	-11	0	0	19.37	0.0510
325	1884.211	23.609	1464.999	19.59	70.5	2.4396	2.4424	0.0099	894	127	-0.04	0.0052	Loop entry	-18	0	0	18.85	0.0825
330	1884.839	23.607	1464.248	19.54	70.4	2.4466	2.4515	0.0261	895	128	-0.07	0.0087	Loop entry	-27	0	1	18.31	0.1211
335	1885.438	23.606	1463.516	17.49	62.9	2.4572	2.4657	0.0438	896	129	-0.10	0.0136	Loop entry	-25	0	0	17.76	0.1215
340	1885.971	23.605	1462.849	16.93	60.9	2.4716	2.4786	0.0603	897	130	-0.15	0.0199	Loop entry	-32	0	0	17.18	0.1631
345	1886.488	23.603	1462.181	16.87	60.7	2.4883	2.4978	0.0706	898	131	-0.21	0.0274	Loop entry	-40	0	0	16.59	0.2081
350	1886.990	23.601	1461.505	16.80	60.5	2.5084	2.5206	0.0723	899	132	-0.28	0.0357	Loop entry	-47	0	0	15.98	0.2527
355	1887.474	23.599	1460.821	16.72	60.2	2.5328	2.5470	0.0631	900	133	-0.36	0.0441	Loop entry	-54	0	1	15.34	0.2934
360	1887.920	23.597	1460.152	14.63	52.7	2.5618	2.5807	0.0921	900	133	-0.43	0.0441	Loop entry	-39	1	0	15.34	0.1921
365	1888.308	23.595	1459.535	15.30	55.1	2.5932	2.6036	0.0722	901	134	-0.48	0.0521	Loop entry	-52	0	0	14.67	0.2797
370	1888.698	23.593	1458.871	15.40	55.4	2.6244	2.6408	0.0337	902	135	-0.52	0.0589	Loop entry	-58	0	1	13.97	0.3134
375	1889.049	23.590	1458.222	13.30	47.9	2.6582	2.6802	-0.0196	903	136	-0.55	0.0639	Loop entry	-48	0	0	13.42	0.2671
380	1889.336	23.587	1457.647	12.72	45.8	2.6931	2.7103	0.0153	903	136	-0.55	0.0639	Loop entry	-47	1	0	13.42	0.2568
385	1889.608	23.584	1457.054	13.88	50.0	2.7264	2.7418	-0.0521	904	137	-0.52	0.0665	Loop	-56	0	0	13.15	0.3190
390	1889.880	23.580	1456.404	14.10	50.8	2.7594	2.7791	-0.1263	905	138	-0.46	0.0667	Loop	-58	0	0	13.14	0.3358
395	1890.127	23.575	1455.746	14.01	50.4	2.7943	2.8148	-0.1965	906	139	-0.38	0.0643	Loop	-56	0	0	13.37	0.3437
400	1890.350	23.571	1455.084	13.92	50.1	2.8306	2.8499	-0.1602	906	139	-0.26	0.0643	Loop	-59	0	0	13.37	0.3362
405	1890.547	23.566	1454.419	13.82	49.8	2.8676	2.8883	-0.2165	907	140	-0.11	0.0600	Loop	-56	0	0	13.85	0.3356
410	1890.718	23.561	1453.752	13.73	49.4	2.9052	2.9245	-0.2524	908	141	0.03	0.0543	Loop	-52	1	0	14.55	0.3316
415	1890.868	23.555	1453.065	14.89	53.6	2.9426	2.9582	-0.2150	908	141	0.20	0.0543	Loop	-63	0	0	14.55	0.3222
420	1891.000	23.548	1452.322	15.10	54.4	2.9804	3.0008	-0.2269	909	142	0.37	0.0482	Loop	-56	1	0	15.45	0.3296
425	1891.106	23.542	1451.561	15.89	57.2	3.0202	3.0358	-0.2136	910	143	0.54	0.0425	Loop	-60	1	0	16.45	0.3323
430	1891.187	23.535	1450.754	16.74	60.3	3.0610	3.0770	-0.1811	911	144	0.70	0.0380	Loop	-62	1	0	17.39	0.3605
435	1891.236	23.527	1449.902	17.59	63.3	3.1039	3.1191	-0.1383	911	144	0.84	0.0380	Loop	-71	0	0	17.39	0.3470
440	1891.247	23.519	1449.017	17.67	63.6	-3.1335	-3.1154	-0.0902	912	145	0.94	0.0354	Loop	-71	1	0	18.02	0.3542
445	1891.217	23.511	1448.126	18.31	65.9	-3.0837	-3.0674	-0.0367	913	146	0.99	0.0349	Loop	-75	0	0	18.03	0.3572
450	1891.139	23.502	1447.209	18.38	66.2	-3.0306	-3.0137	0.0127	914	147	1.00	0.0363	Loop	-72	0	0	17.47	0.3766
455	1891.014	23.494	1446.302	18.26	65.7	-2.9746	-2.9594	0.0501	915	148	0.97	0.0392	Loop	-72	0	1	16.89	0.3516
460	1890.846	23.486	1445.438	16.15	58.1	-2.9174	-2.8994	0.0687	916	149	0.91	0.0429	Loop	-60	0	0	16.28	0.3247
465	1890.655	23.479	1444.677	15.55	56.0	-2.8615	-2.8478	0.0655	917	150	0.84	0.0469	Loop	-53	0	0	15.66	0.3119
470	1890.429	23.472	1443.936	15.46	55.7	-2.8101	-2.7984	0.1169	917	150	0.78	0.0469	Loop	-52	0	0	15.66	0.2860
475	1890.167	23.465	1443.211	15.38	55.4	-2.7630	-2.7506	0.0893	918	151	0.72	0.0505	Loop	-49	0	0	15.10	0.2785
480	1889.874	23.457	1442.503	15.30	55.1	-2.7193	-2.7073	0.0518	919	152	0.66	0.0532	Loop	-46	0	0	14.71	0.2739
485	1889.551	23.449	1441.811	15.23	54.8	-2.6786	-2.6671	0.0144	920	153	0.62	0.0548	Loop	-45	0	0	14.48	0.2723
490	1889.202	23.441	1441.136	15.17	54.6	-2.6405	-2.6288	0.0524	920	153	0.60	0.0548	Loop	-45	0	0	14.48	0.2562
495	1888.829	23.433	1440.478	15.10	54.4	-2.6044	-2.5921	0.0199	921	154	0.58	0.0556	Loop	-44	0	0	14.39	0.2600
500	1888.433	23.424	1439.836	15.04	54.1	-2.5697	-2.5575	-0.0030	922	155	0.57	0.0556	Loop	-44	0	0	14.38	0.2675
505	1888.017	23.415	1439.211	14.97	53.9	-2.5360	-2.5235	0.0307	922	155	0.56	0.0556	Loop	-47	0	0	14.38	0.2358
510	1887.581	23.406	1438.604	14.91	53.7	-2.5029	-2.4889	0.0153	923	156	0.56	0.0553	Loop	-47	0	0	14.42	0.2448
515	1887.128	23.397	1438.015	14.84	53.4	-2.4698	-2.4557	0.0056	924	157	0.55	0.0551	Loop	-47	0	0	14.45	0.2569
520	1886.657	23.388	1437.444	14.77	53.2	-2.4365	-2.4224	-0.0022	925	158	0.54	0.0552	Loop	-48	0	0	14.44	0.2724
525	1886.170	23.379	1436.891	14.70	52.9	-2.4032	-2.3885	0.0311	925	158	0.53	0.0552	Loop	-50	0	0	14.44	0.2632
530	1885.666	23.370	1436.358	14.63	52.7	-2.3696	-2.3540	0.0222	926	159	0.52	0.0557	Loop	-52	0	0	14.37	0.2814
535	1885.147	23.361	1435.845	14.56	52.4	-2.3354	-2.3188	0.0100	927	160	0.50	0.0567	Loop	-53	0	0	14.25	0.3006
540	1884.614	23.352	1435.353	14.48	52.1	-2.3004	-2.2834	0.0450	927	160	0.47	0.0567	Loop	-56	0	0	14.25	0.2921
545	1884.066	23.343	1434.883	14.40	51.8	-2.2646	-2.2462	0.0282	928	161	0.46	0.0578	Loop	-56	0	0	14.10	0.3101
550	1883.504	23.334	1434.436	14.32	51.5	-2.2277	-2.2095	0.0051	929	162	0.45	0.0589	Loop	-56	0	0	13.98	0.3253
555	1882.929	23.325	1434.012	14.23	51.2	-2.1903	-2.1721	-0.0249	930	163	0.43	0.0594	Loop	-56	0	0	13.91	0.3369
560	1882.343	23.316	1433.613	14.15	50.9	-2.1525	-2.1342	0.0129	930	163	0.43	0.0594	Loop	-58	0	0	13.91	0.3273
565	1881.745	23.307	1433.238	14.07	50.6	-2.1144	-2.0951	-0.0227	931	164	0.44	0.0592	Loop	-56	0	0	13.94	0.3331
570	1881.137	23.298	1432.888	13.98	50.3	-2.0760	-2.0576	-0.0612	932	165	0.45	0.0579	Loop	-53	0	0	14.10	0.3330
575	1880.521	23.288	1432.563	13.91	50.1	-2.0379	-2.0208	-0.0232	932	165	0.48	0.0579	Loop	-56	0	0	14.10	0.3224
580	1879.895	23.279	1432.264	13.83	49.8	-2.0005	-1.9816	-0.0620	933	166	0.52	0.0554	Loop	-52	1	0	14.41	0.3161
585	1879.246	23.268	1431.982	14.99	54.0	-1.9632	-1.9480	-0.0960	934	167	0.56	0.0518	Loop	-55	0	0	14.91	0.3050
590	1878.538	23.257	1431.705	15.23	54.8	-1.9260	-1.9096	-0.0587	934	167	0.61	0.0518	Loop	-52	0	0	14.91	0.2918
595	1877.821	23.246	1431.454	15.16	54.6	-1.8881	-1.8731	-0.0832	935	168	0.69	0.0473	Loop	-47	1	0	15.60	0.2749
600	1877.084	23.235	1431.227	15.97	57.5	-1.8506	-1.8388	-0.0966	936	169	0.76	0.0423	Loop	-47	1	0	16.49	0.2579
605	1876.297	23.223	1431.015	16.85	60.6	-1.8139	-1.8028	-0.0980	937	170	0.83	0.0373	Loop	-44	1	0	17.55	0.2489
610	1875.459	23.210	1430.821	17.73	63.8	-1.7775	-1.7685	-0.0617	937	170	0.90	0.0373	Loop	-48	0	0	17.55	0.2332
615	1874.583	23.196	1430.651	17.86	64.3	-1.7412	-1.7306	-0.0508	938	171	0.97	0.0329	Loop	-47	1	0	18.70	0.2261
620	1873.691	23.182	1430.513	18.55	66.8	-1.7040	-1.6947	-0.0278	939	172	1.01	0.0294	Loop	-47	1	0	19.77	0.2353
625	1872.752	23.168	1430.402	19.43	70.0	-1.6661	-1.6577	0.0043	940	173	1.03	0.0273	Loop	-49	1	0	20.54	0.2331
630	1871.766	23.153	1430.324	20.31	73.1	-1.6273	-1.6191	0.0416	941	174	1.01	0.0266	Loop	-50	1	0	20.66	0.2418
635	1870.735	23.138	1430.282	21.19	76.3	-1.5869	-1.5794	0.0792	942	175	0.95	0.0272	Loop	-52	0	0	20.17	0.2310
640	1869.669	23.123	1430.283	21.31	76.7	-1.5448	-1.5371	0.1114	943	176	0.85	0.0289	Loop	-48	0	1	19.66	0.2137
645	1868.637	23.108	1430.326	19.24	69.3	-1.5012	-1.4937	0.1327	944	177	0.73	0.0311	Loop	-40	0	0	19.15	0.1888
650	1867.700	23.095	1430.403	18.68	67.3	-1.4589	-1.4538	0.1380	945	178	0.62	0.0332	Loop	-32	0	0	18.62	0.1607
655	1866.774	23.082	1430.516	18.63	67.1	-1.4201	-1.4173	0.1253	946	179	0.51	0.0345	Loop	-26	0	0	18.27	0.1294
660	1865.856	23.068	1430.660	18.59	66.9	-1.3859	-1.3842	0.0977	947	180	0.41	0.0344	Loop	-19	0	0	18.28	0.0963
665	1864.945	23.053	1430.833	18.56	66.8	-1.3564	-1.3564	0.0615	948	181	0.34	0.0327	Loop	-12	0	0	18.76	0.0627
670	1864.040	23.036	1431.031	18.53	66.7	-1.3321	-1.3336	0.0240	949	182	0.30	0.0291	Loop exit	-6	1	0	19.88	0.0299
675	1863.130	23.017	1431.251	19.26	69.4	-1.3132	-1.3158	-0.0079	950	183	0.29	0.0239	Loop exit	0	1	0	21.95	-0.0007
680	1862.181	22.996	1431.498	20.19	72.7	-1.2995	-1.3030	-0.0288	951	184	0.31	0.0174	Loop exit	8	1	0	25.03	-0.0409
685	1861.190	22.973	1431.769	21.12	76.0	-1.2912	-1.2962	-0.0365	952	185	0.35	0.0102	Loop exit	14	1	0	24.62	-0.0645
690	1860.156	22.947	1432.059	22.05	79.4	-1.2887	-1.2942	-0.0317	953	186	0.40	0.0029	Loop exit	21	1	0	24.21	-0.0950
695	1859.083	22.918	1432.361	22.62	81.4	-1.2921	-1.2984	-0.0172	954	187	0.44	-0.0038	Loop exit	25	1	0	23.80	-0.1115
700	1857.985	22.887	1432.665	23.10	83.2	-1.3014	-1.3075	0.0026	955	188	0.46	-0.0095	Loop exit	30	0	0	23.37	-0.1251
705	1856.866	22.854	1432.961	23.19	83.5	-1.3161	-1.3225	0.0230	956	189	0.45	-0.0139	Loop exit	33	0	0	22.94	-0.1366
710	1855.742	22.820	1433.240	23.17	83.4	-1.3358	-1.3420	0.0392	957	190	0.40	-0.0170	Loop exit	36	0	0	22.50	-0.1464
715	1854.614	22.784	1433.495	23.15	83.3	-1.3597	-1.3659	0.0754	959	192	0.34	-0.0199	Loop exit	41	0	1	21.59	-0.1758
720	1853.511	22.747	1433.716	21.12	76.0	-1.3876	-1.3956	0.0680	960	193	0.26	-0.0204	Loop exit	35	0	0	21.13	-0.1628
725	1852.492	22.712	1433.892	20.61	74.2	-1.4183	-1.4238	0.0513	961	194	0.20	-0.0208	Loop exit	35	0	0	20.65	-0.1688
730	1851.474	22.674	1434.036	20.59	74.1	-1.4492	-1.4546	0.0297	962	195	0.16	-0.0216	Loop exit	37	0	0	20.16	-0.1768
735	1850.454	22.635	1434.149	20.58	74.1	-1.4804	-1.4865	0.0060	963	196	0.14	-0.0229	Loop exit	39	0	0	19.65	-0.1866
740	1849.431	22.594	1434.229	20.57	74.0	-1.5124	-1.5190	-0.0169	964	197	0.14	-0.0250	Loop exit	42	0	1	19.14	-0.1980
745	1848.436	22.552	1434.275	18.56	66.8	-1.5455	-1.5543	-0.0356	965	198	0.17	-0.0278	Loop exit	36	0	0	18.61	-0.1815
750	1847.531	22.511	1434.286	18.05	65.0	-1.5791	-1.5858	-0.0466	966	199	0.21	-0.0312	Loop exit	33	0	0	18.06	-0.1629
755	1846.631	22.469	1434.269	18.05	65.0	-1.6111	-1.6169	-0.0463	967	200	0.26	-0.0351	Loop exit	36	0	0	17.50	-0.1768
760	1845.731	22.427	1434.224	18.06	65.0	-1.6416	-1.6490	-0.0769	967	200	0.31	-0.0351	Loop exit	36	0	0	17.50	-0.1622
765	1844.833	22.383	1434.151	18.06	65.0	-1.6718	-1.6792	-0.0655	968	201	0.36	-0.0391	Loop exit	40	0	0	16.92	-0.1822
770	1843.938	22.338	1434.049	18.06	65.0	-1.7020	-1.7111	-0.0468	969	202	0.39	-0.0430	Loop exit	45	0	1	16.32	-0.2055
775	1843.076	22.294	1433.923	16.06	57.8	-1.7335	-1.7462	-0.0246	970	203	0.40	-0.0467	Loop exit	39	0	0	15.69	-0.1934
780	1842.307	22.254	1433.786	15.56	56.0	-1.7656	-1.7759	-0.0011	971	204	0.41	-0.0500	Loop exit	40	0	0	15.16	-0.2173
785	1841.547	22.214	1433.626	15.56	56.0	-1.7966	-1.8077	0.0235	972	205	0.40	-0.0530	Loop exit	44	0	0	14.73	-0.2448
790	1840.793	22.173	1433.441	15.56	56.0	-1.8274	-1.8404	0.0480	973	206	0.39	-0.0556	Loop exit	49	0	0	14.38	-0.2748
795	1840.046	22.133	1433.232	15.56	56.0	-1.8591	-1.8742	0.0164	973	206	0.36	-0.0556	Loop exit	51	0	0	14.38	-0.2667
800	1839.306	22.092	1432.998	15.55	56.0	-1.8923	-1.9080	0.0387	974	207	0.33	-0.0579	Loop exit	56	0	1	14.09	-0.2979
805	1838.604	22.052	1432.748	13.53	48.7	-1.9273	-1.9481	0.0608	975	208	0.29	-0.0599	Loop exit	47	1	0	13.86	-0.2888
810	1837.978	22.016	1432.501	14.26	51.3	-1.9628	-1.9777	0.0855	976	209	0.26	-0.0616	Loop exit	54	0	0	13.67	-0.3165
815	1837.315	21.979	1432.212	14.55	52.4	-1.9976	-2.0157	0.0508	976	209	0.21	-0.0616	Loop exit	60	0	0	13.67	-0.3100
820	1836.661	21.940	1431.897	14.53	52.3	-2.0336	-2.0544	0.0788	977	210	0.15	-0.0629	Loop exit	63	0	0	13.52	-0.3403
825	1836.021	21.902	1431.559	14.49	52.2	-2.0719	-2.0936	0.1084	978	211	0.09	-0.0638	Loop exit	65	0	0	13.43	-0.3673
830	1835.396	21.865	1431.196	14.46	52.0	-2.1122	-2.1345	0.1387	979	212	0.03	-0.0642	Loop exit	67	0	0	13.39	-0.3908
835	1834.788	21.829	1430.809	14.41	51.9	-2.1543	-2.1772	0.0966	979	212	-0.05	-0.0642	Loop exit	70	0	0	13.39	-0.3822
840	1834.200	21.792	1430.397	14.36	51.7	-2.1981	-2.2221	0.1247	980	213	-0.14	-0.0639	Loop exit	70	0	0	13.41	-0.3999
845	1833.632	21.757	1429.962	14.31	51.5	-2.2435	-2.2672	0.1506	981	214	-0.22	-0.0631	Loop exit	69	0	0	13.50	-0.4128
850	1833.087	21.723	1429.503	14.25	51.3	-2.2898	-2.3130	0.1043	981	214	-0.31	-0.0631	Loop exit	73	0	0	13.50	-0.4015
855	1832.566	21.690	1429.021	14.19	51.1	-2.3367	-2.3618	0.1266	982	215	-0.40	-0.0615	Loop exit	70	0	0	13.67	-0.4081
860	1832.070	21.657	1428.517	14.13	50.9	-2.3845	-2.4080	0.1450	983	216	-0.49	-0.0593	Loop exit	67	0	0	13.92	-0.4092
865	1831.599	21.625	1427.993	14.07	50.7	-2.4321	-2.4543	0.0974	983	216	-0.57	-0.0593	Loop exit	70	0	0	13.92	-0.3958
870	1831.157	21.594	1427.449	14.01	50.4	-2.4792	-2.5031	0.1129	984	217	-0.66	-0.0565	Loop exit	66	0	0	14.27	-0.3906
875	1830.742	21.564	1426.888	13.95	50.2	-2.5261	-2.5481	0.1248	985	218	-0.73	-0.0531	Loop exit	61	1	0	14.72	-0.3804
880	1830.344	21.534	1426.296	15.14	54.5	-2.5720	-2.5898	0.0790	985	218	-0.81	-0.0531	Loop exit	65	0	0	14.72	-0.3670
885	1829.945	21.502	1425.640	15.40	55.4	-2.6173	-2.6367	0.0887	986	219	-0.89	-0.0492	Loop exit	62	0	0	15.28	-0.3516
890	1829.576	21.471	1424.966	15.35	55.3	-2.6631	-2.6809	0.0936	987	220	-0.96	-0.0450	Loop exit	56	1	0	15.98	-0.3313
895	1829.233	21.440	1424.269	16.06	57.8	-2.7083	-2.7225	0.0941	988	221	-1.02	-0.0406	Loop exit	55	1	0	16.82	-0.3081
900	1828.903	21.409	1423.518	16.96	61.1	-2.7523	-2.7653	0.0501	988	221	-1.08	-0.0406	Loop exit	54	0	0	16.82	-0.2844
905	1828.594	21.378	1422.722	17.11	61.6	-2.7958	-2.8083	0.0463	989	222	-1.14	-0.0362	Loop exit	49	1	0	17.82	-0.2599
910	1828.315	21.347	1421.903	17.83	64.2	-2.8387	-2.8484	0.0364	990	223	-1.19	-0.0320	Loop exit	47	1	0	18.96	-0.2345
915	1828.058	21.316	1421.032	18.74	67.5	-2.8803	-2.8887	0.0209	991	224	-1.22	-0.0281	Loop exit	41	1	0	20.22	-0.2101
920	1827.825	21.284	1420.107	19.65	70.7	-2.9206	-2.9263	0.0000	992	225	-1.23	-0.0248	Loop exit	40	1	0	21.52	-0.1888
925	1827.618	21.253	1419.129	20.56	74.0	-2.9592	-2.9643	-0.0245	993	226	-1.23	-0.0222	Loop exit	36	1	0	22.75	-0.1723
930	1827.440	21.221	1418.098	21.48	77.3	-2.9963	-2.9998	-0.0514	994	227	-1.19	-0.0204	Loop exit	34	1	0	23.77	-0.1522
935	1827.293	21.190	1417.016	22.40	80.6	-3.0318	-3.0345	-0.0781	995	228	-1.13	-0.0192	Loop exit	29	1	0	24.45	-0.1287
940	1827.180	21.160	1415.893	22.87	82.3	-3.0654	-3.0667	-0.1024	996	229	-1.04	-0.0187	Loop exit	23	1	0	24.79	-0.1001
945	1827.100	21.132	1414.743	23.35	84.1	-3.0963	-3.0961	-0.1213	997	230	-0.92	-0.0186	Loop exit	12	1	0	24.89	-0.0528
950	1827.051	21.106	1413.567	23.83	85.8	-3.1232	-3.1203	-0.1317	998	231	-0.79	-0.0185	Loop exit	3	1	0	24.94	-0.0115
955	1827.028	21.081	1412.366	24.31	87.5	3.1392	-3.1397	-0.1039	1000	233	-0.65	-0.0170	Loop exit	-12	0	0	24.47	0.0534
960	1827.026	21.058	1411.147	24.38	87.8	3.1259	3.1330	-0.0863	1001	234	-0.53	-0.0149	Loop exit	-22	0	0	24.05	0.0938
965	1827.034	21.036	1409.928	24.36	87.7	3.1220	3.1299	-0.0578	1002	235	-0.45	-0.0115	Loop exit	-30	0	0	23.64	0.1258
970	1827.043	21.015	1408.711	24.32	87.6	3.1275	3.1356	-0.0222	1003	236	-0.42	-0.0069	Loop exit	-36	0	0	23.21	0.1466
975	1827.043	20.996	1407.495	24.28	87.4	3.1416	-3.1337	0.0156	1004	237	-0.43	-0.0011	Loop exit	-38	0	1	22.77	0.1542
980	1827.026	20.977	1406.311	22.24	80.1	-3.1203	-3.1125	0.0483	1006	239	-0.49	0.0124	Loop exit	-32	0	0	21.88	0.1480
985	1826.988	20.961	1405.221	21.70	78.1	-3.0945	-3.0896	0.0556	1007	240	-0.56	0.0189	Loop exit	-27	0	0	21.42	0.1298
990	1826.926	20.945	1404.138	21.65	78.0	-3.0678	-3.0648	0.0462	1008	241	-0.62	0.0241	Priory	-26	0	0	20.94	0.1138
995	1826.838	20.931	1403.060	21.61	77.8	-3.0418	-3.0390	0.0198	1009	242	-0.67	0.0275	Priory	-20	0	0	20.46	0.0877
1000	1826.724	20.916	1401.986	21.58	77.7	-3.0171	-3.0160	-0.0202	1010	243	-0.67	0.0284	Priory	-14	0	1	20.13	0.0593
1005	1826.592	20.903	1400.946	19.54	70.3	-2.9951	-2.9949	-0.0687	1011	244	-0.62	0.0266	Priory	-9	1	0	20.78	0.0427
1010	1826.450	20.892	1399.988	19.76	71.1	-2.9768	-2.9776	-0.1179	1012	245	-0.51	0.0223	Priory	-4	1	0	22.69	0.0176
1015	1826.286	20.881	1398.995	20.67	74.4	-2.9626	-2.9642	-0.1581	1013	246	-0.36	0.0160	Priory	-1	1	0	23.16	0.0029
1020	1826.100	20.870	1397.959	21.58	77.7	-2.9522	-2.9540	-0.1802	1014	247	-0.17	0.0086	Priory	-1	1	0	22.72	0.0040
1025	1825.894	20.859	1396.881	22.40	80.6	-2.9451	-2.9461	-0.1772	1015	248	0.04	0.0011	Priory	-9	0	0	22.28	0.0387
1030	1825.673	20.849	1395.780	22.46	80.9	-2.9395	-2.9375	-0.1459	1016	249	0.22	-0.0051	Priory	-15	0	0	21.82	0.0624
1035	1825.443	20.838	1394.681	22.42	80.7	-2.9324	-2.9289	-0.0871	1017	250	0.34	-0.0090	Priory	-21	0	0	21.36	0.0876
1040	1825.202	20.827	1393.587	22.38	80.6	-2.9225	-2.9177	0.0626	1019	252	0.35	-0.0073	Priory	-29	0	1	20.40	0.1312
1045	1824.955	20.814	1392.528	20.34	73.2	-2.9087	-2.9012	0.1360	1020	253	0.26	-0.0016	Priory	-27	0	0	19.91	0.1282
1050	1824.714	20.802	1391.562	19.79	71.3	-2.8908	-2.8848	0.1880	1021	254	0.10	0.0066	Priory	-26	0	0	19.40	0.1209
1055	1824.459	20.790	1390.607	19.75	71.1	-2.8711	-2.8659	0.2074	1022	255	-0.11	0.0160	Priory	-28	0	0	18.88	0.1293
1060	1824.186	20.777	1389.658	19.71	71.0	-2.8502	-2.8446	0.1909	1023	256	-0.32	0.0254	Priory	-28	0	1	18.34	0.1321
1065	1823.903	20.766	1388.746	17.67	63.6	-2.8281	-2.8218	0.1428	1024	257	-0.52	0.0333	Priory	-24	0	0	17.79	0.1216
1070	1823.631	20.756	1387.928	17.13	61.7	-2.8061	-2.8011	0.1648	1024	257	-0.64	0.0333	Priory	-23	1	0	17.79	0.1101
1075	1823.340	20.746	1387.110	17.84	64.2	-2.7851	-2.7805	0.0932	1025	258	-0.72	0.0388	Priory	-23	0	0	17.21	0.1062
1080	1823.021	20.735	1386.270	17.99	64.8	-2.7649	-2.7602	0.0124	1026	259	-0.73	0.0411	Priory	-21	0	1	16.72	0.0988
1085	1822.696	20.726	1385.464	15.95	57.4	-2.7454	-2.7403	-0.0626	1027	260	-0.67	0.0401	Priory	-17	1	0	16.93	0.0886
1090	1822.388	20.717	1384.738	16.17	58.2	-2.7274	-2.7237	-0.1207	1028	261	-0.57	0.0362	Priory	-15	1	0	17.83	0.0777
1095	1822.052	20.709	1383.983	17.07	61.5	-2.7112	-2.7083	-0.1552	1029	262	-0.45	0.0300	Priory	-13	1	0	19.57	0.0666
1100	1821.685	20.700	1383.192	17.97	64.7	-2.6968	-2.6946	-0.1643	1030	263	-0.30	0.0227	Priory	-12	1	0	22.50	0.0585
1105	1821.287	20.692	1382.366	18.88	68.0	-2.6837	-2.6818	-0.1505	1031	264	-0.15	0.0152	Priory	-11	1	0	27.46	0.0562
1110	1820.858	20.682	1381.504	19.78	71.2	-2.6718	-2.6702	-0.1200	1032	265	-0.01	0.0086	Priory	-11	1	0	29.97	0.0537
1115	1820.399	20.673	1380.608	20.69	74.5	-2.6607	-2.6591	-0.0804	1033	266	0.10	0.0034	Priory	-12	1	0	29.64	0.0587
1120	1819.908	20.662	1379.677	21.59	77.7	-2.6500	-2.6481	-0.0394	1034	267	0.18	0.0002	Priory	-13	1	0	29.30	0.0592
1125	1819.386	20.650	1378.712	22.41	80.7	-2.6391	-2.6371	-0.0029	1035	268	0.20	-0.0012	Priory	-15	1	0	28.95	0.0651
1130	1818.837	20.637	1377.725	22.87	82.3	-2.6276	-2.6253	0.0252	1036	269	0.19	-0.0008	Priory	-15	1	0	28.61	0.0642
1135	1818.265	20.624	1376.724	23.34	84.0	-2.6153	-2.6132	0.0437	1037	270	0.15	0.0008	Priory	-15	1	0	28.25	0.0656
1140	1817.669	20.610	1375.710	23.80	85.7	-2.6023	-2.6005	0.0525	1038	271	0.09	0.0031	Priory	-14	1	0	27.90	0.0611
1145	1817.048	20.596	1374.684	24.27	87.4	-2.5889	-2.5876	0.0352	1040	273	0.03	0.0081	Priory	-13	1	0	27.17	0.0570
1150	1816.402	20.581	1373.646	24.73	89.0	-2.5756	-2.5746	0.0274	1041	274	-0.01	0.0100	Priory	-12	1	0	26.80	0.0498
1155	1815.730	20.567	1372.596	25.20	90.7	-2.5625	-2.5619	0.0187	1042	275	-0.04	0.0111	Priory	-10	1	0	26.43	0.0428
1160	1815.032	20.552	1371.536	25.67	92.4	-2.5501	-2.5500	0.0109	1043	276	-0.05	0.0115	Priory	-9	1	0	26.04	0.0348
1165	1814.309	20.537	1370.464	26.13	94.1	-2.5387	-2.5387	-0.0096	1045	278	-0.05	0.0103	Priory	-7	0	0	25.27	0.0278
1170	1813.564	20.523	1369.387	26.20	94.3	-2.5283	-2.5286	-0.0102	1046	279	-0.03	0.0091	Priory	-5	0	1	24.87	0.0202
1175	1812.826	20.508	1368.342	24.16	87.0	-2.5193	-2.5198	-0.0090	1047	280	-0.01	0.0075	Priory	-3	0	0	24.46	0.0129
1180	1812.133	20.495	1367.377	23.63	85.1	-2.5119	-2.5126	-0.0065	1048	281	0.00	0.0060	Priory	-2	1	0	24.05	0.0069
1185	1811.434	20.481	1366.418	24.00	86.4	-2.5061	-2.5067	-0.0031	1049	282	0.01	0.0045	Priory	0	0	0	23.63	0.0018
1190	1810.720	20.468	1365.450	24.06	86.6	-2.5019	-2.5027	0.0017	1051	284	0.02	0.0022	Priory	1	0	1	22.77	-0.0024
1195	1810.021	20.454	1364.509	22.03	79.3	-2.4992	-2.5000	0.0063	1052	285	0.01	0.0014	Priory	1	0	0	22.32	-0.0052
1200	1809.374	20.442	1363.643	21.50	77.4	-2.4977	-2.4982	0.0097	1053	286	0.01	0.0009	Priory	2	1	0	21.87	-0.0071
1205	1808.724	20.430	1362.774	22.22	80.0	-2.4972	-2.4978	0.0118	1054	287	-0.00	0.0006	Priory	1	0	0	21.41	-0.0042
1210	1808.052	20.418	1361.880	22.37	80.5	-2.4973	-2.4975	0.0122	1055	288	-0.02	0.0006	Priory	0	0	1	20.94	0.0016
1215	1807.399	20.406	1361.010	20.34	73.2	-2.4977	-2.4975	0.0112	1056	289	-0.03	0.0008	Priory	0	0	0	20.45	0.0022
1220	1806.801	20.396	1360.214	19.81	71.3	-2.4980	-2.4978	0.0091	1057	290	-0.04	0.0012	Priory	-1	0	0	19.96	0.0026
1225	1806.207	20.385	1359.422	19.77	71.2	-2.4981	-2.4975	0.0066	1058	291	-0.05	0.0020	Priory	-3	0	0	19.45	0.0150
1230	1805.614	20.375	1358.632	19.74	71.1	-2.4977	-2.4965	0.0048	1059	292	-0.05	0.0032	Priory	-8	0	0	18.93	0.0342
1235	1805.020	20.365	1357.845	19.70	70.9	-2.4961	-2.4934	0.0052	1060	293	-0.06	0.0051	Priory	-14	0	1	18.39	0.0610
1240	1804.441	20.356	1357.086	17.66	63.6	-2.4923	-2.4873	0.0095	1061	294	-0.07	0.0078	Priory	-13	0	0	17.84	0.0626
1245	1803.916	20.348	1356.402	17.13	61.7	-2.4859	-2.4818	0.0176	1062	295	-0.08	0.0117	Priory	-19	0	0	17.27	0.0964
1250	1803.389	20.340	1355.728	17.09	61.5	-2.4777	-2.4715	0.0276	1063	296	-0.11	0.0169	Priory	-26	0	0	16.68	0.1384
1255	1802.857	20.332	1355.061	17.04	61.3	-2.4667	-2.4582	0.0378	1064	297	-0.14	0.0235	Priory	-35	0	0	16.07	0.1875
1260	1802.316	20.324	1354.403	16.99	61.2	-2.4518	-2.4404	0.0455	1065	298	-0.18	0.0315	Priory	-45	0	1	15.44	0.2425
1265	1801.785	20.317	1353.781	14.92	53.7	-2.4319	-2.4153	0.0654	1065	298	-0.23	0.0315	Priory	-27	1	0	15.44	0.1310
1270	1801.292	20.311	1353.224	15.49	55.8	-2.4088	-2.4019	0.0705	1066	299	-0.29	0.0408	Priory	-46	0	0	14.78	0.2392
1275	1800.761	20.305	1352.651	15.61	56.2	-2.3854	-2.3700	0.0608	1067	300	-0.34	0.0511	Priory	-57	0	1	14.08	0.3024
1280	1800.236	20.300	1352.118	13.52	48.7	-2.3579	-2.3351	0.0372	1068	301	-0.40	0.0618	Priory	-50	0	0	13.35	0.3013
1285	1799.763	20.295	1351.665	12.94	46.6	-2.3270	-2.3079	0.0681	1068	301	-0.44	0.0618	Priory	-43	1	0	13.35	0.2245
1290	1799.272	20.290	1351.218	14.11	50.8	-2.2962	-2.2822	0.0283	1069	302	-0.46	0.0726	Priory	-67	0	1	12.58	0.3644
1295	1798.749	20.286	1350.775	12.31	44.3	-2.2645	-2.2349	-0.0292	1070	303	-0.48	0.0829	Priory	-59	0	0	11.78	0.3666
1300	1798.282	20.282	1350.408	11.71	42.2	-2.2299	-2.2044	0.0054	1070	303	-0.48	0.0829	Priory	-59	0	0	11.78	0.3635
1305	1797.812	20.278	1350.063	11.61	41.8	-2.1953	-2.1695	-0.0646	1071	304	-0.45	0.0921	Return leg	-64	0	0	11.18	0.3628
1310	1797.333	20.275	1349.738	11.50	41.4	-2.1606	-2.1317	-0.1461	1072	305	-0.42	0.0998	Return leg	-72	0	0	10.74	0.4425
1315	1796.847	20.271	1349.434	11.38	41.0	-2.1248	-2.0912	-0.1103	1072	305	-0.35	0.0998	Return leg	-78	0	0	10.74	0.4480
1320	1796.356	20.268	1349.154	11.24	40.4	-2.0870	-2.0500	-0.1962	1073	306	-0.28	0.1055	Return leg	-83	0	0	10.44	0.5275
1325	1795.859	20.265	1348.897	11.08	39.9	-2.0469	-2.0069	-0.1561	1073	306	-0.19	0.1055	Return leg	-89	0	0	10.44	0.5354
1330	1795.360	20.262	1348.666	10.90	39.2	-2.0044	-1.9608	-0.2420	1074	307	-0.08	0.1092	Return leg	-90	0	0	10.26	0.6082
1335	1794.859	20.260	1348.461	10.72	38.6	-1.9597	-1.9155	-0.1973	1074	307	0.03	0.1092	Return leg	-96	0	0	10.26	0.6165
1340	1794.358	20.257	1348.282	10.52	37.9	-1.9134	-1.8651	-0.2817	1075	308	0.17	0.1106	Return leg	-92	0	0	10.20	0.6773
1345	1793.859	20.255	1348.129	10.33	37.2	-1.8658	-1.8195	-0.2340	1075	308	0.29	0.1106	Return leg	-97	0	0	10.20	0.6849
1350	1793.363	20.252	1348.003	10.12	36.4	-1.8177	-1.7675	-0.3170	1076	309	0.44	0.1097	Return leg	-89	0	0	10.24	0.7313
1355	1792.871	20.250	1347.902	9.93	35.8	-1.7695	-1.7236	-0.2688	1076	309	0.58	0.1097	Return leg	-110	1	0	10.24	0.7111
1360	1792.367	20.248	1347.827	10.93	39.3	-1.7213	-1.6671	-0.3497	1077	310	0.73	0.1067	Return leg	-102	0	0	10.38	0.7707
1365	1791.816	20.246	1347.772	11.01	39.6	-1.6699	-1.6211	-0.2983	1077	310	0.90	0.1067	Return leg	-111	0	0	10.38	0.7805
1370	1791.271	20.244	1347.746	10.76	38.7	-1.6164	-1.5616	-0.3686	1078	311	1.07	0.1019	Return leg	-99	0	0	10.62	0.7976
1375	1790.738	20.242	1347.748	10.54	37.9	-1.5611	-1.5132	-0.3134	1078	311	1.23	0.1019	Return leg	-102	0	0	10.62	0.8008
1380	1790.217	20.240	1347.778	10.31	37.1	-1.5066	-1.4557	-0.3740	1079	312	1.39	0.0954	Return leg	-89	1	0	10.98	0.8004
1385	1789.690	20.238	1347.836	11.36	40.9	-1.4531	-1.4141	-0.3205	1079	312	1.56	0.0954	Return leg	-111	0	0	10.98	0.8032
1390	1789.123	20.235	1347.930	11.43	41.1	-1.3998	-1.3480	-0.3698	1080	313	1.72	0.0878	Return leg	-102	0	0	11.44	0.7968
1395	1788.570	20.233	1348.054	11.20	40.3	-1.3437	-1.2969	-0.3136	1080	313	1.90	0.0878	Return leg	-105	0	0	11.44	0.7986
1400	1788.036	20.231	1348.204	10.97	39.5	-1.2869	-1.2376	-0.2569	1080	313	2.05	0.0878	Return leg	-108	1	0	11.44	0.8025
1405	1787.505	20.230	1348.388	11.96	43.1	-1.2295	-1.1829	-0.2871	1081	314	2.21	0.0796	Return leg	-94	0	0	12.02	0.7467
1410	1786.944	20.228	1348.616	12.07	43.4	-1.1711	-1.1325	-0.2287	1081	314	2.35	0.0796	Return leg	-100	0	0	12.02	0.7416
1415	1786.403	20.226	1348.872	11.86	42.7	-1.1130	-1.0703	-0.2425	1082	315	2.50	0.0711	Return leg	-88	1	0	12.72	0.7073
1420	1785.869	20.224	1349.163	12.91	46.5	-1.0553	-1.0225	-0.1848	1082	315	2.62	0.0711	Return leg	-106	0	0	12.72	0.7003
1425	1785.315	20.222	1349.508	13.00	46.8	-0.9974	-0.9554	-0.1842	1083	316	2.75	0.0629	Return leg	-96	1	0	13.52	0.6626
1430	1784.773	20.220	1349.892	14.04	50.5	-0.9369	-0.9038	-0.1689	1084	317	2.85	0.0554	Return leg	-84	1	0	14.41	0.5964
1435	1784.201	20.219	1350.345	15.42	55.5	-0.8757	-0.8516	-0.1077	1084	317	2.95	0.0554	Return leg	-89	0	0	14.41	0.5578
1440	1783.623	20.217	1350.861	15.44	55.6	-0.8144	-0.7881	-0.0829	1085	318	3.02	0.0487	Return leg	-81	0	0	15.37	0.5185
1445	1783.081	20.216	1351.406	15.29	55.0	-0.7523	-0.7297	-0.0521	1086	319	3.06	0.0430	Return leg	-71	1	0	16.35	0.4751
1450	1782.566	20.215	1351.987	16.03	57.7	-0.6920	-0.6748	0.0083	1086	319	3.08	0.0430	Return leg	-78	1	0	16.35	0.4498
1455	1782.062	20.214	1352.630	16.83	60.6	-0.6335	-0.6142	0.0378	1087	320	3.07	0.0383	Return leg	-65	1	0	17.33	0.3863
1460	1781.572	20.214	1353.333	17.65	63.5	-0.5754	-0.5627	0.0675	1088	321	3.03	0.0345	Return leg	-61	1	0	18.25	0.3404
1465	1781.098	20.214	1354.097	18.48	66.5	-0.5196	-0.5089	0.0944	1089	322	2.95	0.0314	Return leg	-49	1	0	19.13	0.2794
1470	1780.645	20.214	1354.922	19.33	69.6	-0.4665	-0.4606	0.1180	1090	323	2.85	0.0289	Return leg	-44	1	0	19.96	0.2332
1475	1780.215	20.215	1355.806	20.19	72.7	-0.4176	-0.4132	0.1669	1090	323	2.72	0.0289	Return leg	-38	0	0	19.96	0.1883
1480	1779.814	20.216	1356.739	20.30	73.1	-0.3727	-0.3698	0.1823	1091	324	2.57	0.0266	Return leg	-30	1	0	20.80	0.1442
1485	1779.450	20.218	1357.697	20.98	75.5	-0.3324	-0.3316	0.1941	1092	325	2.40	0.0244	Return leg	-22	1	0	21.71	0.1012
1490	1779.108	20.220	1358.707	21.86	78.7	-0.2974	-0.2984	0.2025	1093	326	2.21	0.0222	Return leg	-10	1	0	22.74	0.0477
1495	1778.785	20.222	1359.769	22.57	81.3	-0.2684	-0.2722	0.2076	1094	327	2.00	0.0200	Return leg	-2	1	0	23.98	0.0107
1500	1778.482	20.225	1360.865	23.02	82.9	-0.2469	-0.2516	0.2085	1095	328	1.79	0.0177	Return leg	5	1	0	25.52	-0.0215
1505	1778.195	20.228	1361.989	23.46	84.5	-0.2327	-0.2379	0.1921	1097	330	1.57	0.0129	Return leg	14	1	0	29.92	-0.0668
1510	1777.915	20.231	1363.138	23.91	86.1	-0.2259	-0.2321	0.1888	1098	331	1.36	0.0105	Return leg	20	1	0	33.09	-0.0868
1515	1777.636	20.234	1364.309	24.35	87.7	-0.2265	-0.2327	0.1810	1099	332	1.14	0.0083	Return leg	24	1	0	37.27	-0.1003
1520	1777.349	20.238	1365.502	24.79	89.2	-0.2339	-0.2396	0.1690	1100	333	0.94	0.0062	Return leg	26	1	0	38.56	-0.1073
1525	1777.048	20.241	1366.713	25.23	90.8	-0.2470	-0.2519	0.1533	1101	334	0.74	0.0044	Return leg	27	1	0	38.30	-0.1126
1530	1776.726	20.244	1367.941	25.67	92.4	-0.2645	-0.2684	0.1352	1103	336	0.56	0.0016	Return leg	26	1	0	37.78	-0.1100
1535	1776.376	20.247	1369.185	26.10	94.0	-0.2850	-0.2878	0.1159	1104	337	0.40	0.0006	Return leg	25	1	0	37.51	-0.0997
1540	1775.997	20.250	1370.442	26.54	95.5	-0.3072	-0.3092	0.0954	1105	338	0.26	-0.0002	Return leg	22	1	0	37.24	-0.0861
1545	1775.584	20.253	1371.712	26.98	97.1	-0.3301	-0.3310	0.0748	1106	339	0.14	-0.0007	Return leg	17	1	0	36.97	-0.0684
1550	1775.137	20.255	1372.994	27.42	98.7	-0.3522	-0.3519	0.0576	1108	341	0.04	-0.0011	Return leg	12	1	0	36.43	-0.0481
1555	1774.656	20.258	1374.287	27.87	100.3	-0.3722	-0.3709	0.0402	1109	342	-0.04	-0.0010	Return leg	8	1	0	36.15	-0.0302
1560	1774.144	20.260	1375.592	28.31	101.9	-0.3891	-0.3874	0.0274	1111	344	-0.09	-0.0003	Return leg	3	1	0	35.60	-0.0131
1565	1773.603	20.262	1376.909	28.76	103.5	-0.4024	-0.4003	0.0154	1112	345	-0.13	0.0002	Return leg	0	1	0	35.31	0.0001
1570	1773.037	20.264	1378.240	29.21	105.1	-0.4120	-0.4100	0.0064	1113	346	-0.16	0.0009	Return leg	-3	1	0	35.03	0.0099
1575	1772.451	20.266	1379.588	29.66	106.8	-0.4180	-0.4160	-0.0015	1115	348	-0.17	0.0022	Return leg	-5	1	0	34.45	0.0193
1580	1771.848	20.269	1380.953	30.10	108.4	-0.4206	-0.4190	-0.0071	1116	349	-0.17	0.0028	Return leg	-8	1	0	34.16	0.0315
1585	1771.233	20.275	1382.338	30.55	110.0	-0.4203	-0.4186	-0.0169	1118	351	-0.15	0.0035	Return leg	-13	1	0	33.57	0.0469
1590	1770.610	20.279	1383.744	31.00	111.6	-0.4168	-0.4146	-0.0205	1119	352	-0.12	0.0036	Return leg	-15	1	0	33.27	0.0547
1595	1769.986	20.283	1385.173	31.44	113.2	-0.4098	-0.4080	-0.0288	1121	354	-0.08	0.0030	Return leg	-18	1	0	32.67	0.0642
1600	1769.363	20.285	1386.628	31.88	114.8	-0.3997	-0.3980	-0.0287	1123	356	-0.04	0.0021	Return leg	-16	0	0	32.05	0.0605
1605	1768.750	20.288	1388.104	31.93	114.9	-0.3871	-0.3865	-0.0164	1124	357	-0.00	0.0018	Return leg	-13	0	0	31.73	0.0483
1610	1768.155	20.292	1389.584	31.87	114.7	-0.3736	-0.3739	0.0068	1126	359	0.01	0.0025	Return leg	-7	0	0	31.10	0.0255
1615	1767.578	20.297	1391.068	31.81	114.5	-0.3608	-0.3624	0.0273	1127	360	-0.01	0.0035	Return leg	-2	0	0	30.77	0.0074
1620	1767.019	20.304	1392.555	31.76	114.3	-0.3505	-0.3527	0.0465	1129	362	-0.07	0.0067	Return leg	4	0	1	30.12	-0.0155
1625	1766.485	20.311	1394.011	29.70	106.9	-0.3436	-0.3466	0.0354	1131	364	-0.14	0.0095	Return leg	6	0	0	29.45	-0.0236
1630	1765.988	20.316	1395.388	29.14	104.9	-0.3404	-0.3430	0.0165	1132	365	-0.18	0.0099	Return leg	9	0	0	29.10	-0.0338
1635	1765.496	20.320	1396.759	29.08	104.7	-0.3408	-0.3432	-0.0126	1133	366	-0.17	0.0093	Return leg	11	0	0	28.76	-0.0401
1640	1765.004	20.326	1398.126	29.03	104.5	-0.3443	-0.3465	-0.0759	1135	368	-0.09	0.0043	Return leg	11	0	0	28.05	-0.0434
1645	1764.509	20.332	1399.488	28.97	104.3	-0.3504	-0.3520	-0.1015	1136	369	0.05	0.0003	Return leg	11	0	1	27.70	-0.0411
1650	1764.016	20.339	1400.817	26.91	96.9	-0.3583	-0.3596	-0.1057	1138	371	0.21	-0.0087	Return leg	9	0	0	26.96	-0.0363
1655	1763.547	20.345	1402.055	26.35	94.9	-0.3670	-0.3677	-0.0897	1139	372	0.35	-0.0127	Return leg	8	0	0	26.59	-0.0304
1660	1763.072	20.351	1403.283	26.30	94.7	-0.3758	-0.3761	-0.0619	1140	373	0.44	-0.0157	Return leg	6	0	0	26.21	-0.0236
1665	1762.588	20.358	1404.504	26.24	94.5	-0.3841	-0.3840	0.0147	1142	375	0.46	-0.0173	Return leg	4	0	0	25.79	-0.0162
1670	1762.095	20.366	1405.719	26.18	94.2	-0.3914	-0.3910	0.0441	1143	376	0.41	-0.0159	Return leg	3	1	0	26.93	-0.0100
1675	1761.593	20.375	1406.934	26.52	95.5	-0.3975	-0.3971	0.0651	1144	377	0.33	-0.0132	Return leg	1	1	0	29.49	-0.0048
1680	1761.076	20.384	1408.164	26.96	97.0	-0.4023	-0.4016	0.0805	1146	379	0.22	-0.0060	Return leg	0	1	0	29.01	0.0009
1685	1760.545	20.393	1409.413	27.40	98.6	-0.4057	-0.4051	0.0717	1147	380	0.11	-0.0022	Return leg	-1	1	0	28.66	0.0054
1690	1760.001	20.403	1410.679	27.84	100.2	-0.4079	-0.4073	0.0569	1148	381	0.02	0.0010	Return leg	-2	1	0	28.31	0.0092
1695	1759.447	20.411	1411.965	28.28	101.8	-0.4089	-0.4082	0.0210	1150	383	-0.03	0.0051	Return leg	-4	0	0	27.59	0.0138
1700	1758.885	20.420	1413.265	28.32	101.9	-0.4086	-0.4077	0.0047	1151	384	-0.05	0.0058	Return leg	-4	0	0	27.23	0.0162
1705	1758.325	20.427	1414.564	28.26	101.7	-0.4071	-0.4065	-0.0149	1153	386	-0.04	0.0053	Return leg	-5	0	1	26.48	0.0193
1710	1757.780	20.435	1415.834	26.20	94.3	-0.4046	-0.4039	-0.0158	1154	387	-0.01	0.0045	Return leg	-5	0	0	26.10	0.0185
1715	1757.274	20.441	1417.020	25.64	92.3	-0.4012	-0.4007	-0.0120	1155	388	0.00	0.0036	Return leg	-5	0	0	25.72	0.0187
1720	1756.776	20.448	1418.200	25.58	92.1	-0.3973	-0.3969	-0.0015	1157	390	0.01	0.0023	Return leg	-5	0	0	24.93	0.0213
1725	1756.283	20.455	1419.379	25.53	91.9	-0.3931	-0.3928	0.0056	1158	391	0.01	0.0020	Return leg	-5	0	0	24.52	0.0214
1730	1755.796	20.461	1420.557	25.47	91.7	-0.3886	-0.3883	0.0110	1159	392	0.00	0.0020	Return leg	-5	0	1	24.11	0.0210
1735	1755.326	20.467	1421.708	23.41	84.3	-0.3840	-0.3836	0.0140	1160	393	-0.01	0.0022	Return leg	-4	0	0	23.69	0.0182
1740	1754.897	20.473	1422.774	22.85	82.3	-0.3794	-0.3793	0.0096	1162	395	-0.02	0.0029	Return leg	-4	0	0	22.83	0.0163
1745	1754.475	20.478	1423.834	22.80	82.1	-0.3750	-0.3749	0.0085	1163	396	-0.04	0.0032	Return leg	-3	0	0	22.39	0.0124
1750	1754.058	20.482	1424.894	22.74	81.9	-0.3710	-0.3711	0.0079	1164	397	-0.04	0.0035	Return leg	-1	0	0	21.94	0.0056
1755	1753.646	20.487	1425.952	22.68	81.7	-0.3676	-0.3681	0.0078	1165	398	-0.05	0.0035	Return leg	1	0	1	21.48	-0.0052
1760	1753.250	20.491	1426.981	20.63	74.3	-0.3651	-0.3662	0.0074	1166	399	-0.06	0.0033	Return leg	2	1	0	21.01	-0.0081
1765	1752.884	20.495	1427.934	20.83	75.0	-0.3639	-0.3650	0.0056	1167	400	-0.06	0.0027	Return leg	5	0	0	20.53	-0.0236
1770	1752.509	20.498	1428.913	20.96	75.5	-0.3640	-0.3658	0.0013	1168	401	-0.06	0.0016	Return leg	10	0	0	20.03	-0.0451
1775	1752.133	20.502	1429.890	20.90	75.3	-0.3660	-0.3691	-0.0068	1169	402	-0.06	-0.0003	Return leg	16	0	1	19.53	-0.0725
1780	1751.765	20.505	1430.835	18.85	67.8	-0.3709	-0.3760	-0.0194	1170	403	-0.04	-0.0031	Return leg	15	0	0	19.01	-0.0740
1785	1751.426	20.507	1431.691	18.29	65.8	-0.3787	-0.3829	-0.0352	1171	404	-0.01	-0.0069	Return leg	16	0	0	18.48	-0.0725
1790	1751.082	20.509	1432.537	18.23	65.6	-0.3882	-0.3924	-0.0506	1172	405	0.03	-0.0119	Return leg	23	0	0	17.93	-0.1053
1795	1750.731	20.512	1433.377	18.17	65.4	-0.3995	-0.4060	-0.0628	1173	406	0.09	-0.0181	Return leg	31	0	0	17.36	-0.1446
1800	1750.370	20.514	1434.208	18.11	65.2	-0.4140	-0.4230	-0.0701	1174	407	0.16	-0.0252	Return leg	40	0	1	16.77	-0.1878
1805	1750.006	20.516	1435.003	16.03	57.7	-0.4329	-0.4463	-0.0707	1175	408	0.23	-0.0332	Return leg	36	0	0	16.17	-0.1857
1810	1749.668	20.518	1435.705	15.46	55.6	-0.4555	-0.4667	-0.0618	1176	409	0.30	-0.0415	Return leg	40	0	0	15.53	-0.2274
1815	1749.318	20.519	1436.392	15.38	55.4	-0.4798	-0.4925	-0.0860	1176	409	0.36	-0.0415	Return leg	43	0	0	15.53	-0.2225
1820	1748.953	20.521	1437.067	15.30	55.1	-0.5059	-0.5196	-0.0657	1177	410	0.41	-0.0496	Return leg	49	0	0	14.88	-0.2666
1825	1748.572	20.523	1437.727	15.21	54.8	-0.5342	-0.5503	-0.0323	1178	411	0.45	-0.0571	Return leg	55	0	0	14.19	-0.3092
1830	1748.172	20.524	1438.370	15.11	54.4	-0.5653	-0.5837	0.0128	1179	412	0.48	-0.0634	Return leg	60	0	1	13.47	-0.3477
1835	1747.770	20.526	1438.971	13.00	46.8	-0.5996	-0.6233	-0.0215	1179	412	0.49	-0.0634	Return leg	48	1	0	13.47	-0.2492
1840	1747.394	20.527	1439.496	13.65	49.1	-0.6350	-0.6509	0.0315	1180	413	0.47	-0.0681	Return leg	57	0	0	12.99	-0.3327
1845	1746.972	20.528	1440.045	13.86	49.9	-0.6696	-0.6899	0.0933	1181	414	0.43	-0.0709	Return leg	62	0	0	12.74	-0.3655
1850	1746.531	20.529	1440.575	13.74	49.5	-0.7057	-0.7284	0.1565	1182	415	0.38	-0.0715	Return leg	62	0	0	12.68	-0.3918
1855	1746.075	20.530	1441.084	13.63	49.1	-0.7435	-0.7660	0.1186	1182	415	0.29	-0.0715	Return leg	66	0	0	12.68	-0.3861
1860	1745.602	20.531	1441.570	13.51	48.6	-0.7828	-0.8072	0.1758	1183	416	0.19	-0.0702	Return leg	65	0	0	12.80	-0.4036
1865	1745.116	20.532	1442.033	13.39	48.2	-0.8234	-0.8472	0.2234	1184	417	0.08	-0.0669	Return leg	62	0	0	13.11	-0.4137
1870	1744.616	20.533	1442.473	13.27	47.8	-0.8644	-0.8868	0.1823	1184	417	-0.06	-0.0669	Return leg	72	0	0	13.11	-0.3914
1875	1744.102	20.533	1442.887	13.14	47.3	-0.9058	-0.9336	0.2174	1185	418	-0.19	-0.0622	Return leg	68	1	0	13.59	-0.3981
1880	1743.561	20.534	1443.286	14.25	51.3	-0.9486	-0.9717	0.2378	1186	419	-0.32	-0.0565	Return leg	66	0	0	14.26	-0.4037
1885	1742.964	20.534	1443.691	14.44	52.0	-0.9924	-1.0140	0.1941	1186	419	-0.47	-0.0565	Return leg	71	0	0	14.26	-0.3939
1890	1742.352	20.535	1444.066	14.31	51.5	-1.0373	-1.0613	0.1998	1187	420	-0.62	-0.0502	Return leg	66	1	0	15.13	-0.3831
1895	1741.713	20.535	1444.420	15.43	55.5	-1.0832	-1.1026	0.1935	1188	421	-0.75	-0.0438	Return leg	61	1	0	16.21	-0.3645
1900	1741.009	20.536	1444.772	16.26	58.5	-1.1294	-1.1452	0.1473	1188	421	-0.88	-0.0438	Return leg	69	0	0	16.21	-0.3484
1905	1740.263	20.536	1445.103	16.32	58.8	-1.1761	-1.1952	0.1317	1189	422	-1.01	-0.0375	Kink straight	63	1	0	17.51	-0.3255
1910	1739.494	20.537	1445.402	16.96	61.1	-1.2244	-1.2396	0.1086	1190	423	-1.11	-0.0317	Kink straight	53	1	0	19.06	-0.2878
1915	1738.676	20.538	1445.678	17.81	64.1	-1.2724	-1.2825	0.0817	1191	424	-1.19	-0.0263	Kink straight	49	1	0	20.90	-0.2536
1920	1737.806	20.539	1445.930	18.66	67.2	-1.3183	-1.3265	0.0538	1192	425	-1.26	-0.0215	Kink straight	39	1	0	21.52	-0.2043
1925	1736.883	20.541	1446.155	19.52	70.3	-1.3617	-1.3660	0.0262	1193	426	-1.30	-0.0171	Kink straight	33	1	0	21.06	-0.1618
1930	1735.910	20.543	1446.350	20.39	73.4	-1.4012	-1.4037	0.0003	1194	427	-1.31	-0.0130	Kink straight	19	0	0	20.57	-0.0946
1935	1734.899	20.545	1446.517	20.51	73.9	-1.4360	-1.4345	-0.0230	1195	428	-1.31	-0.0090	Kink straight	8	0	0	20.08	-0.0411
1940	1733.884	20.548	1446.653	20.46	73.6	-1.4638	-1.4599	-0.0416	1196	429	-1.29	-0.0048	Kink straight	-3	0	0	19.58	0.0146
1945	1732.869	20.550	1446.765	20.40	73.5	-1.4836	-1.4776	-0.0547	1197	430	-1.25	-0.0002	Kink straight	-15	0	1	19.06	0.0716
1950	1731.884	20.553	1446.859	18.35	66.1	-1.4948	-1.4858	-0.0621	1198	431	-1.20	0.0048	Kink straight	-17	0	0	18.53	0.0884
1955	1730.991	20.556	1446.936	17.79	64.0	-1.4976	-1.4897	-0.0649	1198	431	-1.16	0.0048	Kink straight	-12	1	0	18.53	0.0558
1960	1730.094	20.559	1447.010	18.49	66.6	-1.4950	-1.4906	-0.0620	1199	432	-1.11	0.0105	Kink straight	-31	0	0	17.98	0.1500
1965	1729.167	20.562	1447.091	18.61	67.0	-1.4884	-1.4776	-0.0595	1200	433	-1.06	0.0169	Kink straight	-44	0	0	17.42	0.2064
1970	1728.242	20.565	1447.183	18.53	66.7	-1.4742	-1.4601	-0.0556	1201	434	-1.01	0.0240	Kink straight	-55	0	1	16.83	0.2626
1975	1727.353	20.569	1447.288	16.44	59.2	-1.4515	-1.4326	-0.0516	1202	435	-0.97	0.0316	Kink straight	-44	0	0	16.23	0.2083
1980	1726.561	20.572	1447.399	15.85	57.1	-1.4226	-1.4094	-0.0519	1203	436	-0.93	0.0396	Kink straight	-50	0	0	15.60	0.2565
1985	1725.781	20.575	1447.531	15.76	56.7	-1.3918	-1.3762	-0.0628	1204	437	-0.90	0.0477	Kink straight	-58	0	0	14.94	0.3072
1990	1725.012	20.578	1447.687	15.65	56.3	-1.3583	-1.3396	-0.0845	1205	438	-0.86	0.0555	Kink straight	-66	0	1	14.26	0.3585
1995	1724.282	20.581	1447.864	13.53	48.7	-1.3211	-1.2957	-0.0474	1205	438	-0.82	0.0555	Kink straight	-53	1	0	14.26	0.2929
2000	1723.635	20.583	1448.046	14.17	51.0	-1.2821	-1.2649	-0.0766	1206	439	-0.76	0.0627	Kink straight	-63	0	0	13.54	0.3417
2005	1722.950	20.586	1448.266	14.36	51.7	-1.2436	-1.2216	-0.1176	1207	440	-0.70	0.0691	Kink straight	-72	0	1	12.90	0.3934
2010	1722.308	20.589	1448.504	12.23	44.0	-1.2029	-1.1720	-0.1649	1208	441	-0.63	0.0742	Kink straight	-60	0	0	12.45	0.3874
2015	1721.765	20.592	1448.732	11.60	41.8	-1.1615	-1.1363	-0.1234	1208	441	-0.55	0.0742	Kink straight	-58	1	0	12.45	0.3196
2020	1721.223	20.595	1448.983	12.73	45.8	-1.1223	-1.1001	-0.1774	1209	442	-0.45	0.0782	Kink straight	-71	0	0	12.13	0.4263
2025	1720.649	20.598	1449.279	12.90	46.5	-1.0837	-1.0546	-0.2336	1210	443	-0.36	0.0807	Kink straight	-77	0	0	11.93	0.4755
2030	1720.091	20.601	1449.599	12.75	45.9	-1.0426	-1.0106	-0.1925	1210	443	-0.23	0.0807	Kink straight	-82	0	0	11.93	0.4756
2035	1719.555	20.604	1449.938	12.59	45.3	-0.9987	-0.9643	-0.2428	1211	444	-0.10	0.0820	Kink straight	-82	0	0	11.84	0.5170
2040	1719.042	20.606	1450.296	12.42	44.7	-0.9525	-0.9181	-0.1966	1211	444	0.03	0.0820	Kink straight	-87	0	0	11.84	0.5152
2045	1718.553	20.609	1450.673	12.24	44.1	-0.9046	-0.8674	-0.2400	1212	445	0.17	0.0822	Kink straight	-84	0	0	11.83	0.5478
2050	1718.089	20.612	1451.067	12.07	43.4	-0.8552	-0.8195	-0.2782	1213	446	0.31	0.0814	Kink straight	-80	0	0	11.89	0.5745
2055	1717.651	20.615	1451.477	11.90	42.8	-0.8057	-0.7718	-0.2287	1213	446	0.45	0.0814	Kink straight	-84	0	0	11.89	0.5697
2060	1717.240	20.617	1451.902	11.73	42.2	-0.7567	-0.7199	-0.2629	1214	447	0.58	0.0798	Kink straight	-79	0	0	12.01	0.5906
2065	1716.855	20.620	1452.340	11.57	41.6	-0.7081	-0.6735	-0.2142	1214	447	0.71	0.0798	Kink straight	-93	1	0	12.01	0.5693
2070	1716.487	20.622	1452.805	12.61	45.4	-0.6596	-0.6205	-0.2449	1215	448	0.84	0.0775	Kink straight	-90	0	0	12.18	0.6021
2075	1716.116	20.624	1453.325	12.73	45.8	-0.6086	-0.5718	-0.1939	1215	448	0.97	0.0775	Kink straight	-98	0	0	12.18	0.6008
2080	1715.777	20.626	1453.859	12.53	45.1	-0.5553	-0.5141	-0.2164	1216	449	1.11	0.0747	Kink straight	-90	0	0	12.41	0.6080
2085	1715.471	20.628	1454.401	12.33	44.4	-0.4999	-0.4630	-0.2345	1217	450	1.22	0.0713	Kink straight	-83	1	0	12.70	0.6074
2090	1715.189	20.629	1454.966	13.40	48.2	-0.4450	-0.4148	-0.1796	1217	450	1.34	0.0713	Kink straight	-88	0	0	12.70	0.6025
2095	1714.919	20.630	1455.589	13.54	48.7	-0.3904	-0.3578	-0.1970	1218	451	1.46	0.0672	Kink straight	-84	0	0	13.08	0.5944
2100	1714.686	20.631	1456.220	13.37	48.1	-0.3348	-0.3041	-0.1415	1218	451	1.56	0.0672	Kink straight	-87	0	0	13.08	0.5827
2105	1714.490	20.632	1456.856	13.20	47.5	-0.2794	-0.2466	-0.1569	1219	452	1.66	0.0625	Kink straight	-90	1	0	13.56	0.5727
2110	1714.328	20.633	1457.510	14.25	51.3	-0.2234	-0.1921	-0.1010	1219	452	1.75	0.0625	Kink straight	-93	0	0	13.56	0.5489
2115	1714.194	20.633	1458.219	14.38	51.8	-0.1656	-0.1335	-0.1122	1220	453	1.84	0.0570	Kink straight	-85	0	0	14.21	0.5180
2120	1714.101	20.633	1458.929	14.21	51.2	-0.1061	-0.0778	-0.1183	1221	454	1.91	0.0506	Kink straight	-75	1	0	15.08	0.4765
2125	1714.047	20.632	1459.653	15.31	55.1	-0.0475	-0.0261	-0.0598	1221	454	1.98	0.0506	Kink straight	-73	0	0	15.08	0.4278
2130	1714.031	20.631	1460.423	15.37	55.3	0.0093	0.0301	-0.0627	1222	455	2.04	0.0432	Kink straight	-63	1	0	16.31	0.3741
2135	1714.057	20.629	1461.199	16.01	57.6	0.0642	0.0799	-0.0589	1223	456	2.09	0.0350	Kink straight	-56	1	0	18.14	0.3133
2140	1714.127	20.627	1462.014	16.85	60.7	0.1160	0.1282	-0.0470	1224	457	2.13	0.0259	Kink straight	-37	1	0	19.77	0.2092
2145	1714.238	20.624	1462.866	17.72	63.8	0.1635	0.1680	0.0005	1224	457	2.16	0.0259	Kink straight	-37	1	0	19.77	0.1788
2150	1714.395	20.620	1463.756	18.60	67.0	0.2050	0.2102	0.0151	1225	458	2.17	0.0163	Kink straight	-12	1	0	19.26	0.0609
2155	1714.593	20.614	1464.682	19.49	70.2	0.2408	0.2374	0.0381	1226	459	2.16	0.0063	Kink straight	4	0	0	18.74	-0.0188
2160	1714.825	20.608	1465.636	19.64	70.7	0.2667	0.2596	0.0651	1227	460	2.13	-0.0039	Kink straight	23	0	1	18.19	-0.0990
2165	1715.067	20.600	1466.555	17.60	63.3	0.2810	0.2685	0.0937	1228	461	2.07	-0.0138	Kink straight	26	0	0	17.64	-0.1223
2170	1715.293	20.592	1467.383	17.05	61.4	0.2838	0.2725	0.1227	1229	462	1.99	-0.0234	Kink straight	39	0	0	17.06	-0.1952
2175	1715.517	20.582	1468.204	17.00	61.2	0.2775	0.2629	0.1527	1230	463	1.89	-0.0324	Kink straight	53	0	0	16.46	-0.2667
2180	1715.731	20.571	1469.025	16.94	61.0	0.2618	0.2435	0.1815	1231	464	1.77	-0.0407	Kink straight	65	0	0	15.84	-0.3347
2185	1715.927	20.559	1469.845	16.85	60.7	0.2364	0.2152	0.2074	1232	465	1.63	-0.0481	Kink straight	75	0	1	15.20	-0.3967
2190	1716.093	20.547	1470.637	14.74	53.1	0.2016	0.1745	0.2299	1233	466	1.49	-0.0545	Kink straight	62	0	0	14.53	-0.3350
2195	1716.217	20.535	1471.340	14.15	50.9	0.1609	0.1406	0.1892	1233	466	1.34	-0.0545	Kink straight	62	1	0	14.53	-0.3240
2200	1716.316	20.522	1472.055	15.30	55.1	0.1194	0.1012	0.2108	1234	467	1.19	-0.0597	Kink straight	80	0	1	13.88	-0.4339
2205	1716.384	20.509	1472.791	13.37	48.1	0.0758	0.0454	0.2365	1235	468	1.03	-0.0636	Kink straight	70	0	0	13.45	-0.4283
2210	1716.414	20.497	1473.434	12.77	46.0	0.0294	0.0037	0.2660	1236	469	0.89	-0.0659	Kink straight	68	1	0	13.21	-0.4173
2215	1716.417	20.484	1474.087	13.91	50.1	-0.0161	-0.0387	0.2204	1236	469	0.74	-0.0659	Kink straight	81	0	0	13.21	-0.4557
2220	1716.386	20.470	1474.790	14.10	50.7	-0.0623	-0.0910	0.2565	1237	470	0.57	-0.0666	Kink straight	84	0	0	13.14	-0.4871
2225	1716.319	20.455	1475.487	13.97	50.3	-0.1118	-0.1414	0.2940	1238	471	0.40	-0.0654	Kink straight	82	0	0	13.26	-0.5048
2230	1716.219	20.441	1476.174	13.84	49.8	-0.1636	-0.1920	0.2421	1238	471	0.22	-0.0654	Kink straight	86	0	0	13.26	-0.4948
2235	1716.084	20.426	1476.848	13.70	49.3	-0.2168	-0.2472	0.2770	1239	472	0.03	-0.0624	Kink straight	80	0	0	13.58	-0.4959
2240	1715.916	20.411	1477.507	13.58	48.9	-0.2711	-0.2984	0.3072	1240	473	-0.15	-0.0577	Kink straight	74	1	0	14.12	-0.4854
2245	1715.711	20.396	1478.169	14.71	52.9	-0.3246	-0.3467	0.2536	1240	473	-0.34	-0.0577	Kink straight	88	0	0	14.12	-0.4716
2250	1715.452	20.379	1478.866	14.88	53.6	-0.3783	-0.4066	0.2749	1241	474	-0.55	-0.0515	Kink straight	83	0	0	14.94	-0.4533
2255	1715.157	20.362	1479.544	14.75	53.1	-0.4347	-0.4603	0.2789	1242	475	-0.75	-0.0444	Kink straight	74	1	0	16.09	-0.4246
2260	1714.822	20.345	1480.215	15.64	56.3	-0.4914	-0.5110	0.2222	1242	475	-0.94	-0.0444	Kink straight	73	1	0	16.09	-0.3904
2265	1714.427	20.327	1480.908	16.48	59.3	-0.5472	-0.5652	0.2091	1243	476	-1.13	-0.0368	Kink straight	70	1	0	17.67	-0.3545
2270	1713.973	20.307	1481.613	17.33	62.4	-0.6028	-0.6183	0.1780	1244	477	-1.30	-0.0294	Kink straight	58	1	0	19.77	-0.3056
2275	1713.458	20.287	1482.329	18.20	65.5	-0.6575	-0.6672	0.1319	1245	478	-1.44	-0.0227	Kink straight	54	1	0	22.53	-0.2670
2280	1712.879	20.265	1483.051	19.08	68.7	-0.7095	-0.7174	0.0769	1246	479	-1.55	-0.0170	Kink straight	44	1	0	26.01	-0.2216
2285	1712.235	20.243	1483.777	19.97	71.9	-0.7586	-0.7626	0.0190	1247	480	-1.61	-0.0127	Kink straight	39	1	0	30.09	-0.1839
2290	1711.528	20.221	1484.506	20.87	75.1	-0.8035	-0.8061	-0.0355	1248	481	-1.61	-0.0098	Kink straight	30	1	0	34.26	-0.1406
2295	1710.758	20.198	1485.235	21.78	78.4	-0.8443	-0.8442	-0.0819	1249	482	-1.56	-0.0082	Kink straight	21	1	0	37.47	-0.0979
2300	1709.928	20.176	1485.965	22.51	81.0	-0.8797	-0.8775	-0.1169	1250	483	-1.46	-0.0076	Kink straight	14	1	0	37.95	-0.0636
2305	1709.052	20.155	1486.685	22.98	82.7	-0.9091	-0.9059	-0.1390	1251	484	-1.33	-0.0076	Kink straight	8	1	0	37.69	-0.0324
2310	1708.138	20.134	1487.396	23.46	84.4	-0.9323	-0.9286	-0.1493	1252	485	-1.18	-0.0080	Kink straight	0	1	0	37.42	0.0017
2315	1707.191	20.114	1488.103	23.93	86.1	-0.9495	-0.9447	-0.1499	1253	486	-1.01	-0.0083	Kink straight	-6	1	0	37.16	0.0250
2320	1706.214	20.093	1488.809	24.41	87.9	-0.9603	-0.9552	-0.1264	1255	488	-0.86	-0.0080	Kink straight	-11	1	0	37.80	0.0480
2325	1705.210	20.071	1489.519	24.88	89.6	-0.9650	-0.9599	-0.1172	1256	489	-0.71	-0.0073	Kink straight	-15	1	0	39.69	0.0606
2330	1704.185	20.048	1490.240	25.36	91.3	-0.9640	-0.9591	-0.1062	1257	490	-0.58	-0.0062	Kink straight	-17	1	0	40.00	0.0710
2335	1703.142	20.024	1490.975	25.83	93.0	-0.9581	-0.9539	-0.0944	1258	491	-0.46	-0.0049	Kink straight	-18	1	0	40.00	0.0733
2340	1702.083	19.999	1491.731	26.31	94.7	-0.9483	-0.9448	-0.0836	1260	493	-0.35	-0.0022	Kink straight	-18	1	0	40.00	0.0730
2345	1701.012	19.973	1492.511	26.78	96.4	-0.9358	-0.9330	-0.0743	1261	494	-0.25	-0.0011	Kink straight	-16	1	0	40.00	0.0678
2350	1699.931	19.947	1493.317	27.26	98.1	-0.9215	-0.9198	-0.0644	1262	495	-0.15	-0.0002	Kink straight	-15	1	0	40.00	0.0592
2355	1698.841	19.921	1494.153	27.74	99.9	-0.9067	-0.9055	-0.0576	1264	497	-0.07	0.0006	Kink straight	-12	1	0	40.00	0.0485
2360	1697.745	19.894	1495.018	28.21	101.6	-0.8921	-0.8917	-0.0451	1265	498	0.01	0.0006	Kink straight	-10	1	0	40.00	0.0375
2365	1696.643	19.868	1495.913	28.69	103.3	-0.8785	-0.8785	-0.0323	1266	499	0.07	0.0004	Kink straight	-7	1	0	40.00	0.0275
2370	1695.533	19.840	1496.837	29.17	105.0	-0.8664	-0.8668	-0.0181	1268	501	0.11	-0.0001	Kink straight	-5	1	0	40.00	0.0204
2375	1694.416	19.812	1497.789	29.65	106.7	-0.8563	-0.8567	-0.0063	1269	502	0.13	-0.0004	Kink straight	-4	1	0	40.00	0.0143
2380	1693.290	19.785	1498.768	30.12	108.4	-0.8480	-0.8482	0.0045	1271	504	0.14	-0.0008	Kink straight	-4	1	0	39.83	0.0151
2385	1692.154	19.758	1499.773	30.60	110.2	-0.8412	-0.8411	0.0119	1272	505	0.13	-0.0009	Kink straight	-3	1	0	39.58	0.0118
2390	1691.007	19.729	1500.802	31.08	111.9	-0.8354	-0.8353	0.0192	1274	507	0.11	-0.0007	Kink straight	-3	1	0	39.07	0.0103
2395	1689.848	19.698	1501.854	31.56	113.6	-0.8306	-0.8303	0.0258	1275	508	0.07	-0.0003	Kink straight	-2	1	0	38.82	0.0071
2400	1688.677	19.666	1502.926	32.00	115.2	-0.8264	-0.8263	0.0354	1277	510	0.03	0.0009	Kink straight	-1	1	0	38.30	0.0038
2405	1687.496	19.633	1504.015	32.28	116.2	-0.8231	-0.8230	0.0422	1279	512	-0.04	0.0028	Kink straight	0	1	0	37.77	0.0002
2410	1686.308	19.601	1505.118	32.56	117.2	-0.8207	-0.8206	0.0429	1280	513	-0.10	0.0038	Kink straight	1	1	0	37.51	-0.0026
2415	1685.112	19.569	1506.233	32.84	118.2	-0.8192	-0.8191	0.0307	1282	515	-0.17	0.0055	Kink straight	1	1	0	36.97	-0.0048
2420	1683.907	19.538	1507.359	33.12	119.2	-0.8185	-0.8182	0.0200	1283	516	-0.21	0.0059	Kink straight	2	1	0	36.70	-0.0061
2425	1682.693	19.508	1508.495	33.40	120.2	-0.8185	-0.8183	-0.0054	1285	518	-0.21	0.0055	Kink straight	2	1	0	36.15	-0.0080
2430	1681.468	19.480	1509.640	33.67	121.2	-0.8191	-0.8187	-0.0245	1287	520	-0.18	0.0036	Kink straight	3	1	0	35.59	-0.0103
2435	1680.232	19.455	1510.793	33.95	122.2	-0.8203	-0.8200	-0.0298	1289	522	-0.13	0.0010	Kink straight	4	1	0	35.02	-0.0129
2440	1678.986	19.431	1511.954	34.22	123.2	-0.8222	-0.8220	-0.0287	1290	523	-0.08	-0.0003	Kink straight	4	1	0	34.74	-0.0133
2445	1677.727	19.408	1513.122	34.49	124.1	-0.8249	-0.8244	-0.0193	1292	525	-0.04	-0.0021	Kink straight	4	0	0	34.16	-0.0128
2450	1676.459	19.386	1514.292	34.51	124.2	-0.8280	-0.8274	-0.0090	1294	527	-0.02	-0.0028	Kink straight	3	0	0	33.57	-0.0090
2455	1675.187	19.363	1515.458	34.48	124.1	-0.8313	-0.8305	-0.0073	1295	528	-0.00	-0.0028	Kink straight	1	0	1	33.27	-0.0045
2460	1673.940	19.341	1516.595	32.45	116.8	-0.8344	-0.8331	-0.0054	1297	530	0.00	-0.0025	Kink straight	0	0	0	32.66	0.0005
2465	1672.754	19.322	1517.670	31.92	114.9	-0.8366	-0.8352	-0.0084	1299	532	0.01	-0.0022	Kink straight	-2	0	0	32.04	0.0077
2470	1671.571	19.304	1518.740	31.89	114.8	-0.8378	-0.8362	-0.0106	1300	533	0.02	-0.0022	Kink straight	-3	0	0	31.73	0.0117
2475	1670.389	19.289	1519.808	31.85	114.7	-0.8378	-0.8362	-0.0095	1302	535	0.04	-0.0023	Kink straight	-4	0	0	31.09	0.0157
2480	1669.208	19.275	1520.875	31.82	114.5	-0.8366	-0.8351	-0.0051	1303	536	0.05	-0.0022	Kink straight	-5	0	0	30.77	0.0168
2485	1668.030	19.264	1521.944	31.78	114.4	-0.8344	-0.8328	0.0088	1305	538	0.04	-0.0016	Kink straight	-5	0	1	30.11	0.0173
2490	1666.883	19.253	1522.990	29.74	107.0	-0.8311	-0.8297	0.0248	1307	540	0.01	0.0001	Kink straight	-4	0	0	29.44	0.0154
2495	1665.802	19.241	1523.980	29.19	105.1	-0.8274	-0.8265	0.0320	1308	541	-0.03	0.0013	Kink straight	-4	0	0	29.10	0.0134
2500	1664.730	19.229	1524.970	29.15	105.0	-0.8236	-0.8226	0.0312	1310	543	-0.08	0.0038	Kink straight	-3	0	0	28.40	0.0116
2505	1663.662	19.220	1525.962	29.11	104.8	-0.8197	-0.8189	0.0264	1311	544	-0.13	0.0048	Kink straight	-2	0	0	28.05	0.0088
2510	1662.600	19.214	1526.956	29.07	104.6	-0.8162	-0.8155	0.0179	1312	545	-0.16	0.0054	Kink straight	-2	0	1	27.69	0.0059
2515	1661.564	19.212	1527.933	27.02	97.3	-0.8132	-0.8121	-0.0061	1314	547	-0.16	0.0054	Kink straight	-1	0	0	26.96	0.0028
2520	1660.598	19.213	1528.849	26.47	95.3	-0.8105	-0.8096	-0.0146	1315	548	-0.14	0.0048	Kink straight	0	0	0	26.58	0.0003
2525	1659.639	19.215	1529.762	26.42	95.1	-0.8085	-0.8078	-0.0230	1317	550	-0.12	0.0028	Kink straight	1	0	0	25.82	-0.0033
2530	1658.684	19.219	1530.674	26.37	94.9	-0.8072	-0.8067	-0.0207	1318	551	-0.09	0.0017	Kink straight	1	0	0	25.43	-0.0052
2535	1657.733	19.222	1531.586	26.31	94.7	-0.8068	-0.8061	-0.0163	1319	552	-0.06	0.0006	Kink straight	1	0	1	25.03	-0.0057
2540	1656.806	19.224	1532.475	24.26	87.3	-0.8069	-0.8060	-0.0112	1320	553	-0.04	-0.0002	Kink straight	2	1	0	24.63	-0.0062
2545	1655.942	19.226	1533.303	24.10	86.8	-0.8074	-0.8068	-0.0036	1322	555	-0.04	-0.0012	Kink straight	0	0	0	23.81	-0.0005
2550	1655.070	19.226	1534.138	24.15	86.9	-0.8083	-0.8069	-0.0031	1323	556	-0.04	-0.0014	Kink straight	-1	0	0	23.38	0.0064
2555	1654.199	19.226	1534.973	24.10	86.8	-0.8088	-0.8071	-0.0037	1324	557	-0.03	-0.0014	Kink straight	-4	0	0	22.95	0.0162
2560	1653.330	19.225	1535.806	24.05	86.6	-0.8085	-0.8061	-0.0040	1325	558	-0.03	-0.0011	Kink straight	-7	0	1	22.51	0.0293
2565	1652.485	19.224	1536.618	22.01	79.2	-0.8068	-0.8035	-0.0020	1326	559	-0.03	-0.0006	Kink straight	-7	0	0	22.06	0.0300
2570	1651.709	19.222	1537.368	21.46	77.3	-0.8035	-0.8004	0.0069	1328	561	-0.03	0.0016	Kink straight	-10	0	0	21.14	0.0456
2575	1650.941	19.218	1538.116	21.41	77.1	-0.7988	-0.7951	0.0163	1329	562	-0.05	0.0035	Kink straight	-14	0	0	20.66	0.0649
2580	1650.180	19.213	1538.866	21.37	76.9	-0.7924	-0.7877	0.0271	1330	563	-0.07	0.0061	Kink straight	-19	0	1	20.17	0.0875
2585	1649.447	19.206	1539.600	19.33	69.6	-0.7834	-0.7769	0.0382	1331	564	-0.11	0.0094	Kink straight	-18	1	0	19.67	0.0859
2590	1648.779	19.197	1540.284	19.54	70.3	-0.7720	-0.7665	0.0474	1332	565	-0.16	0.0135	Kink straight	-23	0	0	19.15	0.1101
2595	1648.099	19.186	1540.994	19.69	70.9	-0.7588	-0.7519	0.0525	1333	566	-0.21	0.0182	Kink straight	-29	0	0	18.62	0.1378
2600	1647.431	19.173	1541.715	19.65	70.7	-0.7428	-0.7343	0.0530	1334	567	-0.28	0.0235	Kink straight	-36	0	1	18.08	0.1675
2605	1646.797	19.159	1542.425	17.61	63.4	-0.7232	-0.7114	0.0490	1335	568	-0.34	0.0291	Kink straight	-32	0	0	17.51	0.1622
2610	1646.238	19.145	1543.078	17.07	61.4	-0.7005	-0.6907	0.0717	1335	568	-0.39	0.0291	Kink straight	-31	1	0	17.51	0.1531
2615	1645.690	19.130	1543.745	17.79	64.0	-0.6770	-0.6683	0.0632	1336	569	-0.44	0.0348	Kink straight	-39	0	0	16.93	0.1827
2620	1645.138	19.113	1544.452	17.93	64.6	-0.6523	-0.6408	0.0475	1337	570	-0.49	0.0405	Kink straight	-47	0	1	16.33	0.2155
2625	1644.625	19.097	1545.149	15.88	57.2	-0.6247	-0.6083	0.0269	1338	571	-0.52	0.0459	Kink straight	-41	0	0	15.71	0.2076
2630	1644.184	19.081	1545.785	15.34	55.2	-0.5946	-0.5810	0.0018	1339	572	-0.53	0.0507	Kink straight	-43	0	0	15.06	0.2377
2635	1643.766	19.066	1546.427	15.29	55.1	-0.5645	-0.5499	-0.0290	1340	573	-0.53	0.0549	Kink straight	-47	0	0	14.47	0.2693
2640	1643.369	19.049	1547.080	15.24	54.9	-0.5337	-0.5173	0.0017	1340	573	-0.52	0.0549	Kink straight	-50	0	0	14.47	0.2615
2645	1642.995	19.032	1547.743	15.19	54.7	-0.5016	-0.4841	-0.0316	1341	574	-0.49	0.0585	Kink straight	-54	0	0	14.03	0.2945
2650	1642.645	19.015	1548.416	15.14	54.5	-0.4679	-0.4488	-0.0662	1342	575	-0.45	0.0612	Kink straight	-58	0	1	13.71	0.3265
2655	1642.333	18.998	1549.071	13.07	47.1	-0.4322	-0.4079	-0.1003	1343	576	-0.40	0.0632	Kink straight	-49	1	0	13.49	0.2784
2660	1642.074	18.982	1549.669	13.76	49.5	-0.3962	-0.3780	-0.0643	1343	576	-0.35	0.0632	Kink straight	-55	0	0	13.49	0.3076
2665	1641.818	18.965	1550.320	14.01	50.4	-0.3610	-0.3400	-0.0993	1344	577	-0.27	0.0645	Kink straight	-60	0	0	13.36	0.3391
2670	1641.587	18.948	1550.981	13.95	50.2	-0.3249	-0.3015	-0.1327	1345	578	-0.19	0.0651	Kink straight	-62	0	0	13.29	0.3689
2675	1641.383	18.929	1551.646	13.88	50.0	-0.2872	-0.2630	-0.1634	1346	579	-0.11	0.0653	Kink straight	-64	0	0	13.27	0.3962
2680	1641.205	18.910	1552.316	13.81	49.7	-0.2480	-0.2231	-0.1242	1346	579	-0.02	0.0653	Kink straight	-67	0	0	13.27	0.3897
2685	1641.055	18.890	1552.989	13.73	49.4	-0.2074	-0.1812	-0.1504	1347	580	0.08	0.0650	Kink straight	-68	0	0	13.30	0.4132
2690	1640.934	18.870	1553.663	13.66	49.2	-0.1653	-0.1388	-0.1738	1348	581	0.17	0.0644	Kink straight	-67	0	0	13.37	0.4331
2695	1640.841	18.849	1554.338	13.58	48.9	-0.1223	-0.0963	-0.1307	1348	581	0.27	0.0644	Kink straight	-71	0	0	13.37	0.4249
2700	1640.779	18.828	1555.013	13.50	48.6	-0.0785	-0.0506	-0.1512	1349	582	0.37	0.0635	Kink straight	-69	0	0	13.46	0.4403
2705	1640.746	18.806	1555.685	13.43	48.3	-0.0340	-0.0071	-0.1699	1350	583	0.46	0.0624	Kink straight	-67	0	0	13.58	0.4519
2710	1640.743	18.784	1556.355	13.36	48.1	0.0107	0.0366	-0.1252	1350	583	0.55	0.0624	Kink straight	-70	0	0	13.58	0.4423
2715	1640.770	18.761	1557.021	13.28	47.8	0.0552	0.0829	-0.1435	1351	584	0.64	0.0612	Kink straight	-74	1	0	13.71	0.4348
2720	1640.829	18.736	1557.699	14.44	52.0	0.1003	0.1272	-0.1607	1352	585	0.72	0.0598	Kink straight	-74	0	0	13.87	0.4541
2725	1640.924	18.709	1558.426	14.68	52.8	0.1472	0.1732	-0.1138	1352	585	0.82	0.0598	Kink straight	-81	0	0	13.87	0.4451
2730	1641.055	18.681	1559.146	14.59	52.5	0.1964	0.2254	-0.1262	1353	586	0.90	0.0584	Kink straight	-77	0	0	14.03	0.4442
2735	1641.221	18.652	1559.854	14.50	52.2	0.2479	0.2745	-0.1349	1354	587	0.98	0.0572	Kink straight	-72	0	0	14.18	0.4391
2740	1641.420	18.623	1560.550	14.43	52.0	0.2998	0.3240	-0.0829	1354	587	1.05	0.0572	Kink straight	-75	0	0	14.18	0.4234
2745	1641.653	18.594	1561.231	14.36	51.7	0.3513	0.3771	-0.0891	1355	588	1.12	0.0561	Kink straight	-70	0	0	14.31	0.4156
2750	1641.918	18.564	1561.896	14.29	51.4	0.4026	0.4261	-0.0919	1356	589	1.17	0.0555	Kink straight	-66	0	0	14.39	0.4091
2755	1642.215	18.533	1562.544	14.24	51.2	0.4525	0.4744	-0.0419	1356	589	1.22	0.0555	Kink straight	-68	0	0	14.39	0.3925
2760	1642.542	18.502	1563.175	14.18	51.0	0.5011	0.5243	-0.0431	1357	590	1.26	0.0556	Kink straight	-65	0	0	14.38	0.3894
2765	1642.897	18.471	1563.786	14.13	50.9	0.5487	0.5708	-0.0411	1358	591	1.28	0.0565	Kink straight	-62	0	0	14.27	0.3908
2770	1643.280	18.438	1564.378	14.09	50.7	0.5950	0.6159	0.0052	1358	591	1.29	0.0565	Kink straight	-64	0	0	14.27	0.3761
2775	1643.688	18.406	1564.950	14.04	50.6	0.6400	0.6623	0.0072	1359	592	1.29	0.0585	Kink straight	-63	0	0	14.03	0.3838
2780	1644.121	18.374	1565.502	14.00	50.4	0.6844	0.7063	0.0083	1360	593	1.27	0.0615	Kink straight	-62	0	0	13.67	0.3971
2785	1644.577	18.341	1566.032	13.96	50.3	0.7282	0.7497	0.0520	1360	593	1.25	0.0615	Kink straight	-65	0	0	13.67	0.3851
2790	1645.054	18.309	1566.540	13.91	50.1	0.7715	0.7946	0.0478	1361	594	1.21	0.0656	Kink straight	-65	0	0	13.24	0.4043
2795	1645.551	18.277	1567.025	13.86	49.9	0.8149	0.8381	0.0357	1362	595	1.17	0.0707	Kink straight	-66	0	0	12.75	0.4283
2800	1646.067	18.246	1567.486	13.81	49.7	0.8585	0.8821	0.0792	1362	595	1.12	0.0707	Kink straight	-69	0	0	12.75	0.4186
2805	1646.601	18.216	1567.922	13.75	49.5	0.9025	0.9276	0.0566	1363	596	1.07	0.0765	Kink straight	-70	0	1	12.26	0.4474
2810	1647.128	18.188	1568.314	11.69	42.1	0.9471	0.9777	0.0222	1364	597	1.02	0.0827	Kink straight	-57	0	0	11.80	0.4372
2815	1647.594	18.165	1568.631	11.14	40.1	0.9902	1.0145	0.0653	1364	597	0.99	0.0827	Kink straight	-59	1	0	11.80	0.3918
2820	1648.081	18.141	1568.936	12.33	44.4	1.0296	1.0533	0.0139	1365	598	0.94	0.0888	Kink straight	-65	0	0	11.38	0.4586
2825	1648.627	18.116	1569.246	12.59	45.3	1.0679	1.0947	0.0522	1365	598	0.91	0.0888	Kink straight	-73	0	1	11.38	0.4576
2830	1649.160	18.093	1569.518	10.51	37.8	1.1072	1.1444	-0.0090	1366	599	0.88	0.0947	Kink straight	-59	1	0	11.02	0.4561
2835	1649.634	18.073	1569.738	11.19	40.3	1.1461	1.1723	0.0299	1366	599	0.87	0.0947	Kink straight	-70	0	0	11.02	0.4528
2840	1650.161	18.051	1569.958	11.43	41.2	1.1834	1.2161	-0.0401	1367	600	0.86	0.0999	Kink straight	-73	0	0	10.73	0.4939
2845	1650.696	18.030	1570.155	11.35	40.9	1.2217	1.2560	-0.0018	1367	600	0.86	0.0999	Kink straight	-78	0	0	10.73	0.4977
2850	1651.233	18.010	1570.330	11.25	40.5	1.2613	1.2985	-0.0738	1368	601	0.87	0.1041	Kink straight	-77	0	0	10.51	0.5408
2855	1651.773	17.990	1570.481	11.15	40.1	1.3022	1.3388	-0.0328	1368	601	0.89	0.1041	Kink straight	-83	0	0	10.51	0.5449
2860	1652.314	17.971	1570.608	11.04	39.7	1.3442	1.3845	-0.1054	1369	602	0.91	0.1070	Kink straight	-81	0	0	10.37	0.5876
2865	1652.854	17.953	1570.710	10.92	39.3	1.3875	1.4266	-0.0621	1369	602	0.95	0.1070	Kink straight	-86	0	0	10.37	0.5918
2870	1653.392	17.936	1570.788	10.80	38.9	1.4314	1.4738	-0.1361	1370	603	0.99	0.1083	Kink straight	-82	0	0	10.30	0.6308
2875	1653.927	17.919	1570.842	10.68	38.4	1.4760	1.5162	-0.0914	1370	603	1.04	0.1083	Kink straight	-87	0	0	10.30	0.6351
2880	1654.458	17.904	1570.871	10.54	37.9	1.5207	1.5644	-0.1687	1371	604	1.08	0.1078	Kink straight	-81	0	0	10.33	0.6671
2885	1654.983	17.889	1570.877	10.42	37.5	1.5656	1.6059	-0.1238	1371	604	1.15	0.1078	Kink straight	-86	0	0	10.33	0.6713
2890	1655.501	17.874	1570.858	10.28	37.0	1.6099	1.6540	-0.2060	1372	605	1.20	0.1052	Kink straight	-79	0	0	10.45	0.6941
2895	1656.011	17.861	1570.818	10.16	36.6	1.6540	1.6942	-0.1619	1372	605	1.29	0.1052	Kink straight	-83	0	0	10.45	0.6983
2900	1656.513	17.847	1570.757	10.03	36.1	1.6971	1.7405	-0.1188	1372	605	1.35	0.1052	Kink straight	-87	1	0	10.45	0.7062
2905	1657.023	17.834	1570.670	11.13	40.1	1.7401	1.7817	-0.2048	1373	606	1.44	0.1007	Kink straight	-94	0	0	10.69	0.7156
2910	1657.576	17.820	1570.551	11.28	40.6	1.7850	1.8300	-0.1600	1373	606	1.53	0.1007	Kink straight	-104	0	0	10.69	0.7272
2915	1658.116	17.807	1570.405	11.08	39.9	1.8331	1.8840	-0.2382	1374	607	1.64	0.0941	Kink straight	-93	0	0	11.05	0.7229
2920	1658.641	17.794	1570.237	10.91	39.3	1.8840	1.9282	-0.1874	1374	607	1.74	0.0941	Kink straight	-97	0	0	11.05	0.7260
2925	1659.148	17.782	1570.047	10.74	38.7	1.9352	1.9824	-0.2521	1375	608	1.85	0.0859	Kink straight	-84	1	0	11.57	0.7047
2930	1659.656	17.769	1569.828	11.83	42.6	1.9862	2.0218	-0.2011	1375	608	1.96	0.0859	Kink straight	-87	0	0	11.57	0.6767
2935	1660.196	17.756	1569.566	12.00	43.2	2.0365	2.0736	-0.2488	1376	609	2.08	0.0764	Kink straight	-81	0	0	12.27	0.6497
2940	1660.720	17.744	1569.278	11.87	42.7	2.0869	2.1210	-0.1984	1376	609	2.20	0.0764	Kink straight	-84	1	0	12.27	0.6443
2945	1661.238	17.731	1568.958	12.97	46.7	2.1367	2.1693	-0.2239	1377	610	2.32	0.0661	Kink straight	-87	0	0	13.19	0.6087
2950	1661.780	17.717	1568.586	13.14	47.3	2.1875	2.2211	-0.1731	1377	610	2.44	0.0661	Kink straight	-94	0	0	13.19	0.6050
2955	1662.298	17.704	1568.187	12.98	46.7	2.2405	2.2776	-0.1725	1378	611	2.55	0.0556	Kink straight	-82	1	0	14.38	0.5599
2960	1662.803	17.692	1567.755	14.08	50.7	2.2951	2.3227	-0.1179	1378	611	2.64	0.0556	Kink straight	-82	0	0	14.38	0.5103
2965	1663.322	17.678	1567.265	14.26	51.3	2.3499	2.3771	-0.0970	1379	612	2.72	0.0456	Kink straight	-73	1	0	15.88	0.4600
2970	1663.825	17.665	1566.737	15.39	55.4	2.4047	2.4253	-0.0634	1380	613	2.77	0.0364	Kink straight	-60	1	0	17.77	0.3786
2975	1664.339	17.652	1566.142	16.24	58.5	2.4579	2.4716	-0.0103	1380	613	2.80	0.0364	Kink straight	-67	1	0	17.77	0.3552
2980	1664.848	17.640	1565.487	17.09	61.5	2.5088	2.5248	0.0273	1381	614	2.80	0.0284	Kink straight	-50	1	0	20.12	0.2764
2985	1665.349	17.629	1564.774	17.95	64.6	2.5590	2.5671	0.0698	0	615	2.77	0.0218	Bridge hairpin	-44	1	0	22.98	0.2235
2990	1665.842	17.619	1564.001	18.83	67.8	2.6055	2.6113	0.1112	1	616	2.69	0.0165	Bridge hairpin	-29	1	0	26.41	0.1495
2995	1666.323	17.611	1563.171	19.71	71.0	2.6474	2.6480	0.1491	2	617	2.58	0.0124	Bridge hairpin	-21	1	0	30.43	0.0990
3000	1666.794	17.605	1562.284	20.60	74.2	2.6830	2.6818	0.1796	3	618	2.42	0.0094	Bridge hairpin	-7	1	0	34.72	0.0340
3005	1667.257	17.602	1561.343	21.50	77.4	2.7115	2.7069	0.2021	4	619	2.24	0.0071	Bridge hairpin	2	1	0	34.43	-0.0087
3010	1667.715	17.600	1560.350	22.39	80.6	2.7317	2.7259	0.2156	5	620	2.02	0.0053	Bridge hairpin	13	1	0	34.14	-0.0599
3015	1668.172	17.602	1559.317	22.84	82.2	2.7434	2.7360	0.2210	6	621	1.79	0.0039	Bridge hairpin	21	1	0	33.84	-0.0898
3020	1668.628	17.606	1558.259	23.28	83.8	2.7461	2.7383	0.2186	7	622	1.55	0.0026	Bridge hairpin	27	1	0	33.55	-0.1124
3025	1669.092	17.612	1557.182	23.71	85.4	2.7405	2.7329	0.2099	8	623	1.31	0.0015	Bridge hairpin	32	1	0	33.25	-0.1376
3030	1669.572	17.621	1556.087	24.14	86.9	2.7275	2.7203	0.1959	9	624	1.08	0.0004	Bridge hairpin	35	1	0	32.94	-0.1450
3035	1670.076	17.632	1554.980	24.56	88.4	2.7081	2.7017	0.1804	11	626	0.86	-0.0015	Lower arm	36	1	0	32.33	-0.1531
3040	1670.609	17.645	1553.865	24.98	89.9	2.6836	2.6783	0.1600	12	627	0.65	-0.0024	Lower arm	36	1	0	32.02	-0.1478
3045	1671.179	17.659	1552.744	25.40	91.4	2.6555	2.6512	0.1366	13	628	0.46	-0.0030	Lower arm	35	1	0	31.71	-0.1437
3050	1671.789	17.675	1551.621	25.81	92.9	2.6249	2.6216	0.1112	14	629	0.30	-0.0036	Lower arm	33	1	0	31.39	-0.1307
3055	1672.442	17.692	1550.499	26.22	94.4	2.5932	2.5909	0.0896	16	631	0.16	-0.0044	Lower arm	30	1	0	30.75	-0.1217
3060	1673.140	17.710	1549.380	26.64	95.9	2.5613	2.5600	0.0625	17	632	0.05	-0.0046	Lower arm	28	1	0	30.42	-0.1070
3065	1673.884	17.729	1548.265	27.05	97.4	2.5304	2.5295	0.0361	18	633	-0.02	-0.0049	Lower arm	26	1	0	30.09	-0.1009
3070	1674.673	17.749	1547.157	27.47	98.9	2.5006	2.5001	0.0153	20	635	-0.07	-0.0055	Lower arm	24	1	0	29.42	-0.0978
3075	1675.506	17.769	1546.055	27.89	100.4	2.4723	2.4721	-0.0084	21	636	-0.08	-0.0060	Lower arm	23	1	0	29.07	-0.0872
3080	1676.384	17.790	1544.960	28.31	101.9	2.4455	2.4453	-0.0304	22	637	-0.07	-0.0066	Lower arm	21	1	0	28.73	-0.0775
3085	1677.303	17.811	1543.873	28.73	103.4	2.4202	2.4202	-0.0449	24	639	-0.02	-0.0084	Lower arm	22	0	0	28.02	-0.0847
3090	1678.259	17.833	1542.798	28.75	103.5	2.3962	2.3956	-0.0624	25	640	0.05	-0.0097	Lower arm	20	0	0	27.66	-0.0752
3095	1679.239	17.855	1541.749	28.68	103.2	2.3730	2.3728	-0.0686	27	642	0.13	-0.0126	Lower arm	18	0	1	26.93	-0.0721
3100	1680.219	17.877	1540.746	26.60	95.7	2.3511	2.3507	-0.0788	28	643	0.23	-0.0141	Lower arm	13	0	0	26.56	-0.0493
3105	1681.152	17.898	1539.830	26.02	93.7	2.3309	2.3314	-0.0842	29	644	0.32	-0.0156	Lower arm	10	0	0	26.18	-0.0406
3110	1682.097	17.919	1538.937	25.94	93.4	2.3135	2.3142	-0.0616	31	646	0.41	-0.0178	Lower arm	10	0	0	25.40	-0.0404
3115	1683.053	17.942	1538.063	25.87	93.1	2.2987	2.2988	-0.0519	32	647	0.48	-0.0183	Lower arm	9	0	0	25.05	-0.0356
3120	1684.020	17.964	1537.206	25.79	92.8	2.2857	2.2856	-0.0389	33	648	0.53	-0.0184	Lower arm	8	0	0	25.03	-0.0321
3125	1684.994	17.989	1536.364	25.71	92.6	2.2742	2.2741	-0.0010	35	650	0.55	-0.0170	Lower arm	8	0	0	26.01	-0.0352
3130	1685.975	18.014	1535.535	25.63	92.3	2.2640	2.2635	0.0090	36	651	0.54	-0.0157	Lower arm	8	1	0	27.03	-0.0333
3135	1686.967	18.040	1534.716	25.95	93.4	2.2545	2.2539	0.0154	37	652	0.52	-0.0143	Lower arm	8	1	0	28.39	-0.0318
3140	1687.981	18.067	1533.894	26.37	94.9	2.2456	2.2449	0.0261	39	654	0.49	-0.0112	Lower arm	9	1	0	32.01	-0.0346
3145	1689.019	18.094	1533.069	26.79	96.4	2.2370	2.2360	0.0232	40	655	0.46	-0.0099	Lower arm	9	1	0	34.15	-0.0363
3150	1690.081	18.122	1532.240	27.20	97.9	2.2282	2.2273	0.0193	41	656	0.42	-0.0087	Lower arm	9	1	0	36.34	-0.0338
3155	1691.166	18.151	1531.407	27.62	99.4	2.2194	2.2186	0.0213	43	658	0.40	-0.0070	Lower arm	8	1	0	39.91	-0.0334
3160	1692.276	18.180	1530.571	28.04	100.9	2.2106	2.2101	0.0192	44	659	0.37	-0.0064	Lower arm	8	1	0	39.66	-0.0299
3165	1693.409	18.211	1529.733	28.45	102.4	2.2020	2.2015	0.0179	45	660	0.34	-0.0059	Lower arm	7	1	0	39.41	-0.0281
3170	1694.566	18.242	1528.892	28.87	103.9	2.1937	2.1934	0.0232	47	662	0.30	-0.0050	Lower arm	7	1	0	38.90	-0.0257
3175	1695.747	18.274	1528.048	29.29	105.4	2.1859	2.1855	0.0208	48	663	0.27	-0.0045	Lower arm	6	1	0	38.64	-0.0215
3180	1696.952	18.307	1527.201	29.70	106.9	2.1783	2.1782	0.0209	50	665	0.23	-0.0035	Lower arm	5	1	0	38.12	-0.0185
3185	1698.180	18.342	1526.351	30.12	108.4	2.1714	2.1714	0.0166	51	666	0.20	-0.0030	Lower arm	4	1	0	37.86	-0.0153
3190	1699.431	18.380	1525.497	30.54	109.9	2.1653	2.1653	0.0139	53	668	0.18	-0.0022	Lower arm	3	1	0	37.32	-0.0124
3195	1700.704	18.417	1524.639	30.95	111.4	2.1599	2.1601	0.0099	54	669	0.16	-0.0019	Lower arm	2	1	0	37.06	-0.0089
3200	1701.999	18.453	1523.775	31.37	112.9	2.1555	2.1557	0.0077	56	671	0.14	-0.0014	Lower arm	2	1	0	36.51	-0.0068
3205	1703.315	18.489	1522.906	31.78	114.4	2.1518	2.1519	0.0051	57	672	0.13	-0.0012	Lower arm	1	1	0	36.24	-0.0052
3210	1704.651	18.526	1522.030	32.07	115.5	2.1489	2.1490	0.0040	59	674	0.12	-0.0010	Lower arm	1	1	0	35.68	-0.0039
3215	1705.999	18.564	1521.151	32.29	116.2	2.1466	2.1465	0.0033	61	676	0.11	-0.0008	Lower arm	1	1	0	35.12	-0.0031
3220	1707.357	18.604	1520.271	32.50	117.0	2.1447	2.1445	0.0022	62	677	0.11	-0.0008	Lower arm	1	1	0	34.83	-0.0020
3225	1708.726	18.644	1519.388	32.71	117.8	2.1431	2.1429	0.0020	64	679	0.11	-0.0007	Lower arm	0	1	0	34.25	-0.0016
3230	1710.106	18.686	1518.501	32.93	118.5	2.1418	2.1418	0.0021	66	681	0.10	-0.0006	Lower arm	0	1	0	33.66	-0.0016
3235	1711.495	18.728	1517.609	33.14	119.3	2.1410	2.1408	0.0018	67	682	0.10	-0.0006	Lower arm	0	0	0	33.36	-0.0014
3240	1712.890	18.771	1516.716	33.11	119.2	2.1404	2.1402	0.0024	69	684	0.10	-0.0006	Lower arm	1	0	0	32.76	-0.0023
3245	1714.283	18.814	1515.825	33.02	118.9	2.1399	2.1395	0.0030	71	686	0.09	-0.0005	Lower arm	1	0	0	32.14	-0.0039
3250	1715.672	18.858	1514.938	32.93	118.6	2.1393	2.1389	0.0029	72	687	0.09	-0.0005	Lower arm	1	0	0	31.83	-0.0051
3255	1717.058	18.902	1514.054	32.84	118.2	2.1385	2.1381	0.0030	74	689	0.08	-0.0005	Lower arm	3	0	1	31.20	-0.0094
3260	1718.412	18.945	1513.192	30.75	110.7	2.1374	2.1366	0.0024	75	690	0.08	-0.0005	Lower arm	3	0	0	30.87	-0.0091
3265	1719.690	18.986	1512.382	30.16	108.6	2.1357	2.1350	0.0016	77	692	0.08	-0.0005	Lower arm	4	0	0	30.22	-0.0150
3270	1720.963	19.027	1511.578	30.07	108.2	2.1334	2.1326	-0.0002	78	693	0.08	-0.0006	Lower arm	5	0	0	29.89	-0.0177
3275	1722.234	19.068	1510.780	29.98	107.9	2.1304	2.1295	-0.0023	80	695	0.08	-0.0008	Lower arm	5	0	0	29.21	-0.0197
3280	1723.504	19.110	1509.989	29.89	107.6	2.1267	2.1261	-0.0055	81	696	0.09	-0.0010	Lower arm	6	0	0	28.86	-0.0201
3285	1724.773	19.147	1509.205	29.79	107.3	2.1225	2.1217	-0.0088	83	698	0.10	-0.0016	Lower arm	5	0	1	28.16	-0.0170
3290	1726.016	19.185	1508.443	27.70	99.7	2.1177	2.1172	-0.0129	84	699	0.11	-0.0021	Lower arm	4	0	0	27.81	-0.0137
3295	1727.181	19.221	1507.736	27.11	97.6	2.1130	2.1127	-0.0156	86	701	0.13	-0.0033	Lower arm	0	0	0	27.08	0.0008
3300	1728.340	19.259	1507.039	27.02	97.3	2.1088	2.1095	-0.0177	87	702	0.15	-0.0040	Lower arm	-3	0	0	26.70	0.0140
3305	1729.498	19.298	1506.348	26.93	96.9	2.1064	2.1075	-0.0169	88	703	0.17	-0.0046	Lower arm	-7	0	0	26.33	0.0286
3310	1730.653	19.336	1505.660	26.84	96.6	2.1061	2.1078	-0.0050	90	705	0.19	-0.0048	Lower arm	-14	0	1	25.56	0.0559
3315	1731.777	19.373	1504.988	24.74	89.1	2.1090	2.1123	0.0076	91	706	0.18	-0.0043	Lower arm	-11	1	0	25.16	0.0445
3320	1732.822	19.407	1504.357	24.55	88.4	2.1153	2.1169	0.0257	92	707	0.16	-0.0030	Lower arm	-14	0	0	24.76	0.0562
3325	1733.871	19.441	1503.716	24.55	88.4	2.1234	2.1255	0.0590	94	709	0.11	0.0019	Lower arm	-19	0	0	23.94	0.0811
3330	1734.910	19.476	1503.067	24.46	88.0	2.1338	2.1369	0.0780	95	710	0.03	0.0055	Lower arm	-22	0	0	23.52	0.0910
3335	1735.938	19.510	1502.409	24.36	87.7	2.1473	2.1506	0.0932	96	711	-0.08	0.0095	Lower arm	-24	0	1	23.09	0.0983
3340	1736.927	19.543	1501.756	22.26	80.1	2.1636	2.1675	0.1018	97	712	-0.20	0.0138	Lower arm	-21	1	0	22.65	0.0905
3345	1737.837	19.574	1501.134	22.32	80.4	2.1818	2.1842	0.1011	98	713	-0.30	0.0179	Lower arm	-22	0	0	22.21	0.0929
3350	1738.748	19.605	1500.487	22.32	80.4	2.2005	2.2032	0.0902	99	714	-0.40	0.0216	Lower arm	-22	0	0	21.75	0.0945
3355	1739.644	19.636	1499.824	22.23	80.0	2.2199	2.2225	0.0286	101	716	-0.47	0.0266	Lower arm	-23	0	1	20.81	0.1056
3360	1740.499	19.666	1499.166	20.13	72.5	2.2397	2.2431	0.0052	102	717	-0.50	0.0275	Lower arm	-19	1	0	20.46	0.0944
3365	1741.275	19.694	1498.544	20.28	73.0	2.2594	2.2614	-0.0149	103	718	-0.51	0.0274	Lower arm	-19	0	0	20.49	0.0926
3370	1742.058	19.721	1497.891	20.37	73.3	2.2781	2.2803	-0.0306	104	719	-0.49	0.0264	Arm curve	-19	1	0	20.86	0.0916
3375	1742.836	19.749	1497.219	21.03	75.7	2.2962	2.2983	-0.0408	105	720	-0.45	0.0249	Arm curve	-20	1	0	21.51	0.0909
3380	1743.630	19.777	1496.506	21.88	78.8	2.3140	2.3163	-0.0457	106	721	-0.41	0.0229	Arm curve	-22	1	0	22.41	0.1004
3385	1744.442	19.807	1495.751	22.55	81.2	2.3321	2.3349	-0.0456	107	722	-0.35	0.0208	Arm curve	-23	1	0	23.50	0.1012
3390	1745.259	19.836	1494.962	22.95	82.6	2.3512	2.3540	-0.0415	108	723	-0.30	0.0189	Arm curve	-24	1	0	24.22	0.1027
3395	1746.074	19.866	1494.144	23.35	84.1	2.3712	2.3740	-0.0341	109	724	-0.25	0.0172	Arm curve	-28	1	0	23.80	0.1206
3400	1746.885	19.896	1493.294	23.76	85.5	2.3926	2.3962	-0.0242	110	725	-0.21	0.0160	Arm curve	-30	0	0	23.38	0.1276
3405	1747.687	19.926	1492.415	23.76	85.5	2.4159	2.4197	-0.0225	112	727	-0.18	0.0152	Arm curve	-36	0	1	22.51	0.1579
3410	1748.445	19.955	1491.543	21.65	77.9	2.4417	2.4477	-0.0078	113	728	-0.16	0.0157	Arm curve	-28	1	0	22.06	0.1223
3415	1749.127	19.982	1490.717	21.80	78.5	2.4693	2.4721	0.0083	114	729	-0.16	0.0168	Arm curve	-33	0	0	21.60	0.1535
3420	1749.801	20.010	1489.853	21.89	78.8	2.4968	2.5013	0.0234	115	730	-0.18	0.0186	Arm curve	-36	0	0	21.13	0.1631
3425	1750.448	20.037	1488.974	21.78	78.4	2.5255	2.5308	0.0385	116	731	-0.21	0.0209	Arm curve	-37	0	0	20.65	0.1706
3430	1751.065	20.064	1488.080	21.67	78.0	2.5558	2.5611	0.0531	117	732	-0.25	0.0238	Arm curve	-38	0	1	20.16	0.1738
3435	1751.636	20.089	1487.197	19.57	70.4	2.5874	2.5940	0.0660	118	733	-0.31	0.0269	Arm curve	-31	0	0	19.66	0.1375
3440	1752.130	20.112	1486.379	18.97	68.3	2.6190	2.6234	0.0743	119	734	-0.37	0.0301	Arm curve	-29	0	0	19.15	0.1382
3445	1752.595	20.135	1485.556	18.87	67.9	2.6487	2.6528	0.0740	120	735	-0.43	0.0330	Arm curve	-28	0	0	18.62	0.1354
3450	1753.034	20.156	1484.723	18.77	67.6	2.6765	2.6808	0.0637	121	736	-0.49	0.0352	Arm curve	-26	0	0	18.07	0.1281
3455	1753.447	20.178	1483.883	18.67	67.2	2.7027	2.7066	0.0427	122	737	-0.54	0.0363	Arm curve	-23	0	0	17.79	0.1159
3460	1753.837	20.199	1483.037	18.58	66.9	2.7271	2.7304	0.0116	123	738	-0.56	0.0360	Arm curve	-20	0	0	17.88	0.0994
3465	1754.205	20.220	1482.186	18.49	66.6	2.7496	2.7521	-0.0268	124	739	-0.55	0.0339	Arm curve	-16	0	0	18.41	0.0797
3470	1754.553	20.241	1481.332	18.40	66.2	2.7697	2.7713	-0.0676	125	740	-0.51	0.0301	Arm curve	-11	1	0	19.54	0.0583
3475	1754.887	20.261	1480.465	19.07	68.7	2.7871	2.7872	-0.1043	126	741	-0.43	0.0247	Arm curve	-8	1	0	21.57	0.0368
3480	1755.222	20.282	1479.554	19.93	71.7	2.8015	2.8010	-0.1303	127	742	-0.31	0.0180	Arm curve	-4	1	0	25.26	0.0166
3485	1755.559	20.303	1478.598	20.79	74.8	2.8131	2.8117	-0.1406	128	743	-0.17	0.0106	Arm curve	2	1	0	28.29	-0.0091
3490	1755.901	20.324	1477.599	21.65	77.9	2.8214	2.8187	-0.1335	129	744	-0.02	0.0032	Arm curve	6	1	0	27.93	-0.0243
3495	1756.250	20.346	1476.557	22.43	80.7	2.8259	2.8227	-0.1113	130	745	0.13	-0.0037	Arm curve	9	1	0	27.57	-0.0411
3500	1756.605	20.367	1475.485	22.85	82.3	2.8266	2.8235	-0.0786	131	746	0.24	-0.0094	Arm curve	12	1	0	27.20	-0.0497
3505	1756.968	20.388	1474.393	23.27	83.8	2.8240	2.8207	-0.0414	132	747	0.31	-0.0136	Arm curve	14	1	0	26.83	-0.0555
3510	1757.340	20.408	1473.283	23.69	85.3	2.8181	2.8151	-0.0062	133	748	0.33	-0.0160	Arm curve	15	1	0	26.46	-0.0628
3515	1757.726	20.428	1472.155	24.11	86.8	2.8096	2.8070	0.0509	135	750	0.29	-0.0164	Arm curve	16	1	0	26.49	-0.0679
3520	1758.128	20.448	1471.010	24.54	88.3	2.7989	2.7967	0.0599	136	751	0.23	-0.0149	Arm curve	16	1	0	27.81	-0.0669
3525	1758.550	20.466	1469.849	24.96	89.9	2.7866	2.7848	0.0585	137	752	0.16	-0.0128	Arm curve	16	1	0	30.01	-0.0638
3530	1758.992	20.483	1468.675	25.39	91.4	2.7731	2.7717	0.0491	138	753	0.08	-0.0105	Arm curve	15	1	0	33.08	-0.0612
3535	1759.458	20.500	1467.485	25.81	92.9	2.7589	2.7580	0.0324	140	755	0.03	-0.0067	Arm curve	13	1	0	36.60	-0.0534
3540	1759.948	20.516	1466.283	26.24	94.5	2.7447	2.7445	0.0161	141	756	-0.01	-0.0055	Arm curve	11	1	0	36.33	-0.0424
3545	1760.462	20.531	1465.067	26.67	96.0	2.7311	2.7313	0.0020	142	757	-0.03	-0.0048	Arm curve	6	1	0	36.05	-0.0261
3550	1760.999	20.546	1463.838	27.10	97.6	2.7189	2.7202	-0.0042	144	759	-0.03	-0.0042	Arm curve	2	1	0	35.49	-0.0065
3555	1761.559	20.560	1462.595	27.54	99.1	2.7091	2.7110	-0.0074	145	760	-0.02	-0.0040	Arm curve	-2	1	0	35.21	0.0082
3560	1762.139	20.573	1461.337	27.97	100.7	2.7024	2.7046	-0.0061	146	761	-0.02	-0.0037	Arm curve	-6	1	0	34.93	0.0214
3565	1762.734	20.585	1460.062	28.41	102.3	2.6990	2.7016	0.0080	148	763	-0.03	-0.0022	Arm curve	-11	1	0	34.35	0.0422
3570	1763.342	20.596	1458.769	28.85	103.9	2.6994	2.7023	0.0156	149	764	-0.05	-0.0009	Arm curve	-13	1	0	34.06	0.0495
3575	1763.956	20.606	1457.454	29.29	105.4	2.7036	2.7061	0.0260	151	766	-0.09	0.0027	Arm curve	-15	1	0	33.46	0.0565
3580	1764.574	20.615	1456.117	29.73	107.0	2.7110	2.7132	0.0307	152	767	-0.13	0.0047	Arm curve	-15	1	0	33.16	0.0564
3585	1765.191	20.625	1454.754	30.16	108.6	2.7212	2.7228	0.0222	154	769	-0.18	0.0083	Arm curve	-14	1	0	32.56	0.0553
3590	1765.803	20.636	1453.365	30.60	110.2	2.7330	2.7339	0.0191	155	770	-0.21	0.0096	Arm curve	-13	1	0	32.25	0.0479
3595	1766.408	20.645	1451.949	31.05	111.8	2.7455	2.7459	-0.0035	157	772	-0.23	0.0109	Arm curve	-10	1	0	31.62	0.0360
3600	1767.005	20.652	1450.506	31.49	113.4	2.7580	2.7576	-0.0084	158	773	-0.21	0.0107	Arm curve	-7	0	0	31.30	0.0233
3605	1767.591	20.658	1449.042	31.53	113.5	2.7693	2.7684	-0.0254	160	775	-0.18	0.0089	Arm curve	-1	0	0	30.66	0.0047
3610	1768.162	20.664	1447.574	31.47	113.3	2.7785	2.7767	-0.0258	161	776	-0.13	0.0076	Arm curve	3	0	0	30.33	-0.0100
3615	1768.722	20.670	1446.105	31.42	113.1	2.7846	2.7826	-0.0297	163	778	-0.08	0.0043	Hairpin	8	0	1	29.66	-0.0290
3620	1769.262	20.677	1444.668	29.36	105.7	2.7871	2.7846	-0.0286	164	779	-0.03	0.0025	Hairpin	9	0	0	29.32	-0.0340
3625	1769.769	20.680	1443.313	28.80	103.7	2.7860	2.7841	-0.0286	166	781	0.02	-0.0009	Hairpin	12	0	0	28.63	-0.0469
3630	1770.276	20.684	1441.967	28.74	103.5	2.7819	2.7799	-0.0312	167	782	0.07	-0.0026	Hairpin	13	0	0	28.28	-0.0509
3635	1770.788	20.689	1440.625	28.69	103.3	2.7749	2.7734	-0.0327	169	784	0.11	-0.0060	Hairpin	13	0	0	27.57	-0.0528
3640	1771.308	20.697	1439.290	28.63	103.1	2.7658	2.7648	-0.0366	170	785	0.16	-0.0076	Hairpin	13	0	1	27.20	-0.0483
3645	1771.827	20.704	1437.989	26.57	95.6	2.7553	2.7545	-0.0286	172	787	0.21	-0.0103	Hairpin	11	0	0	26.45	-0.0419
3650	1772.323	20.711	1436.780	26.01	93.6	2.7441	2.7440	-0.0260	173	788	0.25	-0.0113	Hairpin	8	0	0	26.07	-0.0327
3655	1772.829	20.717	1435.584	25.95	93.4	2.7333	2.7339	-0.0204	174	789	0.27	-0.0119	Hairpin	6	0	0	25.69	-0.0219
3660	1773.344	20.723	1434.395	25.89	93.2	2.7237	2.7246	0.0070	176	791	0.28	-0.0115	Hairpin	2	0	0	24.90	-0.0077
3665	1773.869	20.728	1433.214	25.83	93.0	2.7156	2.7173	0.0174	177	792	0.27	-0.0104	Hairpin	0	0	1	24.49	0.0017
3670	1774.389	20.733	1432.065	23.78	85.6	2.7099	2.7116	0.0283	178	793	0.23	-0.0087	Hairpin	-2	1	0	24.08	0.0076
3675	1774.878	20.737	1430.998	23.62	85.0	2.7062	2.7081	0.0382	179	794	0.18	-0.0065	Hairpin	-3	0	0	23.66	0.0118
3680	1775.375	20.741	1429.924	23.67	85.2	2.7046	2.7063	0.0460	180	795	0.13	-0.0040	Hairpin	-3	0	0	23.23	0.0110
3685	1775.873	20.745	1428.852	23.61	85.0	2.7045	2.7059	0.0494	182	797	0.06	0.0010	Hairpin	2	0	1	22.36	-0.0072
3690	1776.359	20.749	1427.810	21.56	77.6	2.7051	2.7046	0.0437	183	798	0.00	0.0031	Hairpin	-1	1	0	21.91	0.0041
3695	1776.810	20.753	1426.842	21.76	78.3	2.7051	2.7058	0.0326	184	799	-0.04	0.0044	Hairpin	6	0	0	21.44	-0.0264
3700	1777.273	20.757	1425.851	21.89	78.8	2.7047	2.7032	0.0172	185	800	-0.07	0.0047	Hairpin	11	0	0	20.97	-0.0499
3705	1777.739	20.762	1424.861	21.83	78.6	2.7023	2.6995	-0.0031	186	801	-0.07	0.0038	Hairpin	17	0	1	20.49	-0.0764
3710	1778.195	20.767	1423.904	19.77	71.2	2.6967	2.6921	-0.0276	187	802	-0.05	0.0015	Hairpin	11	0	0	20.00	-0.0507
3715	1778.616	20.772	1423.033	19.21	69.2	2.6884	2.6866	-0.0534	188	803	-0.01	-0.0023	Hairpin	16	0	0	19.49	-0.0754
3720	1779.041	20.778	1422.173	19.15	68.9	2.6793	2.6757	-0.0756	189	804	0.06	-0.0074	Hairpin	22	0	0	18.97	-0.1036
3725	1779.473	20.784	1421.320	19.08	68.7	2.6681	2.6628	-0.0920	190	805	0.14	-0.0136	Hairpin	28	0	0	18.43	-0.1333
3730	1779.915	20.790	1420.477	19.01	68.4	2.6539	2.6470	-0.0999	191	806	0.24	-0.0206	Hairpin	34	0	0	17.88	-0.1628
3735	1780.369	20.796	1419.644	18.93	68.2	2.6360	2.6276	-0.0972	192	807	0.34	-0.0279	Hairpin	40	0	1	17.32	-0.1915
3740	1780.823	20.802	1418.850	16.85	60.7	2.6139	2.6025	-0.0826	193	808	0.43	-0.0351	Hairpin	35	0	0	16.73	-0.1858
3745	1781.245	20.808	1418.147	16.27	58.6	2.5889	2.5799	-0.0553	194	809	0.50	-0.0418	Hairpin	34	0	0	16.12	-0.1762
3750	1781.680	20.813	1417.462	16.19	58.3	2.5632	2.5548	-0.0809	194	809	0.56	-0.0418	Hairpin	35	0	0	16.12	-0.1666
3755	1782.130	20.817	1416.791	16.11	58.0	2.5375	2.5285	-0.0415	195	810	0.58	-0.0476	Hairpin	40	0	0	15.49	-0.1945
3760	1782.594	20.821	1416.136	16.03	57.7	2.5111	2.5000	0.0050	196	811	0.58	-0.0523	Hairpin	45	0	1	14.83	-0.2254
3765	1783.057	20.825	1415.522	13.94	50.2	2.4832	2.4678	0.0513	197	812	0.56	-0.0561	Hairpin	38	1	0	14.31	-0.2179
3770	1783.490	20.828	1414.981	14.60	52.6	2.4546	2.4436	0.0925	198	813	0.52	-0.0593	Hairpin	45	0	0	13.93	-0.2504
3775	1783.968	20.831	1414.416	14.83	53.4	2.4263	2.4121	0.0642	198	813	0.46	-0.0593	Hairpin	50	0	0	13.93	-0.2454
3780	1784.462	20.834	1413.867	14.73	53.0	2.3965	2.3801	0.0962	199	814	0.38	-0.0621	Hairpin	56	0	0	13.61	-0.2867
3785	1784.971	20.837	1413.339	14.63	52.7	2.3644	2.3456	0.1178	200	815	0.30	-0.0650	Hairpin	62	0	1	13.30	-0.3321
3790	1785.473	20.839	1412.853	12.51	45.0	2.3296	2.3045	0.1317	201	816	0.22	-0.0685	Hairpin	52	1	0	12.96	-0.3267
3795	1785.933	20.842	1412.436	13.15	47.3	2.2937	2.2756	0.0958	201	816	0.16	-0.0685	Hairpin	60	0	0	12.96	-0.3189
3800	1786.443	20.845	1412.007	13.34	48.0	2.2583	2.2362	0.1096	202	817	0.09	-0.0728	Hairpin	68	0	0	12.57	-0.4278
3805	1786.967	20.848	1411.599	13.21	47.6	2.2213	2.1951	0.1283	203	818	0.03	-0.0781	Hairpin	73	0	0	12.13	-0.4268
3810	1787.501	20.851	1411.217	13.07	47.0	2.1816	2.1531	0.0886	203	818	-0.04	-0.0781	Hairpin	78	0	0	12.13	-0.4256
3815	1788.045	20.855	1410.863	12.91	46.5	2.1392	2.1083	0.1133	204	819	-0.10	-0.0843	Hairpin	82	0	1	11.68	-0.4843
3820	1788.571	20.858	1410.552	10.75	38.7	2.0942	2.0550	0.1497	205	820	-0.14	-0.0911	Hairpin	66	1	0	11.24	-0.4809
3825	1789.040	20.861	1410.302	11.34	40.8	2.0496	2.0224	0.1051	205	820	-0.20	-0.0911	Hairpin	77	0	0	11.24	-0.4754
3830	1789.558	20.864	1410.052	11.50	41.4	2.0072	1.9731	0.1586	206	821	-0.25	-0.0981	Hairpin	82	0	0	10.83	-0.5371
3835	1790.083	20.866	1409.830	11.33	40.8	1.9639	1.9266	0.1153	206	821	-0.32	-0.0981	Hairpin	87	0	0	10.83	-0.5409
3840	1790.609	20.869	1409.635	11.14	40.1	1.9193	1.8788	0.1798	207	822	-0.38	-0.1050	Hairpin	87	0	0	10.47	-0.6035
3845	1791.135	20.872	1409.468	10.95	39.4	1.8734	1.8325	0.1339	207	822	-0.46	-0.1050	Hairpin	92	0	0	10.47	-0.6081
3850	1791.659	20.875	1409.329	10.75	38.7	1.8265	1.7821	0.2068	208	823	-0.53	-0.1112	Hairpin	89	0	0	10.17	-0.6684
3855	1792.179	20.878	1409.216	10.55	38.0	1.7788	1.7357	0.1591	208	823	-0.62	-0.1112	Hairpin	93	0	0	10.17	-0.6734
3860	1792.694	20.880	1409.131	10.34	37.2	1.7310	1.6847	0.2394	209	824	-0.70	-0.1162	Hairpin	88	0	0	9.95	-0.7301
3865	1793.202	20.883	1409.071	10.15	36.5	1.6832	1.6393	0.1916	209	824	-0.80	-0.1162	Hairpin	92	0	0	9.95	-0.7358
3870	1793.703	20.885	1409.037	9.94	35.8	1.6361	1.5886	0.2785	210	825	-0.89	-0.1197	Hairpin	96	0	0	9.80	-0.7450
3875	1794.194	20.887	1409.028	9.72	35.0	1.5891	1.5380	0.2315	210	825	-1.00	-0.1197	Hairpin	104	0	0	9.80	-0.7573
3880	1794.673	20.890	1409.044	9.48	34.1	1.5415	1.4842	0.1840	210	825	-1.08	-0.1197	Hairpin	114	1	0	9.80	-0.7725
3885	1795.157	20.892	1409.085	10.43	37.6	1.4926	1.4344	0.2734	211	826	-1.20	-0.1213	Hairpin	98	0	0	9.74	-0.8398
3890	1795.680	20.894	1409.153	10.51	37.8	1.4411	1.3931	0.2219	211	826	-1.31	-0.1213	Hairpin	105	0	0	9.74	-0.8484
3895	1796.190	20.896	1409.246	10.26	36.9	1.3891	1.3358	0.3107	212	827	-1.43	-0.1208	Hairpin	95	0	0	9.76	-0.8807
3900	1796.683	20.899	1409.361	10.04	36.1	1.3367	1.2888	0.2583	212	827	-1.56	-0.1208	Hairpin	96	0	0	9.76	-0.8856
3905	1797.160	20.901	1409.499	9.82	35.3	1.2856	1.2359	0.2072	212	827	-1.67	-0.1208	Hairpin	121	0	0	9.76	-0.8925
3910	1797.616	20.903	1409.661	9.51	34.3	1.2345	1.1670	0.2971	213	828	-1.80	-0.1181	Hairpin	108	1	0	9.87	-0.9036
3915	1798.065	20.905	1409.848	10.48	37.7	1.1814	1.1280	0.2439	213	828	-1.92	-0.1181	Hairpin	104	0	0	9.87	-0.9100
3920	1798.544	20.907	1410.073	10.54	37.9	1.1275	1.0764	0.3285	214	829	-2.04	-0.1132	Hairpin	96	0	0	10.08	-0.9154
3925	1799.004	20.910	1410.319	10.32	37.1	1.0735	1.0264	0.2745	214	829	-2.19	-0.1132	Hairpin	97	0	0	10.08	-0.9187
3930	1799.440	20.912	1410.582	10.09	36.3	1.0207	0.9719	0.2218	214	829	-2.30	-0.1132	Hairpin	99	0	0	10.08	-0.9250
3935	1799.852	20.914	1410.863	9.86	35.5	0.9690	0.9176	0.3027	215	830	-2.44	-0.1062	Hairpin	103	1	0	10.41	-0.9341
3940	1800.254	20.917	1411.170	10.86	39.1	0.9178	0.8685	0.2515	215	830	-2.56	-0.1062	Hairpin	105	0	0	10.41	-0.9151
3945	1800.673	20.919	1411.524	10.92	39.3	0.8652	0.8149	0.3217	216	831	-2.68	-0.0974	Hairpin	95	0	0	10.87	-0.8945
3950	1801.067	20.922	1411.893	10.70	38.5	0.8114	0.7665	0.2679	216	831	-2.83	-0.0974	Hairpin	97	0	0	10.87	-0.8964
3955	1801.434	20.924	1412.274	10.48	37.7	0.7584	0.7112	0.2149	216	831	-2.95	-0.0974	Hairpin	99	1	0	10.87	-0.9008
3960	1801.785	20.927	1412.681	11.49	41.4	0.7057	0.6615	0.2710	217	832	-3.07	-0.0871	Hairpin	102	0	0	11.49	-0.8613
3965	1802.141	20.930	1413.140	11.57	41.7	0.6520	0.6062	0.2173	217	832	-3.20	-0.0871	Hairpin	109	0	0	11.49	-0.8667
3970	1802.465	20.933	1413.611	11.31	40.7	0.5961	0.5458	0.2525	218	833	-3.31	-0.0759	Hairpin	93	1	0	12.31	-0.8166
3975	1802.765	20.937	1414.101	12.11	43.6	0.5390	0.5011	0.1954	218	833	-3.43	-0.0759	Hairpin	93	0	0	12.31	-0.7620
3980	1803.057	20.940	1414.636	12.16	43.8	0.4826	0.4445	0.1390	218	833	-3.52	-0.0759	Hairpin	98	0	0	12.31	-0.7577
3985	1803.314	20.944	1415.181	11.94	43.0	0.4260	0.3845	0.1536	219	834	-3.63	-0.0642	Hairpin	84	1	0	13.38	-0.6970
3990	1803.543	20.948	1415.743	12.66	45.6	0.3697	0.3380	0.0972	219	834	-3.70	-0.0642	Hairpin	97	1	0	13.38	-0.6887
3995	1803.754	20.952	1416.355	13.43	48.4	0.3141	0.2776	0.0923	220	835	-3.77	-0.0528	Hairpin	78	1	0	14.76	-0.5730
4000	1803.943	20.957	1417.015	14.25	51.3	0.2572	0.2325	0.0672	221	836	-3.82	-0.0421	Hairpin	75	1	0	16.52	-0.5105
4005	1804.108	20.963	1417.724	15.09	54.3	0.2017	0.1798	0.0117	221	836	-3.85	-0.0421	Hairpin	71	1	0	16.52	-0.4493
4010	1804.241	20.969	1418.480	15.70	56.5	0.1472	0.1279	-0.0264	222	837	-3.85	-0.0326	Hairpin	64	1	0	18.78	-0.3878
4015	1804.338	20.976	1419.267	16.18	58.2	0.0939	0.0782	-0.0739	223	838	-3.81	-0.0245	Hairpin	56	1	0	21.66	-0.3253
4020	1804.398	20.982	1420.083	16.67	60.0	0.0428	0.0307	-0.1248	224	839	-3.73	-0.0180	Hairpin	38	1	0	25.30	-0.2304
4025	1804.422	20.990	1420.925	17.19	61.9	-0.0043	-0.0092	-0.1719	224	839	-3.62	-0.0180	Hairpin	37	1	0	25.30	-0.2009
4030	1804.409	20.997	1421.795	17.84	64.2	-0.0456	-0.0509	-0.2143	225	840	-3.46	-0.0129	Hairpin	28	1	0	29.89	-0.1418
4035	1804.360	21.004	1422.699	18.54	66.7	-0.0822	-0.0846	-0.2507	226	841	-3.26	-0.0091	Hairpin	10	1	0	30.62	-0.0542
4040	1804.280	21.010	1423.637	19.35	69.7	-0.1129	-0.1095	-0.2784	227	842	-3.02	-0.0062	Hairpin	0	1	0	30.29	0.0006
4045	1804.171	21.016	1424.615	20.23	72.8	-0.1352	-0.1300	-0.2955	228	843	-2.76	-0.0041	Hairpin	-15	1	0	29.96	0.0762
4050	1804.039	21.022	1425.635	21.11	76.0	-0.1486	-0.1403	-0.3023	229	844	-2.47	-0.0022	Hairpin	-26	1	0	29.62	0.1211
4055	1803.891	21.028	1426.698	21.99	79.2	-0.1519	-0.1424	-0.2994	230	845	-2.16	-0.0006	Hairpin	-40	1	0	29.28	0.1827
4060	1803.738	21.033	1427.801	22.60	81.4	-0.1446	-0.1332	-0.2877	231	846	-1.85	0.0012	Hairpin	-49	1	0	28.94	0.2134
4065	1803.594	21.037	1428.930	23.02	82.9	-0.1262	-0.1148	-0.2678	232	847	-1.55	0.0032	Hairpin	-56	1	0	28.59	0.2348
4070	1803.472	21.041	1430.083	23.42	84.3	-0.0976	-0.0866	-0.2411	233	848	-1.26	0.0053	Hairpin	-60	1	0	28.24	0.2628
4075	1803.382	21.044	1431.258	23.82	85.8	-0.0602	-0.0504	-0.2090	234	849	-1.00	0.0075	Hairpin	-62	1	0	27.88	0.2614
4080	1803.336	21.046	1432.456	24.22	87.2	-0.0157	-0.0072	-0.1849	236	851	-0.77	0.0121	Hairpin	-60	1	0	27.16	0.2581
4085	1803.342	21.048	1433.674	24.61	88.6	0.0340	0.0403	-0.1499	237	852	-0.57	0.0141	Hairpin	-57	1	0	26.79	0.2360
4090	1803.407	21.049	1434.910	25.01	90.0	0.0864	0.0909	-0.1150	238	853	-0.40	0.0158	Hairpin	-50	1	0	26.41	0.2130
4095	1803.536	21.051	1436.161	25.42	91.5	0.1394	0.1414	-0.0827	239	854	-0.26	0.0169	Hairpin	-45	1	0	26.03	0.1831
4100	1803.731	21.051	1437.424	25.83	93.0	0.1907	0.1914	-0.0816	241	856	-0.14	0.0174	Hairpin	-39	0	0	25.75	0.1613
4105	1803.990	21.052	1438.691	25.85	93.1	0.2391	0.2387	-0.0608	242	857	-0.04	0.0165	Hairpin	-33	1	0	26.37	0.1350
4110	1804.308	21.053	1439.948	26.18	94.3	0.2836	0.2822	-0.0430	243	858	0.05	0.0151	Hairpin	-28	1	0	27.56	0.1113
4115	1804.685	21.053	1441.210	26.62	95.8	0.3236	0.3217	-0.0259	244	859	0.12	0.0134	Hairpin	-24	1	0	29.34	0.0907
4120	1805.118	21.054	1442.478	27.06	97.4	0.3590	0.3570	-0.0142	246	861	0.18	0.0098	Hairpin	-21	1	0	29.91	0.0870
4125	1805.602	21.055	1443.750	27.50	99.0	0.3902	0.3882	0.0182	247	862	0.19	0.0086	Hairpin	-18	1	0	29.57	0.0678
4130	1806.134	21.058	1445.028	27.94	100.6	0.4175	0.4156	0.0638	249	864	0.15	0.0084	Hairpin	-12	1	0	28.89	0.0489
4135	1806.708	21.062	1446.312	28.38	102.2	0.4411	0.4384	0.0949	250	865	0.05	0.0095	Hairpin	-6	0	0	28.54	0.0233
4140	1807.318	21.069	1447.598	28.42	102.3	0.4602	0.4569	0.1141	251	866	-0.09	0.0111	Hairpin	0	0	0	28.18	0.0005
4145	1807.948	21.078	1448.871	28.36	102.1	0.4742	0.4704	0.0966	253	868	-0.23	0.0146	Hairpin	7	0	0	27.47	-0.0272
4150	1808.593	21.090	1450.134	28.30	101.9	0.4827	0.4783	0.0755	254	869	-0.35	0.0157	Hairpin	10	0	1	27.10	-0.0380
4155	1809.230	21.104	1451.362	26.23	94.4	0.4856	0.4815	0.0102	256	871	-0.40	0.0147	Hairpin	13	1	0	27.92	-0.0517
4160	1809.830	21.117	1452.512	26.07	93.8	0.4838	0.4799	-0.0218	257	872	-0.39	0.0125	Hairpin	15	1	0	29.59	-0.0608
4165	1810.433	21.130	1453.676	26.50	95.4	0.4781	0.4745	-0.0511	258	873	-0.34	0.0092	Hairpin	17	1	0	29.25	-0.0656
4170	1811.040	21.142	1454.864	26.93	97.0	0.4690	0.4657	-0.0810	260	875	-0.24	0.0004	Hairpin	16	1	0	28.56	-0.0660
4175	1811.646	21.155	1456.076	27.36	98.5	0.4572	0.4549	-0.0888	261	876	-0.12	-0.0043	Hairpin	14	1	0	28.21	-0.0567
4180	1812.248	21.169	1457.314	27.80	100.1	0.4442	0.4426	-0.0884	262	877	-0.00	-0.0086	Hairpin	12	0	0	27.85	-0.0437
4185	1812.842	21.186	1458.575	27.83	100.2	0.4309	0.4299	-0.0516	264	879	0.10	-0.0148	Hairpin	5	0	0	27.12	-0.0215
4190	1813.421	21.206	1459.840	27.76	99.9	0.4186	0.4191	-0.0318	265	880	0.15	-0.0161	Hairpin	1	0	0	26.75	-0.0042
4195	1813.985	21.232	1461.109	27.68	99.7	0.4090	0.4099	0.0223	267	882	0.16	-0.0145	Hairpin	-4	0	1	26.41	0.0173
4200	1814.525	21.262	1462.351	25.60	92.2	0.4027	0.4041	0.0419	268	883	0.12	-0.0119	Hairpin	-6	1	0	26.03	0.0250
4205	1815.025	21.297	1463.514	25.41	91.5	0.4000	0.4011	0.0583	269	884	0.04	-0.0083	Hairpin	-9	0	0	25.64	0.0354
4210	1815.525	21.336	1464.686	25.42	91.5	0.4005	0.4018	0.0698	270	885	-0.05	-0.0040	Hairpin	-11	0	0	25.25	0.0431
4215	1816.024	21.378	1465.852	25.31	91.1	0.4040	0.4052	0.0687	272	887	-0.15	0.0048	Hairpin	-12	0	0	24.44	0.0515
4220	1816.526	21.420	1467.011	25.21	90.7	0.4102	0.4110	0.0596	273	888	-0.23	0.0086	Hairpin	-12	0	0	24.03	0.0519
4225	1817.033	21.463	1468.162	25.10	90.4	0.4184	0.4186	0.0453	274	889	-0.30	0.0117	Hairpin	-11	0	1	23.61	0.0481
4230	1817.533	21.504	1469.276	23.00	82.8	0.4278	0.4277	0.0271	275	890	-0.33	0.0137	Hairpin	-10	0	0	23.18	0.0428
4235	1818.004	21.539	1470.298	22.39	80.6	0.4378	0.4372	-0.0213	277	892	-0.34	0.0145	Hairpin	-7	0	0	22.31	0.0325
4240	1818.479	21.571	1471.308	22.30	80.3	0.4474	0.4457	-0.0358	278	893	-0.31	0.0133	Hairpin	-4	0	0	21.85	0.0175
4245	1818.960	21.600	1472.309	22.21	79.9	0.4558	0.4532	-0.0450	279	894	-0.26	0.0113	Hairpin	1	0	0	21.39	-0.0026
4250	1819.446	21.627	1473.304	22.12	79.6	0.4622	0.4582	-0.0489	280	895	-0.20	0.0085	Hairpin	6	0	1	20.92	-0.0275
4255	1819.921	21.651	1474.266	20.04	72.1	0.4657	0.4601	-0.0495	281	896	-0.14	0.0052	Hairpin	7	1	0	20.43	-0.0332
4260	1820.362	21.672	1475.154	20.21	72.8	0.4661	0.4608	-0.0493	282	897	-0.09	0.0013	Hairpin	13	0	0	19.94	-0.0608
4265	1820.812	21.692	1476.065	20.32	73.2	0.4637	0.4570	-0.0505	283	898	-0.03	-0.0031	Hairpin	19	0	0	19.43	-0.0919
4270	1821.258	21.711	1476.976	20.24	72.9	0.4578	0.4497	-0.0557	284	899	0.03	-0.0081	Hairpin	26	0	1	18.91	-0.1249
4275	1821.681	21.728	1477.859	18.16	65.4	0.4476	0.4368	-0.0652	285	900	0.09	-0.0136	Hairpin	20	0	0	18.37	-0.0918
4280	1822.055	21.741	1478.662	17.58	63.3	0.4341	0.4263	-0.0761	286	901	0.16	-0.0198	Hairpin	24	0	0	17.82	-0.1217
4285	1822.415	21.751	1479.461	17.51	63.0	0.4194	0.4102	-0.0818	287	902	0.24	-0.0265	Hairpin	31	0	0	17.25	-0.1546
4290	1822.760	21.759	1480.263	17.43	62.8	0.4028	0.3910	-0.0783	288	903	0.32	-0.0334	Hairpin	37	0	0	16.66	-0.1889
4295	1823.089	21.764	1481.068	17.36	62.5	0.3829	0.3691	-0.0981	288	903	0.40	-0.0334	Hairpin	39	0	0	16.66	-0.1853
4300	1823.398	21.768	1481.877	17.29	62.2	0.3596	0.3454	-0.0863	289	904	0.47	-0.0403	Hairpin exit	45	0	1	16.05	-0.2190
4305	1823.676	21.771	1482.662	15.21	54.7	0.3330	0.3143	-0.0613	290	905	0.53	-0.0469	Hairpin exit	39	0	0	15.41	-0.2119
4310	1823.904	21.775	1483.367	14.63	52.7	0.3044	0.2882	-0.0236	291	906	0.56	-0.0529	Hairpin exit	38	0	0	14.75	-0.2015
4315	1824.111	21.780	1484.069	14.56	52.4	0.2760	0.2601	0.0244	292	907	0.57	-0.0580	Hairpin exit	43	0	0	14.08	-0.2352
4320	1824.295	21.786	1484.774	14.47	52.1	0.2477	0.2294	0.0763	293	908	0.57	-0.0622	Hairpin exit	48	0	0	13.60	-0.2721
4325	1824.457	21.794	1485.479	14.38	51.8	0.2185	0.1980	0.0471	293	908	0.53	-0.0622	Hairpin exit	51	0	0	13.60	-0.2667
4330	1824.596	21.802	1486.185	14.27	51.4	0.1876	0.1660	0.0942	294	909	0.47	-0.0656	Hairpin exit	56	0	0	13.24	-0.3070
4335	1824.710	21.810	1486.888	14.16	51.0	0.1550	0.1312	0.1335	295	910	0.40	-0.0683	Hairpin exit	60	0	0	12.97	-0.3495
4340	1824.800	21.819	1487.589	14.04	50.5	0.1202	0.0948	0.0987	295	910	0.33	-0.0683	Hairpin exit	64	0	0	12.97	-0.3451
4345	1824.862	21.827	1488.286	13.91	50.1	0.0832	0.0560	0.1270	296	911	0.24	-0.0707	Hairpin exit	68	0	0	12.75	-0.3887
4350	1824.898	21.835	1488.978	13.78	49.6	0.0439	0.0149	0.1488	297	912	0.15	-0.0729	Hairpin exit	72	0	1	12.56	-0.4324
4355	1824.904	21.841	1489.635	11.64	41.9	0.0024	-0.0343	0.1687	298	913	0.07	-0.0752	Hairpin exit	60	1	0	12.37	-0.3780
4360	1824.886	21.845	1490.213	12.26	44.1	-0.0391	-0.0669	0.1272	298	913	-0.01	-0.0752	Hairpin exit	67	0	0	12.37	-0.4169
4365	1824.842	21.849	1490.834	12.45	44.8	-0.0791	-0.1108	0.1536	299	914	-0.08	-0.0775	Link	71	0	0	12.18	-0.4605
4370	1824.772	21.851	1491.451	12.32	44.4	-0.1197	-0.1538	0.1131	299	914	-0.16	-0.0775	Link	76	0	0	12.18	-0.4588
4375	1824.676	21.853	1492.057	12.18	43.9	-0.1615	-0.1985	0.1462	300	915	-0.23	-0.0798	Link	76	0	0	12.00	-0.5002
4380	1824.555	21.854	1492.652	12.04	43.4	-0.2048	-0.2419	0.1877	301	916	-0.30	-0.0819	Link	75	0	0	11.85	-0.5381
4385	1824.411	21.855	1493.234	11.91	42.9	-0.2488	-0.2856	0.1437	301	916	-0.39	-0.0819	Link	79	0	0	11.85	-0.5358
4390	1824.242	21.855	1493.804	11.76	42.3	-0.2932	-0.3327	0.1924	302	917	-0.47	-0.0835	Link	77	0	0	11.73	-0.5691
4395	1824.049	21.856	1494.358	11.61	41.8	-0.3382	-0.3768	0.1474	302	917	-0.55	-0.0835	Link	90	0	0	11.73	-0.5380
4400	1823.834	21.857	1494.894	11.44	41.2	-0.3839	-0.4303	0.2000	303	918	-0.64	-0.0845	Link	85	0	0	11.67	-0.5670
4405	1823.596	21.857	1495.412	11.27	40.6	-0.4312	-0.4749	0.1526	303	918	-0.73	-0.0845	Link	90	1	0	11.67	-0.5679
4410	1823.330	21.858	1495.927	12.33	44.4	-0.4791	-0.5215	0.2039	304	919	-0.83	-0.0845	Link	88	0	0	11.67	-0.6106
4415	1823.017	21.858	1496.469	12.47	44.9	-0.5289	-0.5695	0.1541	304	919	-0.93	-0.0845	Link	96	0	0	11.67	-0.6099
4420	1822.679	21.857	1496.990	12.28	44.2	-0.5807	-0.6258	0.1989	305	920	-1.04	-0.0835	Link	90	0	0	11.74	-0.6240
4425	1822.321	21.857	1497.485	12.10	43.6	-0.6345	-0.6765	0.1452	305	920	-1.13	-0.0835	Link	93	0	0	11.74	-0.6192
4430	1821.942	21.856	1497.953	11.92	42.9	-0.6885	-0.7326	0.1829	306	921	-1.25	-0.0814	Link	85	0	0	11.89	-0.6226
4435	1821.545	21.855	1498.394	11.76	42.3	-0.7424	-0.7827	0.2153	307	922	-1.34	-0.0782	Link	78	1	0	12.13	-0.6207
4440	1821.120	21.853	1498.823	12.85	46.3	-0.7947	-0.8278	0.1631	307	922	-1.45	-0.0782	Link	95	0	0	12.13	-0.6137
4445	1820.636	21.850	1499.260	12.99	46.8	-0.8466	-0.8884	0.1925	308	923	-1.54	-0.0739	Link	90	0	0	12.48	-0.6094
4450	1820.133	21.845	1499.666	12.82	46.2	-0.9010	-0.9401	0.1380	308	923	-1.64	-0.0739	Link	94	0	0	12.48	-0.6026
4455	1819.616	21.840	1500.040	12.65	45.5	-0.9565	-0.9980	0.1597	309	924	-1.72	-0.0686	Link	84	0	0	12.95	-0.5831
4460	1819.087	21.834	1500.380	12.50	45.0	-1.0125	-1.0491	0.1037	309	924	-1.80	-0.0686	Link	87	1	0	12.95	-0.5723
4465	1818.530	21.827	1500.697	13.59	48.9	-1.0673	-1.1022	0.1221	310	925	-1.87	-0.0624	Link	77	0	0	13.57	-0.5231
4470	1817.915	21.818	1501.008	13.77	49.6	-1.1220	-1.1516	0.1357	311	926	-1.93	-0.0554	Link	70	1	0	14.40	-0.4866
4475	1817.270	21.808	1501.293	14.91	53.7	-1.1753	-1.1991	0.0824	311	926	-2.01	-0.0554	Link	83	0	0	14.40	-0.4703
4480	1816.563	21.797	1501.561	15.10	54.3	-1.2281	-1.2576	0.0911	312	927	-2.07	-0.0478	Link	63	1	0	15.50	-0.4014
4485	1815.832	21.784	1501.796	15.88	57.2	-1.2819	-1.3005	0.0374	312	927	-2.11	-0.0478	Link	70	0	0	15.50	-0.3788
4490	1815.059	21.769	1502.002	15.98	57.5	-1.3338	-1.3557	0.0371	313	928	-2.16	-0.0398	Link	60	1	0	16.99	-0.3270
4495	1814.269	21.754	1502.171	16.65	60.0	-1.3852	-1.4015	0.0250	314	929	-2.20	-0.0317	Link	52	1	0	19.05	-0.2705
4500	1813.430	21.736	1502.309	17.54	63.1	-1.4342	-1.4465	0.0014	315	930	-2.21	-0.0237	Link	35	1	0	22.02	-0.1854
4505	1812.542	21.715	1502.416	18.44	66.4	-1.4794	-1.4848	-0.0322	316	931	-2.20	-0.0163	Link	20	1	0	26.39	-0.1066
4510	1811.606	21.690	1502.493	19.37	69.7	-1.5178	-1.5184	-0.0712	317	932	-2.16	-0.0096	Link	11	1	0	26.01	-0.0549
4515	1810.621	21.663	1502.540	20.30	73.1	-1.5482	-1.5470	-0.1111	318	933	-2.09	-0.0040	Link	-2	1	0	25.62	0.0112
4520	1809.589	21.632	1502.562	21.23	76.4	-1.5704	-1.5662	-0.1480	319	934	-1.97	0.0006	Link	-12	1	0	25.23	0.0534
4525	1808.509	21.598	1502.565	22.17	79.8	-1.5836	-1.5780	-0.1777	320	935	-1.81	0.0040	Link	-24	1	0	24.83	0.1081
4530	1807.387	21.563	1502.558	22.75	81.9	-1.5874	-1.5801	-0.1973	321	936	-1.62	0.0064	Link	-32	1	0	24.43	0.1395
4535	1806.240	21.528	1502.550	23.24	83.7	-1.5816	-1.5740	-0.2047	322	937	-1.39	0.0080	Link	-39	1	0	24.01	0.1644
4540	1805.068	21.494	1502.551	23.72	85.4	-1.5668	-1.5593	-0.2002	323	938	-1.16	0.0090	Link	-47	0	0	23.59	0.2023
4545	1803.878	21.464	1502.573	23.78	85.6	-1.5437	-1.5356	-0.1845	324	939	-0.94	0.0098	Link	-51	0	0	23.17	0.2163
4550	1802.690	21.438	1502.624	23.73	85.4	-1.5127	-1.5053	-0.1642	326	941	-0.73	0.0116	Link	-55	0	1	22.29	0.2456
4555	1801.538	21.417	1502.710	21.66	78.0	-1.4754	-1.4668	-0.1327	327	942	-0.56	0.0129	Link	-47	0	0	21.83	0.2069
4560	1800.483	21.401	1502.827	21.09	75.9	-1.4341	-1.4287	-0.0994	328	943	-0.43	0.0145	Link	-45	0	0	21.37	0.2053
4565	1799.441	21.388	1502.984	21.02	75.7	-1.3924	-1.3876	-0.0689	329	944	-0.34	0.0166	Link	-45	0	0	20.90	0.2043
4570	1798.411	21.378	1503.182	20.95	75.4	-1.3510	-1.3461	-0.0426	330	945	-0.28	0.0191	Link	-45	0	0	20.41	0.2050
4575	1797.393	21.370	1503.421	20.88	75.2	-1.3099	-1.3048	-0.0206	331	946	-0.24	0.0219	Link	-45	0	0	19.92	0.2073
4580	1796.389	21.362	1503.700	20.81	74.9	-1.2690	-1.2637	-0.0027	332	947	-0.22	0.0249	Link	-46	0	1	19.41	0.2116
4585	1795.430	21.356	1504.010	18.73	67.4	-1.2282	-1.2210	0.0115	333	948	-0.22	0.0281	Link	-38	0	0	18.88	0.1893
4590	1794.571	21.352	1504.326	18.16	65.4	-1.1886	-1.1838	0.0214	334	949	-0.23	0.0314	Wiggle	-35	0	0	18.35	0.1660
4595	1793.733	21.347	1504.671	18.10	65.2	-1.1521	-1.1476	0.0251	335	950	-0.24	0.0347	Wiggle	-36	0	0	17.79	0.1751
4600	1792.910	21.344	1505.046	18.03	64.9	-1.1181	-1.1126	0.0227	336	951	-0.27	0.0381	Wiggle	-39	0	0	17.22	0.1895
4605	1792.105	21.340	1505.448	17.97	64.7	-1.0855	-1.0784	0.0153	337	952	-0.30	0.0414	Wiggle	-42	0	1	16.63	0.2083
4610	1791.343	21.337	1505.861	15.89	57.2	-1.0530	-1.0428	0.0478	337	952	-0.32	0.0414	Wiggle	-32	1	0	16.63	0.1585
4615	1790.666	21.335	1506.256	16.08	57.9	-1.0213	-1.0154	0.0357	338	953	-0.33	0.0448	Wiggle	-36	0	0	16.02	0.1790
4620	1789.979	21.332	1506.685	16.20	58.3	-0.9919	-0.9837	0.0178	339	954	-0.34	0.0482	Wiggle	-41	0	0	15.45	0.2060
4625	1789.308	21.330	1507.136	16.13	58.1	-0.9630	-0.9523	-0.0036	340	955	-0.35	0.0516	Wiggle	-46	0	1	14.93	0.2377
4630	1788.679	21.327	1507.588	14.05	50.6	-0.9330	-0.9180	-0.0266	341	956	-0.35	0.0550	Wiggle	-39	1	0	14.46	0.2288
4635	1788.123	21.324	1508.012	14.72	53.0	-0.9028	-0.8921	0.0036	341	956	-0.34	0.0550	Wiggle	-44	0	0	14.46	0.2186
4640	1787.543	21.322	1508.483	14.96	53.8	-0.8732	-0.8601	-0.0222	342	957	-0.32	0.0585	Wiggle	-51	0	0	14.03	0.2570
4645	1786.980	21.319	1508.972	14.87	53.5	-0.8426	-0.8263	-0.0498	343	958	-0.29	0.0619	Wiggle	-57	0	1	13.63	0.2983
4650	1786.459	21.317	1509.457	12.78	46.0	-0.8098	-0.7876	-0.0786	344	959	-0.26	0.0653	Wiggle	-48	1	0	13.27	0.2927
4655	1786.008	21.315	1509.904	13.43	48.3	-0.7761	-0.7601	-0.0448	344	959	-0.22	0.0653	Wiggle	-56	0	0	13.27	0.3324
4660	1785.540	21.313	1510.400	13.65	49.1	-0.7428	-0.7228	-0.0775	345	960	-0.18	0.0685	Wiggle	-63	0	0	12.95	0.3765
4665	1785.092	21.310	1510.911	13.54	48.7	-0.7078	-0.6845	-0.1136	346	961	-0.13	0.0714	Wiggle	-66	0	0	12.69	0.4198
4670	1784.667	21.308	1511.435	13.42	48.3	-0.6705	-0.6459	-0.0762	346	961	-0.07	0.0714	Wiggle	-70	0	0	12.69	0.4170
4675	1784.267	21.307	1511.970	13.30	47.9	-0.6308	-0.6044	-0.1129	347	962	-0.00	0.0738	Wiggle	-75	0	0	12.49	0.4142
4680	1783.893	21.305	1512.516	13.16	47.4	-0.5889	-0.5601	-0.1523	348	963	0.07	0.0753	Wiggle	-76	0	0	12.36	0.4523
4685	1783.547	21.303	1513.072	13.02	46.9	-0.5448	-0.5156	-0.1081	348	963	0.15	0.0753	Wiggle	-81	0	0	12.36	0.4484
4690	1783.229	21.301	1513.636	12.87	46.3	-0.4988	-0.4671	-0.1477	349	964	0.23	0.0758	Wiggle	-79	0	0	12.32	0.4785
4695	1782.942	21.300	1514.208	12.72	45.8	-0.4512	-0.4205	-0.1886	350	965	0.31	0.0749	Wiggle	-77	0	0	12.39	0.5005
4700	1782.685	21.298	1514.786	12.57	45.2	-0.4031	-0.3731	-0.1405	350	965	0.41	0.0749	Wiggle	-80	0	0	12.39	0.4939
4705	1782.458	21.297	1515.368	12.42	44.7	-0.3549	-0.3229	-0.1825	351	966	0.50	0.0725	Wiggle	-76	0	0	12.59	0.5053
4710	1782.262	21.296	1515.954	12.27	44.2	-0.3067	-0.2765	-0.1343	351	966	0.59	0.0725	Wiggle	-79	1	0	12.59	0.4986
4715	1782.092	21.295	1516.559	13.36	48.1	-0.2589	-0.2298	-0.1761	352	967	0.70	0.0684	Wiggle	-75	0	0	12.96	0.5001
4720	1781.938	21.294	1517.219	13.53	48.7	-0.2105	-0.1838	-0.2138	353	968	0.80	0.0627	Wiggle	-71	0	0	13.54	0.4862
4725	1781.817	21.293	1517.882	13.40	48.2	-0.1620	-0.1370	-0.1653	353	968	0.93	0.0627	Wiggle	-74	0	0	13.54	0.4748
4730	1781.729	21.292	1518.543	13.26	47.7	-0.1140	-0.0871	-0.1961	354	969	1.05	0.0555	Wiggle	-77	1	0	14.40	0.4654
4735	1781.672	21.291	1519.219	14.35	51.7	-0.0658	-0.0399	-0.1479	354	969	1.16	0.0555	Wiggle	-78	0	0	14.40	0.4353
4740	1781.647	21.291	1519.945	14.52	52.3	-0.0161	0.0097	-0.1656	355	970	1.29	0.0469	Wiggle	-70	1	0	15.66	0.3974
4745	1781.656	21.290	1520.687	15.51	55.8	0.0347	0.0546	-0.1669	356	971	1.41	0.0374	Wiggle	-55	1	0	17.53	0.3222
4750	1781.701	21.290	1521.478	16.35	58.8	0.0846	0.0968	-0.1171	356	971	1.52	0.0374	Wiggle	-61	1	0	17.53	0.2996
4755	1781.788	21.290	1522.307	17.18	61.9	0.1321	0.1465	-0.1041	357	972	1.63	0.0274	Wiggle	-42	1	0	20.48	0.2114
4760	1781.918	21.289	1523.173	18.04	64.9	0.1784	0.1844	-0.0745	358	973	1.73	0.0175	Double hairpin	-32	1	0	23.64	0.1498
4765	1782.091	21.290	1524.077	18.91	68.1	0.2198	0.2224	-0.0336	359	974	1.79	0.0079	Double hairpin	-11	1	0	23.22	0.0544
4770	1782.305	21.290	1525.016	19.80	71.3	0.2546	0.2505	0.0138	360	975	1.81	-0.0008	Double hairpin	2	1	0	22.78	-0.0086
4775	1782.556	21.290	1525.991	20.69	74.5	0.2798	0.2732	0.0606	361	976	1.79	-0.0085	Double hairpin	22	1	0	22.34	-0.0975
4780	1782.839	21.291	1527.005	21.58	77.7	0.2941	0.2831	0.1020	362	977	1.72	-0.0149	Double hairpin	36	1	0	21.89	-0.1500
4785	1783.141	21.291	1528.059	22.37	80.5	0.2954	0.2831	0.1333	363	978	1.60	-0.0200	Double hairpin	52	0	0	21.42	-0.2198
4790	1783.447	21.291	1529.137	22.39	80.6	0.2834	0.2690	0.1842	365	980	1.44	-0.0268	Double hairpin	61	0	1	20.47	-0.2756
4795	1783.726	21.290	1530.188	20.30	73.1	0.2582	0.2420	0.1914	366	981	1.27	-0.0288	Double hairpin	56	0	0	19.98	-0.2727
4800	1783.955	21.289	1531.154	19.71	70.9	0.2232	0.2107	0.1896	367	982	1.10	-0.0300	Double hairpin	55	0	0	19.57	-0.2596
4805	1784.152	21.288	1532.117	19.61	70.6	0.1835	0.1725	0.1838	368	983	0.93	-0.0307	Double hairpin	56	0	0	19.36	-0.2649
4810	1784.311	21.287	1533.081	19.52	70.3	0.1410	0.1303	0.1754	369	984	0.76	-0.0309	Double hairpin	56	0	0	19.29	-0.2669
4815	1784.430	21.285	1534.046	19.42	69.9	0.0964	0.0861	0.1644	370	985	0.61	-0.0308	Double hairpin	55	0	0	19.31	-0.2661
4820	1784.506	21.283	1535.011	19.33	69.6	0.0506	0.0409	0.1509	371	986	0.46	-0.0306	Double hairpin	54	0	0	19.37	-0.2633
4825	1784.539	21.282	1535.973	19.24	69.2	0.0045	-0.0050	0.1350	372	987	0.33	-0.0304	Double hairpin	52	0	0	19.45	-0.2594
4830	1784.528	21.280	1536.932	19.15	68.9	-0.0416	-0.0504	0.1172	373	988	0.22	-0.0302	Double hairpin	51	1	0	19.51	-0.2549
4835	1784.473	21.278	1537.896	19.81	71.3	-0.0870	-0.0950	0.0718	373	988	0.12	-0.0302	Double hairpin	53	0	0	19.51	-0.2314
4840	1784.370	21.277	1538.886	19.91	71.7	-0.1321	-0.1409	0.0534	374	989	0.04	-0.0302	Double hairpin	53	0	0	19.51	-0.2273
4845	1784.222	21.275	1539.868	19.82	71.4	-0.1776	-0.1864	0.0339	375	990	-0.02	-0.0304	Double hairpin	51	0	0	19.45	-0.2221
4850	1784.031	21.273	1540.838	19.74	71.1	-0.2232	-0.2312	0.0147	376	991	-0.07	-0.0308	Double hairpin	49	0	0	19.31	-0.2154
4855	1783.798	21.271	1541.793	19.65	70.7	-0.2682	-0.2757	-0.0025	377	992	-0.09	-0.0314	Double hairpin	47	0	0	19.13	-0.2079
4860	1783.525	21.270	1542.734	19.57	70.4	-0.3122	-0.3192	-0.0164	378	993	-0.10	-0.0321	Double hairpin	45	0	0	18.91	-0.1994
4865	1783.212	21.268	1543.658	19.49	70.2	-0.3548	-0.3614	-0.0266	379	994	-0.10	-0.0329	Double hairpin	42	0	0	18.70	-0.1899
4870	1782.863	21.267	1544.565	19.41	69.9	-0.3960	-0.4019	-0.0327	380	995	-0.09	-0.0335	Double hairpin	39	0	0	18.54	-0.1795
4875	1782.479	21.266	1545.454	19.34	69.6	-0.4351	-0.4404	-0.0346	381	996	-0.08	-0.0338	Double hairpin	37	0	0	18.44	-0.1681
4880	1782.063	21.264	1546.324	19.27	69.4	-0.4722	-0.4773	-0.0329	382	997	-0.07	-0.0338	Double hairpin	34	0	0	18.45	-0.1560
4885	1781.618	21.262	1547.175	19.20	69.1	-0.5071	-0.5116	-0.0284	383	998	-0.05	-0.0333	Double hairpin	30	0	0	18.58	-0.1430
4890	1781.145	21.261	1548.009	19.14	68.9	-0.5398	-0.5433	-0.0217	384	999	-0.05	-0.0323	Double hairpin	27	0	0	18.87	-0.1297
4895	1780.648	21.259	1548.824	19.08	68.7	-0.5697	-0.5728	-0.0137	385	1000	-0.04	-0.0308	Double hairpin	24	0	0	19.33	-0.1162
4900	1780.129	21.257	1549.622	19.02	68.5	-0.5970	-0.5996	-0.0055	386	1001	-0.05	-0.0288	Double hairpin	21	1	0	20.00	-0.1030
4905	1779.584	21.255	1550.414	19.72	71.0	-0.6217	-0.6235	0.0017	387	1002	-0.05	-0.0263	Double hairpin	20	1	0	20.89	-0.0901
4910	1778.996	21.253	1551.227	20.61	74.2	-0.6441	-0.6458	0.0068	388	1003	-0.07	-0.0236	Double hairpin	17	1	0	22.07	-0.0789
4915	1778.363	21.251	1552.061	21.50	77.4	-0.6646	-0.6654	0.0089	389	1004	-0.08	-0.0207	Double hairpin	15	1	0	23.57	-0.0658
4920	1777.685	21.248	1552.919	22.39	80.6	-0.6832	-0.6836	0.0080	390	1005	-0.10	-0.0178	Double hairpin	12	1	0	25.45	-0.0527
4925	1776.970	21.245	1553.791	22.84	82.2	-0.6999	-0.6997	0.0047	391	1006	-0.12	-0.0149	Double hairpin	10	1	0	27.80	-0.0400
4930	1776.226	21.243	1554.670	23.30	83.9	-0.7146	-0.7142	-0.0002	392	1007	-0.13	-0.0122	Double hairpin	7	1	0	30.71	-0.0280
4935	1775.456	21.240	1555.555	23.75	85.5	-0.7273	-0.7263	-0.0003	394	1009	-0.14	-0.0076	Double hairpin	3	1	0	35.19	-0.0150
4940	1774.660	21.237	1556.448	24.20	87.1	-0.7375	-0.7358	-0.0066	395	1010	-0.14	-0.0057	Double hairpin	1	1	0	34.91	-0.0051
4945	1773.841	21.234	1557.351	24.65	88.8	-0.7451	-0.7434	-0.0113	396	1011	-0.14	-0.0042	Double hairpin	-1	1	0	34.62	0.0032
4950	1773.000	21.230	1558.264	25.11	90.4	-0.7502	-0.7485	-0.0146	397	1012	-0.13	-0.0029	Double hairpin	-3	1	0	34.33	0.0116
4955	1772.140	21.227	1559.191	25.56	92.0	-0.7530	-0.7513	-0.0170	399	1014	-0.11	-0.0011	Double hairpin	-4	1	0	33.74	0.0185
4960	1771.261	21.224	1560.132	26.02	93.7	-0.7537	-0.7523	-0.0189	400	1015	-0.09	-0.0005	Double hairpin	-5	1	0	33.44	0.0220
4965	1770.367	21.220	1561.089	26.47	95.3	-0.7528	-0.7514	-0.0194	401	1016	-0.07	-0.0000	Double hairpin	-6	1	0	33.14	0.0234
4970	1769.458	21.217	1562.064	26.92	96.9	-0.7503	-0.7491	-0.0184	402	1017	-0.04	0.0003	Double hairpin	-5	1	0	32.84	0.0215
4975	1768.536	21.213	1563.057	27.38	98.6	-0.7468	-0.7461	-0.0161	404	1019	-0.02	0.0008	Double hairpin	-4	1	0	32.23	0.0146
4980	1767.602	21.209	1564.070	27.83	100.2	-0.7428	-0.7425	-0.0119	405	1020	-0.00	0.0009	Double hairpin	-2	1	0	31.91	0.0079
4985	1766.656	21.205	1565.102	28.29	101.8	-0.7390	-0.7392	-0.0080	407	1022	0.01	0.0010	Double hairpin	1	1	0	31.28	-0.0045
4990	1765.697	21.201	1566.154	28.74	103.5	-0.7360	-0.7369	-0.0063	408	1023	0.03	0.0010	Double hairpin	5	1	0	30.96	-0.0187
4995	1764.725	21.196	1567.225	29.19	105.1	-0.7348	-0.7363	-0.0076	409	1024	0.04	0.0007	Double hairpin	8	1	0	30.64	-0.0278
5000	1763.738	21.192	1568.313	29.65	106.7	-0.7360	-0.7377	-0.0171	411	1026	0.06	-0.0006	Double hairpin	12	1	0	29.98	-0.0438
5005	1762.733	21.188	1569.415	30.10	108.4	-0.7400	-0.7420	-0.0250	412	1027	0.10	-0.0017	Double hairpin	17	0	0	29.64	-0.0613
5010	1761.709	21.187	1570.523	30.15	108.6	-0.7473	-0.7498	-0.0336	414	1029	0.15	-0.0045	Double hairpin	21	0	0	28.96	-0.0796
5015	1760.678	21.185	1571.621	30.10	108.4	-0.7584	-0.7610	-0.0400	415	1030	0.20	-0.0061	Double hairpin	23	0	1	28.61	-0.0862
5020	1759.658	21.180	1572.683	28.05	101.0	-0.7731	-0.7757	-0.0338	417	1032	0.26	-0.0092	Double hairpin	21	0	0	27.90	-0.0788
5025	1758.687	21.172	1573.665	27.50	99.0	-0.7904	-0.7920	-0.0368	418	1033	0.30	-0.0106	Double hairpin	21	0	0	27.54	-0.0804
5030	1757.704	21.165	1574.624	27.45	98.8	-0.8091	-0.8103	-0.0251	420	1035	0.34	-0.0129	Double hairpin	23	0	0	26.81	-0.0933
5035	1756.706	21.160	1575.564	27.39	98.6	-0.8287	-0.8303	-0.0308	421	1036	0.37	-0.0139	Double hairpin	24	0	0	26.43	-0.0936
5040	1755.692	21.157	1576.482	27.34	98.4	-0.8497	-0.8512	-0.0389	422	1037	0.41	-0.0149	Double hairpin	24	0	1	26.05	-0.0928
5045	1754.683	21.155	1577.357	25.28	91.0	-0.8716	-0.8734	-0.0354	424	1039	0.45	-0.0169	Double hairpin	21	0	0	25.27	-0.0906
5050	1753.727	21.153	1578.151	24.73	89.0	-0.8939	-0.8949	-0.0428	425	1040	0.50	-0.0180	Double hairpin	19	0	0	24.87	-0.0759
5055	1752.760	21.150	1578.920	24.68	88.8	-0.9154	-0.9160	-0.0467	426	1041	0.54	-0.0190	Double hairpin	18	0	0	24.46	-0.0732
5060	1751.780	21.146	1579.666	24.63	88.7	-0.9358	-0.9364	-0.0228	428	1043	0.58	-0.0206	Double hairpin	19	0	0	23.63	-0.0816
5065	1750.786	21.142	1580.391	24.58	88.5	-0.9553	-0.9564	-0.0168	429	1044	0.61	-0.0211	Double hairpin	19	0	1	23.37	-0.0796
5070	1749.805	21.139	1581.078	22.53	81.1	-0.9743	-0.9760	-0.0096	430	1045	0.62	-0.0212	Double hairpin	16	1	0	23.29	-0.0675
5075	1748.880	21.135	1581.700	22.55	81.2	-0.9928	-0.9936	-0.0022	431	1046	0.62	-0.0210	Double hairpin	15	1	0	23.38	-0.0655
5080	1747.925	21.132	1582.318	23.00	82.8	-1.0099	-1.0107	0.0052	432	1047	0.61	-0.0205	Double hairpin	16	0	0	23.28	-0.0649
5085	1746.947	21.129	1582.927	23.05	83.0	-1.0261	-1.0274	0.0116	433	1048	0.59	-0.0198	Double hairpin	16	0	0	22.85	-0.0662
5090	1745.959	21.126	1583.519	23.00	82.8	-1.0419	-1.0433	0.0345	435	1050	0.55	-0.0179	Double hairpin	19	0	0	21.96	-0.0826
5095	1744.964	21.123	1584.094	22.95	82.6	-1.0578	-1.0601	0.0351	436	1051	0.51	-0.0169	Double hairpin	21	0	1	21.50	-0.0901
5100	1743.988	21.120	1584.636	20.90	75.2	-1.0744	-1.0778	0.0331	437	1052	0.47	-0.0162	Double hairpin	18	0	0	21.03	-0.0812
5105	1743.085	21.117	1585.117	20.35	73.3	-1.0917	-1.0941	0.0290	438	1053	0.44	-0.0158	Double hairpin	19	0	0	20.55	-0.0908
5110	1742.180	21.115	1585.581	20.30	73.1	-1.1086	-1.1114	0.0239	439	1054	0.41	-0.0159	Double hairpin	22	0	0	20.05	-0.1051
5115	1741.270	21.112	1586.026	20.24	72.9	-1.1257	-1.1296	0.0175	440	1055	0.39	-0.0165	Double hairpin	26	0	0	19.55	-0.1241
5120	1740.354	21.109	1586.455	20.19	72.7	-1.1439	-1.1490	0.0094	441	1056	0.37	-0.0180	Double hairpin	31	0	0	19.03	-0.1475
5125	1739.433	21.107	1586.863	20.13	72.5	-1.1641	-1.1706	-0.0004	442	1057	0.37	-0.0202	Double hairpin	37	0	1	18.50	-0.1745
5130	1738.533	21.105	1587.238	18.07	65.0	-1.1871	-1.1965	-0.0116	443	1058	0.37	-0.0234	Double hairpin	27	0	0	17.95	-0.1297
5135	1737.712	21.103	1587.559	17.51	63.0	-1.2121	-1.2173	-0.0215	444	1059	0.39	-0.0274	Double hairpin	31	0	0	17.38	-0.1549
5140	1736.891	21.101	1587.857	17.44	62.8	-1.2363	-1.2434	-0.0258	445	1060	0.41	-0.0322	Double hairpin	37	0	0	16.80	-0.1865
5145	1736.065	21.099	1588.133	17.38	62.6	-1.2611	-1.2706	-0.0237	446	1061	0.44	-0.0378	Double hairpin	43	0	0	16.19	-0.2228
5150	1735.235	21.097	1588.385	17.30	62.3	-1.2880	-1.2995	-0.0152	447	1062	0.48	-0.0439	Double hairpin	50	0	1	15.56	-0.2626
5155	1734.432	21.096	1588.604	15.22	54.8	-1.3178	-1.3340	-0.0451	447	1062	0.51	-0.0439	Double hairpin	39	1	0	15.56	-0.2054
5160	1733.697	21.094	1588.781	15.64	56.3	-1.3494	-1.3596	-0.0317	448	1063	0.53	-0.0503	Double hairpin	47	0	0	14.90	-0.2441
5165	1732.926	21.093	1588.942	15.75	56.7	-1.3806	-1.3944	-0.0078	449	1064	0.54	-0.0568	Double hairpin	55	0	1	14.22	-0.2889
5170	1732.182	21.092	1589.070	13.66	49.2	-1.4134	-1.4336	0.0241	450	1065	0.55	-0.0631	Double hairpin	47	0	0	13.49	-0.2813
5175	1731.527	21.091	1589.160	13.07	47.1	-1.4474	-1.4639	-0.0099	450	1065	0.55	-0.0631	Double hairpin	41	1	0	13.49	-0.2135
5180	1730.861	21.090	1589.232	14.24	51.2	-1.4797	-1.4921	0.0310	451	1066	0.52	-0.0691	Double hairpin	59	0	1	12.90	-0.3210
5185	1730.171	21.089	1589.281	12.45	44.8	-1.5116	-1.5364	0.0793	452	1067	0.49	-0.0746	Double hairpin	52	0	0	12.42	-0.3189
5190	1729.572	21.088	1589.303	11.85	42.7	-1.5448	-1.5663	0.0461	452	1067	0.46	-0.0746	Double hairpin	52	1	0	12.42	-0.3133
5195	1728.963	21.087	1589.306	13.00	46.8	-1.5772	-1.5968	0.0988	453	1068	0.40	-0.0795	Double hairpin	67	0	0	12.03	-0.3696
5200	1728.305	21.086	1589.284	13.19	47.5	-1.6105	-1.6376	0.1541	454	1069	0.33	-0.0837	Double hairpin	75	0	1	11.72	-0.4290
5205	1727.680	21.086	1589.239	11.05	39.8	-1.6476	-1.6839	0.1171	454	1069	0.25	-0.0837	Double hairpin	63	1	0	11.72	-0.3741
5210	1727.135	21.085	1589.179	11.67	42.0	-1.6861	-1.7128	0.1696	455	1070	0.16	-0.0873	Double hairpin	70	0	0	11.47	-0.4802
5215	1726.549	21.085	1589.094	11.85	42.7	-1.7241	-1.7547	0.2245	456	1071	0.08	-0.0904	Double hairpin	74	0	0	11.28	-0.5339
5220	1725.971	21.084	1588.985	11.71	42.2	-1.7634	-1.7963	0.1852	456	1071	-0.04	-0.0904	Double hairpin	79	0	0	11.28	-0.5365
5225	1725.404	21.084	1588.853	11.56	41.6	-1.8043	-1.8401	0.2390	457	1072	-0.14	-0.0930	Double hairpin	84	0	0	11.12	-0.5403
5230	1724.852	21.084	1588.699	11.39	41.0	-1.8470	-1.8858	0.1962	457	1072	-0.26	-0.0930	Double hairpin	90	0	0	11.12	-0.5456
5235	1724.315	21.084	1588.522	11.21	40.3	-1.8918	-1.9342	0.2478	458	1073	-0.37	-0.0953	Double hairpin	87	0	0	10.99	-0.5913
5240	1723.796	21.084	1588.325	11.03	39.7	-1.9384	-1.9792	0.2012	458	1073	-0.48	-0.0953	Double hairpin	92	0	0	10.99	-0.5950
5245	1723.295	21.083	1588.107	10.83	39.0	-1.9858	-2.0301	0.2516	459	1074	-0.60	-0.0973	Double hairpin	86	0	0	10.87	-0.6339
5250	1722.813	21.083	1587.871	10.65	38.3	-2.0337	-2.0749	0.2036	459	1074	-0.71	-0.0973	Double hairpin	91	0	0	10.87	-0.6371
5255	1722.352	21.083	1587.616	10.46	37.7	-2.0814	-2.1264	0.2548	460	1075	-0.83	-0.0992	Double hairpin	84	1	0	10.77	-0.6709
5260	1721.894	21.083	1587.335	11.52	41.5	-2.1288	-2.1659	0.2074	460	1075	-0.94	-0.0992	Double hairpin	106	0	0	10.77	-0.6763
5265	1721.414	21.083	1587.004	11.60	41.8	-2.1774	-2.2268	0.2584	461	1076	-1.07	-0.1011	Double hairpin	103	0	0	10.67	-0.7117
5270	1720.960	21.084	1586.654	11.37	40.9	-2.2301	-2.2777	0.2057	461	1076	-1.19	-0.1011	Double hairpin	107	0	0	10.67	-0.7171
5275	1720.533	21.084	1586.288	11.13	40.1	-2.2851	-2.3354	0.2510	462	1077	-1.31	-0.1029	Double hairpin	98	0	0	10.57	-0.7414
5280	1720.135	21.084	1585.908	10.90	39.3	-2.3412	-2.3868	0.1948	462	1077	-1.42	-0.1029	Double hairpin	101	0	0	10.57	-0.7417
5285	1719.766	21.085	1585.515	10.68	38.4	-2.3967	-2.4451	0.2405	463	1078	-1.52	-0.1047	Double hairpin	91	0	0	10.48	-0.7610
5290	1719.425	21.085	1585.111	10.48	37.7	-2.4513	-2.4946	0.1859	463	1078	-1.62	-0.1047	Double hairpin	93	0	0	10.48	-0.7604
5295	1719.112	21.086	1584.698	10.27	37.0	-2.5038	-2.5496	0.2362	464	1079	-1.71	-0.1063	Double hairpin	84	0	0	10.40	-0.7789
5300	1718.826	21.086	1584.278	10.09	36.3	-2.5543	-2.5957	0.1857	464	1079	-1.81	-0.1063	Double hairpin	86	1	0	10.40	-0.7796
5305	1718.556	21.087	1583.835	11.15	40.1	-2.6025	-2.6417	0.1375	464	1079	-1.88	-0.1063	Double hairpin	108	0	0	10.40	-0.7870
5310	1718.289	21.087	1583.338	11.22	40.4	-2.6513	-2.7033	0.1942	465	1080	-1.99	-0.1078	Double hairpin	102	0	0	10.33	-0.8086
5315	1718.053	21.088	1582.835	10.99	39.6	-2.7038	-2.7523	0.1417	465	1080	-2.07	-0.1078	Double hairpin	105	0	0	10.33	-0.8148
5320	1717.848	21.089	1582.333	10.75	38.7	-2.7578	-2.8088	0.1970	466	1081	-2.15	-0.1088	Double hairpin	94	0	0	10.28	-0.8268
5325	1717.672	21.090	1581.831	10.53	37.9	-2.8122	-2.8572	0.1426	466	1081	-2.23	-0.1088	Double hairpin	96	0	0	10.28	-0.8277
5330	1717.526	21.091	1581.331	10.32	37.1	-2.8652	-2.9126	0.2034	467	1082	-2.30	-0.1090	Double hairpin	85	0	0	10.27	-0.8357
5335	1717.407	21.091	1580.835	10.13	36.5	-2.9167	-2.9583	0.1520	467	1082	-2.38	-0.1090	Double hairpin	87	0	0	10.27	-0.8360
5340	1717.315	21.092	1580.342	9.95	35.8	-2.9656	-3.0098	0.1031	467	1082	-2.44	-0.1090	Double hairpin	107	1	0	10.27	-0.8548
5345	1717.250	21.093	1579.836	10.94	39.4	-3.0137	-3.0660	0.1735	468	1083	-2.51	-0.1083	Double hairpin	95	0	0	10.31	-0.8440
5350	1717.206	21.094	1579.284	11.04	39.7	-3.0643	-3.1090	0.1229	468	1083	-2.58	-0.1083	Double hairpin	102	0	0	10.31	-0.8500
5355	1717.190	21.095	1578.738	10.81	38.9	-3.1160	3.1177	0.1933	469	1084	-2.64	-0.1062	Double hairpin	90	0	0	10.40	-0.8486
5360	1717.200	21.096	1578.203	10.61	38.2	3.1148	3.0720	0.1409	469	1084	-2.72	-0.1062	Double hairpin	92	0	0	10.40	-0.8493
5365	1717.237	21.097	1577.680	10.41	37.5	3.0637	3.0186	0.0898	469	1084	-2.77	-0.1062	Double hairpin	94	0	0	10.40	-0.8532
5370	1717.300	21.098	1577.169	10.20	36.7	3.0135	2.9662	0.1630	470	1085	-2.84	-0.1027	Double hairpin	82	1	0	10.58	-0.8388
5375	1717.388	21.099	1576.653	11.26	40.5	2.9644	2.9282	0.1139	470	1085	-2.91	-0.1027	Double hairpin	101	0	0	10.58	-0.8418
5380	1717.512	21.101	1576.097	11.35	40.9	2.9157	2.8683	0.1864	471	1086	-2.97	-0.0977	Double hairpin	94	0	0	10.85	-0.8272
5385	1717.663	21.102	1575.555	11.14	40.1	2.8644	2.8210	0.1351	471	1086	-3.04	-0.0977	Double hairpin	96	0	0	10.85	-0.8295
5390	1717.838	21.103	1575.032	10.93	39.4	2.8126	2.7673	0.0833	471	1086	-3.09	-0.0977	Double hairpin	98	0	0	10.85	-0.8332
5395	1718.036	21.105	1574.529	10.71	38.6	2.7604	2.7131	0.1461	472	1087	-3.16	-0.0910	Double hairpin	85	1	0	11.24	-0.7982
5400	1718.261	21.106	1574.029	11.76	42.4	2.7085	2.6727	0.0942	472	1087	-3.22	-0.0910	Double hairpin	89	0	0	11.24	-0.7620
5405	1718.532	21.107	1573.498	11.89	42.8	2.6575	2.6194	0.1477	473	1088	-3.28	-0.0830	Double hairpin	82	0	0	11.77	-0.7273
5410	1718.826	21.109	1572.987	11.72	42.2	2.6063	2.5717	0.0966	473	1088	-3.34	-0.0830	Double hairpin	83	0	0	11.77	-0.7217
5415	1719.140	21.111	1572.498	11.55	41.6	2.5562	2.5203	0.1368	474	1089	-3.39	-0.0740	Double hairpin	86	1	0	12.47	-0.7187
5420	1719.485	21.112	1572.018	12.50	45.0	2.5067	2.4719	0.0873	474	1089	-3.45	-0.0740	Double hairpin	87	0	0	12.47	-0.6716
5425	1719.878	21.114	1571.525	12.57	45.2	2.4563	2.4212	0.0368	474	1089	-3.48	-0.0740	Double hairpin	93	0	0	12.47	-0.6691
5430	1720.291	21.116	1571.059	12.37	44.5	2.4044	2.3658	0.0585	475	1090	-3.52	-0.0643	Double hairpin	80	1	0	13.38	-0.6139
5435	1720.730	21.118	1570.609	13.22	47.6	2.3514	2.3225	0.0055	475	1090	-3.54	-0.0643	Double hairpin	94	0	0	13.38	-0.6056
5440	1721.219	21.121	1570.160	13.22	47.6	2.2983	2.2620	0.0086	476	1091	-3.56	-0.0544	Double hairpin	81	1	0	14.54	-0.5432
5445	1721.734	21.124	1569.734	13.84	49.8	2.2433	2.2158	-0.0064	477	1092	-3.55	-0.0447	Double hairpin	62	1	0	16.04	-0.4327
5450	1722.299	21.126	1569.308	14.70	52.9	2.1899	2.1729	-0.0599	477	1092	-3.53	-0.0447	Double hairpin	70	1	0	16.04	-0.4116
5455	1722.921	21.130	1568.887	15.48	55.7	2.1393	2.1191	-0.0843	478	1093	-3.48	-0.0357	Double hairpin	51	1	0	17.95	-0.3085
5460	1723.590	21.133	1568.479	15.98	57.5	2.0899	2.0788	-0.1179	479	1094	-3.40	-0.0276	Double hairpin	42	1	0	20.42	-0.2458
5465	1724.298	21.137	1568.089	16.54	59.5	2.0450	2.0374	-0.1629	479	1094	-3.30	-0.0276	Double hairpin	43	1	0	20.42	-0.2210
5470	1725.051	21.142	1567.716	17.22	62.0	2.0043	1.9959	-0.1949	480	1095	-3.16	-0.0206	Double hairpin	24	1	0	23.64	-0.1249
5475	1725.848	21.146	1567.356	17.93	64.5	1.9674	1.9664	-0.2272	481	1096	-2.98	-0.0147	Double hairpin	13	1	0	27.96	-0.0655
5480	1726.691	21.151	1567.006	18.81	67.7	1.9372	1.9393	-0.2548	482	1097	-2.78	-0.0099	Double hairpin	-3	1	0	29.10	0.0175
5485	1727.584	21.157	1566.661	19.69	70.9	1.9149	1.9213	-0.2753	483	1098	-2.54	-0.0061	Double hairpin	-14	1	0	28.76	0.0667
5490	1728.525	21.162	1566.317	20.57	74.1	1.9020	1.9101	-0.2868	484	1099	-2.27	-0.0030	Double hairpin	-27	1	0	28.41	0.1278
5495	1729.511	21.168	1565.966	21.45	77.2	1.8989	1.9090	-0.2891	485	1100	-1.99	-0.0006	Double hairpin	-35	1	0	28.05	0.1581
5500	1730.538	21.174	1565.600	22.32	80.4	1.9059	1.9160	-0.2824	486	1101	-1.69	0.0012	Double hairpin	-42	1	0	27.69	0.1882
5505	1731.594	21.180	1565.214	22.74	81.9	1.9223	1.9322	-0.2684	487	1102	-1.40	0.0027	Double hairpin	-45	1	0	27.33	0.1952
5510	1732.663	21.186	1564.801	23.16	83.4	1.9469	1.9556	-0.2486	488	1103	-1.11	0.0037	Double hairpin	-46	1	0	26.96	0.1926
5515	1733.740	21.192	1564.354	23.57	84.9	1.9778	1.9850	-0.2252	489	1104	-0.83	0.0042	Double hairpin	-43	1	0	26.59	0.1846
5520	1734.823	21.198	1563.868	23.99	86.4	2.0129	2.0180	-0.2000	490	1105	-0.58	0.0043	Double hairpin	-40	1	0	26.21	0.1670
5525	1735.907	21.203	1563.336	24.41	87.9	2.0499	2.0534	-0.1853	492	1107	-0.34	0.0032	Double hairpin	-34	1	0	25.44	0.1469
5530	1736.991	21.209	1562.757	24.83	89.4	2.0870	2.0885	-0.1572	493	1108	-0.12	0.0021	Double hairpin	-30	0	0	25.04	0.1230
5535	1738.067	21.214	1562.134	24.86	89.5	2.1224	2.1230	-0.1269	494	1109	0.06	0.0008	Double hairpin	-25	0	0	24.64	0.0984
5540	1739.120	21.220	1561.476	24.79	89.2	2.1553	2.1550	-0.0942	495	1110	0.21	-0.0005	Double hairpin	-19	0	0	24.23	0.0737
5545	1740.149	21.224	1560.788	24.73	89.0	2.1847	2.1835	-0.0500	497	1112	0.32	-0.0026	Double hairpin	-12	0	1	23.39	0.0489
5550	1741.132	21.229	1560.092	22.67	81.6	2.2097	2.2077	-0.0130	498	1113	0.38	-0.0031	Double hairpin	-6	0	0	22.96	0.0282
5555	1742.025	21.233	1559.429	22.11	79.6	2.2296	2.2269	0.0189	499	1114	0.39	-0.0031	Double hairpin	-2	1	0	22.52	0.0103
5560	1742.907	21.236	1558.749	22.55	81.2	2.2442	2.2414	0.0432	500	1115	0.36	-0.0027	Double hairpin	1	0	0	22.07	-0.0024
5565	1743.792	21.239	1558.047	22.59	81.3	2.2541	2.2515	0.0588	501	1116	0.31	-0.0020	Double hairpin	2	0	0	21.61	-0.0090
5570	1744.669	21.241	1557.336	22.54	81.1	2.2602	2.2582	0.0659	502	1117	0.24	-0.0009	Double hairpin	2	0	1	21.14	-0.0087
5575	1745.516	21.244	1556.640	20.49	73.8	2.2635	2.2621	0.0662	503	1118	0.18	0.0003	Double hairpin	3	0	0	20.66	-0.0127
5580	1746.289	21.246	1556.001	19.93	71.8	2.2650	2.2637	0.0621	504	1119	0.12	0.0017	Double hairpin	3	0	0	20.17	-0.0152
5585	1747.055	21.248	1555.365	19.88	71.6	2.2651	2.2641	0.0558	505	1120	0.06	0.0033	Double hairpin	1	0	0	19.67	-0.0025
5590	1747.819	21.250	1554.730	19.83	71.4	2.2644	2.2642	0.0498	506	1121	0.01	0.0053	Double hairpin	-4	0	0	19.16	0.0184
5595	1748.580	21.252	1554.097	19.77	71.2	2.2640	2.2656	0.0462	507	1122	-0.04	0.0077	Double hairpin	-11	0	0	18.63	0.0474
5600	1749.337	21.253	1553.463	19.72	71.0	2.2654	2.2693	0.0467	508	1123	-0.08	0.0110	Double hairpin	-19	0	1	18.08	0.0839
5605	1750.067	21.255	1552.847	17.66	63.6	2.2703	2.2770	0.0514	509	1124	-0.13	0.0151	Double hairpin	-18	0	0	17.52	0.0867
5610	1750.722	21.256	1552.286	17.11	61.6	2.2787	2.2844	0.0583	510	1125	-0.19	0.0204	Double hairpin	-25	0	0	16.94	0.1280
5615	1751.366	21.257	1551.725	17.05	61.4	2.2897	2.2977	0.0630	511	1126	-0.24	0.0268	Double hairpin	-34	0	0	16.34	0.1753
5620	1751.999	21.258	1551.156	16.98	61.1	2.3043	2.3153	0.0630	512	1127	-0.30	0.0343	Double hairpin	-44	0	1	15.72	0.2269
5625	1752.597	21.259	1550.599	14.90	53.7	2.3237	2.3401	0.0557	513	1128	-0.37	0.0426	Double hairpin	-33	0	0	15.07	0.1729
5630	1753.117	21.260	1550.095	14.33	51.6	2.3467	2.3574	0.0787	513	1128	-0.42	0.0426	Double hairpin	-32	1	0	15.07	0.1653
5635	1753.634	21.260	1549.575	15.50	55.8	2.3697	2.3790	0.0604	514	1129	-0.46	0.0514	Double hairpin	-53	0	0	14.39	0.2773
5640	1754.169	21.261	1549.006	15.60	56.2	2.3942	2.4125	0.0275	515	1130	-0.50	0.0603	Double hairpin	-64	0	1	13.67	0.3381
5645	1754.663	21.262	1548.445	13.49	48.6	2.4242	2.4501	-0.0156	516	1131	-0.53	0.0689	Double hairpin	-55	0	0	12.92	0.3374
5650	1755.079	21.262	1547.942	12.89	46.4	2.4582	2.4794	0.0184	516	1131	-0.54	0.0689	Double hairpin	-51	0	0	12.92	0.2676
5655	1755.474	21.263	1547.435	12.79	46.1	2.4923	2.5116	-0.0345	517	1132	-0.52	0.0767	Double hairpin	-58	0	0	12.24	0.3266
5660	1755.847	21.263	1546.919	12.69	45.7	2.5262	2.5494	-0.0982	518	1133	-0.49	0.0836	Double hairpin	-65	0	0	11.73	0.3878
5665	1756.198	21.264	1546.393	12.57	45.3	2.5612	2.5881	-0.0632	518	1133	-0.45	0.0836	Double hairpin	-70	0	0	11.73	0.3881
5670	1756.525	21.264	1545.859	12.44	44.8	2.5982	2.6277	-0.1305	519	1134	-0.37	0.0892	Double hairpin	-75	0	0	11.35	0.4498
5675	1756.828	21.264	1545.319	12.30	44.3	2.6376	2.6696	-0.1984	520	1135	-0.29	0.0936	Double hairpin	-78	0	1	11.09	0.5088
5680	1757.090	21.264	1544.801	10.15	36.5	2.6792	2.7194	-0.1569	520	1135	-0.20	0.0936	Double hairpin	-65	1	0	11.09	0.4521
5685	1757.300	21.264	1544.343	10.76	38.7	2.7202	2.7498	-0.2230	521	1136	-0.10	0.0967	Double hairpin	-72	0	0	10.90	0.5046
5690	1757.508	21.264	1543.837	10.93	39.4	2.7594	2.7935	-0.1838	521	1136	0.00	0.0967	Double hairpin	-81	0	0	10.90	0.5102
5695	1757.692	21.264	1543.326	10.77	38.8	2.7990	2.8389	-0.2494	522	1137	0.12	0.0988	Double hairpin	-80	0	0	10.79	0.5653
5700	1757.852	21.264	1542.816	10.61	38.2	2.8400	2.8796	-0.2084	522	1137	0.23	0.0988	Double hairpin	-86	0	0	10.79	0.5720
5705	1757.988	21.264	1542.307	10.44	37.6	2.8820	2.9256	-0.2695	523	1138	0.36	0.1000	Double hairpin	-82	0	0	10.72	0.6203
5710	1758.100	21.264	1541.801	10.27	37.0	2.9248	2.9663	-0.2266	523	1138	0.48	0.1000	Double hairpin	-86	1	0	10.72	0.6269
5715	1758.192	21.263	1541.281	11.33	40.8	2.9679	3.0078	-0.2848	524	1139	0.61	0.1006	Double hairpin	-98	0	0	10.69	0.6700
5720	1758.266	21.263	1540.711	11.44	41.2	3.0131	3.0594	-0.2396	524	1139	0.74	0.1006	Double hairpin	-109	0	0	10.69	0.6825
5725	1758.310	21.262	1540.146	11.19	40.3	3.0625	3.1152	-0.2906	525	1140	0.89	0.1008	Double hairpin	-100	0	0	10.68	0.7177
5730	1758.325	21.261	1539.592	10.97	39.5	3.1155	-3.1203	-0.2376	525	1140	1.02	0.1008	Double hairpin	-104	0	0	10.68	0.7225
5735	1758.313	21.261	1539.049	10.73	38.6	-3.1137	-3.0632	-0.2840	526	1141	1.16	0.1007	Double hairpin	-94	0	0	10.69	0.7449
5740	1758.273	21.260	1538.518	10.53	37.9	-3.0595	-3.0143	-0.2298	526	1141	1.29	0.1007	Double hairpin	-97	0	0	10.69	0.7465
5745	1758.208	21.259	1538.001	10.32	37.1	-3.0065	-2.9583	-0.2774	527	1142	1.41	0.1005	Double hairpin	-87	1	0	10.70	0.7621
5750	1758.115	21.258	1537.479	11.37	40.9	-2.9548	-2.9165	-0.2257	527	1142	1.53	0.1005	Double hairpin	-108	0	0	10.70	0.7656
5755	1757.982	21.256	1536.918	11.45	41.2	-2.9032	-2.8526	-0.2743	528	1143	1.66	0.1003	Double hairpin	-102	0	0	10.71	0.7833
5760	1757.821	21.255	1536.374	11.22	40.4	-2.8484	-2.8012	-0.2196	528	1143	1.78	0.1003	Double hairpin	-106	0	0	10.71	0.7869
5765	1757.634	21.254	1535.850	10.98	39.5	-2.7926	-2.7424	-0.2632	529	1144	1.89	0.1003	Double hairpin	-94	0	0	10.71	0.7941
5770	1757.424	21.252	1535.348	10.78	38.8	-2.7364	-2.6927	-0.2070	529	1144	2.01	0.1003	Double hairpin	-97	0	0	10.71	0.7930
5775	1757.192	21.251	1534.867	10.57	38.0	-2.6819	-2.6351	-0.1525	529	1144	2.09	0.1003	Double hairpin	-99	0	0	10.71	0.7958
5780	1756.939	21.249	1534.409	10.35	37.3	-2.6282	-2.5792	-0.1971	530	1145	2.20	0.1003	Double hairpin	-87	1	0	10.71	0.7937
5785	1756.658	21.248	1533.957	11.41	41.1	-2.5757	-2.5378	-0.1446	530	1145	2.28	0.1003	Double hairpin	-108	0	0	10.71	0.7964
5790	1756.326	21.246	1533.484	11.48	41.3	-2.5235	-2.4733	-0.1897	531	1146	2.37	0.1006	Double hairpin	-101	0	0	10.69	0.7995
5795	1755.975	21.244	1533.036	11.26	40.5	-2.4684	-2.4221	-0.1346	531	1146	2.45	0.1006	Double hairpin	-104	0	0	10.69	0.8017
5800	1755.606	21.242	1532.617	11.03	39.7	-2.4124	-2.3637	-0.1760	532	1147	2.53	0.1009	Double hairpin	-92	0	0	10.67	0.7974
5805	1755.224	21.240	1532.226	10.83	39.0	-2.3565	-2.3142	-0.1201	532	1147	2.60	0.1009	Double hairpin	-94	0	0	10.67	0.7950
5810	1754.828	21.238	1531.863	10.64	38.3	-2.3025	-2.2578	-0.1643	533	1148	2.65	0.1013	Double hairpin	-83	0	0	10.65	0.7899
5815	1754.422	21.236	1531.526	10.46	37.7	-2.2503	-2.2113	-0.1121	533	1148	2.71	0.1013	Double hairpin	-85	0	0	10.65	0.7875
5820	1754.006	21.234	1531.215	10.29	37.1	-2.2008	-2.1593	-0.0627	533	1148	2.75	0.1013	Double hairpin	-88	1	0	10.65	0.7897
5825	1753.566	21.232	1530.920	11.35	40.9	-2.1530	-2.1133	-0.1151	534	1149	2.80	0.1016	Double hairpin	-94	0	0	10.64	0.7853
5830	1753.072	21.230	1530.624	11.47	41.3	-2.1045	-2.0616	-0.0666	534	1149	2.84	0.1016	Double hairpin	-102	0	0	10.64	0.7920
5835	1752.569	21.227	1530.358	11.26	40.5	-2.0538	-2.0060	-0.1186	535	1150	2.88	0.1015	Double hairpin	-91	0	0	10.65	0.7882
5840	1752.063	21.225	1530.121	11.06	39.8	-2.0014	-1.9598	-0.0662	535	1150	2.92	0.1015	Double hairpin	-93	0	0	10.65	0.7880
5845	1751.555	21.223	1529.913	10.87	39.1	-1.9495	-1.9059	-0.1196	536	1151	2.93	0.1008	Double hairpin	-83	0	0	10.68	0.7801
5850	1751.046	21.220	1529.734	10.70	38.5	-1.8984	-1.8601	-0.0686	536	1151	2.98	0.1008	Double hairpin	-85	0	0	10.68	0.7778
5855	1750.537	21.218	1529.582	10.53	37.9	-1.8494	-1.8088	-0.0196	536	1151	2.99	0.1008	Double hairpin	-87	0	0	10.68	0.7795
5860	1750.029	21.215	1529.458	10.36	37.3	-1.8017	-1.7589	-0.0796	537	1152	3.02	0.0993	Double hairpin	-77	1	0	10.76	0.7671
5865	1749.506	21.213	1529.356	11.45	41.2	-1.7552	-1.7219	-0.0331	537	1152	3.04	0.0993	Double hairpin	-96	0	0	10.76	0.7692
5870	1748.931	21.210	1529.272	11.57	41.6	-1.7088	-1.6646	-0.0964	538	1153	3.05	0.0966	Double hairpin	-89	0	0	10.91	0.7605
5875	1748.359	21.207	1529.218	11.38	41.0	-1.6598	-1.6197	-0.0474	538	1153	3.08	0.0966	Double hairpin	-92	0	0	10.91	0.7621
5880	1747.795	21.204	1529.192	11.20	40.3	-1.6101	-1.5678	0.0023	538	1153	3.08	0.0966	Double hairpin	-95	0	0	10.91	0.7653
5885	1747.239	21.202	1529.194	11.00	39.6	-1.5595	-1.5150	-0.0574	539	1154	3.10	0.0926	Double hairpin	-84	0	0	11.14	0.7400
5890	1746.694	21.199	1529.222	10.83	39.0	-1.5089	-1.4704	-0.0067	539	1154	3.11	0.0926	Double hairpin	-86	1	0	11.14	0.7382
5895	1746.141	21.196	1529.278	11.90	42.8	-1.4597	-1.4234	-0.0663	540	1155	3.12	0.0872	Double hairpin	-77	0	0	11.48	0.6837
5900	1745.543	21.192	1529.366	12.06	43.4	-1.4109	-1.3797	-0.0174	540	1155	3.14	0.0872	Double hairpin	-83	0	0	11.48	0.6791
5905	1744.955	21.189	1529.482	11.91	42.9	-1.3627	-1.3275	-0.0729	541	1156	3.14	0.0803	Double hairpin	-74	0	0	11.96	0.6463
5910	1744.380	21.186	1529.624	11.77	42.4	-1.3146	-1.2842	-0.0249	541	1156	3.16	0.0803	Double hairpin	-76	0	0	11.96	0.6395
5915	1743.819	21.182	1529.790	11.63	41.9	-1.2681	-1.2358	0.0216	541	1156	3.16	0.0803	Double hairpin	-95	1	0	11.96	0.6825
5920	1743.257	21.179	1529.990	12.68	45.7	-1.2214	-1.1819	-0.0263	542	1157	3.17	0.0721	Double hairpin	-80	0	0	12.63	0.5903
5925	1742.662	21.175	1530.233	12.84	46.2	-1.1717	-1.1411	0.0234	542	1157	3.17	0.0721	Double hairpin	-86	0	0	12.63	0.5843
5930	1742.083	21.171	1530.502	12.68	45.6	-1.1213	-1.0873	-0.0076	543	1158	3.18	0.0629	Double hairpin	-74	1	0	13.52	0.5287
5935	1741.508	21.167	1530.803	13.78	49.6	-1.0704	-1.0455	0.0433	543	1158	3.16	0.0629	Double hairpin	-72	0	0	13.52	0.4693
5940	1740.905	21.162	1531.156	13.97	50.3	-1.0203	-0.9966	0.0286	544	1159	3.16	0.0531	Double hairpin	-63	1	0	14.71	0.4100
5945	1740.306	21.157	1531.545	15.10	54.4	-0.9713	-0.9537	0.0313	545	1160	3.13	0.0432	Double hairpin	-48	1	0	16.31	0.3123
5950	1739.673	21.151	1531.995	16.08	57.9	-0.9247	-0.9147	0.0779	545	1160	3.09	0.0432	Double hairpin	-54	0	0	16.31	0.2901
5955	1739.036	21.145	1532.494	16.18	58.3	-0.8813	-0.8681	0.0929	546	1161	3.04	0.0337	Double hairpin	-43	1	0	18.46	0.2325
5960	1738.413	21.139	1533.026	16.87	60.7	-0.8396	-0.8315	0.1220	547	1162	2.96	0.0251	Double hairpin	-26	1	0	21.40	0.1447
5965	1737.778	21.133	1533.607	17.75	63.9	-0.8019	-0.8005	0.1588	548	1163	2.85	0.0177	Double hairpin	-18	1	0	25.48	0.0920
5970	1737.130	21.126	1534.240	18.65	67.1	-0.7705	-0.7713	0.1968	549	1164	2.70	0.0118	Double hairpin	-5	1	0	30.02	0.0243
5975	1736.469	21.120	1534.922	19.55	70.4	-0.7458	-0.7502	0.2313	550	1165	2.51	0.0074	Double hairpin	3	1	0	29.69	-0.0165
5980	1735.791	21.113	1535.652	20.45	73.6	-0.7287	-0.7343	0.2576	551	1166	2.29	0.0044	Double hairpin	13	1	0	29.35	-0.0650
5985	1735.093	21.107	1536.424	21.35	76.9	-0.7193	-0.7264	0.2736	552	1167	2.03	0.0027	Double hairpin	20	1	0	29.00	-0.0924
5990	1734.370	21.102	1537.235	22.25	80.1	-0.7177	-0.7252	0.2778	553	1168	1.74	0.0019	Double hairpin	27	1	0	28.66	-0.1242
5995	1733.624	21.097	1538.073	22.70	81.7	-0.7236	-0.7315	0.2707	554	1169	1.44	0.0018	Double hairpin	31	1	0	28.31	-0.1386
6000	1732.856	21.092	1538.921	23.14	83.3	-0.7366	-0.7439	0.2534	555	1170	1.15	0.0019	Double hairpin	34	1	0	27.95	-0.1473
6005	1732.062	21.088	1539.774	23.59	84.9	-0.7554	-0.7622	0.2283	556	1171	0.88	0.0021	Double hairpin	36	1	0	27.59	-0.1598
6010	1731.236	21.083	1540.629	24.03	86.5	-0.7791	-0.7851	0.1974	557	1172	0.63	0.0022	Double hairpin	37	1	0	27.23	-0.1580
6015	1730.376	21.077	1541.478	24.46	88.1	-0.8067	-0.8119	0.1627	558	1173	0.41	0.0020	Double hairpin	37	1	0	26.86	-0.1513
6020	1729.477	21.070	1542.319	24.90	89.7	-0.8371	-0.8414	0.1213	560	1175	0.23	0.0005	Double hairpin	34	1	0	26.10	-0.1433
6025	1728.536	21.062	1543.147	25.35	91.2	-0.8692	-0.8720	0.0863	561	1176	0.10	-0.0007	Double hairpin	29	1	0	25.71	-0.1228
6030	1727.554	21.054	1543.961	25.79	92.9	-0.9013	-0.9025	0.0536	562	1177	0.00	-0.0021	Double hairpin	24	0	0	25.32	-0.0962
6035	1726.536	21.044	1544.756	25.84	93.0	-0.9317	-0.9319	0.0252	563	1178	-0.06	-0.0035	Double hairpin	17	0	0	24.92	-0.0659
6040	1725.496	21.034	1545.520	25.80	92.9	-0.9593	-0.9581	0.0111	565	1180	-0.09	-0.0055	Double hairpin	5	0	1	24.11	-0.0202
6045	1724.464	21.024	1546.242	23.76	85.5	-0.9820	-0.9786	-0.0003	566	1181	-0.11	-0.0057	Double hairpin	0	0	0	23.69	0.0008
6050	1723.495	21.015	1546.892	23.22	83.6	-0.9982	-0.9949	-0.0025	567	1182	-0.12	-0.0053	Double hairpin	-4	0	0	23.26	0.0170
6055	1722.521	21.007	1547.524	23.19	83.5	-1.0085	-1.0053	0.0027	568	1183	-0.13	-0.0039	Double hairpin	-11	0	0	22.83	0.0465
6060	1721.544	20.999	1548.147	23.15	83.3	-1.0133	-1.0092	0.0130	569	1184	-0.15	-0.0016	Double hairpin	-19	0	0	22.39	0.0754
6065	1720.566	20.991	1548.766	23.10	83.2	-1.0122	-1.0070	0.0335	571	1186	-0.19	0.0056	Double hairpin	-29	0	1	21.48	0.1245
6070	1719.619	20.985	1549.371	21.05	75.8	-1.0045	-0.9969	0.0405	572	1187	-0.24	0.0102	Double hairpin	-28	0	0	21.01	0.1273
6075	1718.754	20.980	1549.934	20.50	73.8	-0.9905	-0.9845	0.0445	573	1188	-0.29	0.0151	Double hairpin	-31	0	0	20.52	0.1475
6080	1717.904	20.975	1550.505	20.44	73.6	-0.9724	-0.9662	0.0425	574	1189	-0.35	0.0202	Double hairpin	-35	0	0	20.03	0.1659
6085	1717.068	20.970	1551.089	20.38	73.4	-0.9507	-0.9439	0.0351	575	1190	-0.40	0.0250	Double hairpin	-38	0	0	19.53	0.1821
6090	1716.247	20.966	1551.690	20.31	73.1	-0.9256	-0.9184	0.0237	576	1191	-0.44	0.0293	Double hairpin	-41	0	1	19.01	0.1954
6095	1715.469	20.961	1552.292	18.25	65.7	-0.8973	-0.8884	0.0104	577	1192	-0.46	0.0330	Double hairpin	-34	0	0	18.47	0.1598
6100	1714.780	20.956	1552.856	17.68	63.7	-0.8674	-0.8613	-0.0041	578	1193	-0.48	0.0358	Double hairpin	-33	0	0	17.92	0.1684
6105	1714.112	20.951	1553.433	17.62	63.4	-0.8383	-0.8324	-0.0204	579	1194	-0.48	0.0378	Double hairpin	-34	0	0	17.45	0.1765
6110	1713.464	20.945	1554.027	17.56	63.2	-0.8100	-0.8035	0.0079	579	1194	-0.47	0.0378	Double hairpin	-35	0	0	17.45	0.1638
6115	1712.836	20.940	1554.638	17.50	63.0	-0.7820	-0.7750	-0.0093	580	1195	-0.44	0.0388	Double hairpin	-36	0	0	17.21	0.1713
6120	1712.227	20.935	1555.264	17.44	62.8	-0.7538	-0.7464	-0.0260	581	1196	-0.41	0.0390	Double hairpin	-36	0	0	17.17	0.1762
6125	1711.638	20.930	1555.906	17.38	62.6	-0.7255	-0.7180	-0.0418	582	1197	-0.37	0.0383	Double hairpin	-35	0	0	17.32	0.1777
6130	1711.069	20.924	1556.561	17.32	62.3	-0.6971	-0.6900	-0.0569	583	1198	-0.32	0.0369	Double hairpin	-34	1	0	17.66	0.1758
6135	1710.515	20.919	1557.239	18.01	64.8	-0.6689	-0.6626	-0.0711	584	1199	-0.26	0.0347	Double hairpin	-35	0	0	18.21	0.1710
6140	1709.960	20.913	1557.956	18.14	65.3	-0.6408	-0.6342	-0.0831	585	1200	-0.19	0.0319	Double hairpin	-34	1	0	18.99	0.1637
6145	1709.420	20.907	1558.697	18.84	67.8	-0.6125	-0.6067	-0.0912	586	1201	-0.11	0.0286	Double hairpin	-31	1	0	20.05	0.1556
6150	1708.876	20.901	1559.487	19.72	71.0	-0.5844	-0.5802	-0.0941	587	1202	-0.03	0.0250	Double hairpin	-30	1	0	21.46	0.1419
6155	1708.330	20.895	1560.329	20.61	74.2	-0.5568	-0.5532	-0.0912	588	1203	0.06	0.0212	Double hairpin	-26	1	0	23.30	0.1268
6160	1707.784	20.889	1561.224	21.50	77.4	-0.5299	-0.5279	-0.0819	589	1204	0.16	0.0174	Double hairpin	-25	1	0	25.72	0.1100
6165	1707.238	20.883	1562.170	22.39	80.6	-0.5041	-0.5025	-0.0673	590	1205	0.24	0.0138	Double hairpin	-20	1	0	28.87	0.0917
6170	1706.699	20.877	1563.161	22.84	82.2	-0.4797	-0.4796	-0.0486	591	1206	0.32	0.0106	Double hairpin	-17	1	0	31.29	0.0738
6175	1706.172	20.872	1564.185	23.29	83.8	-0.4575	-0.4579	-0.0282	592	1207	0.37	0.0078	Double hairpin	-14	1	0	30.97	0.0564
6180	1705.657	20.868	1565.239	23.74	85.5	-0.4376	-0.4385	-0.0079	593	1208	0.40	0.0055	Double hairpin	-9	1	0	30.65	0.0378
6185	1705.152	20.864	1566.324	24.19	87.1	-0.4204	-0.4223	0.0106	594	1209	0.41	0.0037	Double hairpin	-5	1	0	30.32	0.0220
6190	1704.654	20.862	1567.437	24.64	88.7	-0.4065	-0.4089	0.0267	596	1211	0.39	0.0017	Double hairpin	-1	1	0	29.65	0.0062
6195	1704.162	20.860	1568.576	25.10	90.3	-0.3961	-0.3988	0.0374	597	1212	0.36	0.0012	Double hairpin	2	1	0	29.31	-0.0071
6200	1703.672	20.858	1569.741	25.55	92.0	-0.3892	-0.3919	0.0440	598	1213	0.31	0.0009	Double hairpin	4	1	0	28.97	-0.0160
6205	1703.180	20.857	1570.930	26.00	93.6	-0.3855	-0.3880	0.0467	599	1214	0.26	0.0008	Double hairpin	6	1	0	28.62	-0.0223
6210	1702.684	20.855	1572.141	26.45	95.2	-0.3846	-0.3870	0.0445	601	1216	0.21	0.0008	Double hairpin	7	1	0	27.92	-0.0270
6215	1702.180	20.854	1573.374	26.90	96.8	-0.3862	-0.3882	0.0410	602	1217	0.15	0.0008	Double hairpin	7	1	0	27.56	-0.0285
6220	1701.666	20.853	1574.627	27.35	98.5	-0.3896	-0.3912	0.0358	603	1218	0.11	0.0007	Double hairpin	7	0	0	27.19	-0.0273
6225	1701.141	20.851	1575.893	27.40	98.7	-0.3943	-0.3955	0.0291	605	1220	0.06	0.0004	Double hairpin	6	0	0	26.45	-0.0240
6230	1700.612	20.850	1577.156	27.35	98.5	-0.3997	-0.4005	0.0236	606	1221	0.03	0.0003	Double hairpin	5	0	1	26.06	-0.0198
6235	1700.089	20.849	1578.386	25.31	91.1	-0.4053	-0.4058	0.0194	608	1223	-0.00	0.0001	Double hairpin	3	0	0	25.29	-0.0150
6240	1699.596	20.848	1579.529	24.76	89.1	-0.4104	-0.4105	0.0152	609	1224	-0.02	0.0002	Double hairpin	3	0	0	24.89	-0.0110
6245	1699.102	20.847	1580.663	24.71	88.9	-0.4148	-0.4151	0.0115	610	1225	-0.04	0.0002	Double hairpin	2	0	0	24.48	-0.0066
6250	1698.604	20.847	1581.792	24.66	88.8	-0.4186	-0.4187	0.0081	611	1226	-0.06	0.0004	Double hairpin	1	0	0	24.07	-0.0025
6255	1698.102	20.846	1582.918	24.61	88.6	-0.4217	-0.4216	0.0046	613	1228	-0.07	0.0008	Double hairpin	-1	0	1	23.22	0.0026
6260	1697.611	20.846	1584.012	22.56	81.2	-0.4238	-0.4234	0.0016	614	1229	-0.07	0.0010	Double hairpin	-1	0	0	22.79	0.0050
6265	1697.156	20.846	1585.021	22.01	79.2	-0.4250	-0.4248	-0.0007	615	1230	-0.07	0.0013	Double hairpin	-2	1	0	22.35	0.0088
6270	1696.699	20.846	1586.033	22.54	81.1	-0.4253	-0.4249	-0.0026	616	1231	-0.07	0.0015	Double hairpin	-3	0	0	21.89	0.0139
6275	1696.233	20.846	1587.062	22.59	81.3	-0.4248	-0.4243	-0.0044	617	1232	-0.07	0.0018	Double hairpin	-5	0	0	21.43	0.0213
6280	1695.769	20.846	1588.091	22.54	81.1	-0.4233	-0.4223	-0.0057	618	1233	-0.06	0.0021	Double hairpin	-7	0	1	20.96	0.0320
6285	1695.321	20.847	1589.091	20.48	73.7	-0.4205	-0.4191	-0.0062	619	1234	-0.06	0.0025	Double hairpin	-7	0	0	20.48	0.0321
6290	1694.913	20.847	1590.008	19.93	71.8	-0.4166	-0.4153	-0.0053	620	1235	-0.05	0.0032	Double hairpin	-7	0	0	19.98	0.0309
6295	1694.512	20.848	1590.919	19.88	71.6	-0.4119	-0.4108	-0.0030	621	1236	-0.04	0.0042	Double hairpin	-10	0	0	19.48	0.0460
6300	1694.117	20.849	1591.829	19.83	71.4	-0.4065	-0.4044	0.0012	622	1237	-0.04	0.0058	Double hairpin	-15	0	0	18.96	0.0671
6305	1693.729	20.850	1592.740	19.77	71.2	-0.3995	-0.3959	0.0084	623	1238	-0.05	0.0082	Double hairpin	-21	0	1	18.42	0.0941
6310	1693.362	20.851	1593.625	17.72	63.8	-0.3900	-0.3840	0.0189	624	1239	-0.06	0.0116	Double hairpin	-19	0	0	17.87	0.0933
6315	1693.039	20.852	1594.427	17.16	61.8	-0.3780	-0.3732	0.0311	625	1240	-0.09	0.0160	Double hairpin	-24	0	0	17.30	0.1248
6320	1692.729	20.853	1595.226	17.10	61.5	-0.3646	-0.3580	0.0412	626	1241	-0.12	0.0216	Double hairpin	-31	0	0	16.71	0.1627
6325	1692.433	20.855	1596.027	17.03	61.3	-0.3488	-0.3398	0.0470	627	1242	-0.16	0.0283	Double hairpin	-39	0	0	16.10	0.2063
6330	1692.154	20.856	1596.829	16.96	61.0	-0.3295	-0.3178	0.0464	628	1243	-0.21	0.0360	Double hairpin	-48	0	1	15.47	0.2547
6335	1691.903	20.858	1597.606	14.87	53.5	-0.3057	-0.2888	0.0701	628	1243	-0.26	0.0360	Double hairpin	-31	1	0	15.47	0.1490
6340	1691.691	20.859	1598.316	15.54	55.9	-0.2792	-0.2716	0.0640	629	1244	-0.31	0.0446	Double hairpin	-47	0	0	14.81	0.2459
6345	1691.486	20.861	1599.071	15.64	56.3	-0.2528	-0.2380	0.0438	630	1245	-0.35	0.0536	Double hairpin	-57	0	1	14.12	0.3019
6350	1691.314	20.862	1599.800	13.54	48.7	-0.2231	-0.2012	0.0130	631	1246	-0.39	0.0629	Double hairpin	-49	0	0	13.39	0.2987
6355	1691.183	20.863	1600.442	12.95	46.6	-0.1908	-0.1729	0.0453	631	1246	-0.41	0.0629	Double hairpin	-43	1	0	13.39	0.2267
6360	1691.068	20.864	1601.096	14.10	50.8	-0.1592	-0.1457	0.0038	632	1247	-0.41	0.0722	Double hairpin	-65	0	1	12.62	0.3537
6365	1690.975	20.865	1601.774	12.30	44.3	-0.1272	-0.0990	-0.0480	633	1248	-0.40	0.0810	Double hairpin	-57	0	0	11.91	0.3544
6370	1690.915	20.866	1602.364	11.69	42.1	-0.0928	-0.0687	-0.0135	633	1248	-0.39	0.0810	Double hairpin	-57	0	0	11.91	0.3503
6375	1690.875	20.867	1602.945	11.58	41.7	-0.0587	-0.0342	-0.0720	634	1249	-0.35	0.0893	Double hairpin	-61	0	0	11.35	0.3489
6380	1690.856	20.867	1603.521	11.47	41.3	-0.0248	0.0023	-0.1382	635	1250	-0.31	0.0966	Double hairpin	-68	0	0	10.91	0.4234
6385	1690.859	20.868	1604.092	11.34	40.8	0.0097	0.0411	-0.1037	635	1250	-0.24	0.0966	Double hairpin	-74	0	0	10.91	0.4282
6390	1690.883	20.868	1604.655	11.20	40.3	0.0459	0.0808	-0.1747	636	1251	-0.18	0.1028	Double hairpin	-79	0	0	10.58	0.5059
6395	1690.929	20.868	1605.210	11.04	39.7	0.0842	0.1220	-0.1364	636	1251	-0.10	0.1028	Double hairpin	-85	0	0	10.58	0.5136
6400	1690.997	20.869	1605.754	10.87	39.1	0.1246	0.1661	-0.2106	637	1252	-0.00	0.1077	Double hairpin	-86	0	0	10.33	0.5884
6405	1691.086	20.869	1606.286	10.69	38.5	0.1671	0.2093	-0.1680	637	1252	0.09	0.1077	Double hairpin	-92	0	0	10.33	0.5972
6410	1691.197	20.870	1606.804	10.49	37.8	0.2113	0.2575	-0.2458	638	1253	0.21	0.1110	Double hairpin	-90	0	0	10.18	0.6644
6415	1691.329	20.870	1607.308	10.30	37.1	0.2568	0.3023	-0.2003	638	1253	0.31	0.1110	Double hairpin	-95	0	0	10.18	0.6731
6420	1691.481	20.871	1607.795	10.09	36.3	0.3031	0.3524	-0.2824	639	1254	0.45	0.1125	Double hairpin	-89	0	0	10.11	0.7296
6425	1691.651	20.871	1608.265	9.90	35.6	0.3499	0.3960	-0.2357	639	1254	0.56	0.1125	Double hairpin	-109	0	0	10.11	0.7008
6430	1691.842	20.872	1608.716	9.64	34.7	0.3968	0.4570	-0.3214	640	1255	0.70	0.1123	Double hairpin	-102	1	0	10.12	0.7486
6435	1692.058	20.872	1609.162	10.64	38.3	0.4458	0.4961	-0.2725	640	1255	0.83	0.1123	Double hairpin	-105	0	0	10.12	0.7874
6440	1692.315	20.873	1609.636	10.71	38.6	0.4964	0.5483	-0.3553	641	1256	0.98	0.1100	Double hairpin	-100	0	0	10.22	0.8214
6445	1692.590	20.874	1610.090	10.48	37.7	0.5488	0.5982	-0.3029	641	1256	1.13	0.1100	Double hairpin	-103	0	0	10.22	0.8283
6450	1692.883	20.875	1610.519	10.25	36.9	0.6016	0.6538	-0.3798	642	1257	1.28	0.1059	Double hairpin	-91	0	0	10.42	0.8453
6455	1693.189	20.875	1610.924	10.04	36.1	0.6540	0.6996	-0.3274	642	1257	1.44	0.1059	Double hairpin	-93	1	0	10.42	0.8486
6460	1693.521	20.876	1611.319	11.07	39.9	0.7045	0.7475	-0.2769	642	1257	1.59	0.1059	Double hairpin	-116	0	0	10.42	0.8583
6465	1693.905	20.877	1611.727	11.11	40.0	0.7562	0.8126	-0.3470	643	1258	1.77	0.1001	Double hairpin	-107	0	0	10.72	0.8628
6470	1694.304	20.878	1612.107	10.86	39.1	0.8117	0.8630	-0.2914	643	1258	1.92	0.1001	Double hairpin	-109	0	0	10.72	0.8691
6475	1694.712	20.880	1612.456	10.60	38.2	0.8685	0.9218	-0.3453	644	1259	2.08	0.0928	Double hairpin	-95	1	0	11.13	0.8530
6480	1695.143	20.881	1612.787	11.62	41.8	0.9251	0.9659	-0.2886	644	1259	2.24	0.0928	Double hairpin	-116	0	0	11.13	0.8549
6485	1695.629	20.882	1613.117	11.66	42.0	0.9820	1.0348	-0.3289	645	1260	2.39	0.0845	Double hairpin	-105	0	0	11.67	0.8324
6490	1696.125	20.884	1613.413	11.41	41.1	1.0418	1.0887	-0.2691	645	1260	2.55	0.0845	Double hairpin	-107	0	0	11.67	0.8316
6495	1696.627	20.885	1613.675	11.16	40.2	1.1018	1.1508	-0.2090	645	1260	2.68	0.0845	Double hairpin	-110	1	0	11.67	0.8329
6500	1697.148	20.887	1613.907	12.14	43.7	1.1620	1.2085	-0.2315	646	1261	2.81	0.0754	Double hairpin	-94	0	0	12.35	0.7495
6505	1697.722	20.889	1614.127	12.24	44.1	1.2229	1.2604	-0.1707	646	1261	2.93	0.0754	Double hairpin	-100	0	0	12.35	0.7414
6510	1698.302	20.891	1614.310	12.02	43.3	1.2828	1.3246	-0.1790	647	1262	3.05	0.0661	Double hairpin	-86	1	0	13.19	0.6927
6515	1698.898	20.893	1614.461	13.07	47.1	1.3419	1.3730	-0.1199	647	1262	3.13	0.0661	Double hairpin	-104	0	0	13.19	0.6830
6520	1699.548	20.896	1614.585	13.16	47.4	1.4004	1.4409	-0.1160	648	1263	3.22	0.0569	Double hairpin	-93	1	0	14.21	0.6308
6525	1700.214	20.899	1614.672	14.19	51.1	1.4611	1.4924	-0.0978	649	1264	3.28	0.0482	Double hairpin	-78	1	0	15.44	0.5378
6530	1700.949	20.902	1614.728	15.46	55.7	1.5216	1.5433	-0.0373	649	1264	3.33	0.0482	Double hairpin	-78	0	0	15.44	0.4834
6535	1701.726	20.905	1614.744	15.50	55.8	1.5808	1.6027	-0.0106	650	1265	3.35	0.0402	Double hairpin	-69	1	0	16.91	0.4284
6540	1702.509	20.909	1614.715	16.11	58.0	1.6388	1.6558	0.0225	651	1266	3.34	0.0331	Double hairpin	-62	1	0	18.65	0.3706
6545	1703.328	20.913	1614.640	16.93	61.0	1.6941	1.7075	0.0778	651	1266	3.31	0.0331	Double hairpin	-56	1	0	18.65	0.3123
6550	1704.182	20.917	1614.517	17.77	64.0	1.7467	1.7572	0.1109	652	1267	3.24	0.0268	Double hairpin	-49	1	0	20.71	0.2536
6555	1705.070	20.921	1614.344	18.61	67.0	1.7961	1.8038	0.1445	653	1268	3.13	0.0214	Double hairpin	-32	1	0	23.17	0.1670
6560	1705.992	20.926	1614.121	19.48	70.1	1.8413	1.8429	0.1760	654	1269	3.00	0.0168	Double hairpin	-22	1	0	26.16	0.1092
6565	1706.945	20.930	1613.850	20.35	73.3	1.8797	1.8787	0.2025	655	1270	2.82	0.0129	Double hairpin	-7	1	0	29.88	0.0341
6570	1707.931	20.935	1613.534	21.23	76.4	1.9103	1.9056	0.2232	656	1271	2.62	0.0095	Double hairpin	3	1	0	33.15	-0.0132
6575	1708.950	20.940	1613.177	22.12	79.6	1.9318	1.9258	0.2372	657	1272	2.39	0.0066	Double hairpin	15	1	0	32.85	-0.0686
6580	1709.998	20.946	1612.789	22.65	81.5	1.9438	1.9362	0.2449	658	1273	2.13	0.0042	Double hairpin	23	1	0	32.54	-0.1002
6585	1711.065	20.951	1612.383	23.09	83.1	1.9463	1.9384	0.2465	659	1274	1.87	0.0022	Double hairpin	29	1	0	32.23	-0.1240
6590	1712.152	20.956	1611.969	23.52	84.7	1.9399	1.9323	0.2429	660	1275	1.59	0.0006	Double hairpin	35	1	0	31.92	-0.1505
6595	1713.262	20.962	1611.556	23.95	86.2	1.9256	1.9182	0.2344	661	1276	1.32	-0.0006	Double hairpin	38	1	0	31.61	-0.1580
6600	1714.399	20.968	1611.153	24.38	87.8	1.9045	1.8980	0.2282	663	1278	1.05	-0.0017	Double hairpin	38	1	0	30.97	-0.1630
6605	1715.563	20.973	1610.767	24.80	89.3	1.8779	1.8729	0.2075	664	1279	0.78	-0.0018	Double hairpin	37	1	0	30.64	-0.1531
6610	1716.758	20.979	1610.405	25.22	90.8	1.8478	1.8441	0.1803	665	1280	0.54	-0.0017	Double hairpin	32	1	0	30.32	-0.1365
6615	1717.982	20.985	1610.071	25.65	92.3	1.8161	1.8144	0.1483	666	1281	0.32	-0.0015	Double hairpin	29	1	0	29.98	-0.1149
6620	1719.236	20.991	1609.769	26.08	93.9	1.7846	1.7839	0.1102	668	1283	0.15	-0.0009	Double hairpin	22	1	0	29.31	-0.0923
6625	1720.519	20.998	1609.499	26.51	95.4	1.7547	1.7557	0.0777	669	1284	0.01	-0.0006	Double hairpin	18	1	0	28.97	-0.0716
6630	1721.831	21.005	1609.261	26.95	97.0	1.7279	1.7294	0.0511	670	1285	-0.08	-0.0003	Double hairpin	14	1	0	28.62	-0.0577
6635	1723.171	21.012	1609.053	27.38	98.6	1.7045	1.7063	0.0376	672	1287	-0.15	0.0007	Double hairpin	12	1	0	27.91	-0.0469
6640	1724.536	21.019	1608.873	27.82	100.2	1.6845	1.6861	0.0242	673	1288	-0.20	0.0013	Double hairpin	9	0	0	27.55	-0.0331
6645	1725.921	21.026	1608.716	27.86	100.3	1.6675	1.6692	0.0111	674	1289	-0.24	0.0018	Double hairpin	5	0	0	27.18	-0.0196
6650	1727.306	21.032	1608.583	27.81	100.1	1.6537	1.6557	-0.0124	676	1291	-0.25	0.0022	Double hairpin	1	0	1	26.44	-0.0033
6655	1728.661	21.039	1608.469	25.75	92.7	1.6432	1.6455	-0.0369	677	1292	-0.23	0.0018	Double hairpin	-2	1	0	26.06	0.0068
6660	1729.929	21.044	1608.375	25.59	92.1	1.6363	1.6386	-0.0605	678	1293	-0.17	0.0008	Double hairpin	-5	0	0	25.67	0.0188
6665	1731.209	21.050	1608.288	25.64	92.3	1.6327	1.6351	-0.0863	680	1295	-0.07	-0.0023	Double hairpin	-9	0	0	24.88	0.0366
6670	1732.487	21.056	1608.204	25.58	92.1	1.6324	1.6352	-0.0836	681	1296	0.03	-0.0038	Double hairpin	-12	0	0	24.47	0.0481
6675	1733.762	21.061	1608.120	25.52	91.9	1.6355	1.6384	-0.0662	682	1297	0.13	-0.0050	Double hairpin	-15	0	1	24.06	0.0593
6680	1735.004	21.066	1608.033	23.46	84.5	1.6418	1.6452	-0.0365	683	1298	0.18	-0.0053	Double hairpin	-14	0	0	23.64	0.0579
6685	1736.152	21.069	1607.945	22.90	82.5	1.6509	1.6534	0.0246	685	1300	0.18	-0.0030	Double hairpin	-15	0	0	22.78	0.0674
6690	1737.292	21.072	1607.847	22.85	82.2	1.6615	1.6639	0.0519	686	1301	0.14	-0.0003	Double hairpin	-18	0	0	22.34	0.0797
6695	1738.428	21.075	1607.737	22.79	82.0	1.6735	1.6766	0.0688	687	1302	0.07	0.0032	Double hairpin	-22	0	0	21.89	0.0953
6700	1739.559	21.077	1607.613	22.73	81.8	1.6876	1.6916	0.0753	688	1303	-0.02	0.0073	Double hairpin	-27	0	1	21.42	0.1136
6705	1740.656	21.078	1607.475	20.67	74.4	1.7043	1.7101	0.0741	689	1304	-0.10	0.0117	Double hairpin	-24	0	0	20.95	0.1068
6710	1741.658	21.080	1607.331	20.11	72.4	1.7234	1.7278	0.0690	690	1305	-0.17	0.0162	Double hairpin	-26	1	0	20.47	0.1246
6715	1742.660	21.082	1607.168	20.80	74.9	1.7434	1.7480	0.0626	691	1306	-0.23	0.0206	Double hairpin	-32	0	0	19.98	0.1437
6720	1743.689	21.083	1606.978	20.92	75.3	1.7650	1.7713	0.0588	692	1307	-0.28	0.0249	Straight entry	-37	0	1	19.47	0.1618
6725	1744.683	21.085	1606.770	18.85	67.9	1.7894	1.7981	0.0596	693	1308	-0.34	0.0289	Straight entry	-32	0	0	18.95	0.1517
6730	1745.580	21.086	1606.560	18.29	65.8	1.8159	1.8225	0.0624	694	1309	-0.39	0.0327	Straight entry	-31	0	0	18.41	0.1386
6735	1746.463	21.087	1606.329	18.22	65.6	1.8424	1.8486	0.0616	695	1310	-0.44	0.0359	Straight entry	-33	0	0	17.86	0.1498
6740	1747.337	21.088	1606.075	18.15	65.3	1.8687	1.8758	0.0530	696	1311	-0.49	0.0385	Straight entry	-33	0	0	17.29	0.1553
6745	1748.200	21.089	1605.799	18.08	65.1	1.8953	1.9023	0.0337	697	1312	-0.53	0.0399	Straight entry	-32	0	0	16.98	0.1532
6750	1749.052	21.090	1605.502	18.01	64.9	1.9220	1.9287	0.0030	698	1313	-0.55	0.0399	Straight entry	-30	0	0	16.98	0.1432
6755	1749.894	21.091	1605.184	17.95	64.6	1.9483	1.9543	-0.0368	699	1314	-0.54	0.0382	Straight entry	-26	0	0	17.36	0.1264
6760	1750.724	21.093	1604.846	17.89	64.4	1.9737	1.9784	-0.0806	700	1315	-0.50	0.0346	Straight entry	-21	1	0	18.24	0.1053
6765	1751.554	21.094	1604.485	18.58	66.9	1.9974	2.0001	-0.1212	701	1316	-0.42	0.0293	Straight entry	-15	1	0	19.81	0.0768
6770	1752.414	21.095	1604.089	19.47	70.1	2.0184	2.0192	-0.1511	702	1317	-0.30	0.0227	Straight entry	-12	1	0	22.51	0.0588
6775	1753.306	21.097	1603.657	20.35	73.3	2.0364	2.0366	-0.1640	703	1318	-0.14	0.0154	Straight entry	-10	1	0	27.34	0.0501
6780	1754.230	21.098	1603.190	21.24	76.5	2.0517	2.0517	-0.1558	704	1319	0.03	0.0082	Straight entry	-10	1	0	27.97	0.0460
6785	1755.186	21.099	1602.688	22.13	79.7	2.0648	2.0651	-0.1266	705	1320	0.20	0.0019	Straight entry	-12	1	0	27.61	0.0565
6790	1756.170	21.101	1602.155	22.67	81.6	2.0768	2.0779	-0.0798	706	1321	0.33	-0.0027	Straight entry	-14	1	0	27.25	0.0600
6795	1757.167	21.102	1601.597	23.11	83.2	2.0886	2.0904	-0.0225	707	1322	0.39	-0.0051	Straight entry	-15	1	0	26.88	0.0638
6800	1758.176	21.102	1601.016	23.56	84.8	2.1010	2.1029	0.0360	708	1323	0.38	-0.0052	Straight entry	-17	1	0	26.50	0.0748
6805	1759.196	21.103	1600.411	24.00	86.4	2.1142	2.1164	0.0862	709	1324	0.29	-0.0031	Straight entry	-18	1	0	26.12	0.0752
6810	1760.227	21.103	1599.780	24.45	88.0	2.1286	2.1308	0.1213	711	1326	0.15	0.0055	Straight entry	-19	1	0	25.34	0.0788
6815	1761.268	21.103	1599.122	24.89	89.6	2.1441	2.1462	0.1173	712	1327	-0.00	0.0105	Straight entry	-18	0	0	24.95	0.0749
6820	1762.313	21.104	1598.439	24.94	89.8	2.1605	2.1621	0.0985	713	1328	-0.14	0.0150	Straight entry	-17	0	0	24.54	0.0692
6825	1763.344	21.104	1597.740	24.88	89.6	2.1773	2.1784	0.0707	714	1329	-0.24	0.0184	Straight entry	-16	0	0	24.13	0.0627
6830	1764.362	21.105	1597.026	24.83	89.4	2.1939	2.1948	-0.0021	716	1331	-0.28	0.0210	Straight entry	-14	0	1	23.42	0.0592
6835	1765.342	21.106	1596.316	22.77	82.0	2.2099	2.2107	-0.0206	717	1332	-0.27	0.0201	Straight entry	-11	1	0	23.90	0.0482
6840	1766.242	21.106	1595.643	22.62	81.4	2.2248	2.2249	-0.0304	718	1333	-0.23	0.0182	Straight entry	-9	1	0	25.10	0.0412
6845	1767.146	21.107	1594.948	23.07	83.0	2.2379	2.2377	-0.0322	719	1334	-0.19	0.0158	Straight entry	-9	1	0	27.01	0.0357
6850	1768.058	21.108	1594.227	23.52	84.7	2.2495	2.2496	-0.0277	720	1335	-0.15	0.0130	Straight entry	-8	1	0	29.70	0.0362
6855	1768.979	21.108	1593.481	23.96	86.3	2.2599	2.2599	-0.0192	721	1336	-0.11	0.0105	Straight entry	-8	1	0	33.13	0.0341
6860	1769.909	21.109	1592.712	24.41	87.9	2.2694	2.2696	-0.0079	723	1338	-0.09	0.0067	Straight entry	-9	1	0	35.97	0.0397
6865	1770.849	21.110	1591.919	24.86	89.5	2.2783	2.2789	0.0011	724	1339	-0.09	0.0057	Straight entry	-10	1	0	35.70	0.0409
6870	1771.798	21.110	1591.103	25.31	91.1	2.2873	2.2881	0.0085	725	1340	-0.09	0.0053	Straight entry	-12	1	0	35.41	0.0490
6875	1772.756	21.111	1590.262	25.76	92.7	2.2967	2.2980	0.0146	726	1341	-0.10	0.0054	Straight entry	-13	1	0	35.13	0.0500
6880	1773.722	21.112	1589.397	26.20	94.3	2.3070	2.3083	0.0146	728	1343	-0.12	0.0066	Straight entry	-13	1	0	34.56	0.0538
6885	1774.696	21.113	1588.507	26.65	95.9	2.3182	2.3192	0.0193	729	1344	-0.15	0.0074	Straight entry	-13	1	0	34.27	0.0506
6890	1775.676	21.114	1587.591	27.10	97.5	2.3300	2.3308	0.0238	730	1345	-0.17	0.0084	Straight entry	-12	1	0	33.97	0.0479
6895	1776.662	21.115	1586.648	27.54	99.2	2.3421	2.3425	0.0173	732	1347	-0.20	0.0100	Straight entry	-11	1	0	33.38	0.0436
6900	1777.652	21.116	1585.679	27.99	100.8	2.3541	2.3542	0.0173	733	1348	-0.22	0.0105	Straight entry	-10	1	0	33.08	0.0373
6905	1778.648	21.118	1584.682	28.44	102.4	2.3657	2.3656	-0.0007	735	1350	-0.23	0.0105	Straight entry	-9	1	0	33.06	0.0363
6910	1779.647	21.119	1583.659	28.88	104.0	2.3767	2.3764	-0.0062	736	1351	-0.23	0.0100	Straight entry	-8	1	0	34.00	0.0308
6915	1780.651	21.121	1582.608	29.33	105.6	2.3869	2.3866	-0.0120	737	1352	-0.21	0.0090	Straight entry	-7	1	0	35.75	0.0256
6920	1781.660	21.123	1581.532	29.78	107.2	2.3963	2.3959	-0.0265	739	1354	-0.17	0.0063	Straight entry	-6	1	0	40.00	0.0222
6925	1782.674	21.128	1580.428	30.22	108.8	2.4048	2.4043	-0.0234	740	1355	-0.13	0.0049	Straight entry	-5	1	0	40.00	0.0180
6930	1783.694	21.133	1579.301	30.67	110.4	2.4124	2.4118	-0.0128	742	1357	-0.09	0.0025	Straight entry	-4	1	0	40.00	0.0134
6935	1784.721	21.137	1578.148	31.12	112.0	2.4190	2.4183	-0.0004	743	1358	-0.08	0.0018	Straight entry	-2	1	0	40.00	0.0084
6940	1785.756	21.140	1576.973	31.56	113.6	2.4245	2.4236	0.0155	745	1360	-0.09	0.0015	Straight entry	-1	1	0	40.00	0.0040
6945	1786.800	21.142	1575.776	31.99	115.2	2.4287	2.4279	0.0178	747	1362	-0.12	0.0022	Straight entry	0	1	0	40.00	-0.0012
6950	1787.850	21.144	1574.562	32.24	116.1	2.4317	2.4310	0.0147	748	1363	-0.14	0.0026	Straight entry	2	1	0	40.00	-0.0055
6955	1788.905	21.147	1573.335	32.49	116.9	2.4335	2.4326	-0.0002	750	1365	-0.15	0.0028	Straight entry	3	1	0	40.00	-0.0114
6960	1789.966	21.151	1572.098	32.73	117.8	2.4339	2.4331	-0.0070	751	1366	-0.14	0.0026	Straight entry	4	1	0	40.00	-0.0152
6965	1791.035	21.155	1570.851	32.98	118.7	2.4331	2.4323	-0.0151	753	1368	-0.12	0.0016	Straight entry	6	1	0	40.00	-0.0202
6970	1792.113	21.158	1569.597	33.23	119.6	2.4309	2.4300	-0.0154	755	1370	-0.09	0.0002	Straight entry	6	1	0	40.00	-0.0220
6975	1793.204	21.162	1568.336	33.47	120.5	2.4274	2.4268	-0.0163	756	1371	-0.07	-0.0005	Straight entry	5	1	0	40.00	-0.0182
6980	1794.307	21.166	1567.069	33.72	121.4	2.4232	2.4230	-0.0156	758	1373	-0.04	-0.0018	Straight entry	2	1	0	40.00	-0.0088
6985	1795.422	21.169	1565.798	33.96	122.3	2.4189	2.4194	-0.0163	760	1375	-0.01	-0.0029	Straight entry	-1	1	0	39.89	0.0033
6990	1796.550	21.173	1564.521	34.21	123.2	2.4158	2.4167	-0.0178	761	1376	0.01	-0.0034	Straight entry	-3	1	0	39.64	0.0108
6995	1797.688	21.176	1563.237	34.46	124.0	2.4142	2.4152	-0.0140	763	1378	0.04	-0.0042	Straight entry	-5	1	0	39.13	0.0180
7000	1798.836	21.180	1561.945	34.71	124.9	2.4144	2.4155	-0.0030	765	1380	0.05	-0.0044	Straight entry	-5	1	0	38.61	0.0183
7005	1799.992	21.183	1560.642	34.95	125.8	2.4163	2.4169	0.0162	767	0	0.04	-0.0032	Straight entry	-4	1	0	38.09	0.0120
7010	1801.152	21.187	1559.328	35.20	126.7	2.4191	2.4193	0.0289	768	1	0.00	-0.0020	Straight entry	-1	1	0	37.83	0.0025
7015	1802.318	21.190	1558.003	35.45	127.6	2.4220	2.4215	0.0463	770	3	-0.07	0.0016	Grid	2	1	0	37.30	-0.0063
7020	1803.489	21.194	1556.666	35.69	128.5	2.4240	2.4231	0.0446	772	5	-0.15	0.0057	Grid	3	1	0	36.76	-0.0112
7025	1804.667	21.198	1555.318	35.94	129.4	2.4246	2.4237	0.0171	774	7	-0.22	0.0084	Grid	3	0	0	36.21	-0.0113
7030	1805.850	21.201	1553.963	35.95	129.4	2.4239	2.4233	-0.0276	776	9	-0.22	0.0078	Grid	2	0	0	35.65	-0.0078
7035	1807.033	21.205	1552.611	35.89	129.2	2.4225	2.4223	-0.0506	777	10	-0.15	0.0062	Grid	1	0	0	35.37	-0.0046
7040	1808.215	21.209	1551.263	35.84	129.0	2.4210	2.4211	-0.0793	779	12	-0.02	0.0007	Grid	0	0	0	34.80	0.0017
7045	1809.397	21.213	1549.917	35.79	128.8	2.4198	2.4201	-0.0723	781	14	0.12	-0.0056	Grid	-2	0	1	34.22	0.0076
7050	1810.555	21.218	1548.601	33.73	121.4	2.4192	2.4198	-0.0308	783	16	0.23	-0.0097	Grid	-3	0	0	33.63	0.0109
7055	1811.655	21.223	1547.352	33.18	119.4	2.4196	2.4202	-0.0029	784	17	0.25	-0.0103	Grid	-3	0	0	33.33	0.0114
7060	1812.749	21.230	1546.107	33.12	119.2	2.4208	2.4212	0.0478	786	19	0.20	-0.0083	Grid	-5	1	0	37.18	0.0163
7065	1813.842	21.238	1544.859	33.30	119.9	2.4229	2.4236	0.0729	788	21	0.09	-0.0031	Grid	-7	1	0	37.01	0.0233
7070	1814.939	21.247	1543.599	33.55	120.8	2.4262	2.4270	0.0750	789	22	-0.03	-0.0000	Grid	-9	1	0	36.74	0.0324
7075	1816.039	21.258	1542.326	33.79	121.6	2.4310	2.4319	0.0570	791	24	-0.15	0.0054	Grid	-12	1	0	36.19	0.0412
7080	1817.141	21.270	1541.037	34.02	122.5	2.4376	2.4387	0.0284	793	26	-0.22	0.0086	Grid	-13	1	0	35.64	0.0463
7085	1818.241	21.285	1539.731	34.26	123.3	2.4461	2.4469	0.0199	794	27	-0.26	0.0092	Grid	-13	1	0	35.36	0.0441
7090	1819.336	21.302	1538.407	34.49	124.2	2.4562	2.4566	0.0028	796	29	-0.27	0.0088	Grid	-12	1	0	36.19	0.0393
7095	1820.425	21.322	1537.062	34.72	125.0	2.4672	2.4672	-0.0011	798	31	-0.26	0.0075	Grid	-9	1	0	37.73	0.0291
7100	1821.508	21.346	1535.697	34.95	125.8	2.4783	2.4775	0.0075	800	33	-0.26	0.0068	Grid	-5	1	0	37.20	0.0157
7105	1822.585	21.373	1534.313	35.18	126.6	2.4882	2.4869	0.0186	801	34	-0.28	0.0068	Grid	0	1	0	36.93	0.0009
