use	0	Land	G	0	0	0	0	5,6,46
use	1	Land	G	0	0	0	0	6,6,42
use	2	Land	G	0	0	0	0	6,6,43
use	3	Land	G	0	0	0	0	6,6,44
use	4	Land	G	0	0	0	0	6,6,45
use	5	Land	G	0	0	0	0	6,6,46
use	6	Land	G	0	0	0	0	7,6,42
use	7	Land	G	0	0	0	0	7,6,43
use	8	Land	G	0	0	0	0	7,6,44
use	9	Land	G	0	0	0	0	7,6,45
use	10	Land	G	0	0	0	0	7,6,46
use	11	Land	G	0	0	0	0	8,6,41
use	12	Land	G	0	0	0	0	8,6,42
use	13	Land	G	0	0	0	0	8,6,43
use	14	Land	G	0	0	0	0	8,6,44
use	15	Land	G	0	0	0	0	8,6,45
use	16	Land	G	0	0	0	0	8,6,46
use	17	Land	G	0	0	0	0	9,6,41
use	18	Land	G	0	0	0	0	9,6,46
use	19	Land	G	0	0	0	0	9,6,47
use	20	Land	G	0	0	0	0	9,6,48
use	21	Land	G	0	0	0	0	9,6,49
use	22	Land	G	0	0	0	0	10,6,41
use	23	Land	G	0	0	0	0	10,6,46
use	24	Land	G	0	0	0	0	10,6,47
use	25	Land	G	0	0	0	0	10,6,48
use	26	Land	G	0	0	0	0	10,6,49
use	27	Land	G	0	0	0	0	10,6,50
use	28	Land	G	0	0	0	0	10,6,51
use	29	Land	G	0	0	0	0	11,6,38
use	30	Land	G	0	0	0	0	11,6,39
use	31	Land	G	0	0	0	0	11,6,40
use	32	Land	G	0	0	0	0	11,6,41
use	33	Land	G	0	0	0	0	11,6,46
use	34	Land	G	0	0	0	0	11,6,47
use	35	Land	G	0	0	0	0	11,6,48
use	36	Land	G	0	0	0	0	12,6,38
use	37	Land	G	0	0	0	0	12,6,39
use	38	Land	G	0	0	0	0	12,6,40
use	39	Land	G	0	0	0	0	12,6,41
use	40	Land	G	0	0	0	0	12,6,46
use	41	Land	G	0	0	0	0	13,6,38
use	42	Land	G	0	0	0	0	13,6,46
use	43	Land	G	0	0	0	0	14,6,24
use	44	Land	G	0	0	0	0	14,6,25
use	45	Land	G	0	0	0	0	14,6,26
use	46	Land	G	0	0	0	0	14,6,27
use	47	Land	G	0	0	0	0	14,6,28
use	48	Land	G	0	0	0	0	14,6,38
use	49	Land	G	0	0	0	0	15,6,24
use	50	Land	G	0	0	0	0	15,6,25
use	51	Land	G	0	0	0	0	15,6,38
use	52	Land	G	0	0	0	0	16,6,24
use	53	Land	G	0	0	0	0	16,6,25
use	54	Land	G	0	0	0	0	16,6,38
use	55	Land	G	0	0	0	0	16,6,44
use	56	Land	G	0	0	0	0	16,6,45
use	57	Land	G	0	0	0	0	16,6,55
use	58	Land	G	0	0	0	0	16,6,56
use	59	Land	G	0	0	0	0	16,6,57
use	60	Land	G	0	0	0	0	16,6,58
use	61	Land	G	0	0	0	0	17,6,35
use	62	Land	G	0	0	0	0	17,6,36
use	63	Land	G	0	0	0	0	17,6,37
use	64	Land	G	0	0	0	0	17,6,38
use	65	Land	G	0	0	0	0	17,6,55
use	66	Land	G	0	0	0	0	17,6,56
use	67	Land	G	0	0	0	0	17,6,57
use	68	Land	G	0	0	0	0	17,6,58
use	69	Land	G	0	0	0	0	18,6,21
use	70	Land	G	0	0	0	0	18,6,35
use	71	Land	G	0	0	0	0	18,6,36
use	72	Land	G	0	0	0	0	18,6,37
use	73	Land	G	0	0	0	0	18,6,38
use	74	Land	G	0	0	0	0	18,6,43
use	75	Land	G	0	0	0	0	19,6,21
use	76	Land	G	0	0	0	0	19,6,35
use	77	Land	G	0	0	0	0	19,6,36
use	78	Land	G	0	0	0	0	19,6,37
use	79	Land	G	0	0	0	0	19,6,38
use	80	Land	G	0	0	0	0	19,6,59
use	81	Land	G	0	0	0	0	19,6,60
use	82	Land	G	0	0	0	0	20,6,21
use	83	Land	G	0	0	0	0	20,6,44
use	84	Land	G	0	0	0	0	20,6,45
use	85	Land	G	0	0	0	0	20,6,59
use	86	Land	G	0	0	0	0	20,6,60
use	87	Land	G	0	0	0	0	21,6,21
use	88	Land	G	0	0	0	0	21,6,44
use	89	Land	G	0	0	0	0	21,6,45
use	90	Land	G	0	0	0	0	21,6,57
use	91	Land	G	0	0	0	0	21,6,58
use	92	Land	G	0	0	0	0	21,6,59
use	93	Land	G	0	0	0	0	21,6,60
use	94	Land	G	0	0	0	0	22,6,19
use	95	Land	G	0	0	0	0	22,6,20
use	96	Land	G	0	0	0	0	22,6,38
use	97	Land	G	0	0	0	0	22,6,57
use	98	Land	G	0	0	0	0	22,6,58
use	99	Land	G	0	0	0	0	22,6,59
use	100	Land	G	0	0	0	0	22,6,60
use	101	Land	G	0	0	0	0	23,6,19
use	102	Land	G	0	0	0	0	23,6,20
use	103	Land	G	0	0	0	0	23,6,38
use	104	Land	G	0	0	0	0	23,6,39
use	105	Land	G	0	0	0	0	23,6,42
use	106	Land	G	0	0	0	0	23,6,43
use	107	Land	G	0	0	0	0	23,6,57
use	108	Land	G	0	0	0	0	23,6,58
use	109	Land	G	0	0	0	0	23,6,59
use	110	Land	G	0	0	0	0	23,6,60
use	111	Land	G	0	0	0	0	24,6,19
use	112	Land	G	0	0	0	0	24,6,20
use	113	Land	G	0	0	0	0	24,6,38
use	114	Land	G	0	0	0	0	24,6,39
use	115	Land	G	0	0	0	0	24,6,42
use	116	Land	G	0	0	0	0	24,6,43
use	117	Land	G	0	0	0	0	24,6,44
use	118	Land	G	0	0	0	0	24,6,45
use	119	Land	G	0	0	0	0	24,6,48
use	120	Land	G	0	0	0	0	24,6,49
use	121	Land	G	0	0	0	0	24,6,59
use	122	Land	G	0	0	0	0	24,6,60
use	123	Land	G	0	0	0	0	25,6,19
use	124	Land	G	0	0	0	0	25,6,20
use	125	Land	G	0	0	0	0	25,6,38
use	126	Land	G	0	0	0	0	25,6,39
use	127	Land	G	0	0	0	0	25,6,40
use	128	Land	G	0	0	0	0	25,6,41
use	129	Land	G	0	0	0	0	25,6,42
use	130	Land	G	0	0	0	0	25,6,43
use	131	Land	G	0	0	0	0	25,6,44
use	132	Land	G	0	0	0	0	25,6,45
use	133	Land	G	0	0	0	0	25,6,46
use	134	Land	G	0	0	0	0	25,6,47
use	135	Land	G	0	0	0	0	25,6,48
use	136	Land	G	0	0	0	0	25,6,49
use	137	Land	G	0	0	0	0	25,6,59
use	138	Land	G	0	0	0	0	25,6,60
use	139	Land	G	0	0	0	0	26,6,17
use	140	Land	G	0	0	0	0	26,6,18
use	141	Land	G	0	0	0	0	26,6,19
use	142	Land	G	0	0	0	0	26,6,20
use	143	Land	G	0	0	0	0	26,6,45
use	144	Land	G	0	0	0	0	26,6,46
use	145	Land	G	0	0	0	0	26,6,47
use	146	Land	G	0	0	0	0	26,6,48
use	147	Land	G	0	0	0	0	26,6,49
use	148	Land	G	0	0	0	0	26,6,59
use	149	Land	G	0	0	0	0	26,6,60
use	150	Land	G	0	0	0	0	27,6,17
use	151	Land	G	0	0	0	0	27,6,18
use	152	Land	G	0	0	0	0	27,6,19
use	153	Land	G	0	0	0	0	27,6,20
use	154	Land	G	0	0	0	0	27,6,45
use	155	Land	G	0	0	0	0	27,6,46
use	156	Land	G	0	0	0	0	27,6,59
use	157	Land	G	0	0	0	0	27,6,60
use	158	Land	G	0	0	0	0	28,6,21
use	159	Land	G	0	0	0	0	28,6,22
use	160	Land	G	0	0	0	0	28,6,23
use	161	Land	G	0	0	0	0	28,6,34
use	162	Land	G	0	0	0	0	28,6,35
use	163	Land	G	0	0	0	0	28,6,36
use	164	Land	G	0	0	0	0	28,6,37
use	165	Land	G	0	0	0	0	28,6,59
use	166	Land	G	0	0	0	0	28,6,60
use	167	Land	G	0	0	0	0	29,6,22
use	168	Land	G	0	0	0	0	29,6,23
use	169	Land	G	0	0	0	0	29,6,34
use	170	Land	G	0	0	0	0	29,6,35
use	171	Land	G	0	0	0	0	29,6,36
use	172	Land	G	0	0	0	0	29,6,37
use	173	Land	G	0	0	0	0	29,6,38
use	174	Land	G	0	0	0	0	29,6,39
use	175	Land	G	0	0	0	0	29,6,50
use	176	Land	G	0	0	0	0	29,6,59
use	177	Land	G	0	0	0	0	29,6,60
use	178	Land	G	0	0	0	0	30,6,22
use	179	Land	G	0	0	0	0	30,6,23
use	180	Land	G	0	0	0	0	30,6,33
use	181	Land	G	0	0	0	0	30,6,34
use	182	Land	G	0	0	0	0	30,6,35
use	183	Land	G	0	0	0	0	30,6,36
use	184	Land	G	0	0	0	0	30,6,37
use	185	Land	G	0	0	0	0	30,6,38
use	186	Land	G	0	0	0	0	30,6,39
use	187	Land	G	0	0	0	0	30,6,50
use	188	Land	G	0	0	0	0	30,6,51
use	189	Land	G	0	0	0	0	30,6,59
use	190	Land	G	0	0	0	0	30,6,60
use	191	Land	G	0	0	0	0	30,6,61
use	192	Land	G	0	0	0	0	30,6,62
use	193	Beach	G	0	5	0	0	30,5,63
use	194	Land	G	0	0	0	0	31,6,22
use	195	Land	G	0	0	0	0	31,6,23
use	196	Land	G	0	0	0	0	31,6,33
use	197	Land	G	0	0	0	0	31,6,34
use	198	Land	G	0	0	0	0	31,6,35
use	199	Land	G	0	0	0	0	31,6,36
use	200	Land	G	0	0	0	0	31,6,37
use	201	Land	G	0	0	0	0	31,6,38
use	202	Land	G	0	0	0	0	31,6,39
use	203	Land	G	0	0	0	0	31,6,40
use	204	Land	G	0	0	0	0	31,6,51
use	205	Land	G	0	0	0	0	31,6,60
use	206	Land	G	0	0	0	0	31,6,61
use	207	Land	G	0	0	0	0	31,6,62
use	208	Beach	G	0	5	2	0	31,5,63
use	209	Land	G	0	0	0	0	32,6,22
use	210	Land	G	0	0	0	0	32,6,23
use	211	Land	G	0	0	0	0	32,6,33
use	212	Land	G	0	0	0	0	32,6,39
use	213	Land	G	0	0	0	0	32,6,40
use	214	Land	G	0	0	0	0	32,6,52
use	215	Land	G	0	0	0	0	32,6,53
use	216	Land	G	0	0	0	0	32,6,60
use	217	Land	G	0	0	0	0	32,6,61
use	218	Land	G	0	0	0	0	32,6,62
use	219	Beach	G	0	5	1	0	32,5,63
use	220	Land	G	0	0	0	0	33,6,33
use	221	Land	G	0	0	0	0	33,6,39
use	222	Land	G	0	0	0	0	33,6,40
use	223	Land	G	0	0	0	0	33,6,41
use	224	Land	G	0	0	0	0	33,6,42
use	225	Land	G	0	0	0	0	33,6,52
use	226	Land	G	0	0	0	0	33,6,53
use	227	Land	G	0	0	0	0	33,6,60
use	228	Land	G	0	0	0	0	33,6,61
use	229	Land	G	0	0	0	0	33,6,62
use	230	Beach	G	0	5	2	0	33,5,63
use	231	Land	G	0	0	0	0	34,6,39
use	232	Land	G	0	0	0	0	34,6,40
use	233	Land	G	0	0	0	0	34,6,41
use	234	Land	G	0	0	0	0	34,6,42
use	235	Land	G	0	0	0	0	34,6,52
use	236	Land	G	0	0	0	0	34,6,53
use	237	Beach	G	0	5	0	0	34,5,63
use	238	Land	G	0	0	0	0	35,6,30
use	239	Land	G	0	0	0	0	35,6,31
use	240	Land	G	0	0	0	0	35,6,39
use	241	Land	G	0	0	0	0	35,6,40
use	242	Land	G	0	0	0	0	35,6,41
use	243	Land	G	0	0	0	0	35,6,42
use	244	Land	G	0	0	0	0	35,6,52
use	245	Land	G	0	0	0	0	35,6,53
use	246	Land	G	0	0	0	0	35,6,54
use	247	Land	G	0	0	0	0	35,6,55
use	248	Beach	G	0	5	2	0	35,5,63
use	249	Land	G	0	0	0	0	36,6,26
use	250	Land	G	0	0	0	0	36,6,27
use	251	Land	G	0	0	0	0	36,6,30
use	252	Land	G	0	0	0	0	36,6,31
use	253	Land	G	0	0	0	0	36,6,40
use	254	Land	G	0	0	0	0	36,6,41
use	255	Land	G	0	0	0	0	36,6,42
use	256	Land	G	0	0	0	0	36,6,53
use	257	Land	G	0	0	0	0	36,6,54
use	258	Land	G	0	0	0	0	36,6,55
use	259	Beach	G	0	5	0	0	36,5,63
use	260	Land	G	0	0	0	0	37,6,26
use	261	Land	G	0	0	0	0	37,6,27
use	262	Land	G	0	0	0	0	37,6,28
use	263	Land	G	0	0	0	0	37,6,29
use	264	Land	G	0	0	0	0	37,6,30
use	265	Land	G	0	0	0	0	37,6,31
use	266	Land	G	0	0	0	0	37,6,32
use	267	Land	G	0	0	0	0	37,6,40
use	268	Land	G	0	0	0	0	37,6,41
use	269	Land	G	0	0	0	0	37,6,42
use	270	Land	G	0	0	0	0	37,6,53
use	271	Land	G	0	0	0	0	37,6,54
use	272	Land	G	0	0	0	0	37,6,55
use	273	Land	G	0	0	0	0	38,6,24
use	274	Land	G	0	0	0	0	38,6,28
use	275	Land	G	0	0	0	0	38,6,29
use	276	Land	G	0	0	0	0	38,6,30
use	277	Land	G	0	0	0	0	38,6,31
use	278	Land	G	0	0	0	0	38,6,32
use	279	Land	G	0	0	0	0	38,6,40
use	280	Land	G	0	0	0	0	38,6,41
use	281	Land	G	0	0	0	0	38,6,42
use	282	Land	G	0	0	0	0	38,6,53
use	283	Land	G	0	0	0	0	38,6,54
use	284	Land	G	0	0	0	0	38,6,55
use	285	Land	G	0	0	0	0	39,6,24
use	286	Land	G	0	0	0	0	39,6,28
use	287	Land	G	0	0	0	0	39,6,29
use	288	Land	G	0	0	0	0	39,6,30
use	289	Land	G	0	0	0	0	39,6,31
use	290	Land	G	0	0	0	0	39,6,40
use	291	Land	G	0	0	0	0	39,6,41
use	292	Land	G	0	0	0	0	39,6,42
use	293	Land	G	0	0	0	0	39,6,43
use	294	Land	G	0	0	0	0	39,6,53
use	295	Land	G	0	0	0	0	39,6,54
use	296	Land	G	0	0	0	0	39,6,55
use	297	Land	G	0	0	0	0	40,6,28
use	298	Land	G	0	0	0	0	40,6,29
use	299	Land	G	0	0	0	0	40,6,30
use	300	Land	G	0	0	0	0	40,6,31
use	301	Land	G	0	0	0	0	40,6,39
use	302	Land	G	0	0	0	0	40,6,40
use	303	Land	G	0	0	0	0	40,6,41
use	304	Land	G	0	0	0	0	40,6,42
use	305	Land	G	0	0	0	0	40,6,43
use	306	Land	G	0	0	0	0	41,6,25
use	307	Land	G	0	0	0	0	41,6,26
use	308	Land	G	0	0	0	0	41,6,27
use	309	Land	G	0	0	0	0	41,6,28
use	310	Land	G	0	0	0	0	41,6,29
use	311	Land	G	0	0	0	0	41,6,30
use	312	Land	G	0	0	0	0	41,6,31
use	313	Land	G	0	0	0	0	41,6,32
use	314	Land	G	0	0	0	0	41,6,33
use	315	Land	G	0	0	0	0	41,6,34
use	316	Land	G	0	0	0	0	41,6,35
use	317	Land	G	0	0	0	0	41,6,39
use	318	Land	G	0	0	0	0	41,6,40
use	319	Land	G	0	0	0	0	41,6,41
use	320	Land	G	0	0	0	0	41,6,42
use	321	Land	G	0	0	0	0	41,6,43
use	322	Land	G	0	0	0	0	41,6,61
use	323	Land	G	0	0	0	0	42,6,25
use	324	Land	G	0	0	0	0	42,6,26
use	325	Land	G	0	0	0	0	42,6,27
use	326	Land	G	0	0	0	0	42,6,28
use	327	Land	G	0	0	0	0	42,6,29
use	328	Land	G	0	0	0	0	42,6,30
use	329	Land	G	0	0	0	0	42,6,31
use	330	Land	G	0	0	0	0	42,6,32
use	331	Land	G	0	0	0	0	42,6,33
use	332	Land	G	0	0	0	0	42,6,34
use	333	Land	G	0	0	0	0	42,6,35
use	334	Land	G	0	0	0	0	42,6,36
use	335	Land	G	0	0	0	0	42,6,37
use	336	Land	G	0	0	0	0	42,6,38
use	337	Land	G	0	0	0	0	42,6,39
use	338	Land	G	0	0	0	0	42,6,40
use	339	Land	G	0	0	0	0	42,6,41
use	340	Land	G	0	0	0	0	42,6,61
use	341	Land	G	0	0	0	0	43,6,30
use	342	Land	G	0	0	0	0	43,6,31
use	343	Land	G	0	0	0	0	43,6,32
use	344	Land	G	0	0	0	0	43,6,33
use	345	Land	G	0	0	0	0	43,6,34
use	346	Land	G	0	0	0	0	43,6,35
use	347	Land	G	0	0	0	0	43,6,36
use	348	Land	G	0	0	0	0	43,6,37
use	349	Land	G	0	0	0	0	43,6,38
use	350	Land	G	0	0	0	0	43,6,39
use	351	Land	G	0	0	0	0	43,6,40
use	352	Land	G	0	0	0	0	43,6,41
use	353	Land	G	0	0	0	0	43,6,61
use	354	Land	G	0	0	0	0	43,6,62
use	355	Beach	G	0	5	0	0	43,5,63
use	356	Land	G	0	0	0	0	44,6,30
use	357	Land	G	0	0	0	0	44,6,31
use	358	Land	G	0	0	0	0	44,6,32
use	359	Land	G	0	0	0	0	44,6,33
use	360	Land	G	0	0	0	0	44,6,34
use	361	Land	G	0	0	0	0	44,6,35
use	362	Land	G	0	0	0	0	44,6,36
use	363	Land	G	0	0	0	0	44,6,37
use	364	Land	G	0	0	0	0	44,6,38
use	365	Land	G	0	0	0	0	44,6,39
use	366	Land	G	0	0	0	0	44,6,40
use	367	Land	G	0	0	0	0	44,6,48
use	368	Land	G	0	0	0	0	44,6,49
use	369	Land	G	0	0	0	0	44,6,50
use	370	Land	G	0	0	0	0	44,6,61
use	371	Land	G	0	0	0	0	44,6,62
use	372	Beach	G	0	5	1	0	44,5,63
use	373	Land	G	0	0	0	0	45,6,30
use	374	Land	G	0	0	0	0	45,6,31
use	375	Land	G	0	0	0	0	45,6,32
use	376	Land	G	0	0	0	0	45,6,33
use	377	Land	G	0	0	0	0	45,6,34
use	378	Land	G	0	0	0	0	45,6,35
use	379	Land	G	0	0	0	0	45,6,36
use	380	Land	G	0	0	0	0	45,6,37
use	381	Land	G	0	0	0	0	45,6,38
use	382	Land	G	0	0	0	0	45,6,39
use	383	Land	G	0	0	0	0	45,6,40
use	384	Land	G	0	0	0	0	45,6,48
use	385	Land	G	0	0	0	0	45,6,49
use	386	Land	G	0	0	0	0	45,6,62
use	387	Beach	G	0	5	2	0	45,5,63
use	388	Land	G	0	0	0	0	46,6,29
use	389	Land	G	0	0	0	0	46,6,30
use	390	Land	G	0	0	0	0	46,6,31
use	391	Land	G	0	0	0	0	46,6,32
use	392	Land	G	0	0	0	0	46,6,33
use	393	Land	G	0	0	0	0	46,6,34
use	394	Land	G	0	0	0	0	46,6,35
use	395	Land	G	0	0	0	0	46,6,36
use	396	Land	G	0	0	0	0	46,6,62
use	397	Beach	G	0	5	0	0	46,5,63
use	398	Land	G	0	0	0	0	47,6,24
use	399	Land	G	0	0	0	0	47,6,29
use	400	Land	G	0	0	0	0	47,6,30
use	401	Land	G	0	0	0	0	47,6,31
use	402	Land	G	0	0	0	0	47,6,32
use	403	Land	G	0	0	0	0	47,6,46
use	404	Land	G	0	0	0	0	47,6,47
use	405	Land	G	0	0	0	0	47,6,62
use	406	Beach	G	0	5	2	0	47,5,63
use	407	Land	G	0	0	0	0	48,6,26
use	408	Land	G	0	0	0	0	48,6,27
use	409	Land	G	0	0	0	0	48,6,28
use	410	Land	G	0	0	0	0	48,6,29
use	411	Land	G	0	0	0	0	48,6,30
use	412	Land	G	0	0	0	0	48,6,31
use	413	Land	G	0	0	0	0	48,6,32
use	414	Land	G	0	0	0	0	48,6,46
use	415	Land	G	0	0	0	0	48,6,47
use	416	Land	G	0	0	0	0	48,6,62
use	417	Beach	G	0	5	1	0	48,5,63
use	418	Land	G	0	0	0	0	49,6,26
use	419	Land	G	0	0	0	0	49,6,27
use	420	Land	G	0	0	0	0	49,6,28
use	421	Land	G	0	0	0	0	49,6,29
use	422	Land	G	0	0	0	0	49,6,30
use	423	Land	G	0	0	0	0	49,6,31
use	424	Land	G	0	0	0	0	49,6,46
use	425	Land	G	0	0	0	0	49,6,47
use	426	Land	G	0	0	0	0	49,6,62
use	427	Beach	G	0	5	0	0	49,5,63
use	428	Land	G	0	0	0	0	50,6,22
use	429	Land	G	0	0	0	0	50,6,26
use	430	Land	G	0	0	0	0	50,6,27
use	431	Land	G	0	0	0	0	50,6,28
use	432	Land	G	0	0	0	0	50,6,46
use	433	Land	G	0	0	0	0	50,6,47
use	434	Land	G	0	0	0	0	50,6,62
use	435	Beach	G	0	5	1	0	50,5,63
use	436	Land	G	0	0	0	0	51,6,22
use	437	Land	G	0	0	0	0	51,6,23
use	438	Land	G	0	0	0	0	51,6,24
use	439	Land	G	0	0	0	0	51,6,27
use	440	Land	G	0	0	0	0	51,6,28
use	441	Land	G	0	0	0	0	51,6,46
use	442	Land	G	0	0	0	0	51,6,47
use	443	Land	G	0	0	0	0	51,6,62
use	444	Beach	G	0	5	2	0	51,5,63
use	445	Land	G	0	0	0	0	52,6,22
use	446	Land	G	0	0	0	0	52,6,23
use	447	Land	G	0	0	0	0	52,6,24
use	448	Land	G	0	0	0	0	52,6,46
use	449	Land	G	0	0	0	0	52,6,47
use	450	Land	G	0	0	0	0	52,6,62
use	451	Beach	G	0	5	1	0	52,5,63
use	452	Land	G	0	0	0	0	53,6,21
use	453	Land	G	0	0	0	0	53,6,22
use	454	Land	G	0	0	0	0	53,6,23
use	455	Land	G	0	0	0	0	53,6,24
use	456	Land	G	0	0	0	0	53,6,48
use	457	Land	G	0	0	0	0	53,6,62
use	458	Beach	G	0	5	2	0	53,5,63
use	459	Land	G	0	0	0	0	54,6,48
use	460	Land	G	0	0	0	0	54,6,49
use	461	Land	G	0	0	0	0	54,6,62
use	462	Beach	G	0	5	0	0	54,5,63
use	463	Land	G	0	0	0	0	55,6,61
use	464	Land	G	0	0	0	0	55,6,62
use	465	Beach	G	0	5	1	0	55,5,63
use	466	Land	G	0	0	0	0	56,6,61
use	467	Land	G	0	0	0	0	56,6,62
use	468	Beach	G	0	5	2	0	56,5,63
use	469	Land	G	0	0	0	0	57,6,47
use	470	Land	G	0	0	0	0	57,6,48
use	471	Land	G	0	0	0	0	57,6,49
use	472	Land	G	0	0	0	0	57,6,61
use	473	Land	G	0	0	0	0	57,6,62
use	474	Beach	G	0	5	0	0	57,5,63
use	475	Land	G	0	0	0	0	58,6,46
use	476	Land	G	0	0	0	0	58,6,47
use	477	Land	G	0	0	0	0	58,6,48
use	478	Land	G	0	0	0	0	58,6,49
use	479	Land	G	0	0	0	0	58,6,58
use	480	Land	G	0	0	0	0	58,6,59
use	481	Land	G	0	0	0	0	58,6,60
use	482	Land	G	0	0	0	0	58,6,61
use	483	Land	G	0	0	0	0	58,6,62
use	484	Beach	G	0	5	2	0	58,5,63
use	485	Land	G	0	0	0	0	59,6,46
use	486	Land	G	0	0	0	0	59,6,47
use	487	Land	G	0	0	0	0	59,6,48
use	488	Land	G	0	0	0	0	59,6,49
use	489	Land	G	0	0	0	0	59,6,58
use	490	Land	G	0	0	0	0	62,6,53
use	491	Land	G	0	0	0	0	62,6,54
use	492	Beach	G	0	5	2	3	63,5,53
use	493	Beach	G	0	5	1	3	63,5,54
use	494	Land	G	0	0	0	0	4,6,46
use	495	Land	G	0	0	0	0	4,6,47
use	496	Land	G	0	0	0	0	26,6,12
use	497	Land	G	0	0	0	0	26,6,13
use	498	Land	G	0	0	0	0	26,6,14
use	499	Land	G	0	0	0	0	26,6,15
use	500	Land	G	0	0	0	0	26,6,16
use	501	Land	G	0	0	0	0	27,6,12
use	502	Land	G	0	0	0	0	27,6,13
use	503	Land	G	0	0	0	0	27,6,14
use	504	Land	G	0	0	0	0	27,6,15
use	505	Land	G	0	0	0	0	27,6,16
use	506	Land	G	0	0	0	0	28,6,9
use	507	Land	G	0	0	0	0	28,6,10
use	508	Land	G	0	0	0	0	28,6,11
use	509	Land	G	0	0	0	0	28,6,12
use	510	Land	G	0	0	0	0	29,6,9
use	511	Land	G	0	0	0	0	29,6,10
use	512	Land	G	0	0	0	0	29,6,11
use	513	Land	G	0	0	0	0	29,6,12
use	514	Land	G	0	0	0	0	30,6,9
use	515	Land	G	0	0	0	0	30,6,10
use	516	Land	G	0	0	0	0	30,6,11
use	517	Land	G	0	0	0	0	30,6,12
use	518	Land	G	0	0	0	0	31,6,11
use	519	Land	G	0	0	0	0	31,6,12
use	520	Land	G	0	0	0	0	32,6,11
use	521	Land	G	0	0	0	0	32,6,12
use	522	Land	G	0	0	0	0	33,6,11
use	523	Land	G	0	0	0	0	33,6,12
use	524	Land	G	0	0	0	0	33,6,13
use	525	Land	G	0	0	0	0	33,6,14
use	526	Land	G	0	0	0	0	33,6,15
use	527	Land	G	0	0	0	0	34,6,11
use	528	Land	G	0	0	0	0	34,6,12
use	529	Land	G	0	0	0	0	34,6,13
use	530	Land	G	0	0	0	0	34,6,14
use	531	Land	G	0	0	0	0	34,6,15
use	532	Land	G	0	0	0	0	35,6,9
use	533	Land	G	0	0	0	0	35,6,10
use	534	Land	G	0	0	0	0	35,6,11
use	535	Land	G	0	0	0	0	35,6,12
use	536	Land	G	0	0	0	0	35,6,13
use	537	Land	G	0	0	0	0	35,6,14
use	538	Land	G	0	0	0	0	35,6,15
use	539	Land	G	0	0	0	0	36,6,9
use	540	Land	G	0	0	0	0	36,6,10
use	541	Land	G	0	0	0	0	36,6,11
use	542	Land	G	0	0	0	0	36,6,12
use	543	Land	G	0	0	0	0	36,6,13
use	544	Land	G	0	0	0	0	36,6,14
use	545	Land	G	0	0	0	0	36,6,15
use	546	Land	G	0	0	0	0	37,6,12
use	547	Land	G	0	0	0	0	37,6,13
use	548	Land	G	0	0	0	0	37,6,14
use	549	Land	G	0	0	0	0	37,6,15
use	550	Land	G	0	0	0	0	38,6,13
use	551	Land	G	0	0	0	0	38,6,14
use	552	Land	G	0	0	0	0	38,6,15
use	553	Land	G	0	0	0	0	39,6,13
use	554	Land	G	0	0	0	0	39,6,14
use	555	Land	G	0	0	0	0	40,6,14
use	556	Land	G	0	0	0	0	41,6,14
use	557	Land	G	0	0	0	0	42,6,14
use	558	Land	G	0	0	0	0	42,6,15
use	559	Land	G	0	0	0	0	43,6,12
use	560	Land	G	0	0	0	0	43,6,13
use	561	Land	G	0	0	0	0	43,6,14
use	562	Land	G	0	0	0	0	43,6,15
use	563	Land	G	0	0	0	0	44,6,12
use	564	Land	G	0	0	0	0	44,6,13
use	565	Land	G	0	0	0	0	44,6,14
use	566	Land	G	0	0	0	0	44,6,15
use	567	Land	G	0	0	0	0	45,6,9
use	568	Land	G	0	0	0	0	46,6,9
use	569	Land	G	0	0	0	0	47,6,9
use	570	Land	G	0	0	0	0	48,6,9
use	571	Land	G	0	0	0	0	49,6,9
use	572	Land	G	0	0	0	0	50,6,9
use	573	Land	G	0	0	0	0	51,6,9
use	574	Land	G	0	0	0	0	52,6,9
use	575	Land	G	0	0	0	0	53,6,9
use	576	Land	G	0	0	0	0	54,6,9
use	577	Land	G	0	0	0	0	54,6,10
use	578	Land	G	0	0	0	0	54,6,11
use	579	Land	G	0	0	0	0	54,6,12
use	580	Land	G	0	0	0	0	54,6,13
use	581	Land	G	0	0	0	0	54,6,14
use	582	Land	G	0	0	0	0	55,6,12
use	583	Land	G	0	0	0	0	55,6,13
use	584	Land	G	0	0	0	0	55,6,14
use	585	Land	G	0	0	0	0	56,6,13
use	586	Land	G	0	0	0	0	56,6,14
use	587	Land	G	0	0	0	0	57,6,13
use	588	Land	G	0	0	0	0	57,6,14
use	589	Land	G	0	0	0	0	57,6,15
use	590	Land	G	0	0	0	0	58,6,13
use	591	Land	G	0	0	0	0	58,6,14
use	592	Land	G	0	0	0	0	58,6,15
use	593	LandHill	G	0	5	0	2	44,6,16
use	594	RoadTechCurve4	G	0	0	0	1	46,6,27
use	595	RoadTechStraight	G	0	0	0	3	45,6,30
use	596	RoadTechStraight	A	0	0	0	3	41,7,30
use	597	StructurePillar	G	0	0	0	3	41,6,30
use	598	RoadTechCurve1	G	0	0	0	3	35,6,30
use	599	RoadTechCurve1	G	0	0	0	1	35,6,31
use	600	RoadTechStraight	G	0	0	0	3	36,6,30
use	601	RoadTechCurve1	G	0	0	0	0	34,6,39
use	602	RoadTechCurve1	G	0	0	0	2	34,6,40
use	603	RoadTechCurve1	G	0	0	0	0	35,6,40
use	604	RoadTechCurve1	G	0	0	0	2	35,6,41
use	605	RoadTechStraight	G	0	0	0	0	42,6,36
use	606	RoadTechStraight	G	0	0	0	0	42,6,35
use	607	RoadTechStraight	G	0	0	0	0	42,6,33
use	608	RoadTechSlopeBase2x1	G	0	0	0	2	42,6,31
use	609	RoadTechStraight	A	0	0	0	0	42,7,29
use	610	StructurePillar	G	0	0	0	0	42,6,29
use	611	RoadTechStraight	A	0	0	0	0	42,7,28
use	612	StructurePillar	G	0	0	0	0	42,6,28
use	613	RoadTechStraight	A	0	0	0	0	42,7,27
use	614	StructurePillar	G	0	0	0	0	42,6,27
use	615	RoadTechStraight	A	0	0	0	0	42,7,26
use	616	StructurePillar	G	0	0	0	0	42,6,26
use	617	RoadTechCheckpoint	G	0	0	0	2	42,6,34
use	618	Beach	G	0	0	1	1	47,5,25
use	619	Beach	G	0	5	0	1	47,5,26
use	620	Beach	G	0	5	0	2	46,5,28
use	621	Beach	G	0	5	1	1	47,5,27
use	622	Beach	G	0	0	0	2	47,5,28
use	623	Beach	G	0	5	1	3	43,5,26
use	624	Beach	G	0	5	0	3	43,5,25
use	625	Beach	G	0	0	1	1	45,5,24
use	626	Beach	G	0	9	1	0	45,5,25
use	627	Land	G	0	0	0	0	46,6,24
use	628	Beach	G	0	5	2	0	46,5,25
use	629	Beach	G	0	5	0	3	43,5,27
use	630	Beach	G	0	5	2	3	43,5,28
use	631	Beach	G	0	0	1	3	43,5,29
use	632	Beach	G	0	5	2	2	44,5,29
use	633	Beach	G	0	9	1	1	45,5,28
use	634	Beach	G	0	0	1	2	45,5,29
use	635	Land	G	0	0	0	0	42,6,23
use	636	Land	G	0	0	0	0	42,6,24
use	637	Land	G	0	0	0	0	43,6,23
use	638	Beach	G	0	0	0	0	43,5,24
use	639	Beach	G	0	5	1	0	44,5,24
use	640	RoadTechSlopeBase2x1	G	0	0	0	0	42,6,24
use	641	LandHill6	G	0	9	0	1	38,6,25
use	642	LandHill6	G	0	5	1	1	38,6,26
use	643	LandHill6	G	0	9	0	0	38,6,27
use	644	LandHill6	G	0	5	0	2	39,6,25
use	645	Land	G	0	0	0	0	39,12,26
use	646	LandHill6	G	0	5	1	0	39,6,27
use	647	LandHill6	G	0	9	0	2	40,6,25
use	648	LandHill6	G	0	5	0	3	40,6,26
use	649	LandHill6	G	0	9	0	3	40,6,27
use	650	LandHill6	G	0	9	0	1	39,6,32
use	651	LandHill6	G	0	9	0	0	39,6,33
use	652	LandHill6	G	0	9	0	2	40,6,32
use	653	LandHill6	G	0	9	0	3	40,6,33
use	654	LandCliff12	G	0	9	1	2	38,6,33
use	655	LandCliff12	G	0	5	0	2	39,6,34
use	656	LandCliff12	G	0	5	1	0	39,6,35
use	657	LandCliff12	G	0	9	1	2	40,6,34
use	658	LandCliff12	G	0	9	0	3	40,6,35
use	659	RoadTechStraight	G	0	0	0	0	42,6,23
use	660	Land	G	0	0	0	0	42,6,19
use	661	Land	G	0	0	0	0	41,6,20
use	662	Land	G	0	0	0	0	41,6,21
use	663	Land	G	0	0	0	0	41,6,22
use	664	Land	G	0	0	0	0	42,6,20
use	665	Land	G	0	0	0	0	42,6,21
use	666	Land	G	0	0	0	0	42,6,22
use	667	RoadTechStraight	G	0	0	0	0	42,6,22
use	668	Land	G	0	0	0	0	42,6,16
use	669	LandHill	G	0	9	0	1	43,6,16
use	670	RoadTechFinish	G	0	0	0	2	42,6,21
use	671	RoadTechSpecialTurbo	G	0	0	0	0	49,6,26
use	672	LandHill	G	0	9	0	0	48,6,25
use	673	LandHill	G	0	5	0	0	49,6,25
use	674	LandHill	G	0	9	0	3	50,6,25
use	675	RoadTechOnLandHillSlopeBase	G	0	0	0	0	49,6,25
use	676	LandHill	G	0	5	0	1	48,6,24
use	677	LandHill	G	0	5	0	2	49,6,23
use	678	Land	G	0	0	0	0	49,7,24
use	679	LandHill	G	0	9	0	2	50,6,23
use	680	LandHill	G	0	5	0	3	50,6,24
use	681	RoadTechStart	G	0	0	0	0	49,7,24
use	682	RoadTechSlopeBase2x1	G	0	0	0	1	43,6,30
use	683	RoadTechCheckpoint	G	0	0	0	1	38,6,30
use	684	RoadTechStraight	G	0	0	0	1	37,6,30
use	685	RoadTechBranchCross	A	0	0	0	1	42,7,30
use	686	StructurePillar	G	0	0	0	1	42,6,30
use	687	RoadTechStraight	G	0	0	0	3	39,6,30
use	688	PlatformTechToRoadTech	G	0	0	0	1	36,6,41
use	689	PlatformTechToRoadTech	G	0	0	0	3	37,6,41
use	690	TechnicsScreen4x1Curve3In	A	0	0	0	1	47,7,28
use	691	TechnicsScreen4x1Curve3In	A	0	0	0	3	44,7,25
use	692	StructureSupportCurve3Out	A	1	0	1	3	43,13,24
use	693	StructureSupportCurve3Out	A	1	0	1	1	47,13,28
use	694	StructureSupportCurve3In	A	1	0	1	1	47,13,28
use	695	StructureSupportCurve3In	A	1	0	1	3	44,13,25
use	696	StructureSupportCurve3In	A	1	0	1	2	44,13,28
use	697	StructureSupportCurve3In	A	1	0	1	0	47,13,25
use	698	PlatformBase	A	0	0	0	1	44,15,30
use	699	StructurePillar	A	0	0	0	1	44,14,30
use	700	PlatformBase	A	0	0	0	1	49,14,25
use	701	PlatformBase	A	0	0	0	1	47,17,24
use	702	StructurePillar	A	0	1	0	1	47,16,24
use	703	StructurePillar	A	0	1	0	1	47,15,24
use	704	StructurePillar	A	0	3	0	1	47,14,24
use	705	StructurePillar	A	0	1	0	1	47,12,24
use	706	StructurePillar	A	0	2	0	1	47,11,24
use	707	StructurePillar	A	0	1	0	1	47,10,24
use	708	StructurePillar	A	0	1	0	1	47,9,24
use	709	StructurePillar	A	0	1	0	1	47,8,24
use	710	StructurePillar	A	0	4	0	1	47,7,24
use	711	StructurePillar	G	0	0	0	1	47,6,24
use	712	PlatformBase	A	0	0	0	1	50,15,27
use	713	StructurePillar	A	0	0	0	1	50,14,27
use	714	StructurePillar	A	0	1	0	1	50,12,27
use	715	StructurePillar	A	0	2	0	1	50,11,27
use	716	StructurePillar	A	0	1	0	1	50,10,27
use	717	StructurePillar	A	0	1	0	1	50,9,27
use	718	StructurePillar	A	0	1	0	1	50,8,27
use	719	StructurePillar	A	0	4	0	1	50,7,27
use	720	StructurePillar	G	0	0	0	1	50,6,27
use	721	StructureSupportCurve3Out	A	2	0	1	0	47,13,24
use	722	PlatformBase	A	0	0	0	1	46,14,31
use	723	StructurePillar	A	0	1	0	1	46,12,31
use	724	StructurePillar	A	0	2	0	1	46,11,31
use	725	StructurePillar	A	0	1	0	1	46,10,31
use	726	StructurePillar	A	0	1	0	1	46,9,31
use	727	StructurePillar	A	0	1	0	1	46,8,31
use	728	StructurePillar	A	0	4	0	1	46,7,31
use	729	StructurePillar	G	0	0	0	1	46,6,31
use	730	PlatformBase	A	0	0	0	1	43,17,28
use	731	StructurePillar	A	0	1	0	1	43,16,28
use	732	StructurePillar	A	0	1	0	1	43,15,28
use	733	StructurePillar	A	0	3	0	1	43,14,28
use	734	StructurePillar	A	0	1	0	1	43,12,28
use	735	StructurePillar	A	0	2	0	1	43,11,28
use	736	StructurePillar	A	0	1	0	1	43,10,28
use	737	StructurePillar	A	0	1	0	1	43,9,28
use	738	StructurePillar	A	0	1	0	1	43,8,28
use	739	StructurePillar	A	0	4	0	1	43,7,28
use	740	StructurePillar	G	2	0	0	3	43,5,28
use	741	StructureSupportCurve3Out	A	2	0	1	2	43,13,28
use	742	DecoPlatformBase	A	0	0	0	1	43,18,28
use	743	DecoPlatformBase	A	0	0	0	1	46,15,31
use	744	DecoPlatformBase	A	0	0	0	1	50,16,27
use	745	DecoPlatformBase	A	0	0	0	1	49,15,25
use	746	DecoPlatformBase	A	0	0	0	1	47,18,24
use	747	DecoPlatformBase	A	0	0	0	1	44,16,30
use	748	StandStraight	A	0	0	1	3	39,9,31
use	749	StructurePillar	A	0	1	0	3	39,8,31
use	750	StructurePillar	A	0	2	0	3	39,7,31
use	751	StructurePillar	G	0	0	0	3	39,6,31
use	752	StandStraight	A	0	0	1	3	39,9,29
use	753	StructurePillar	A	0	1	0	3	39,8,29
use	754	StructurePillar	A	0	2	0	3	39,7,29
use	755	StructurePillar	G	0	0	0	3	39,6,29
use	756	TechnicsScreen6x1StraightX3	A	0	0	0	2	39,12,29
use	757	StructureDeadend	A	0	0	0	1	38,12,29
use	758	StructurePillar	A	0	0	0	1	38,11,29
use	759	StructurePillar	A	0	1	0	1	38,10,29
use	760	StructurePillar	A	0	1	0	1	38,9,29
use	761	StructurePillar	A	0	1	0	1	38,8,29
use	762	StructurePillar	A	0	4	0	1	38,7,29
use	763	StructurePillar	G	0	0	0	1	38,6,29
use	764	StructureDeadend	A	0	0	0	1	38,12,31
use	765	StructurePillar	A	0	0	0	1	38,11,31
use	766	StructurePillar	A	0	1	0	1	38,10,31
use	767	StructurePillar	A	0	1	0	1	38,9,31
use	768	StructurePillar	A	0	1	0	1	38,8,31
use	769	StructurePillar	A	0	4	0	1	38,7,31
use	770	StructurePillar	G	0	0	0	1	38,6,31
use	771	TechnicsScreen4x1Straight	A	0	0	0	2	39,11,30
use	772	LandHill	G	0	9	0	2	36,6,28
use	773	LandHill	G	0	9	0	3	36,6,29
use	774	Land0_Land1_Land2	G	0	4	0	1	35,6,28
use	775	Land0_Land1_Land2	G	0	1	0	0	35,6,29
use	776	LandHill2	G	0	0	0	0	34,6,29
use	777	LandHill2	G	0	9	0	3	33,8,29
use	778	Land	G	0	0	0	0	33,6,32
use	779	LandHill2	G	0	9	0	3	34,6,30
use	780	Land	G	0	0	0	0	34,6,31
use	781	Land	G	0	0	0	0	34,6,32
use	782	RoadTechCurve1	G	0	0	0	3	34,6,31
use	783	RoadTechCurve1	G	0	0	0	1	34,6,32
use	784	Land	G	0	0	0	0	31,6,32
use	785	Land	G	0	0	0	0	32,6,32
use	786	RoadTechCurve4	G	0	0	0	3	30,6,32
use	787	LandHill3	G	0	5	0	0	28,6,33
use	788	LandHill3	G	0	9	0	3	29,6,33
use	789	LandHill	G	0	5	0	0	32,10,28
use	790	LandHill3	G	0	9	0	2	33,8,26
use	791	LandHill3	G	0	5	0	3	33,8,27
use	792	Land0_Land2_Land3	G	0	0	0	3	33,8,28
use	793	LandHill2	G	0	5	0	3	34,6,26
use	794	LandHill2	G	0	0	0	3	34,6,27
use	795	Land	G	0	0	0	0	34,8,28
use	796	Land	G	0	0	0	0	35,6,26
use	797	LandHill2	G	0	9	0	2	35,6,27
use	798	LandHill2	G	0	5	0	2	29,6,24
use	799	LandHill2	G	0	5	0	2	30,6,24
use	800	LandHill6	G	0	5	0	2	30,8,25
use	801	Land	G	0	0	0	0	30,14,26
use	802	LandHill2	G	0	5	0	2	31,6,24
use	803	LandHill6	G	0	5	1	2	31,8,25
use	804	Land	G	0	0	0	0	31,14,26
use	805	LandHill3	G	0	5	1	0	31,11,27
use	806	LandHill2	G	0	5	0	2	32,6,24
use	807	LandHill6	G	0	9	0	2	32,8,25
use	808	Land0_Land3_Land6	G	0	4	0	1	32,8,26
use	809	LandHill3	G	0	9	0	3	32,11,27
use	810	LandHill3	G	0	9	0	1	27,8,28
use	811	LandHill6	G	0	9	0	0	28,8,27
use	812	LandHill3	G	0	5	1	2	28,8,28
use	813	LandHill6	G	0	5	0	0	29,8,27
use	814	LandHill3	G	0	5	0	2	29,8,28
use	815	LandHill3	G	0	5	1	0	29,8,29
use	816	Land0_Land3_Land6	G	0	5	0	2	30,8,27
use	817	Land0_Land2_Land3	G	0	8	0	1	30,8,28
use	818	Land0_Land2_Land3	G	0	8	0	0	30,8,29
use	819	LandHill3	G	0	9	0	0	30,8,30
use	820	LandHill	G	0	5	0	0	31,10,28
use	821	Land0_Land2_Land3	G	0	2	0	2	31,8,29
use	822	LandHill3	G	0	9	0	3	31,8,30
use	823	LandHill2	G	0	5	0	0	31,6,31
use	824	LandHill2	G	0	5	0	0	32,8,29
use	825	LandHill	G	0	0	0	0	32,7,30
use	826	Land0_Land1_Land2	G	0	1	0	0	32,6,31
use	827	Land0_Land1_Land2	G	0	4	0	2	33,6,30
use	828	LandHill	G	0	9	0	3	33,6,31
use	829	LandHill3	G	0	0	0	2	27,8,29
use	830	Land	G	0	0	0	0	27,11,30
use	831	LandHill3	G	0	5	0	0	27,8,31
use	832	LandHill3	G	0	0	0	0	28,8,29
use	833	LandHill3	G	0	5	1	3	28,8,30
use	834	LandHill3	G	0	9	0	3	28,8,31
use	835	LandHill	G	0	5	0	2	28,8,32
use	836	Land	G	0	0	0	0	29,8,30
use	837	LandHill	G	0	9	0	1	29,8,31
use	838	Land0_Land2_Land3	G	0	8	0	3	29,6,32
use	839	Land0_Land2_Land3	G	0	2	0	2	30,6,31
use	840	LandHill3	G	0	9	0	3	30,6,32
use	841	LandHill6	G	0	5	0	3	26,8,28
use	842	Land0_Land3_Land6	G	0	4	0	1	26,8,29
use	843	LandHill3	G	0	9	0	3	26,11,30
use	844	Land	G	0	0	0	0	27,8,27
use	845	LandHill3	G	0	5	1	2	24,14,29
use	846	Land	G	0	0	0	0	24,17,30
use	847	LandHill3	G	0	9	0	2	25,14,29
use	848	Land0_Land3_Land6	G	0	5	0	1	25,11,30
use	849	LandHill6	G	0	5	0	3	25,11,31
use	850	LandHill3	G	0	0	0	0	26,8,31
use	851	LandHill3	G	0	5	1	3	26,8,32
use	852	LandHill	G	0	9	0	1	27,8,32
use	853	Land0_Land2_Land3	G	0	3	0	1	27,6,33
use	854	LandHill2	G	0	0	0	1	20,6,34
use	855	LandHill2	G	0	5	0	1	20,6,35
use	856	LandHill2	G	0	5	0	1	20,6,36
use	857	LandHill2	G	0	9	0	0	20,6,37
use	858	LandHill3	G	0	0	0	1	21,8,33
use	859	LandHill3	G	0	5	1	1	21,8,34
use	860	LandHill3	G	0	5	0	1	21,8,35
use	861	LandHill3	G	0	9	0	0	21,8,36
use	862	LandHill2	G	0	5	0	0	21,6,37
use	863	LandHill6	G	0	5	1	1	22,11,33
use	864	LandHill6	G	0	5	0	1	22,11,34
use	865	LandHill6	G	0	9	0	0	22,11,35
use	866	LandHill3	G	0	5	0	0	22,8,36
use	867	LandHill2	G	0	5	0	0	22,6,37
use	868	LandHill3	G	0	5	0	1	23,17,33
use	869	LandHill3	G	0	9	0	0	23,17,34
use	870	LandHill6	G	0	5	0	0	23,11,35
use	871	LandHill3	G	0	5	1	0	23,8,36
use	872	LandHill2	G	0	5	0	0	23,6,37
use	873	LandHill3	G	0	9	0	2	24,17,31
use	874	LandHill6	G	0	5	1	0	24,11,35
use	875	LandHill3	G	0	5	0	0	24,8,36
use	876	LandHill2	G	0	5	0	0	24,6,37
use	877	LandHill6	G	0	9	0	3	25,11,35
use	878	LandHill3	G	0	5	1	0	25,8,36
use	879	LandHill2	G	0	5	0	0	25,6,37
use	880	LandHill3	G	0	5	0	3	26,8,33
use	881	LandHill3	G	0	5	1	3	26,8,34
use	882	LandHill3	G	0	5	0	3	26,8,35
use	883	LandHill3	G	0	9	0	3	26,8,36
use	884	LandHill2	G	0	5	0	0	26,6,37
use	885	LandHill2	G	0	5	0	3	27,6,34
use	886	LandHill2	G	0	5	0	3	27,6,35
use	887	LandHill2	G	0	5	0	3	27,6,36
use	888	LandHill2	G	0	9	0	3	27,6,37
use	889	LandHill2	G	0	9	0	1	22,6,21
use	890	LandHill2	G	0	5	0	2	23,6,21
use	891	LandHill2	G	0	5	0	2	24,6,21
use	892	LandHill2	G	0	5	0	2	25,6,21
use	893	LandHill2	G	0	5	0	2	26,6,21
use	894	LandHill6	G	0	5	0	3	26,8,27
use	895	LandHill2	G	0	9	0	2	27,6,21
use	896	Land	G	0	0	0	0	27,8,26
use	897	LandHill2	G	0	5	0	2	21,6,22
use	898	LandHill2	G	0	0	0	2	22,6,22
use	899	LandHill6	G	0	5	0	2	22,8,23
use	900	LandHill6	G	0	9	0	1	23,8,22
use	901	LandHill6	G	0	0	0	2	23,8,23
use	902	LandHill6	G	0	5	1	2	24,8,22
use	903	LandHill3	G	0	9	0	1	24,14,23
use	904	LandHill6	G	0	5	0	2	25,8,22
use	905	LandHill3	G	0	9	0	2	25,14,23
use	906	LandHill3	G	0	5	0	3	25,14,24
use	907	LandHill3	G	0	5	1	3	25,14,25
use	908	LandHill6	G	0	9	0	2	26,8,22
use	909	LandHill6	G	0	5	1	3	26,8,23
use	910	LandHill6	G	0	5	0	3	26,8,24
use	911	LandHill6	G	0	5	1	3	26,8,25
use	912	LandHill6	G	0	5	0	3	26,8,26
use	913	LandHill2	G	0	5	0	3	27,6,22
use	914	LandHill2	G	0	5	0	3	27,6,23
use	915	LandHill2	G	0	0	0	3	27,6,24
use	916	Land	G	0	0	0	0	27,8,25
use	917	LandHill2	G	0	5	0	2	28,6,24
use	918	LandHill6	G	0	9	0	1	28,8,25
use	919	LandHill6	G	0	5	1	1	28,8,26
use	920	LandHill6	G	0	5	1	2	29,8,25
use	921	Land	G	0	0	0	0	29,14,26
use	922	LandHill3	G	0	9	0	0	24,14,26
use	923	LandHill3	G	0	9	0	3	25,14,26
use	924	LandCliff12	G	0	9	1	2	25,14,27
use	925	LandCliff12	G	0	9	0	3	25,14,28
use	926	LandCliff12	G	0	9	0	1	19,14,27
use	927	LandCliff12	G	0	5	0	2	20,14,27
use	928	LandCliff12	G	0	5	0	2	21,14,27
use	929	LandCliff12	G	0	5	1	0	23,14,28
use	930	LandCliff12	G	0	5	1	2	24,14,27
use	931	LandCliff12	G	0	5	0	0	24,14,28
use	932	LandHill2	G	0	5	0	1	17,6,25
use	933	LandHill6	G	0	5	1	1	18,8,26
use	934	LandHill2	G	0	5	0	2	19,6,22
use	935	LandHill2	G	0	5	0	2	20,6,22
use	936	LandHill6	G	0	5	1	2	20,8,23
use	937	LandHill6	G	0	5	1	2	21,8,23
use	938	LandCliff12	G	0	5	0	2	21,14,24
use	939	Land	G	0	0	0	0	21,26,25
use	940	LandCliff12	G	0	5	0	0	21,14,26
use	941	LandCliff12	G	0	5	1	2	22,14,24
use	942	Land	G	0	0	0	0	22,26,25
use	943	LandCliff12	G	0	9	1	2	23,14,24
use	944	LandCliff12	G	0	5	1	3	23,14,25
use	945	LandHill3	G	0	5	1	1	24,14,24
use	946	LandHill3	G	0	5	0	1	24,14,25
use	947	LandCliff12	G	0	0	0	1	22,14,26
use	948	LandCliff12	G	0	0	1	2	22,14,27
use	949	LandCliff12	G	0	5	0	3	23,14,26
use	950	LandCliff12	G	0	0	1	3	23,14,27
use	951	LandHill2	G	0	9	0	1	15,6,26
use	952	LandHill2	G	0	5	0	1	15,6,27
use	953	LandHill2	G	0	5	0	1	15,6,28
use	954	LandHill2	G	0	5	0	2	16,6,26
use	955	LandHill6	G	0	9	0	1	16,8,27
use	956	LandHill6	G	0	5	0	1	16,8,28
use	957	LandHill6	G	0	5	1	1	16,8,29
use	958	LandHill2	G	0	0	0	2	17,6,26
use	959	LandHill6	G	0	5	0	2	17,8,27
use	960	LandCliff12	G	0	9	0	1	17,14,28
use	961	LandCliff12	G	0	5	1	1	17,14,29
use	962	LandCliff12	G	0	5	0	1	17,14,30
use	963	LandHill6	G	0	0	0	2	18,8,27
use	964	LandCliff12	G	0	5	1	2	18,14,28
use	965	Land	G	0	0	0	0	18,26,29
use	966	Land	G	0	0	0	0	18,26,30
use	967	LandCliff12	G	0	0	0	2	19,14,28
use	968	Land	G	0	0	0	0	19,26,29
use	969	Land	G	0	0	0	0	20,26,28
use	970	Land	G	0	0	0	0	20,26,29
use	971	Land	G	0	0	0	0	21,26,28
use	972	Land	G	0	0	0	0	21,26,29
use	973	LandHill3	G	0	5	1	0	21,11,32
use	974	LandCliff12	G	0	0	0	0	22,14,28
use	975	LandCliff12	G	0	5	0	3	22,14,29
use	976	Land0_Land3_Land6	G	0	3	0	2	22,11,32
use	977	LandHill3	G	0	9	0	1	23,14,29
use	978	LandHill3	G	0	5	1	1	23,14,30
use	979	Land0_Land3_Land6	G	0	0	0	1	23,14,31
use	980	Land0_Land3_Land6	G	0	5	0	3	23,14,32
use	981	LandCliff12	G	0	9	0	3	22,14,30
use	982	Land	G	0	0	0	0	22,14,31
use	983	LandCliff12	G	0	0	0	0	19,14,30
use	984	LandCliff12	G	0	5	0	0	20,14,30
use	985	Land	G	0	0	0	0	20,14,31
use	986	LandCliff12	G	0	5	1	0	21,14,30
use	987	Land	G	0	0	0	0	21,14,31
use	988	LandHill2	G	0	5	0	0	13,6,34
use	989	LandHill6	G	0	5	1	0	14,8,33
use	990	LandHill2	G	0	5	0	0	14,6,34
use	991	LandHill2	G	0	0	0	2	15,6,29
use	992	LandHill6	G	0	5	0	0	15,8,33
use	993	LandHill2	G	0	5	0	0	15,6,34
use	994	LandHill6	G	0	0	0	2	16,8,30
use	995	LandHill6	G	0	5	1	0	16,8,33
use	996	LandHill2	G	0	5	0	0	16,6,34
use	997	LandCliff12	G	0	0	0	2	17,14,31
use	998	LandCliff12	G	0	5	1	0	17,14,32
use	999	LandHill6	G	0	5	0	0	17,8,33
use	1000	LandHill2	G	0	5	0	0	17,6,34
use	1001	Land	G	0	0	0	0	18,26,31
use	1002	LandCliff12	G	0	5	1	0	18,14,32
use	1003	LandHill6	G	0	5	0	0	18,8,33
use	1004	LandHill2	G	0	5	0	0	18,6,34
use	1005	LandCliff12	G	0	5	0	3	19,14,31
use	1006	LandCliff12	G	0	9	0	3	19,14,32
use	1007	LandHill6	G	0	5	1	0	19,8,33
use	1008	LandHill2	G	0	5	0	0	19,6,34
use	1009	LandHill3	G	0	0	0	0	20,11,32
use	1010	Land0_Land3_Land6	G	0	1	0	0	20,8,33
use	1011	Land0_Land3_Land6	G	0	2	0	1	24,17,32
use	1012	Land0_Land6_Land12	G	0	1	0	3	25,11,32
use	1013	LandHill3	G	0	5	1	1	24,20,33
use	1014	Land0_Land3_Land6	G	0	0	0	0	24,17,34
use	1015	LandCliff12	G	0	5	0	3	25,11,33
use	1016	Land0_Land6_Land12	G	0	0	0	3	25,11,34
use	1017	Land	G	0	0	0	0	39,12,21
use	1018	LandHill6	G	0	5	1	3	40,6,20
use	1019	LandHill6	G	0	5	1	3	40,6,21
use	1020	LandCliff12	G	0	9	1	1	33,6,16
use	1021	LandCliff12	G	0	5	0	1	33,6,17
use	1022	LandCliff12	G	0	5	0	2	34,6,16
use	1023	Land	G	0	0	0	0	34,18,17
use	1024	LandCliff12	G	0	5	1	2	35,6,16
use	1025	Land	G	0	0	0	0	35,18,17
use	1026	Land	G	0	0	0	0	35,18,18
use	1027	Land	G	0	0	0	0	35,18,19
use	1028	LandCliff12	G	0	5	0	2	36,6,16
use	1029	Land	G	0	0	0	0	36,18,17
use	1030	Land	G	0	0	0	0	36,18,18
use	1031	Land	G	0	0	0	0	36,18,19
use	1032	LandCliff12	G	0	5	1	0	36,6,20
use	1033	LandCliff12	G	0	5	0	2	37,6,16
use	1034	Land	G	0	0	0	0	37,18,17
use	1035	Land	G	0	0	0	0	37,18,18
use	1036	Land	G	0	0	0	0	37,18,19
use	1037	Land0_Land6_Land12	G	0	5	0	2	37,6,20
use	1038	LandCliff12	G	0	9	0	2	38,6,16
use	1039	LandCliff12	G	0	5	0	3	38,6,17
use	1040	LandCliff12	G	0	0	0	3	38,6,18
use	1041	Land	G	0	0	0	0	38,18,19
use	1042	LandHill6	G	0	5	0	0	38,12,20
use	1043	LandHill6	G	0	9	0	3	39,12,20
use	1044	Land0_Land6_Land12	G	0	3	0	3	39,6,18
use	1045	LandHill6	G	0	5	0	3	39,12,19
use	1046	LandHill6	G	0	9	0	1	39,6,15
use	1047	LandHill6	G	0	5	1	1	39,6,16
use	1048	LandHill6	G	0	5	0	1	39,6,17
use	1049	LandHill6	G	0	5	0	2	40,6,15
use	1050	Land	G	0	0	0	0	40,12,16
use	1051	LandHill6	G	0	9	0	2	41,6,15
use	1052	LandHill6	G	0	5	1	3	41,6,16
use	1053	LandHill6	G	0	9	0	1	40,12,17
use	1054	LandHill6	G	0	9	0	0	40,12,18
use	1055	LandHill6	G	0	0	0	0	40,6,19
use	1056	Land0_Land6_Land12	G	0	5	0	0	41,6,17
use	1057	Land0_Land6_Land12	G	0	4	0	2	41,6,18
use	1058	LandHill6	G	0	9	0	3	41,6,19
use	1059	LandCliff12	G	0	9	1	2	42,6,17
use	1060	LandCliff12	G	0	9	0	3	42,6,18
use	1061	Land	G	0	0	0	0	34,12,21
use	1062	Land0_Land6_Land12	G	0	4	0	2	35,6,20
use	1063	LandHill6	G	0	5	0	3	35,6,21
use	1064	LandHill6	G	0	9	0	0	29,6,21
use	1065	LandHill6	G	0	5	1	0	30,6,21
use	1066	LandHill6	G	0	5	1	0	31,6,21
use	1067	LandHill6	G	0	5	0	0	32,6,21
use	1068	Land0_Land6_Land12	G	0	2	0	0	33,6,18
use	1069	Land	G	0	0	0	0	33,12,19
use	1070	Land	G	0	0	0	0	33,12,20
use	1071	LandHill6	G	0	0	0	1	33,6,21
use	1072	LandHill6	G	0	0	0	1	34,12,18
use	1073	LandHill6	G	0	5	1	1	34,12,19
use	1074	LandHill6	G	0	9	0	0	34,12,20
use	1075	LandCliff12	G	0	9	1	1	28,6,13
use	1076	LandCliff12	G	0	5	1	1	28,6,14
use	1077	LandCliff12	G	0	5	0	1	28,6,15
use	1078	LandCliff12	G	0	5	1	1	28,6,16
use	1079	LandCliff12	G	0	5	0	1	28,6,17
use	1080	LandCliff12	G	0	5	1	1	28,6,18
use	1081	LandCliff12	G	0	5	0	1	28,6,19
use	1082	LandCliff12	G	0	9	0	0	28,6,20
use	1083	LandCliff12	G	0	5	0	2	29,6,13
use	1084	Land	G	0	0	0	0	29,18,14
use	1085	Land	G	0	0	0	0	29,18,15
use	1086	Land	G	0	0	0	0	29,18,16
use	1087	Land	G	0	0	0	0	29,18,17
use	1088	Land	G	0	0	0	0	29,18,18
use	1089	Land	G	0	0	0	0	29,18,19
use	1090	Land0_Land6_Land12	G	0	5	0	2	29,6,20
use	1091	LandCliff12	G	0	5	1	2	30,6,13
use	1092	Land	G	0	0	0	0	30,18,14
use	1093	Land	G	0	0	0	0	30,18,15
use	1094	Land	G	0	0	0	0	30,18,16
use	1095	Land	G	0	0	0	0	30,18,17
use	1096	Land	G	0	0	0	0	30,18,18
use	1097	Land	G	0	0	0	0	30,18,19
use	1098	LandHill6	G	0	5	0	0	30,12,20
use	1099	LandCliff12	G	0	5	0	2	31,6,13
use	1100	Land	G	0	0	0	0	31,18,14
use	1101	Land	G	0	0	0	0	31,18,15
use	1102	Land	G	0	0	0	0	31,18,16
use	1103	Land	G	0	0	0	0	31,18,17
use	1104	Land	G	0	0	0	0	31,18,18
use	1105	Land	G	0	0	0	0	31,18,19
use	1106	LandHill6	G	0	5	1	0	31,12,20
use	1107	LandCliff12	G	0	9	0	2	32,6,13
use	1108	LandCliff12	G	0	5	1	3	32,6,14
use	1109	LandCliff12	G	0	5	0	3	32,6,15
use	1110	LandCliff12	G	0	5	1	3	32,6,16
use	1111	LandCliff12	G	0	5	0	3	32,6,17
use	1112	Land0_Land6_Land12	G	0	4	0	1	32,6,18
use	1113	LandHill6	G	0	5	1	3	32,12,19
use	1114	LandHill6	G	0	9	0	3	32,12,20
use	1115	Land0_Land3_Land6	G	0	5	0	2	39,6,22
use	1116	LandHill3	G	0	9	0	0	39,6,23
use	1117	Land0_Land3_Land6	G	0	0	0	3	40,6,22
use	1118	LandHill3	G	0	9	0	1	36,6,21
use	1119	Land0_Land3_Land6	G	0	2	0	0	37,6,21
use	1120	Land	G	0	0	0	0	37,9,22
use	1121	LandHill3	G	0	0	0	1	38,9,21
use	1122	Land0_Land3_Land6	G	0	3	0	1	38,6,22
use	1123	LandHill3	G	0	9	0	3	38,6,23
use	1124	Land0_Land3_Land6	G	0	1	0	1	33,6,22
use	1125	LandHill3	G	0	5	0	1	33,6,23
use	1126	Land0_Land2_Land3	G	0	5	0	3	33,6,24
use	1127	LandHill	G	0	9	0	0	33,8,25
use	1128	LandHill3	G	0	5	1	0	34,9,22
use	1129	Land	G	0	0	0	0	34,9,23
use	1130	Land	G	0	0	0	0	34,9,24
use	1131	Land0_Land2_Land3	G	0	4	0	2	34,6,25
use	1132	Land0_Land3_Land6	G	0	3	0	0	35,6,22
use	1133	Land	G	0	0	0	0	35,9,23
use	1134	Land	G	0	0	0	0	35,9,24
use	1135	LandHill3	G	0	5	1	0	35,6,25
use	1136	LandHill3	G	0	0	0	2	36,6,22
use	1137	LandHill	G	0	0	0	0	36,8,23
use	1138	LandHill	G	0	5	0	3	36,8,24
use	1139	Land0_Land2_Land3	G	0	1	0	0	36,6,25
use	1140	Land0_Land2_Land3	G	0	4	0	2	37,6,23
use	1141	LandHill2	G	0	5	0	3	37,6,24
use	1142	LandHill2	G	0	9	0	3	37,6,25
use	1143	Land0_Land2_Land3	G	0	6	0	3	40,6,23
use	1144	LandHill2	G	0	9	0	0	40,6,24
use	1145	LandHill2	G	0	9	0	2	41,6,23
use	1146	LandHill2	G	0	9	0	3	41,6,24
use	1147	LandHill2	G	0	9	0	0	44,6,23
use	1148	Land	G	0	0	0	0	45,8,22
use	1149	LandHill2	G	0	5	0	0	45,6,23
use	1150	Land	G	0	0	0	0	46,8,19
use	1151	Land	G	0	0	0	0	46,8,20
use	1152	Land	G	0	0	0	0	46,8,21
use	1153	Land	G	0	0	0	0	46,8,22
use	1154	LandHill2	G	0	5	0	0	46,6,23
use	1155	LandHill2	G	0	5	0	0	47,6,23
use	1156	Land0_Land1_Land2	G	0	6	0	3	48,6,23
use	1157	Land0_Land1_Land2	G	0	0	0	1	43,6,17
use	1158	LandHill2	G	0	5	0	1	43,6,18
use	1159	LandHill2	G	0	5	0	1	43,6,19
use	1160	LandHill2	G	0	5	0	1	43,6,20
use	1161	LandHill2	G	0	5	0	1	43,6,21
use	1162	LandHill2	G	0	9	0	0	43,6,22
use	1163	LandHill	G	0	5	0	2	44,7,17
use	1164	LandHill3	G	0	9	0	1	44,8,18
use	1165	LandHill3	G	0	5	0	1	44,8,19
use	1166	LandHill3	G	0	5	1	1	44,8,20
use	1167	LandHill3	G	0	9	0	0	44,8,21
use	1168	LandHill2	G	0	0	0	1	44,6,22
use	1169	Land0_Land1_Land2	G	0	5	0	0	45,6,17
use	1170	LandHill3	G	0	9	0	2	45,8,18
use	1171	LandHill3	G	0	5	0	3	45,8,19
use	1172	LandHill3	G	0	5	1	3	45,8,20
use	1173	LandHill3	G	0	9	0	3	45,8,21
use	1174	LandHill	G	0	9	0	0	47,8,22
use	1175	Land0_Land2_Land3	G	0	4	0	2	48,6,22
use	1176	LandHill3	G	0	9	0	3	49,6,22
use	1177	LandHill2	G	0	0	0	2	46,6,17
use	1178	Land	G	0	0	0	0	46,8,18
use	1179	LandHill6	G	0	9	0	1	47,8,17
use	1180	LandHill6	G	0	5	0	1	47,8,18
use	1181	LandHill6	G	0	5	1	1	47,8,19
use	1182	LandHill6	G	0	9	0	0	47,8,20
use	1183	LandHill	G	0	9	0	1	47,8,21
use	1184	Land	G	0	0	0	0	48,14,19
use	1185	LandHill6	G	0	5	1	0	48,8,20
use	1186	LandHill	G	0	5	0	2	48,8,21
use	1187	Land	G	0	0	0	0	49,14,19
use	1188	LandHill6	G	0	5	0	0	49,8,20
use	1189	Land0_Land2_Land3	G	0	2	0	2	49,6,21
use	1190	LandHill2	G	0	5	0	0	50,6,21
use	1191	LandHill2	G	0	5	0	0	51,6,21
use	1192	LandHill2	G	0	5	0	3	52,6,20
use	1193	LandHill2	G	0	9	0	3	52,6,21
use	1194	LandHill2	G	0	5	0	2	48,6,10
use	1195	LandCliff12	G	0	5	1	1	48,8,16
use	1196	Land0_Land6_Land12	G	0	5	0	3	48,8,17
use	1197	LandHill6	G	0	9	0	0	48,14,18
use	1198	LandHill2	G	0	5	0	2	49,6,10
use	1199	LandCliff12	G	0	5	1	2	49,8,11
use	1200	Land	G	0	0	0	0	49,20,12
use	1201	Land	G	0	0	0	0	49,20,13
use	1202	Land	G	0	0	0	0	49,20,14
use	1203	Land	G	0	0	0	0	49,20,15
use	1204	Land	G	0	0	0	0	49,20,16
use	1205	Land	G	0	0	0	0	49,20,17
use	1206	LandHill6	G	0	5	0	0	49,14,18
use	1207	LandHill2	G	0	5	0	2	50,6,10
use	1208	LandCliff12	G	0	5	0	2	50,8,11
use	1209	Land	G	0	0	0	0	50,20,12
use	1210	LandHill2	G	0	5	0	2	51,6,10
use	1211	LandCliff12	G	0	5	1	2	51,8,11
use	1212	Land	G	0	0	0	0	51,20,12
use	1213	LandHill2	G	0	5	0	2	52,6,10
use	1214	LandCliff12	G	0	9	1	2	52,8,11
use	1215	LandCliff12	G	0	5	0	3	52,8,12
use	1216	LandHill2	G	0	9	0	2	53,6,10
use	1217	LandHill2	G	0	5	0	3	53,6,11
use	1218	LandHill2	G	0	5	0	3	53,6,12
use	1219	LandHill2	G	0	5	0	3	53,6,13
use	1220	LandHill2	G	0	9	0	1	45,6,10
use	1221	LandHill2	G	0	5	0	1	45,6,11
use	1222	LandHill2	G	0	5	0	1	45,6,12
use	1223	LandHill2	G	0	5	0	1	45,6,13
use	1224	LandHill2	G	0	5	0	1	45,6,14
use	1225	LandHill2	G	0	5	0	1	45,6,15
use	1226	Land0_Land1_Land2	G	0	6	0	0	45,6,16
use	1227	LandHill2	G	0	5	0	2	46,6,10
use	1228	LandHill6	G	0	9	0	1	46,8,11
use	1229	LandHill6	G	0	5	1	1	46,8,12
use	1230	LandHill6	G	0	5	0	1	46,8,13
use	1231	LandHill6	G	0	5	1	1	46,8,14
use	1232	LandHill6	G	0	9	0	0	46,8,15
use	1233	LandHill2	G	0	0	0	1	46,6,16
use	1234	LandHill2	G	0	5	0	2	47,6,10
use	1235	LandHill6	G	0	5	1	2	47,8,11
use	1236	Land	G	0	0	0	0	47,14,12
use	1237	Land	G	0	0	0	0	47,14,13
use	1238	Land	G	0	0	0	0	47,14,14
use	1239	LandHill6	G	0	5	0	0	47,8,15
use	1240	Land	G	0	0	0	0	47,8,16
use	1241	Land0_Land6_Land12	G	0	1	0	2	48,8,11
use	1242	LandHill6	G	0	5	0	1	48,14,12
use	1243	LandHill6	G	0	5	1	1	48,14,13
use	1244	LandHill6	G	0	5	0	1	48,14,14
use	1245	Land0_Land6_Land12	G	0	4	0	3	48,8,15
use	1246	Land	G	0	0	0	0	50,20,13
use	1247	Land	G	0	0	0	0	50,20,14
use	1248	Land	G	0	0	0	0	50,20,15
use	1249	Land	G	0	0	0	0	50,20,16
use	1250	Land	G	0	0	0	0	50,20,17
use	1251	LandHill6	G	0	5	0	0	50,14,18
use	1252	Land	G	0	0	0	0	50,14,19
use	1253	LandHill6	G	0	5	1	0	50,8,20
use	1254	Land	G	0	0	0	0	51,20,13
use	1255	Land	G	0	0	0	0	51,20,14
use	1256	Land	G	0	0	0	0	51,20,15
use	1257	Land	G	0	0	0	0	51,20,16
use	1258	Land	G	0	0	0	0	51,20,17
use	1259	Land0_Land6_Land12	G	0	4	0	2	51,8,18
use	1260	LandHill6	G	0	5	0	3	51,8,19
use	1261	LandHill6	G	0	9	0	3	51,8,20
use	1262	LandCliff12	G	0	5	1	3	52,8,13
use	1263	LandCliff12	G	0	5	0	3	52,8,14
use	1264	LandCliff12	G	0	5	1	3	52,8,15
use	1265	LandCliff12	G	0	9	1	3	52,8,18
use	1266	LandHill2	G	0	0	0	0	52,6,19
use	1267	LandHill2	G	0	5	0	3	53,6,14
use	1268	Land0_Land6_Land12	G	0	4	0	1	52,8,16
use	1269	Land0_Land6_Land12	G	0	5	0	1	52,8,17
use	1270	LandHill2	G	0	0	0	3	53,6,15
use	1271	LandHill6	G	0	5	1	2	53,8,16
use	1272	LandHill6	G	0	5	0	0	53,8,17
use	1273	LandHill2	G	0	5	0	2	54,6,15
use	1274	Land	G	0	0	0	0	53,8,18
use	1275	Land	G	0	0	0	0	31,6,41
use	1276	Land	G	0	0	0	0	31,6,42
use	1277	Land	G	0	0	0	0	32,6,41
use	1278	Land	G	0	0	0	0	32,6,42
use	1279	Beach	G	0	5	0	3	26,5,41
use	1280	Beach	G	0	5	1	3	26,5,42
use	1281	Beach	G	0	5	0	3	26,5,43
use	1282	Beach	G	0	0	0	3	26,5,44
use	1283	Beach	G	0	5	2	2	27,5,44
use	1284	Beach	G	0	5	0	0	29,5,40
use	1285	Beach	G	0	0	1	1	30,5,40
use	1286	Beach	G	0	5	1	1	30,5,41
use	1287	Beach	G	0	5	2	1	30,5,42
use	1288	Beach	G	0	9	0	2	28,5,44
use	1289	Beach	G	0	5	1	3	28,5,45
use	1290	Beach	G	0	9	0	0	30,5,43
use	1291	Beach	G	0	0	0	1	31,5,43
use	1292	Beach	G	0	5	2	1	31,5,44
use	1293	Beach	G	0	9	0	0	31,5,45
use	1294	Beach	G	0	0	1	0	32,5,43
use	1295	Beach	G	0	5	2	3	32,5,44
use	1296	Beach	G	0	9	1	3	32,5,45
use	1297	Beach	G	0	5	1	0	33,5,43
use	1298	Beach	G	0	9	0	1	38,5,48
use	1299	Beach	G	0	0	1	2	39,5,48
use	1300	Beach	G	0	5	0	0	39,5,44
use	1301	Beach	G	0	9	2	1	39,5,47
use	1302	Beach	G	0	5	2	0	40,5,44
use	1303	Beach	G	0	5	0	0	41,5,44
use	1304	Beach	G	0	0	0	0	42,5,42
use	1305	Beach	G	0	5	2	3	42,5,43
use	1306	Beach	G	0	9	1	3	42,5,44
use	1307	Beach	G	0	5	0	0	43,5,42
use	1308	Beach	G	0	5	1	2	44,5,47
use	1309	Beach	G	0	5	0	2	45,5,47
use	1310	Beach	G	0	5	2	1	46,5,46
use	1311	Beach	G	0	0	1	2	46,5,47
use	1312	Beach	G	0	0	0	0	44,5,41
use	1313	Beach	G	0	9	2	3	44,5,42
use	1314	Beach	G	0	5	2	0	45,5,41
use	1315	Beach	G	0	9	0	2	40,5,47
use	1316	Beach	G	0	5	0	3	40,5,48
use	1317	Beach	G	0	5	2	3	40,5,49
use	1318	Beach	G	0	5	0	3	40,5,50
use	1319	Beach	G	0	0	1	3	40,5,51
use	1320	Beach	G	0	5	0	2	41,5,51
use	1321	Beach	G	0	5	2	3	36,5,51
use	1322	Beach	G	0	0	0	3	36,5,52
use	1323	Beach	G	0	5	0	2	37,5,52
use	1324	Beach	G	0	9	1	0	38,5,49
use	1325	Beach	G	0	5	2	2	38,5,52
use	1326	Beach	G	0	0	0	1	39,5,49
use	1327	Beach	G	0	5	2	1	39,5,50
use	1328	Beach	G	0	5	0	1	39,5,51
use	1329	Beach	G	0	0	0	2	39,5,52
use	1330	Beach	G	0	0	0	0	27,5,47
use	1331	Beach	G	0	5	0	3	27,5,48
use	1332	Beach	G	0	0	0	3	27,5,49
use	1333	Beach	G	0	5	1	2	28,5,49
use	1334	Beach	G	0	5	2	2	29,5,49
use	1335	Beach	G	0	5	0	2	30,5,49
use	1336	Beach	G	0	5	0	3	28,5,46
use	1337	Beach	G	0	9	0	3	28,5,47
use	1338	Beach	G	0	5	1	2	31,5,49
use	1339	Land	G	0	0	0	0	31,6,50
use	1340	Beach	G	0	9	1	2	32,5,49
use	1341	DecoTreeBeachDeadend3x2	G	0	0	0	2	29,5,48
use	1342	Beach	G	0	5	0	2	42,5,51
use	1343	Beach	G	0	9	1	1	43,5,47
use	1344	Beach	G	0	5	0	1	43,5,48
use	1345	Beach	G	0	5	2	1	43,5,49
use	1346	Beach	G	0	5	0	1	43,5,50
use	1347	Beach	G	0	0	1	2	43,5,51
use	1348	DecoTreeBeachDeadend3x2	G	0	0	0	1	42,5,48
use	1349	Land	G	0	0	0	0	26,6,38
use	1350	Land	G	0	0	0	0	26,6,39
use	1351	Beach	G	0	0	0	0	26,5,40
use	1352	Land	G	0	0	0	0	27,6,38
use	1353	Land	G	0	0	0	0	27,6,39
use	1354	Beach	G	0	5	1	0	27,5,40
use	1355	Land	G	0	0	0	0	28,6,38
use	1356	Land	G	0	0	0	0	28,6,39
use	1357	Beach	G	0	5	2	0	28,5,40
use	1358	DecoBeachMangrove	G	0	0	0	0	27,5,38
use	1359	Beach	G	0	0	0	3	32,5,50
use	1360	Land	G	0	0	0	0	32,6,51
use	1361	Beach	G	0	5	2	2	33,5,50
use	1362	Land	G	0	0	0	0	33,6,51
use	1363	Beach	G	0	5	0	2	34,5,50
use	1364	Land	G	0	0	0	0	34,6,51
use	1365	Beach	G	0	5	1	2	35,5,50
use	1366	Land	G	0	0	0	0	35,6,51
use	1367	Beach	G	0	9	0	2	36,5,50
use	1368	DecoTreeBeachDeadend3x2In	G	0	0	0	2	33,5,50
use	1369	LandHill	G	0	5	0	2	30,6,52
use	1370	Land	G	0	0	0	0	30,7,53
use	1371	LandHill	G	0	9	0	2	31,6,52
use	1372	LandHill	G	0	5	0	3	31,6,53
use	1373	LandHill	G	0	5	0	2	33,6,54
use	1374	Land	G	0	0	0	0	33,7,55
use	1375	Land	G	0	0	0	0	33,7,56
use	1376	LandHill	G	0	9	0	2	34,6,54
use	1377	LandHill	G	0	5	0	3	34,6,55
use	1378	Land	G	0	0	0	0	33,7,57
use	1379	Land	G	0	0	0	0	33,7,58
use	1380	LandHill	G	0	5	0	0	33,6,59
use	1381	LandHill	G	0	5	0	2	38,6,56
use	1382	LandHill	G	0	5	0	2	39,6,56
use	1383	Land	G	0	0	0	0	41,7,58
use	1384	Land	G	0	0	0	0	41,7,59
use	1385	LandHill	G	0	5	0	0	41,6,60
use	1386	LandHill	G	0	9	0	3	42,6,60
use	1387	LandHill	G	0	9	0	0	43,6,60
use	1388	LandHill	G	0	5	0	0	44,6,60
use	1389	LandHill	G	0	9	0	1	46,6,48
use	1390	LandHill	G	0	5	0	1	46,6,49
use	1391	LandHill	G	0	5	0	2	47,6,48
use	1392	LandHill	G	0	5	0	2	48,6,48
use	1393	LandHill	G	0	5	0	2	49,6,48
use	1394	LandHill	G	0	5	0	2	50,6,48
use	1395	LandHill	G	0	5	0	2	51,6,48
use	1396	LandHill	G	0	9	0	2	52,6,48
use	1397	LandHill2	G	0	9	0	1	44,6,51
use	1398	Land	G	0	0	0	0	42,7,58
use	1399	LandHill	G	0	0	0	0	42,6,59
use	1400	LandHill	G	0	9	0	0	31,6,59
use	1401	Land	G	0	0	0	0	32,7,57
use	1402	Land	G	0	0	0	0	32,7,58
use	1403	LandHill	G	0	5	0	0	32,6,59
use	1404	LandHill	G	0	0	0	3	34,6,56
use	1405	Land	G	0	0	0	0	34,7,57
use	1406	Land	G	0	0	0	0	34,7,58
use	1407	LandHill	G	0	5	0	0	34,6,59
use	1408	LandHill	G	0	5	0	2	35,6,56
use	1409	Land	G	0	0	0	0	35,7,57
use	1410	Land	G	0	0	0	0	35,7,58
use	1411	LandHill	G	0	5	0	0	35,6,59
use	1412	LandHill	G	0	5	0	2	36,6,56
use	1413	Land	G	0	0	0	0	36,7,57
use	1414	LandHill	G	0	5	0	2	37,6,56
use	1415	Land	G	0	0	0	0	37,7,57
use	1416	LandHill	G	0	5	0	0	29,6,58
use	1417	LandHill	G	0	5	0	0	30,6,58
use	1418	LandHill	G	0	0	0	1	31,6,58
use	1419	LandHill2	G	0	9	0	1	21,6,50
use	1420	LandHill2	G	0	5	0	2	24,6,50
use	1421	LandHill2	G	0	5	0	2	25,6,50
use	1422	Land	G	0	0	0	0	25,8,51
use	1423	Land0_Land1_Land2	G	0	4	0	2	25,6,52
use	1424	Land0_Land1_Land2	G	0	0	0	1	24,6,53
use	1425	LandHill2	G	0	5	0	1	24,6,54
use	1426	Land0_Land1_Land2	G	0	5	0	0	25,6,53
use	1427	Land	G	0	0	0	0	25,8,54
use	1428	LandHill2	G	0	5	0	1	24,6,55
use	1429	Land	G	0	0	0	0	25,8,55
use	1430	LandHill	G	0	5	0	2	26,8,56
use	1431	LandHill	G	0	2	0	0	27,8,56
use	1432	LandHill2	G	0	5	0	1	24,6,56
use	1433	Land0_Land1_Land2	G	0	1	0	1	24,6,57
use	1434	LandHill	G	0	9	0	0	24,6,58
use	1435	LandHill	G	0	9	0	1	25,8,56
use	1436	Land0_Land1_Land2	G	0	0	0	0	25,7,57
use	1437	LandHill	G	0	5	0	0	25,6,58
use	1438	LandHill2	G	0	5	0	0	26,7,57
use	1439	LandHill	G	0	5	0	0	26,6,58
use	1440	Land0_Land1_Land2	G	0	1	0	0	27,7,57
use	1441	LandHill	G	0	5	0	0	27,6,58
use	1442	LandHill	G	0	0	0	1	28,8,56
use	1443	Land0_Land1_Land2	G	0	0	0	0	28,7,57
use	1444	LandHill	G	0	5	0	0	28,6,58
use	1445	Land	G	0	0	0	0	29,9,56
use	1446	LandHill2	G	0	5	0	0	29,7,57
use	1447	LandHill2	G	0	5	0	0	30,7,57
use	1448	LandHill2	G	0	9	0	3	31,7,57
use	1449	LandHill	G	0	9	0	1	30,7,54
use	1450	Land0_Land1_Land2	G	0	3	0	3	30,7,55
use	1451	LandHill	G	0	0	0	3	30,8,56
use	1452	Land0_Land1_Land2	G	0	5	0	0	31,6,54
use	1453	Land	G	0	0	0	0	31,8,55
use	1454	Land0_Land1_Land2	G	0	2	0	2	31,7,56
use	1455	Land0_Land1_Land2	G	0	0	0	2	32,6,54
use	1456	LandHill	G	0	5	0	3	32,7,55
use	1457	LandHill	G	0	9	0	3	32,7,56
use	1458	LandHill2	G	0	9	0	2	29,7,53
use	1459	LandHill2	G	0	5	0	3	29,7,54
use	1460	LandHill2	G	0	0	0	3	29,7,55
use	1461	Land0_Land1_Land2	G	0	0	0	2	26,6,50
use	1462	Land0_Land1_Land2	G	0	2	0	1	26,7,51
use	1463	Land0_Land2_Land3	G	0	4	0	3	26,6,52
use	1464	Land0_Land2_Land3	G	0	5	0	3	26,6,53
use	1465	LandHill	G	0	5	0	1	26,8,54
use	1466	LandHill	G	0	9	0	0	26,8,55
use	1467	LandHill	G	0	5	0	2	27,6,50
use	1468	LandHill2	G	0	9	0	2	27,7,51
use	1469	LandHill2	G	0	0	0	3	27,7,52
use	1470	Land	G	0	0	0	0	27,9,53
use	1471	Land	G	0	0	0	0	27,9,54
use	1472	LandHill	G	0	0	0	1	27,8,55
use	1473	LandHill	G	0	9	0	2	28,6,50
use	1474	LandHill	G	0	0	0	3	28,6,51
use	1475	LandHill2	G	0	9	0	2	28,7,52
use	1476	LandHill2	G	0	0	0	3	28,7,53
use	1477	Land	G	0	0	0	0	28,9,54
use	1478	Land	G	0	0	0	0	28,9,55
use	1479	LandHill	G	0	9	0	2	29,6,51
use	1480	LandHill	G	0	0	0	3	29,6,52
use	1481	LandHill2	G	0	5	0	1	40,6,54
use	1482	LandHill2	G	0	5	0	1	40,6,55
use	1483	LandHill2	G	0	0	0	2	44,6,52
use	1484	LandHill	G	0	9	0	1	47,7,49
use	1485	LandHill	G	0	5	0	2	48,7,49
use	1486	LandHill	G	0	5	0	2	49,7,49
use	1487	LandHill	G	0	5	0	2	50,7,49
use	1488	LandHill	G	0	5	0	2	51,7,49
use	1489	Land0_Land1_Land2	G	0	7	0	0	52,6,49
use	1490	LandHill	G	0	9	0	2	53,6,49
use	1491	LandHill2	G	0	5	0	2	43,6,52
use	1492	LandHill	G	0	0	0	1	43,7,57
use	1493	LandHill2	G	0	9	0	1	40,6,52
use	1494	LandHill2	G	0	5	0	1	40,6,53
use	1495	LandHill2	G	0	5	0	2	41,6,52
use	1496	LandHill3	G	0	9	0	1	41,8,53
use	1497	LandHill3	G	0	5	0	1	41,8,54
use	1498	LandHill2	G	0	5	0	2	42,6,52
use	1499	LandHill3	G	0	5	1	2	42,8,53
use	1500	LandHill	G	0	5	0	0	42,7,57
use	1501	LandHill3	G	0	5	0	2	43,8,53
use	1502	LandHill3	G	0	5	0	0	43,8,56
use	1503	LandHill3	G	0	5	0	2	44,8,53
use	1504	LandHill2	G	0	9	0	2	44,11,54
use	1505	LandHill2	G	0	9	0	3	44,11,55
use	1506	LandHill3	G	0	0	0	1	44,8,56
use	1507	LandHill2	G	0	9	0	1	45,6,50
use	1508	LandHill2	G	0	0	0	2	45,6,51
use	1509	Land0_Land1_Land2	G	0	4	0	0	46,6,50
use	1510	LandHill	G	0	0	0	2	47,7,50
use	1511	LandHill3	G	0	9	0	1	45,8,52
use	1512	LandHill3	G	0	0	0	2	45,8,53
use	1513	Land0_Land1_Land2	G	0	4	0	3	45,6,60
use	1514	LandHill2	G	0	9	0	0	45,6,61
use	1515	LandHill2	G	0	5	0	0	46,6,61
use	1516	LandHill2	G	0	5	0	0	47,6,61
use	1517	LandHill2	G	0	5	0	0	48,6,61
use	1518	LandHill2	G	0	5	0	0	49,6,61
use	1519	LandHill2	G	0	5	0	0	50,6,61
use	1520	LandHill2	G	0	5	0	0	51,6,61
use	1521	LandHill2	G	0	5	0	0	52,6,61
use	1522	LandHill2	G	0	5	0	0	53,6,61
use	1523	LandHill2	G	0	9	0	3	54,6,61
use	1524	LandHill	G	0	5	0	1	43,7,58
use	1525	Land0_Land1_Land2	G	0	7	0	2	43,6,59
use	1526	LandHill3	G	0	5	0	1	44,8,57
use	1527	LandHill3	G	0	9	0	0	44,8,58
use	1528	LandHill	G	0	5	0	0	44,7,59
use	1529	LandHill3	G	0	5	1	0	45,8,58
use	1530	LandHill	G	0	0	0	1	45,7,59
use	1531	Land	G	0	0	0	0	38,7,57
use	1532	Land	G	0	0	0	0	39,7,57
use	1533	Land0_Land1_Land2	G	0	5	0	3	40,6,56
use	1534	LandHill	G	0	9	0	0	40,7,57
use	1535	Land	G	0	0	0	0	40,7,58
use	1536	LandHill3	G	0	5	0	1	41,8,55
use	1537	LandHill3	G	0	9	0	0	41,8,56
use	1538	LandHill	G	0	5	0	0	41,7,57
use	1539	LandHill2	G	0	9	0	1	42,11,54
use	1540	LandHill2	G	0	9	0	0	42,11,55
use	1541	LandHill3	G	0	5	1	0	42,8,56
use	1542	LandHill2	G	0	5	0	2	43,11,54
use	1543	LandHill2	G	0	5	0	0	43,11,55
use	1544	LandHill2	G	0	9	0	1	45,11,54
use	1545	LandHill2	G	0	9	0	0	45,11,55
use	1546	LandHill6	G	0	9	0	1	45,11,56
use	1547	LandHill6	G	0	9	0	0	45,11,57
use	1548	LandHill3	G	0	9	0	1	46,8,51
use	1549	LandHill3	G	0	0	0	2	46,8,52
use	1550	Land	G	0	0	0	0	46,11,53
use	1551	LandHill2	G	0	9	0	2	46,11,54
use	1552	LandHill2	G	0	9	0	3	46,11,55
use	1553	LandHill6	G	0	5	0	2	46,11,56
use	1554	LandHill6	G	0	5	1	0	46,11,57
use	1555	LandHill3	G	0	0	0	1	46,8,58
use	1556	LandHill3	G	0	5	1	1	46,8,59
use	1557	LandHill3	G	0	9	0	0	46,8,60
use	1558	LandHill3	G	0	9	0	2	47,8,51
use	1559	LandHill3	G	0	0	0	3	47,8,52
use	1560	Land	G	0	0	0	0	47,11,53
use	1561	LandHill6	G	0	9	0	1	47,11,54
use	1562	LandHill6	G	0	5	0	1	47,11,55
use	1563	LandHill6	G	0	0	0	2	47,11,56
use	1564	LandHill6	G	0	0	0	1	47,11,57
use	1565	LandHill6	G	0	5	1	1	47,11,58
use	1566	LandHill6	G	0	9	0	0	47,11,59
use	1567	LandHill3	G	0	5	1	0	47,8,60
use	1568	LandHill2	G	0	9	0	1	48,8,50
use	1569	LandHill2	G	0	5	0	1	48,8,51
use	1570	Land0_Land2_Land3	G	0	4	0	0	48,8,52
use	1571	Land	G	0	0	0	0	48,11,53
use	1572	LandHill6	G	0	5	1	2	48,11,54
use	1573	Land	G	0	0	0	0	48,17,55
use	1574	Land	G	0	0	0	0	48,17,56
use	1575	Land	G	0	0	0	0	48,17,57
use	1576	Land	G	0	0	0	0	48,17,58
use	1577	LandHill6	G	0	5	1	0	48,11,59
use	1578	LandHill3	G	0	5	0	0	48,8,60
use	1579	LandHill2	G	0	5	0	2	49,8,50
use	1580	Land	G	0	0	0	0	49,10,51
use	1581	Land0_Land2_Land3	G	0	2	0	2	49,8,52
use	1582	LandHill3	G	0	0	0	3	49,8,53
use	1583	LandHill6	G	0	5	0	2	49,11,54
use	1584	Land	G	0	0	0	0	49,17,55
use	1585	Land	G	0	0	0	0	49,17,58
use	1586	LandHill6	G	0	5	0	0	49,11,59
use	1587	LandHill3	G	0	5	1	0	49,8,60
use	1588	LandHill2	G	0	5	0	2	50,8,50
use	1589	Land	G	0	0	0	0	50,10,51
use	1590	LandHill2	G	0	5	0	0	50,8,52
use	1591	LandHill3	G	0	5	1	2	50,8,53
use	1592	LandHill6	G	0	5	1	0	50,11,59
use	1593	LandHill3	G	0	5	0	0	50,8,60
use	1594	LandHill2	G	0	9	0	3	51,8,52
use	1595	LandHill3	G	0	5	0	2	51,8,53
use	1596	LandHill6	G	0	5	0	0	51,11,59
use	1597	LandHill3	G	0	5	0	0	51,8,60
use	1598	LandHill6	G	0	9	0	3	52,11,59
use	1599	LandHill3	G	0	5	1	0	52,8,60
use	1600	LandHill3	G	0	9	0	3	53,8,60
use	1601	Land0_Land6_Land12	G	0	1	0	2	50,11,54
use	1602	LandCliff12	G	0	5	0	2	51,11,54
use	1603	LandCliff12	G	0	5	1	2	52,11,54
use	1604	Land	G	0	0	0	0	52,23,55
use	1605	Land	G	0	0	0	0	52,23,56
use	1606	Land	G	0	0	0	0	52,23,57
use	1607	Land0_Land6_Land12	G	0	4	0	2	52,11,58
use	1608	Land	G	0	0	0	0	53,23,55
use	1609	Land	G	0	0	0	0	53,23,56
use	1610	Land	G	0	0	0	0	53,23,57
use	1611	LandCliff12	G	0	5	0	0	53,11,58
use	1612	LandHill3	G	0	0	0	0	53,8,59
use	1613	Land	G	0	0	0	0	54,23,55
use	1614	Land	G	0	0	0	0	54,23,56
use	1615	Land	G	0	0	0	0	54,23,57
use	1616	LandCliff12	G	0	5	1	0	54,11,58
use	1617	LandHill3	G	0	5	0	0	54,8,59
use	1618	LandHill2	G	0	0	0	0	54,6,60
use	1619	LandCliff12	G	0	5	1	3	55,11,56
use	1620	LandCliff12	G	0	5	0	3	55,11,57
use	1621	LandCliff12	G	0	9	0	3	55,11,58
use	1622	LandHill3	G	0	5	1	0	55,8,59
use	1623	LandHill2	G	0	5	0	0	55,6,60
use	1624	LandHill3	G	0	5	1	3	56,8,57
use	1625	LandHill3	G	0	5	0	3	56,8,58
use	1626	LandHill3	G	0	9	0	3	56,8,59
use	1627	LandHill2	G	0	5	0	0	56,6,60
use	1628	LandHill2	G	0	5	0	3	57,6,58
use	1629	LandHill2	G	0	5	0	3	57,6,59
use	1630	LandHill2	G	0	9	0	3	57,6,60
use	1631	LandHill2	G	0	9	0	2	51,8,50
use	1632	LandHill2	G	0	5	0	3	51,8,51
use	1633	LandHill	G	0	0	0	3	52,7,50
use	1634	LandHill3	G	0	9	0	1	52,8,51
use	1635	LandHill3	G	0	5	0	1	52,8,52
use	1636	LandHill3	G	0	0	0	2	52,8,53
use	1637	Land0_Land1_Land2	G	0	5	0	0	53,6,50
use	1638	LandHill3	G	0	5	1	2	53,8,51
use	1639	LandCliff12	G	0	9	0	1	53,11,52
use	1640	LandCliff12	G	0	5	1	1	53,11,53
use	1641	LandCliff12	G	0	0	1	2	53,11,54
use	1642	LandHill2	G	0	5	0	2	54,6,50
use	1643	LandHill3	G	0	5	0	2	54,8,51
use	1644	LandHill2	G	0	5	0	2	55,6,50
use	1645	LandCliff12	G	0	9	1	2	54,11,52
use	1646	LandCliff12	G	0	5	1	3	54,11,53
use	1647	LandCliff12	G	0	0	0	3	54,11,54
use	1648	LandHill3	G	0	9	0	2	55,8,51
use	1649	LandHill3	G	0	5	1	3	55,8,52
use	1650	LandHill3	G	0	0	0	3	55,8,53
use	1651	LandHill2	G	0	9	0	2	56,6,50
use	1652	LandHill2	G	0	5	0	3	56,6,51
use	1653	LandHill2	G	0	0	0	3	56,6,52
use	1654	Land	G	0	0	0	0	57,6,50
use	1655	Land	G	0	0	0	0	57,6,51
use	1656	Land	G	0	0	0	0	58,6,50
use	1657	Land	G	0	0	0	0	58,6,51
use	1658	Land	G	0	0	0	0	59,6,50
use	1659	Land	G	0	0	0	0	59,6,51
use	1660	Land	G	0	0	0	0	60,6,50
use	1661	Land	G	0	0	0	0	60,6,51
use	1662	Land	G	0	0	0	0	60,6,52
use	1663	Land	G	0	0	0	0	60,6,53
use	1664	Land	G	0	0	0	0	60,6,54
use	1665	Land	G	0	0	0	0	60,6,55
use	1666	Land	G	0	0	0	0	60,6,56
use	1667	Land	G	0	0	0	0	61,6,51
use	1668	Land	G	0	0	0	0	61,6,52
use	1669	Land	G	0	0	0	0	61,6,53
use	1670	Land	G	0	0	0	0	61,6,54
use	1671	Land	G	0	0	0	0	61,6,55
use	1672	Land	G	0	0	0	0	61,6,56
use	1673	LandCliff12	G	0	5	0	2	55,11,54
use	1674	LandCliff12	G	0	0	1	0	55,11,55
use	1675	LandHill3	G	0	5	1	2	56,8,53
use	1676	LandCliff12	G	0	5	1	2	56,11,54
use	1677	LandCliff12	G	0	5	0	0	56,11,55
use	1678	LandHill3	G	0	0	0	0	56,8,56
use	1679	LandHill2	G	0	5	0	2	57,6,52
use	1680	LandHill3	G	0	5	0	2	57,8,53
use	1681	LandCliff12	G	0	9	0	2	57,11,54
use	1682	LandCliff12	G	0	9	1	3	57,11,55
use	1683	LandHill3	G	0	5	0	0	57,8,56
use	1684	LandHill2	G	0	0	0	0	57,6,57
use	1685	LandHill2	G	0	5	0	2	58,6,52
use	1686	LandHill3	G	0	9	0	2	58,8,53
use	1687	LandHill3	G	0	5	0	3	58,8,54
use	1688	LandHill3	G	0	5	1	3	58,8,55
use	1689	LandHill3	G	0	9	0	3	58,8,56
use	1690	LandHill2	G	0	5	0	0	58,6,57
use	1691	LandHill2	G	0	9	0	2	59,6,52
use	1692	LandHill2	G	0	5	0	3	59,6,53
use	1693	LandHill2	G	0	5	0	3	59,6,54
use	1694	LandHill2	G	0	5	0	3	59,6,55
use	1695	LandHill2	G	0	5	0	3	59,6,56
use	1696	LandHill2	G	0	9	0	3	59,6,57
use	1697	Land0_Land6_Land12	G	0	0	0	1	50,17,55
use	1698	LandCliff12	G	0	9	0	0	50,17,58
use	1699	LandHill6	G	0	9	0	2	51,23,55
use	1700	LandHill6	G	0	5	1	3	51,23,56
use	1701	LandHill6	G	0	5	0	3	51,23,57
use	1702	Land0_Land6_Land12	G	0	1	0	0	51,17,58
use	1703	LandCliff12	G	0	9	1	1	49,17,56
use	1704	LandCliff12	G	0	9	0	0	49,17,57
use	1705	LandCliff12	G	0	0	0	2	50,17,56
use	1706	LandCliff12	G	0	0	1	1	50,17,57
use	1707	LandCliff12	G	0	9	0	1	9,6,42
use	1708	LandCliff12	G	0	5	1	1	9,6,43
use	1709	LandCliff12	G	0	5	1	1	9,6,44
use	1710	LandCliff12	G	0	9	0	0	9,6,45
use	1711	LandCliff12	G	0	5	1	2	10,6,42
use	1712	Land	G	0	0	0	0	10,18,43
use	1713	Land	G	0	0	0	0	10,18,44
use	1714	LandCliff12	G	0	5	1	0	10,6,45
use	1715	LandCliff12	G	0	5	1	2	11,6,42
use	1716	Land	G	0	0	0	0	11,18,43
use	1717	Land	G	0	0	0	0	11,18,44
use	1718	LandCliff12	G	0	5	0	0	11,6,45
use	1719	LandCliff12	G	0	5	0	2	12,6,42
use	1720	Land	G	0	0	0	0	12,18,43
use	1721	Land	G	0	0	0	0	12,18,44
use	1722	LandCliff12	G	0	5	1	0	12,6,45
use	1723	Land	G	0	0	0	0	13,18,43
use	1724	Land	G	0	0	0	0	13,18,44
use	1725	LandCliff12	G	0	5	0	0	13,6,45
use	1726	Land	G	0	0	0	0	14,18,43
use	1727	Land	G	0	0	0	0	14,18,44
use	1728	LandCliff12	G	0	5	1	3	15,6,44
use	1729	LandCliff12	G	0	0	1	1	14,6,45
use	1730	LandCliff12	G	0	5	1	1	14,6,46
use	1731	LandCliff12	G	0	5	0	3	15,6,45
use	1732	LandCliff12	G	0	0	0	3	15,6,46
use	1733	Land	G	0	0	0	0	15,18,47
use	1734	LandCliff12	G	0	5	0	2	16,6,46
use	1735	LandCliff12	G	0	9	1	1	17,6,44
use	1736	LandCliff12	G	0	5	0	1	17,6,45
use	1737	LandCliff12	G	0	0	1	2	17,6,46
use	1738	LandCliff12	G	0	5	1	2	18,6,44
use	1739	Land	G	0	0	0	0	18,18,45
use	1740	Land	G	0	0	0	0	18,18,46
use	1741	LandCliff12	G	0	9	1	2	19,6,44
use	1742	LandCliff12	G	0	5	1	3	19,6,45
use	1743	LandCliff12	G	0	0	1	3	19,6,46
use	1744	LandCliff12	G	0	0	1	0	15,6,43
use	1745	LandCliff12	G	0	5	0	0	16,6,43
use	1746	LandCliff12	G	0	9	0	3	17,6,43
use	1747	LandCliff12	G	0	9	1	0	16,6,54
use	1748	Land	G	0	0	0	0	17,18,53
use	1749	LandCliff12	G	0	5	0	0	17,6,54
use	1750	LandCliff12	G	0	5	0	3	20,6,50
use	1751	LandCliff12	G	0	5	1	3	20,6,51
use	1752	LandCliff12	G	0	9	0	1	11,6,49
use	1753	LandCliff12	G	0	5	0	1	11,6,50
use	1754	LandCliff12	G	0	5	1	1	11,6,51
use	1755	LandCliff12	G	0	5	0	1	11,6,52
use	1756	LandCliff12	G	0	9	0	0	11,6,53
use	1757	Land	G	0	0	0	0	12,18,50
use	1758	Land	G	0	0	0	0	12,18,51
use	1759	Land	G	0	0	0	0	12,18,52
use	1760	LandCliff12	G	0	5	1	0	12,6,53
use	1761	LandCliff12	G	0	5	0	0	13,6,53
use	1762	LandCliff12	G	0	5	1	0	14,6,53
use	1763	LandCliff12	G	0	5	0	0	15,6,53
use	1764	LandCliff12	G	0	0	0	1	16,6,53
use	1765	LandHill6	G	0	5	0	2	17,6,39
use	1766	Land	G	0	0	0	0	17,12,40
use	1767	Land	G	0	0	0	0	17,12,41
use	1768	Land0_Land6_Land12	G	0	2	0	2	17,6,42
use	1769	LandHill6	G	0	5	1	2	18,6,39
use	1770	Land	G	0	0	0	0	18,12,40
use	1771	Land	G	0	0	0	0	18,12,41
use	1772	LandHill6	G	0	5	1	0	18,6,42
use	1773	LandHill6	G	0	5	0	2	19,6,39
use	1774	LandHill6	G	0	9	0	1	13,6,39
use	1775	LandHill6	G	0	5	1	1	13,6,40
use	1776	LandHill6	G	0	5	0	1	13,6,41
use	1777	Land0_Land6_Land12	G	0	4	0	0	13,6,42
use	1778	LandHill6	G	0	5	1	2	14,6,39
use	1779	Land	G	0	0	0	0	14,12,40
use	1780	Land	G	0	0	0	0	14,12,41
use	1781	LandHill6	G	0	5	1	2	14,12,42
use	1782	LandHill6	G	0	5	1	2	15,6,39
use	1783	Land	G	0	0	0	0	15,12,40
use	1784	Land	G	0	0	0	0	15,12,41
use	1785	LandHill6	G	0	5	0	2	15,12,42
use	1786	LandHill6	G	0	5	1	2	16,6,39
use	1787	Land	G	0	0	0	0	16,12,40
use	1788	Land	G	0	0	0	0	16,12,41
use	1789	LandHill6	G	0	5	1	2	16,12,42
use	1790	Land0_Land6_Land12	G	0	0	0	2	20,6,46
use	1791	LandHill6	G	0	5	0	3	20,12,47
use	1792	LandHill6	G	0	5	1	3	20,12,48
use	1793	Land0_Land6_Land12	G	0	5	0	1	20,6,49
use	1794	Land0_Land6_Land12	G	0	3	0	0	20,6,52
use	1795	Land	G	0	0	0	0	20,12,53
use	1796	LandHill2	G	0	9	0	0	21,6,51
use	1797	LandHill6	G	0	5	0	2	21,6,52
use	1798	Land	G	0	0	0	0	21,12,53
use	1799	Land	G	0	0	0	0	21,12,54
use	1800	Land	G	0	0	0	0	21,12,55
use	1801	LandHill6	G	0	5	1	0	21,6,56
use	1802	Land	G	0	0	0	0	22,12,53
use	1803	Land	G	0	0	0	0	22,12,54
use	1804	Land	G	0	0	0	0	22,12,55
use	1805	LandHill6	G	0	5	0	0	22,6,56
use	1806	LandHill6	G	0	5	1	3	23,6,53
use	1807	LandHill6	G	0	5	0	3	23,6,54
use	1808	LandHill6	G	0	5	1	3	23,6,55
use	1809	LandHill6	G	0	9	0	3	23,6,56
use	1810	LandHill2	G	0	0	0	1	24,6,51
use	1811	Land0_Land1_Land2	G	0	1	0	1	24,6,52
use	1812	Land0_Land6_Land12	G	0	8	0	0	18,6,54
use	1813	LandCliff12	G	0	5	0	1	18,6,55
use	1814	LandCliff12	G	0	5	1	1	18,6,56
use	1815	LandCliff12	G	0	5	0	1	18,6,57
use	1816	LandCliff12	G	0	9	0	0	18,6,58
use	1817	LandHill6	G	0	5	1	2	19,12,54
use	1818	Land	G	0	0	0	0	19,18,55
use	1819	Land	G	0	0	0	0	19,18,56
use	1820	Land	G	0	0	0	0	19,18,57
use	1821	LandCliff12	G	0	5	0	0	19,6,58
use	1822	LandHill6	G	0	9	0	2	20,12,54
use	1823	LandHill6	G	0	5	0	3	20,12,55
use	1824	Land0_Land6_Land12	G	0	5	0	1	20,6,56
use	1825	LandCliff12	G	0	5	1	3	20,6,57
use	1826	LandCliff12	G	0	9	0	3	20,6,58
use	1827	LandHill3	G	0	9	0	1	20,6,38
use	1828	Land0_Land3_Land6	G	0	3	0	3	20,6,39
use	1829	LandHill3	G	0	9	0	2	21,6,38
use	1830	LandHill3	G	0	0	0	0	19,9,40
use	1831	LandHill3	G	0	5	1	3	19,9,41
use	1832	Land0_Land3_Land6	G	0	2	0	3	19,6,42
use	1833	LandHill3	G	0	9	0	0	19,6,43
use	1834	LandHill3	G	0	9	0	3	20,9,40
use	1835	Land	G	0	0	0	0	20,9,41
use	1836	Land	G	0	0	0	0	20,9,42
use	1837	LandHill3	G	0	5	1	0	20,6,43
use	1838	Land	G	0	0	0	0	21,9,42
use	1839	LandHill3	G	0	5	0	0	21,6,43
use	1840	LandHill3	G	0	5	1	3	22,6,42
use	1841	LandHill3	G	0	9	0	3	22,6,43
use	1842	Land0_Land3_Land6	G	0	0	0	2	21,6,46
use	1843	LandHill3	G	0	5	0	3	21,9,47
use	1844	LandHill3	G	0	5	1	3	21,9,48
use	1845	Land0_Land3_Land6	G	0	1	0	0	21,6,49
use	1846	Land	G	0	0	0	0	22,9,48
use	1847	LandHill3	G	0	5	0	0	22,6,49
use	1848	LandHill3	G	0	5	1	3	23,6,48
use	1849	LandHill3	G	0	9	0	3	23,6,49
use	1850	Land0_Land2_Land3	G	0	1	0	2	22,6,50
use	1851	Land0_Land2_Land3	G	0	4	0	3	22,6,51
use	1852	Land0_Land3_Land6	G	0	4	0	0	22,6,52
use	1853	Land0_Land2_Land3	G	0	0	0	2	23,6,50
use	1854	Land0_Land2_Land3	G	0	5	0	1	23,6,51
use	1855	Land0_Land3_Land6	G	0	1	0	3	23,6,52
use	1856	LandHill2	G	0	9	0	1	22,6,44
use	1857	LandHill2	G	0	5	0	1	22,6,45
use	1858	Land0_Land2_Land3	G	0	3	0	3	22,6,46
use	1859	LandHill	G	0	0	0	3	22,8,47
use	1860	LandHill2	G	0	9	0	2	23,6,44
use	1861	LandHill2	G	0	5	0	3	23,6,45
use	1862	Land0_Land2_Land3	G	0	2	0	1	23,6,46
use	1863	Land0_Land2_Land3	G	0	8	0	3	23,6,47
use	1864	LandHill3	G	0	9	0	2	24,6,46
use	1865	LandHill3	G	0	9	0	3	24,6,47
use	1866	LandHill3	G	0	0	0	3	21,6,39
use	1867	LandHill	G	0	0	0	0	21,8,40
use	1868	LandHill	G	0	0	0	3	21,8,41
use	1869	LandHill3	G	0	9	0	2	22,6,39
use	1870	Land0_Land2_Land3	G	0	3	0	0	22,6,40
use	1871	Land0_Land2_Land3	G	0	2	0	2	22,6,41
use	1872	LandHill2	G	0	5	0	2	23,6,40
use	1873	LandHill2	G	0	5	0	0	23,6,41
use	1874	LandHill2	G	0	9	0	2	24,6,40
use	1875	LandHill2	G	0	9	0	3	24,6,41
use	1876	Land	G	0	0	0	0	18,20,50
use	1877	LandHill2	G	0	5	0	3	19,18,49
use	1878	LandHill2	G	0	5	0	3	19,18,50
use	1879	LandHill2	G	0	9	0	3	19,18,51
use	1880	LandHill2	G	0	9	0	1	16,18,47
use	1881	LandHill2	G	0	5	0	2	17,18,47
use	1882	LandHill2	G	0	9	0	1	17,20,48
use	1883	LandHill2	G	0	5	0	2	18,18,47
use	1884	LandHill2	G	0	9	0	2	18,20,48
use	1885	LandHill2	G	0	9	0	3	18,20,49
use	1886	LandHill2	G	0	9	0	2	19,18,47
use	1887	LandHill2	G	0	5	0	3	19,18,48
use	1888	LandCliff12	G	0	9	1	1	12,6,47
use	1889	LandCliff12	G	0	5	0	1	12,6,48
use	1890	LandCliff12	G	0	0	1	2	12,6,49
use	1891	LandCliff12	G	0	5	1	2	13,6,47
use	1892	LandHill2	G	0	9	0	1	13,18,48
use	1893	LandHill2	G	0	5	0	1	13,18,49
use	1894	LandHill2	G	0	5	0	1	13,18,50
use	1895	LandHill2	G	0	5	0	1	13,18,51
use	1896	LandHill2	G	0	9	0	0	13,18,52
use	1897	LandCliff12	G	0	0	1	2	14,6,47
use	1898	LandHill2	G	0	5	0	2	14,18,48
use	1899	LandHill2	G	0	9	0	1	14,20,49
use	1900	LandHill2	G	0	5	0	1	14,20,50
use	1901	LandHill2	G	0	9	0	0	14,20,51
use	1902	LandHill2	G	0	5	0	0	14,18,52
use	1903	LandHill2	G	0	5	0	2	15,18,48
use	1904	LandHill2	G	0	5	0	2	15,20,49
use	1905	Land	G	0	0	0	0	15,22,50
use	1906	LandHill2	G	0	5	0	0	15,20,51
use	1907	LandHill2	G	0	5	0	0	15,18,52
use	1908	LandHill2	G	0	0	0	2	16,18,48
use	1909	LandHill2	G	0	5	0	2	16,20,49
use	1910	Land	G	0	0	0	0	16,22,50
use	1911	LandHill2	G	0	5	0	0	16,20,51
use	1912	LandHill2	G	0	5	0	0	16,18,52
use	1913	LandHill2	G	0	2	0	0	17,20,49
use	1914	LandHill2	G	0	5	0	3	17,20,50
use	1915	LandHill2	G	0	9	0	3	17,20,51
use	1916	LandHill2	G	0	5	0	0	17,18,52
use	1917	LandHill2	G	0	0	0	0	18,18,51
use	1918	LandHill2	G	0	9	0	3	18,18,52
use	1919	LandHill6	G	0	0	0	0	18,12,53
use	1920	LandHill6	G	0	0	0	0	19,12,52
use	1921	LandHill6	G	0	9	0	3	19,12,53
use	1922	Beach	G	0	0	0	0	46,5,37
use	1923	Beach	G	0	5	2	3	46,5,38
use	1924	Beach	G	0	5	0	3	46,5,39
use	1925	Beach	G	0	5	2	3	46,5,40
use	1926	Beach	G	0	9	2	3	46,5,41
use	1927	Beach	G	0	9	1	1	46,5,45
use	1928	Beach	G	0	5	2	2	47,5,45
use	1929	Beach	G	0	5	0	2	48,5,45
use	1930	Beach	G	0	5	1	2	49,5,45
use	1931	Beach	G	0	5	2	2	50,5,45
use	1932	Beach	G	0	5	1	2	51,5,45
use	1933	Beach	G	0	5	2	2	52,5,45
use	1934	Beach	G	0	5	0	2	58,5,45
use	1935	Beach	G	0	5	2	2	59,5,45
use	1936	Beach	G	0	9	0	2	60,5,45
use	1937	Beach	G	0	5	1	3	60,5,46
use	1938	Beach	G	0	5	2	3	60,5,47
use	1939	Beach	G	0	5	1	3	60,5,48
use	1940	Beach	G	0	0	1	3	60,5,49
use	1941	Beach	G	0	9	2	2	61,5,49
use	1942	Beach	G	0	0	1	3	61,5,50
use	1943	Beach	G	0	5	1	2	62,5,50
use	1944	Beach	G	0	9	2	2	63,5,50
use	1945	Beach	G	0	0	1	0	62,5,51
use	1946	Beach	G	0	0	0	3	62,5,52
use	1947	Beach	G	0	9	1	3	63,5,51
use	1948	Beach	G	0	9	1	2	63,5,52
use	1949	Beach	G	0	0	1	0	62,5,55
use	1950	Beach	G	0	0	1	3	62,5,56
use	1951	Beach	G	0	9	0	3	63,5,55
use	1952	Beach	G	0	9	2	2	63,5,56
use	1953	Beach	G	0	0	1	0	60,5,57
use	1954	Beach	G	0	5	1	3	60,5,58
use	1955	Beach	G	0	5	2	0	61,5,57
use	1956	Beach	G	0	5	1	0	62,5,57
use	1957	Beach	G	0	9	1	3	63,5,57
use	1958	Beach	G	0	5	1	3	59,5,61
use	1959	Beach	G	0	5	0	3	59,5,62
use	1960	Beach	G	0	9	2	3	59,5,63
use	1961	Beach	G	0	0	0	0	59,5,59
use	1962	Beach	G	0	5	0	3	59,5,60
use	1963	Beach	G	0	9	0	3	60,5,59
use	1964	Beach	G	0	0	0	0	47,5,33
use	1965	Beach	G	0	5	1	3	47,5,34
use	1966	Beach	G	0	5	2	3	47,5,35
use	1967	Beach	G	0	5	0	3	47,5,36
use	1968	Beach	G	0	9	2	3	47,5,37
use	1969	Beach	G	0	5	2	0	48,5,33
use	1970	Beach	G	0	0	1	0	49,5,32
use	1971	Beach	G	0	9	0	3	49,5,33
use	1972	Beach	G	0	5	1	0	50,5,32
use	1973	Beach	G	0	9	0	3	51,5,32
use	1974	Beach	G	0	5	2	0	52,5,29
use	1975	Beach	G	0	5	0	0	54,5,25
use	1976	Beach	G	0	5	0	0	53,5,25
use	1977	Beach	G	0	5	2	3	52,5,27
use	1978	Beach	G	0	0	0	3	52,5,28
use	1979	Beach	G	0	5	1	0	55,5,25
use	1980	Beach	G	0	5	0	0	56,5,25
use	1981	Beach	G	0	9	1	3	57,5,25
use	1982	Beach	G	0	5	2	2	56,5,24
use	1983	Beach	G	0	9	0	2	57,5,24
use	1984	LandHill2	G	0	5	0	0	53,6,19
use	1985	Land	G	0	0	0	0	53,6,20
use	1986	LandHill2	G	0	5	0	0	54,6,19
use	1987	Beach	G	0	0	0	0	54,5,20
use	1988	Beach	G	0	5	2	3	54,5,21
use	1989	Beach	G	0	5	0	3	54,5,22
use	1990	Beach	G	0	5	0	3	54,5,23
use	1991	Beach	G	0	0	0	3	54,5,24
use	1992	Beach	G	0	5	2	0	55,5,20
use	1993	Beach	G	0	5	0	2	55,5,24
use	1994	LandHill6	G	0	9	0	2	54,8,16
use	1995	LandHill6	G	0	9	0	3	54,8,17
use	1996	Land	G	0	0	0	0	54,8,18
use	1997	LandHill2	G	0	9	0	2	55,6,15
use	1998	LandHill2	G	0	5	0	3	55,6,16
use	1999	LandHill2	G	0	5	0	3	55,6,17
use	2000	LandHill2	G	0	5	0	3	55,6,18
use	2001	LandHill2	G	0	9	0	3	55,6,19
use	2002	Land	G	0	0	0	0	56,6,15
use	2003	Beach	G	0	0	0	0	56,5,16
use	2004	Beach	G	0	5	1	3	56,5,17
use	2005	Beach	G	0	5	0	3	56,5,18
use	2006	Beach	G	0	5	2	3	56,5,19
use	2007	Beach	G	0	9	2	3	56,5,20
use	2008	Beach	G	0	5	1	0	57,5,16
use	2009	Beach	G	0	5	0	0	58,5,16
use	2010	Beach	G	0	5	2	3	59,5,13
use	2011	Beach	G	0	5	1	3	59,5,14
use	2012	Beach	G	0	5	0	3	59,5,15
use	2013	Beach	G	0	9	2	3	59,5,16
use	2014	Beach	G	0	0	1	3	56,5,12
use	2015	Beach	G	0	5	2	2	57,5,12
use	2016	Beach	G	0	5	0	2	58,5,12
use	2017	Beach	G	0	9	0	2	59,5,12
use	2018	Beach	G	0	5	1	3	55,5,9
use	2019	Beach	G	0	5	2	3	55,5,10
use	2020	Beach	G	0	0	1	3	55,5,11
use	2021	Beach	G	0	9	2	2	56,5,11
use	2022	Beach	G	0	5	0	2	35,5,8
use	2023	Beach	G	0	5	2	2	36,5,8
use	2024	Beach	G	0	5	0	2	45,5,8
use	2025	Beach	G	0	5	2	2	46,5,8
use	2026	Beach	G	0	5	1	2	47,5,8
use	2027	Beach	G	0	5	1	2	48,5,8
use	2028	Beach	G	0	5	2	2	49,5,8
use	2029	Beach	G	0	5	1	2	50,5,8
use	2030	Beach	G	0	5	2	2	51,5,8
use	2031	Beach	G	0	5	0	2	52,5,8
use	2032	Beach	G	0	5	2	2	53,5,8
use	2033	Beach	G	0	5	0	2	54,5,8
use	2034	Beach	G	0	9	0	2	55,5,8
use	2035	Beach	G	0	5	0	2	43,5,11
use	2036	Beach	G	0	9	0	1	44,5,8
use	2037	Beach	G	0	5	2	1	44,5,9
use	2038	Beach	G	0	5	0	1	44,5,10
use	2039	Beach	G	0	0	1	2	44,5,11
use	2040	Beach	G	0	9	0	2	37,5,8
use	2041	Beach	G	0	5	1	3	37,5,9
use	2042	Beach	G	0	5	0	3	37,5,10
use	2043	Beach	G	0	0	0	3	37,5,11
use	2044	Beach	G	0	9	0	2	38,5,11
use	2045	Beach	G	0	0	0	3	38,5,12
use	2046	Beach	G	0	5	1	2	39,5,12
use	2047	Beach	G	0	9	2	2	40,5,12
use	2048	Beach	G	0	0	0	3	40,5,13
use	2049	Beach	G	0	5	0	2	41,5,13
use	2050	Beach	G	0	9	1	1	42,5,11
use	2051	Beach	G	0	5	1	1	42,5,12
use	2052	Beach	G	0	0	0	2	42,5,13
use	2053	Beach	G	0	5	0	3	31,5,9
use	2054	Beach	G	0	0	0	3	31,5,10
use	2055	Beach	G	0	5	1	2	32,5,10
use	2056	Beach	G	0	5	0	2	33,5,10
use	2057	Beach	G	0	9	1	1	34,5,8
use	2058	Beach	G	0	5	2	1	34,5,9
use	2059	Beach	G	0	0	0	2	34,5,10
use	2060	Beach	G	0	5	2	2	28,5,8
use	2061	Beach	G	0	5	0	2	29,5,8
use	2062	Beach	G	0	5	0	2	30,5,8
use	2063	Beach	G	0	9	0	2	31,5,8
use	2064	Beach	G	0	5	0	2	22,5,18
use	2065	Beach	G	0	5	1	2	23,5,18
use	2066	Beach	G	0	5	0	2	24,5,18
use	2067	Beach	G	0	5	0	1	25,5,12
use	2068	Beach	G	0	5	1	1	25,5,13
use	2069	Beach	G	0	5	2	1	25,5,14
use	2070	Beach	G	0	5	1	1	25,5,15
use	2071	Beach	G	0	5	2	1	25,5,16
use	2072	Beach	G	0	5	1	1	25,5,17
use	2073	Beach	G	0	0	1	2	25,5,18
use	2074	Beach	G	0	5	0	2	18,5,20
use	2075	Beach	G	0	5	0	2	19,5,20
use	2076	Beach	G	0	5	1	2	20,5,20
use	2077	Beach	G	0	9	0	1	21,5,18
use	2078	Beach	G	0	5	1	1	21,5,19
use	2079	Beach	G	0	0	1	2	21,5,20
use	2080	Beach	G	0	9	2	1	25,5,11
use	2081	Beach	G	0	5	2	2	26,5,11
use	2082	Beach	G	0	9	0	1	27,5,8
use	2083	Beach	G	0	5	0	1	27,5,9
use	2084	Beach	G	0	5	1	1	27,5,10
use	2085	Beach	G	0	0	1	2	27,5,11
use	2086	Beach	G	0	5	0	2	14,5,23
use	2087	Beach	G	0	5	2	2	15,5,23
use	2088	Beach	G	0	5	0	2	16,5,23
use	2089	Beach	G	0	9	2	1	17,5,20
use	2090	Beach	G	0	5	1	1	17,5,21
use	2091	Beach	G	0	5	2	1	17,5,22
use	2092	Beach	G	0	0	1	2	17,5,23
use	2093	LandHill2	G	0	9	0	1	17,6,24
use	2094	LandHill2	G	0	9	0	1	18,6,22
use	2095	LandHill2	G	0	5	0	1	18,6,23
use	2096	LandHill2	G	0	0	0	2	18,6,24
use	2097	LandHill6	G	0	9	0	1	18,8,25
use	2098	LandHill6	G	0	9	0	1	19,8,23
use	2099	LandHill6	G	0	5	0	1	19,8,24
use	2100	LandHill6	G	0	0	0	2	19,8,25
use	2101	Land	G	0	0	0	0	19,14,26
use	2102	LandCliff12	G	0	9	1	1	20,14,24
use	2103	LandCliff12	G	0	5	0	1	20,14,25
use	2104	LandCliff12	G	0	9	1	0	20,14,26
use	2105	Beach	G	0	5	0	1	11,5,31
use	2106	Beach	G	0	5	1	1	11,5,32
use	2107	Beach	G	0	5	0	1	11,5,33
use	2108	Beach	G	0	5	2	1	11,5,34
use	2109	LandHill2	G	0	5	0	1	12,6,32
use	2110	LandHill2	G	0	5	0	1	12,6,33
use	2111	LandHill2	G	0	9	0	0	12,6,34
use	2112	LandHill6	G	0	9	0	0	13,8,33
use	2113	Beach	G	0	9	1	1	11,5,30
use	2114	Beach	G	0	5	0	2	12,5,30
use	2115	LandHill2	G	0	9	0	1	12,6,31
use	2116	Beach	G	0	9	1	1	13,5,23
use	2117	Beach	G	0	5	1	1	13,5,24
use	2118	Beach	G	0	5	0	1	13,5,25
use	2119	Beach	G	0	5	1	1	13,5,26
use	2120	Beach	G	0	5	0	1	13,5,27
use	2121	Beach	G	0	5	2	1	13,5,28
use	2122	Beach	G	0	5	0	1	13,5,29
use	2123	Beach	G	0	0	0	2	13,5,30
use	2124	LandHill2	G	0	5	0	2	13,6,31
use	2125	LandHill6	G	0	9	0	1	13,8,32
use	2126	LandHill2	G	0	9	0	1	14,6,29
use	2127	LandHill2	G	0	5	0	1	14,6,30
use	2128	LandHill2	G	0	0	0	2	14,6,31
use	2129	LandHill6	G	0	5	0	2	14,8,32
use	2130	LandHill6	G	0	9	0	1	15,8,30
use	2131	LandHill6	G	0	5	0	1	15,8,31
use	2132	LandHill6	G	0	0	0	2	15,8,32
use	2133	LandCliff12	G	0	9	1	1	16,14,31
use	2134	LandCliff12	G	0	9	0	0	16,14,32
use	2135	Beach	G	0	5	2	2	6,5,41
use	2136	Beach	G	0	0	1	2	7,5,41
use	2137	Beach	G	0	5	0	2	9,5,40
use	2138	Beach	G	0	5	0	1	10,5,38
use	2139	Beach	G	0	5	2	1	10,5,39
use	2140	Beach	G	0	0	0	2	10,5,40
use	2141	Beach	G	0	9	0	0	11,5,35
use	2142	Beach	G	0	5	2	2	11,5,37
use	2143	Beach	G	0	5	1	0	12,5,35
use	2144	Beach	G	0	5	1	2	12,5,37
use	2145	Beach	G	0	5	0	0	13,5,35
use	2146	Beach	G	0	5	2	2	13,5,37
use	2147	Beach	G	0	5	2	0	14,5,35
use	2148	Beach	G	0	5	0	2	14,5,37
use	2149	Beach	G	0	5	2	0	15,5,35
use	2150	Beach	G	0	5	1	2	15,5,37
use	2151	Beach	G	0	0	1	1	16,5,35
use	2152	Beach	G	0	5	1	1	16,5,36
use	2153	Beach	G	0	0	1	2	16,5,37
use	2154	Beach	G	0	9	1	1	7,5,40
use	2155	Beach	G	0	5	2	2	8,5,40
use	2156	Beach	G	0	9	1	1	10,5,37
use	2157	Beach	G	0	5	2	2	4,5,45
use	2158	Beach	G	0	9	0	1	5,5,41
use	2159	Beach	G	0	5	2	1	5,5,42
use	2160	Beach	G	0	5	1	1	5,5,43
use	2161	Beach	G	0	5	2	1	5,5,44
use	2162	Beach	G	0	0	1	2	5,5,45
use	2163	Beach	G	0	9	1	1	3,5,45
use	2164	Beach	G	0	5	0	1	3,5,46
use	2165	Beach	G	0	5	2	1	3,5,47
use	2166	Beach	G	0	9	0	0	3,5,48
use	2167	Beach	G	0	5	0	0	4,5,48
use	2168	Beach	G	0	0	1	0	5,5,47
use	2169	Beach	G	0	9	0	3	5,5,48
use	2170	Beach	G	0	5	2	0	6,5,47
use	2171	Beach	G	0	5	1	0	7,5,47
use	2172	Beach	G	0	0	0	1	8,5,47
use	2173	Beach	G	0	5	1	1	8,5,48
use	2174	Beach	G	0	5	0	1	8,5,49
use	2175	Beach	G	0	5	1	0	11,5,54
use	2176	Beach	G	0	5	2	0	12,5,54
use	2177	Beach	G	0	5	0	0	13,5,54
use	2178	Beach	G	0	5	2	0	14,5,54
use	2179	Beach	G	0	0	0	1	15,5,54
use	2180	Beach	G	0	5	0	1	15,5,55
use	2181	Beach	G	0	5	1	1	15,5,56
use	2182	Beach	G	0	5	0	1	15,5,57
use	2183	Beach	G	0	5	2	1	15,5,58
use	2184	Beach	G	0	9	0	0	8,5,50
use	2185	Beach	G	0	0	1	1	9,5,50
use	2186	Beach	G	0	5	0	1	9,5,51
use	2187	Beach	G	0	9	1	0	9,5,52
use	2188	Beach	G	0	0	0	1	10,5,52
use	2189	Beach	G	0	5	0	1	10,5,53
use	2190	Beach	G	0	9	2	0	10,5,54
use	2191	Beach	G	0	9	0	0	15,5,59
use	2192	Beach	G	0	5	0	0	16,5,59
use	2193	Beach	G	0	5	2	0	17,5,59
use	2194	Beach	G	0	0	1	1	18,5,59
use	2195	Beach	G	0	5	1	1	18,5,60
use	2196	Beach	G	0	5	2	1	18,5,61
use	2197	Beach	G	0	9	0	0	18,5,62
use	2198	Beach	G	0	0	0	0	19,5,61
use	2199	Beach	G	0	9	1	3	19,5,62
use	2200	Beach	G	0	5	2	0	20,5,61
use	2201	Beach	G	0	5	0	0	21,5,61
use	2202	Beach	G	0	5	2	0	22,5,61
use	2203	Beach	G	0	5	0	0	23,5,61
use	2204	Beach	G	0	5	1	0	24,5,61
use	2205	Beach	G	0	5	2	0	25,5,61
use	2206	Beach	G	0	0	0	1	26,5,61
use	2207	Beach	G	0	0	1	0	27,5,61
use	2208	Beach	G	0	5	1	3	27,5,62
use	2209	Beach	G	0	9	1	3	27,5,63
use	2210	Beach	G	0	5	2	0	28,5,61
use	2211	Beach	G	0	0	0	1	29,5,61
use	2212	Beach	G	0	5	1	1	29,5,62
use	2213	Beach	G	0	9	1	0	29,5,63
use	2214	Beach	G	0	9	0	1	24,5,62
use	2215	Beach	G	0	9	2	0	24,5,63
use	2216	Beach	G	0	9	2	2	25,5,62
use	2217	Beach	G	0	9	0	3	25,5,63
use	2218	Beach	G	0	5	2	1	26,5,62
use	2219	Beach	G	0	9	1	0	26,5,63
use	2220	Beach	G	0	0	1	0	34,5,60
use	2221	Beach	G	0	5	0	3	34,5,61
use	2222	Beach	G	0	0	1	3	34,5,62
use	2223	Beach	G	0	5	2	0	35,5,60
use	2224	Beach	G	0	5	0	2	35,5,62
use	2225	Beach	G	0	5	1	0	36,5,60
use	2226	Beach	G	0	5	1	2	36,5,62
use	2227	Beach	G	0	0	0	1	39,5,60
use	2228	LandHill	G	0	0	0	1	40,6,59
use	2229	LandHill	G	0	9	0	0	40,6,60
use	2230	LandHill	G	0	0	0	0	36,6,58
use	2231	LandHill	G	0	9	0	3	36,6,59
use	2232	LandHill	G	0	5	0	0	37,6,58
use	2233	Beach	G	0	0	1	0	37,5,59
use	2234	Beach	G	0	9	0	3	37,5,60
use	2235	LandHill	G	0	5	0	0	38,6,58
use	2236	Beach	G	0	0	0	1	38,5,59
use	2237	Beach	G	0	9	1	0	38,5,60
use	2238	LandHill	G	0	0	0	1	39,6,58
use	2239	LandHill	G	0	9	0	0	39,6,59
use	2240	Beach	G	0	9	1	2	37,5,62
use	2241	Beach	G	0	9	0	3	37,5,63
use	2242	Beach	G	0	9	0	0	39,5,61
use	2243	Beach	G	0	0	0	1	40,5,61
use	2244	Beach	G	0	9	0	0	40,5,62
use	2245	Beach	G	0	5	0	0	41,5,62
use	2246	Beach	G	0	0	1	1	42,5,62
use	2247	Beach	G	0	9	0	0	42,5,63
use	2248	Beach	G	0	5	2	3	55,5,48
use	2249	Beach	G	0	0	0	3	55,5,49
use	2250	Beach	G	0	5	2	1	56,5,47
use	2251	Beach	G	0	5	0	1	56,5,48
use	2252	Beach	G	0	0	1	2	56,5,49
use	2253	Beach	G	0	9	1	1	56,5,46
use	2254	Beach	G	0	9	0	1	57,5,45
use	2255	Beach	G	0	0	0	2	57,5,46
use	2256	Beach	G	0	9	0	2	53,5,45
use	2257	Beach	G	0	5	0	3	53,5,46
use	2258	Beach	G	0	0	0	3	53,5,47
use	2259	Beach	G	0	5	0	2	54,5,47
use	2260	Beach	G	0	9	1	2	55,5,47
use	2261	TechnicsScreen155StraightX4	A	0	0	0	1	33,10,51
use	2262	StructureSupportDeadend	A	0	0	1	0	35,16,52
use	2263	StructurePillar	A	0	1	0	0	35,15,52
use	2264	StructurePillar	A	0	2	0	0	35,14,52
use	2265	StructurePillar	A	0	1	0	0	35,12,52
use	2266	StructurePillar	A	0	2	0	0	35,11,52
use	2267	StructurePillar	A	0	1	0	0	35,10,52
use	2268	StructurePillar	A	0	1	0	0	35,9,52
use	2269	StructurePillar	A	0	1	0	0	35,8,52
use	2270	StructurePillar	A	0	4	0	0	35,7,52
use	2271	StructurePillar	G	0	0	0	0	35,6,52
use	2272	StructureSupportDeadend	A	2	0	1	0	35,13,52
use	2273	StructureSupportDeadend	A	0	0	1	0	34,16,52
use	2274	StructurePillar	A	0	1	0	0	34,15,52
use	2275	StructurePillar	A	0	2	0	0	34,14,52
use	2276	StructurePillar	A	0	1	0	0	34,12,52
use	2277	StructurePillar	A	0	2	0	0	34,11,52
use	2278	StructurePillar	A	0	1	0	0	34,10,52
use	2279	StructurePillar	A	0	1	0	0	34,9,52
use	2280	StructurePillar	A	0	1	0	0	34,8,52
use	2281	StructurePillar	A	0	4	0	0	34,7,52
use	2282	StructurePillar	G	0	0	0	0	34,6,52
use	2283	StructureSupportDeadend	A	2	0	1	0	34,13,52
use	2284	TechnicsScreen2x3StraightX2	A	0	0	0	2	27,11,32
use	2285	StructureSupportDeadend	A	0	0	1	1	26,19,32
use	2286	StructurePillar	A	0	1	0	1	26,18,32
use	2287	StructurePillar	A	0	1	0	1	26,17,32
use	2288	StructurePillar	A	0	3	0	1	26,16,32
use	2289	StructurePillar	A	0	1	0	1	26,14,32
use	2290	StructurePillar	A	0	1	0	1	26,13,32
use	2291	StructurePillar	A	0	3	0	1	26,12,32
use	2292	StructurePillar	G	3	0	0	3	26,8,32
use	2293	StructureSupportDeadend	A	2	0	1	1	26,15,32
use	2294	StructureSupportDeadend	A	0	0	1	1	26,19,33
use	2295	StructurePillar	A	0	1	0	1	26,18,33
use	2296	StructurePillar	A	0	1	0	1	26,17,33
use	2297	StructurePillar	A	0	3	0	1	26,16,33
use	2298	StructurePillar	A	0	1	0	1	26,14,33
use	2299	StructurePillar	A	0	1	0	1	26,13,33
use	2300	StructurePillar	A	0	3	0	1	26,12,33
use	2301	StructurePillar	G	3	0	0	3	26,8,33
use	2302	StructureSupportDeadend	A	2	0	1	1	26,15,33
use	2303	TechnicsScreen6x1StraightX3	A	0	0	0	0	43,7,37
use	2304	StandStraight	A	0	0	1	1	44,9,39
use	2305	StructurePillar	A	0	1	0	1	44,8,39
use	2306	StructurePillar	A	0	2	0	1	44,7,39
use	2307	StructurePillar	G	0	0	0	1	44,6,39
use	2308	StandStraight	A	0	0	1	1	44,9,38
use	2309	StructurePillar	A	0	1	0	1	44,8,38
use	2310	StructurePillar	A	0	2	0	1	44,7,38
use	2311	StructurePillar	G	0	0	0	1	44,6,38
use	2312	StandStraight	A	0	0	1	1	44,9,37
use	2313	StructurePillar	A	0	1	0	1	44,8,37
use	2314	StructurePillar	A	0	2	0	1	44,7,37
use	2315	StructurePillar	G	0	0	0	1	44,6,37
use	2316	TechnicsScreen155Straight	A	0	0	0	0	44,12,38
use	2317	TechnicsScreen2x3StraightSmall	A	0	0	0	0	44,12,39
use	2318	TechnicsScreen2x3StraightSmall	A	0	0	0	0	44,12,37
use	2319	TechnicsScreen2x3Straight	A	0	0	0	3	42,7,20
use	2320	StructureSupportDeadend	A	0	0	1	2	42,12,19
use	2321	StructurePillar	A	0	1	0	2	42,11,19
use	2322	StructurePillar	A	0	1	0	2	42,10,19
use	2323	StructurePillar	A	0	1	0	2	42,9,19
use	2324	StructurePillar	A	0	4	0	2	42,8,19
use	2325	StructurePillar	G	0	0	0	2	42,6,19
use	2326	StructureSupportDeadend	A	2	0	1	2	42,7,19
use	2327	Land	G	0	0	0	0	34,6,33
use	2328	Land	G	0	0	0	0	36,18,35
use	2329	Land	G	0	0	0	0	37,18,35
use	2330	LandCliff12	G	0	0	1	3	38,6,34
use	2331	LandCliff12	G	0	0	0	0	38,6,35
use	2332	LandCliff12	G	0	9	0	3	38,6,36
use	2333	Land0_Land6_Land12	G	0	4	0	0	35,6,34
use	2334	LandHill6	G	0	5	0	2	36,12,34
use	2335	Land0_Land6_Land12	G	0	1	0	2	37,6,33
use	2336	LandHill6	G	0	0	0	2	37,12,34
use	2337	LandHill6	G	0	5	0	0	36,12,36
use	2338	Land	G	0	0	0	0	36,12,37
use	2339	Land0_Land6_Land12	G	0	4	0	2	37,6,36
use	2340	LandHill3	G	0	9	0	1	32,6,34
use	2341	LandHill3	G	0	9	0	1	35,6,32
use	2342	Land0_Land3_Land6	G	0	0	0	1	35,6,33
use	2343	LandHill3	G	0	9	0	2	36,6,32
use	2344	Land0_Land3_Land6	G	0	5	0	0	36,6,33
use	2345	Land0_Land3_Land6	G	0	4	0	1	37,6,37
use	2346	LandHill3	G	0	5	0	0	38,6,39
use	2347	LandHill3	G	0	9	0	3	39,6,39
use	2348	Land0_Land3_Land6	G	0	5	0	2	36,6,38
use	2349	LandHill3	G	0	9	0	0	36,6,39
use	2350	LandHill3	G	0	9	0	3	37,9,38
use	2351	LandHill3	G	0	5	0	0	37,6,39
use	2352	Land	G	0	0	0	0	41,6,38
use	2353	LandHill2	G	0	9	0	3	40,6,38
use	2354	Land	G	0	0	0	0	41,6,36
use	2355	Land	G	0	0	0	0	41,6,37
use	2356	RoadTechCurve5	G	0	0	0	1	38,6,37
use	2357	LandHill	G	0	9	0	1	39,6,36
use	2358	LandHill	G	0	9	0	2	40,6,36
use	2359	Land0_Land1_Land2	G	0	1	0	3	40,6,37
use	2360	Land0_Land2_Land3	G	0	0	0	2	38,6,37
use	2361	LandHill	G	0	0	0	3	38,8,38
use	2362	Land0_Land1_Land2	G	0	4	0	0	39,6,37
use	2363	Land0_Land2_Land3	G	0	2	0	2	39,6,38
use	2364	LandHill6	G	0	9	0	0	34,6,38
use	2365	Land	G	0	0	0	0	35,12,37
use	2366	LandHill6	G	0	5	0	0	35,6,38
use	2367	Land	G	0	0	0	0	32,6,38
use	2368	Land	G	0	0	0	0	33,6,38
use	2369	RoadTechCurve4	G	0	0	0	2	30,6,36
use	2370	Land0_Land3_Land6	G	0	4	0	3	34,6,37
use	2371	LandCliff12	G	0	0	1	1	35,6,35
use	2372	Land0_Land6_Land12	G	0	2	0	0	35,6,36
use	2373	LandHill3	G	0	9	0	0	32,6,35
use	2374	LandHill2	G	0	9	0	1	32,6,36
use	2375	LandHill2	G	0	9	0	0	32,6,37
use	2376	Land0_Land3_Land6	G	0	1	0	2	33,6,34
use	2377	Land0_Land3_Land6	G	0	0	0	0	33,6,35
use	2378	Land0_Land2_Land3	G	0	1	0	2	33,6,36
use	2379	Land0_Land2_Land3	G	0	0	0	0	33,6,37
use	2380	Land0_Land6_Land12	G	0	1	0	2	34,6,34
use	2381	Land0_Land6_Land12	G	0	0	0	0	34,6,35
use	2382	Land0_Land3_Land6	G	0	1	0	2	34,6,36
use	2383	DecoTreeBeachDeadend3x2	G	0	0	0	3	47,5,34
use	2384	Beach	G	0	0	1	0	50,5,29
use	2385	Beach	G	0	5	1	3	50,5,30
use	2386	Beach	G	0	0	1	3	50,5,31
use	2387	Beach	G	0	5	1	0	51,5,29
use	2388	Beach	G	0	9	1	2	51,5,31
use	2389	Beach	G	0	5	1	2	53,5,28
use	2390	Beach	G	0	5	2	0	53,5,29
use	2391	Beach	G	0	9	0	2	54,5,28
use	2392	Beach	G	0	9	2	3	54,5,29
use	2393	DecoTreeBeachDeadend3x2	G	0	0	0	0	51,5,29
use	2394	Land	G	0	0	0	0	51,6,25
use	2395	Land	G	0	0	0	0	51,6,26
use	2396	Beach	G	0	0	1	0	52,5,25
use	2397	Beach	G	0	5	1	3	52,5,26
use	2398	DecoTreeBeachGT2In	G	0	0	0	3	52,5,25
use	2399	DecoTreeBeachDeadend3x2In	G	0	0	0	3	45,5,38
use	2400	Land	G	0	0	0	0	36,6,43
use	2401	Beach	G	0	5	1	0	36,5,44
use	2402	Land	G	0	0	0	0	37,6,43
use	2403	Beach	G	0	5	0	0	37,5,44
use	2404	Land	G	0	0	0	0	38,6,43
use	2405	Beach	G	0	5	1	0	38,5,44
use	2406	Beach	G	0	0	0	1	34,5,43
use	2407	Beach	G	0	9	2	0	34,5,44
use	2408	Land	G	0	0	0	0	35,6,43
use	2409	Beach	G	0	5	2	0	35,5,44
use	2410	DecoWallBasePillar	G	0	0	0	0	35,6,42
use	2411	DecoWallBasePillar	G	0	0	0	0	36,6,42
use	2412	DecoWallBasePillar	G	0	0	0	0	37,6,42
use	2413	DecoWallBasePillar	G	0	0	0	0	38,6,42
use	2414	StandStraight	A	1	0	1	2	37,7,42
use	2415	StandStraight	A	1	0	1	2	36,7,42
use	2416	DecoWallSlope2Straight	A	0	0	0	1	36,7,42
use	2417	DecoWallSlope2Straight	A	0	0	0	1	37,7,42
use	2418	DecoWallSlope2Straight	A	0	0	0	1	35,7,42
use	2419	DecoWallSlope2Straight	A	0	0	0	1	38,7,42
use	2420	DecoWallSlope2Straight	A	0	0	0	3	35,7,43
use	2421	DecoWallBasePillar	G	0	0	0	3	35,6,43
use	2422	DecoWallSlope2Straight	A	0	0	0	3	38,7,43
use	2423	DecoWallBasePillar	G	0	0	0	3	38,6,43
use	2424	DecoWallSlope2Straight	A	0	0	0	3	36,7,43
use	2425	DecoWallBasePillar	G	0	0	0	3	36,6,43
use	2426	DecoWallSlope2Straight	A	0	0	0	3	37,7,43
use	2427	DecoWallBasePillar	G	0	0	0	3	37,6,43
use	2428	DecoPlatformSlope2Straight	A	0	0	0	0	35,7,42
use	2429	DecoPlatformSlope2Straight	A	0	0	0	0	38,7,42
use	2430	Sea	G	0	0	0	0	46,5,26
use	2431	Sea	G	0	0	0	0	46,5,27
use	2432	Sea	G	0	0	0	0	45,5,27
use	2433	Sea	G	0	0	0	0	44,5,26
use	2434	Sea	G	0	0	0	0	45,5,26
use	2435	Sea	G	0	0	0	0	44,5,25
use	2436	Sea	G	0	0	0	0	44,5,27
use	2437	Sea	G	0	0	0	0	44,5,28
use	2438	Sea	G	0	0	0	0	27,5,41
use	2439	Sea	G	0	0	0	0	27,5,42
use	2440	Sea	G	0	0	0	0	27,5,43
use	2441	Sea	G	0	0	0	0	28,5,41
use	2442	Sea	G	0	0	0	0	28,5,42
use	2443	Sea	G	0	0	0	0	28,5,43
use	2444	Sea	G	0	0	0	0	29,5,41
use	2445	Sea	G	0	0	0	0	29,5,42
use	2446	Sea	G	0	0	0	0	29,5,43
use	2447	Sea	G	0	0	0	0	29,5,44
use	2448	Sea	G	0	0	0	0	29,5,45
use	2449	Sea	G	0	0	0	0	30,5,44
use	2450	Sea	G	0	0	0	0	30,5,45
use	2451	Sea	G	0	0	0	0	32,5,46
use	2452	Sea	G	0	0	0	0	32,5,47
use	2453	Sea	G	0	0	0	0	32,5,48
use	2454	Sea	G	0	0	0	0	33,5,46
use	2455	Sea	G	0	0	0	0	33,5,47
use	2456	Sea	G	0	0	0	0	33,5,48
use	2457	Sea	G	0	0	0	0	33,5,49
use	2458	Sea	G	0	0	0	0	34,5,47
use	2459	Sea	G	0	0	0	0	34,5,48
use	2460	Sea	G	0	0	0	0	34,5,49
use	2461	Sea	G	0	0	0	0	35,5,47
use	2462	Sea	G	0	0	0	0	35,5,48
use	2463	Sea	G	0	0	0	0	36,5,47
use	2464	Sea	G	0	0	0	0	36,5,48
use	2465	Sea	G	0	0	0	0	37,5,47
use	2466	Sea	G	0	0	0	0	37,5,48
use	2467	Sea	G	0	0	0	0	34,5,46
use	2468	Sea	G	0	0	0	0	35,5,46
use	2469	Sea	G	0	0	0	0	33,5,44
use	2470	Sea	G	0	0	0	0	33,5,45
use	2471	Sea	G	0	0	0	0	34,5,45
use	2472	Sea	G	0	0	0	0	35,5,45
use	2473	Sea	G	0	0	0	0	36,5,45
use	2474	Sea	G	0	0	0	0	36,5,46
use	2475	Sea	G	0	0	0	0	37,5,45
use	2476	Sea	G	0	0	0	0	37,5,46
use	2477	Sea	G	0	0	0	0	38,5,45
use	2478	Sea	G	0	0	0	0	38,5,46
use	2479	Sea	G	0	0	0	0	38,5,47
use	2480	Sea	G	0	0	0	0	39,5,45
use	2481	Sea	G	0	0	0	0	39,5,46
use	2482	Sea	G	0	0	0	0	40,5,45
use	2483	Sea	G	0	0	0	0	40,5,46
use	2484	Sea	G	0	0	0	0	41,5,45
use	2485	Sea	G	0	0	0	0	41,5,46
use	2486	Sea	G	0	0	0	0	42,5,45
use	2487	Sea	G	0	0	0	0	42,5,46
use	2488	Sea	G	0	0	0	0	43,5,45
use	2489	Sea	G	0	0	0	0	43,5,46
use	2490	Sea	G	0	0	0	0	43,5,43
use	2491	Sea	G	0	0	0	0	43,5,44
use	2492	Sea	G	0	0	0	0	44,5,43
use	2493	Sea	G	0	0	0	0	44,5,44
use	2494	Sea	G	0	0	0	0	44,5,45
use	2495	Sea	G	0	0	0	0	44,5,46
use	2496	Sea	G	0	0	0	0	45,5,43
use	2497	Sea	G	0	0	0	0	45,5,44
use	2498	Sea	G	0	0	0	0	45,5,45
use	2499	Sea	G	0	0	0	0	45,5,46
use	2500	Sea	G	0	0	0	0	45,5,42
use	2501	Sea	G	0	0	0	0	46,5,42
use	2502	Sea	G	0	0	0	0	41,5,47
use	2503	Sea	G	0	0	0	0	41,5,48
use	2504	Sea	G	0	0	0	0	41,5,49
use	2505	Sea	G	0	0	0	0	41,5,50
use	2506	Sea	G	0	0	0	0	37,5,49
use	2507	Sea	G	0	0	0	0	37,5,50
use	2508	Sea	G	0	0	0	0	37,5,51
use	2509	Sea	G	0	0	0	0	38,5,50
use	2510	Sea	G	0	0	0	0	38,5,51
use	2511	Sea	G	0	0	0	0	28,5,48
use	2512	Sea	G	0	0	0	0	29,5,48
use	2513	Sea	G	0	0	0	0	30,5,48
use	2514	Sea	G	0	0	0	0	31,5,48
use	2515	Sea	G	0	0	0	0	29,5,46
use	2516	Sea	G	0	0	0	0	29,5,47
use	2517	Sea	G	0	0	0	0	30,5,46
use	2518	Sea	G	0	0	0	0	30,5,47
use	2519	Sea	G	0	0	0	0	31,5,46
use	2520	Sea	G	0	0	0	0	31,5,47
use	2521	Sea	G	0	0	0	0	42,5,47
use	2522	Sea	G	0	0	0	0	42,5,48
use	2523	Sea	G	0	0	0	0	42,5,49
use	2524	Sea	G	0	0	0	0	42,5,50
use	2525	Sea	G	0	0	0	0	35,5,49
use	2526	Sea	G	0	0	0	0	36,5,49
use	2527	Sea	G	0	0	0	0	46,5,43
use	2528	Sea	G	0	0	0	0	46,5,44
use	2529	Sea	G	0	0	0	0	47,5,38
use	2530	Sea	G	0	0	0	0	47,5,39
use	2531	Sea	G	0	0	0	0	47,5,40
use	2532	Sea	G	0	0	0	0	47,5,41
use	2533	Sea	G	0	0	0	0	47,5,42
use	2534	Sea	G	0	0	0	0	47,5,43
use	2535	Sea	G	0	0	0	0	47,5,44
use	2536	Sea	G	0	0	0	0	48,5,38
use	2537	Sea	G	0	0	0	0	48,5,39
use	2538	Sea	G	0	0	0	0	48,5,40
use	2539	Sea	G	0	0	0	0	48,5,41
use	2540	Sea	G	0	0	0	0	48,5,42
use	2541	Sea	G	0	0	0	0	48,5,43
use	2542	Sea	G	0	0	0	0	48,5,44
use	2543	Sea	G	0	0	0	0	49,5,38
use	2544	Sea	G	0	0	0	0	49,5,39
use	2545	Sea	G	0	0	0	0	49,5,40
use	2546	Sea	G	0	0	0	0	49,5,41
use	2547	Sea	G	0	0	0	0	49,5,42
use	2548	Sea	G	0	0	0	0	49,5,43
use	2549	Sea	G	0	0	0	0	49,5,44
use	2550	Sea	G	0	0	0	0	50,5,38
use	2551	Sea	G	0	0	0	0	50,5,39
use	2552	Sea	G	0	0	0	0	50,5,40
use	2553	Sea	G	0	0	0	0	50,5,41
use	2554	Sea	G	0	0	0	0	50,5,42
use	2555	Sea	G	0	0	0	0	50,5,43
use	2556	Sea	G	0	0	0	0	50,5,44
use	2557	Sea	G	0	0	0	0	51,5,38
use	2558	Sea	G	0	0	0	0	51,5,39
use	2559	Sea	G	0	0	0	0	51,5,40
use	2560	Sea	G	0	0	0	0	51,5,41
use	2561	Sea	G	0	0	0	0	51,5,42
use	2562	Sea	G	0	0	0	0	51,5,43
use	2563	Sea	G	0	0	0	0	51,5,44
use	2564	Sea	G	0	0	0	0	52,5,38
use	2565	Sea	G	0	0	0	0	52,5,39
use	2566	Sea	G	0	0	0	0	52,5,40
use	2567	Sea	G	0	0	0	0	52,5,41
use	2568	Sea	G	0	0	0	0	52,5,42
use	2569	Sea	G	0	0	0	0	52,5,43
use	2570	Sea	G	0	0	0	0	52,5,44
use	2571	Sea	G	0	0	0	0	53,5,38
use	2572	Sea	G	0	0	0	0	53,5,39
use	2573	Sea	G	0	0	0	0	53,5,40
use	2574	Sea	G	0	0	0	0	53,5,41
use	2575	Sea	G	0	0	0	0	53,5,42
use	2576	Sea	G	0	0	0	0	53,5,43
use	2577	Sea	G	0	0	0	0	53,5,44
use	2578	Sea	G	0	0	0	0	54,5,38
use	2579	Sea	G	0	0	0	0	54,5,39
use	2580	Sea	G	0	0	0	0	54,5,40
use	2581	Sea	G	0	0	0	0	54,5,41
use	2582	Sea	G	0	0	0	0	54,5,42
use	2583	Sea	G	0	0	0	0	54,5,43
use	2584	Sea	G	0	0	0	0	54,5,44
use	2585	Sea	G	0	0	0	0	55,5,38
use	2586	Sea	G	0	0	0	0	55,5,39
use	2587	Sea	G	0	0	0	0	55,5,40
use	2588	Sea	G	0	0	0	0	55,5,41
use	2589	Sea	G	0	0	0	0	55,5,42
use	2590	Sea	G	0	0	0	0	55,5,43
use	2591	Sea	G	0	0	0	0	55,5,44
use	2592	Sea	G	0	0	0	0	56,5,38
use	2593	Sea	G	0	0	0	0	56,5,39
use	2594	Sea	G	0	0	0	0	56,5,40
use	2595	Sea	G	0	0	0	0	56,5,41
use	2596	Sea	G	0	0	0	0	56,5,42
use	2597	Sea	G	0	0	0	0	56,5,43
use	2598	Sea	G	0	0	0	0	56,5,44
use	2599	Sea	G	0	0	0	0	53,5,34
use	2600	Sea	G	0	0	0	0	53,5,35
use	2601	Sea	G	0	0	0	0	53,5,36
use	2602	Sea	G	0	0	0	0	53,5,37
use	2603	Sea	G	0	0	0	0	54,5,34
use	2604	Sea	G	0	0	0	0	54,5,35
use	2605	Sea	G	0	0	0	0	54,5,36
use	2606	Sea	G	0	0	0	0	54,5,37
use	2607	Sea	G	0	0	0	0	55,5,34
use	2608	Sea	G	0	0	0	0	55,5,35
use	2609	Sea	G	0	0	0	0	55,5,36
use	2610	Sea	G	0	0	0	0	55,5,37
use	2611	Sea	G	0	0	0	0	56,5,34
use	2612	Sea	G	0	0	0	0	56,5,35
use	2613	Sea	G	0	0	0	0	56,5,36
use	2614	Sea	G	0	0	0	0	56,5,37
use	2615	Sea	G	0	0	0	0	57,5,34
use	2616	Sea	G	0	0	0	0	57,5,35
use	2617	Sea	G	0	0	0	0	57,5,36
use	2618	Sea	G	0	0	0	0	57,5,37
use	2619	Sea	G	0	0	0	0	57,5,38
use	2620	Sea	G	0	0	0	0	57,5,39
use	2621	Sea	G	0	0	0	0	58,5,34
use	2622	Sea	G	0	0	0	0	58,5,35
use	2623	Sea	G	0	0	0	0	58,5,36
use	2624	Sea	G	0	0	0	0	58,5,37
use	2625	Sea	G	0	0	0	0	58,5,38
use	2626	Sea	G	0	0	0	0	58,5,39
use	2627	Sea	G	0	0	0	0	59,5,34
use	2628	Sea	G	0	0	0	0	59,5,35
use	2629	Sea	G	0	0	0	0	59,5,36
use	2630	Sea	G	0	0	0	0	59,5,37
use	2631	Sea	G	0	0	0	0	59,5,38
use	2632	Sea	G	0	0	0	0	59,5,39
use	2633	Sea	G	0	0	0	0	60,5,34
use	2634	Sea	G	0	0	0	0	60,5,35
use	2635	Sea	G	0	0	0	0	60,5,36
use	2636	Sea	G	0	0	0	0	60,5,37
use	2637	Sea	G	0	0	0	0	60,5,38
use	2638	Sea	G	0	0	0	0	60,5,39
use	2639	Sea	G	0	0	0	0	61,5,38
use	2640	Sea	G	0	0	0	0	62,5,38
use	2641	Sea	G	0	0	0	0	63,5,38
use	2642	Sea	G	0	0	0	0	59,5,40
use	2643	Sea	G	0	0	0	0	59,5,41
use	2644	Sea	G	0	0	0	0	60,5,40
use	2645	Sea	G	0	0	0	0	60,5,41
use	2646	Sea	G	0	0	0	0	61,5,39
use	2647	Sea	G	0	0	0	0	61,5,40
use	2648	Sea	G	0	0	0	0	61,5,41
use	2649	Sea	G	0	0	0	0	62,5,39
use	2650	Sea	G	0	0	0	0	62,5,40
use	2651	Sea	G	0	0	0	0	62,5,41
use	2652	Sea	G	0	0	0	0	63,5,39
use	2653	Sea	G	0	0	0	0	63,5,40
use	2654	Sea	G	0	0	0	0	63,5,41
use	2655	Sea	G	0	0	0	0	60,5,42
use	2656	Sea	G	0	0	0	0	60,5,43
use	2657	Sea	G	0	0	0	0	60,5,44
use	2658	Sea	G	0	0	0	0	61,5,42
use	2659	Sea	G	0	0	0	0	61,5,43
use	2660	Sea	G	0	0	0	0	61,5,44
use	2661	Sea	G	0	0	0	0	62,5,42
use	2662	Sea	G	0	0	0	0	62,5,43
use	2663	Sea	G	0	0	0	0	62,5,44
use	2664	Sea	G	0	0	0	0	63,5,42
use	2665	Sea	G	0	0	0	0	63,5,43
use	2666	Sea	G	0	0	0	0	63,5,44
use	2667	Sea	G	0	0	0	0	57,5,40
use	2668	Sea	G	0	0	0	0	57,5,41
use	2669	Sea	G	0	0	0	0	57,5,42
use	2670	Sea	G	0	0	0	0	57,5,43
use	2671	Sea	G	0	0	0	0	57,5,44
use	2672	Sea	G	0	0	0	0	58,5,40
use	2673	Sea	G	0	0	0	0	58,5,41
use	2674	Sea	G	0	0	0	0	58,5,42
use	2675	Sea	G	0	0	0	0	58,5,43
use	2676	Sea	G	0	0	0	0	58,5,44
use	2677	Sea	G	0	0	0	0	59,5,42
use	2678	Sea	G	0	0	0	0	59,5,43
use	2679	Sea	G	0	0	0	0	59,5,44
use	2680	Sea	G	0	0	0	0	61,5,45
use	2681	Sea	G	0	0	0	0	61,5,46
use	2682	Sea	G	0	0	0	0	61,5,47
use	2683	Sea	G	0	0	0	0	61,5,48
use	2684	Sea	G	0	0	0	0	62,5,45
use	2685	Sea	G	0	0	0	0	62,5,46
use	2686	Sea	G	0	0	0	0	62,5,47
use	2687	Sea	G	0	0	0	0	62,5,48
use	2688	Sea	G	0	0	0	0	63,5,45
use	2689	Sea	G	0	0	0	0	63,5,46
use	2690	Sea	G	0	0	0	0	63,5,47
use	2691	Sea	G	0	0	0	0	63,5,48
use	2692	Sea	G	0	0	0	0	62,5,49
use	2693	Sea	G	0	0	0	0	63,5,49
use	2694	Sea	G	0	0	0	0	61,5,59
use	2695	Sea	G	0	0	0	0	61,5,60
use	2696	Sea	G	0	0	0	0	61,5,61
use	2697	Sea	G	0	0	0	0	62,5,59
use	2698	Sea	G	0	0	0	0	62,5,60
use	2699	Sea	G	0	0	0	0	62,5,61
use	2700	Sea	G	0	0	0	0	63,5,59
use	2701	Sea	G	0	0	0	0	63,5,60
use	2702	Sea	G	0	0	0	0	63,5,61
use	2703	Sea	G	0	0	0	0	61,5,58
use	2704	Sea	G	0	0	0	0	62,5,58
use	2705	Sea	G	0	0	0	0	63,5,58
use	2706	Sea	G	0	0	0	0	61,5,62
use	2707	Sea	G	0	0	0	0	61,5,63
use	2708	Sea	G	0	0	0	0	60,5,61
use	2709	Sea	G	0	0	0	0	60,5,62
use	2710	Sea	G	0	0	0	0	60,5,63
use	2711	Sea	G	0	0	0	0	62,5,62
use	2712	Sea	G	0	0	0	0	62,5,63
use	2713	Sea	G	0	0	0	0	63,5,62
use	2714	Sea	G	0	0	0	0	63,5,63
use	2715	Sea	G	0	0	0	0	60,5,60
use	2716	Sea	G	0	0	0	0	61,5,34
use	2717	Sea	G	0	0	0	0	61,5,35
use	2718	Sea	G	0	0	0	0	61,5,36
use	2719	Sea	G	0	0	0	0	61,5,37
use	2720	Sea	G	0	0	0	0	62,5,34
use	2721	Sea	G	0	0	0	0	62,5,35
use	2722	Sea	G	0	0	0	0	62,5,36
use	2723	Sea	G	0	0	0	0	62,5,37
use	2724	Sea	G	0	0	0	0	63,5,34
use	2725	Sea	G	0	0	0	0	63,5,35
use	2726	Sea	G	0	0	0	0	63,5,36
use	2727	Sea	G	0	0	0	0	63,5,37
use	2728	Sea	G	0	0	0	0	59,5,30
use	2729	Sea	G	0	0	0	0	59,5,31
use	2730	Sea	G	0	0	0	0	59,5,32
use	2731	Sea	G	0	0	0	0	59,5,33
use	2732	Sea	G	0	0	0	0	60,5,30
use	2733	Sea	G	0	0	0	0	60,5,31
use	2734	Sea	G	0	0	0	0	60,5,32
use	2735	Sea	G	0	0	0	0	60,5,33
use	2736	Sea	G	0	0	0	0	61,5,30
use	2737	Sea	G	0	0	0	0	61,5,31
use	2738	Sea	G	0	0	0	0	61,5,32
use	2739	Sea	G	0	0	0	0	61,5,33
use	2740	Sea	G	0	0	0	0	62,5,30
use	2741	Sea	G	0	0	0	0	62,5,31
use	2742	Sea	G	0	0	0	0	62,5,32
use	2743	Sea	G	0	0	0	0	62,5,33
use	2744	Sea	G	0	0	0	0	63,5,30
use	2745	Sea	G	0	0	0	0	63,5,31
use	2746	Sea	G	0	0	0	0	63,5,32
use	2747	Sea	G	0	0	0	0	63,5,33
use	2748	Sea	G	0	0	0	0	51,5,35
use	2749	Sea	G	0	0	0	0	51,5,36
use	2750	Sea	G	0	0	0	0	51,5,37
use	2751	Sea	G	0	0	0	0	52,5,35
use	2752	Sea	G	0	0	0	0	52,5,36
use	2753	Sea	G	0	0	0	0	52,5,37
use	2754	Sea	G	0	0	0	0	48,5,34
use	2755	Sea	G	0	0	0	0	48,5,35
use	2756	Sea	G	0	0	0	0	48,5,36
use	2757	Sea	G	0	0	0	0	48,5,37
use	2758	Sea	G	0	0	0	0	49,5,34
use	2759	Sea	G	0	0	0	0	49,5,35
use	2760	Sea	G	0	0	0	0	49,5,36
use	2761	Sea	G	0	0	0	0	49,5,37
use	2762	Sea	G	0	0	0	0	50,5,34
use	2763	Sea	G	0	0	0	0	50,5,35
use	2764	Sea	G	0	0	0	0	50,5,36
use	2765	Sea	G	0	0	0	0	50,5,37
use	2766	Sea	G	0	0	0	0	50,5,33
use	2767	Sea	G	0	0	0	0	51,5,33
use	2768	Sea	G	0	0	0	0	51,5,34
use	2769	Sea	G	0	0	0	0	52,5,34
use	2770	Sea	G	0	0	0	0	52,5,30
use	2771	Sea	G	0	0	0	0	52,5,31
use	2772	Sea	G	0	0	0	0	52,5,32
use	2773	Sea	G	0	0	0	0	52,5,33
use	2774	Sea	G	0	0	0	0	53,5,30
use	2775	Sea	G	0	0	0	0	53,5,31
use	2776	Sea	G	0	0	0	0	53,5,32
use	2777	Sea	G	0	0	0	0	53,5,33
use	2778	Sea	G	0	0	0	0	54,5,30
use	2779	Sea	G	0	0	0	0	54,5,31
use	2780	Sea	G	0	0	0	0	54,5,32
use	2781	Sea	G	0	0	0	0	54,5,33
use	2782	Sea	G	0	0	0	0	54,5,26
use	2783	Sea	G	0	0	0	0	54,5,27
use	2784	Sea	G	0	0	0	0	53,5,26
use	2785	Sea	G	0	0	0	0	53,5,27
use	2786	Sea	G	0	0	0	0	55,5,28
use	2787	Sea	G	0	0	0	0	55,5,29
use	2788	Sea	G	0	0	0	0	55,5,30
use	2789	Sea	G	0	0	0	0	56,5,28
use	2790	Sea	G	0	0	0	0	56,5,29
use	2791	Sea	G	0	0	0	0	56,5,30
use	2792	Sea	G	0	0	0	0	57,5,28
use	2793	Sea	G	0	0	0	0	57,5,29
use	2794	Sea	G	0	0	0	0	57,5,30
use	2795	Sea	G	0	0	0	0	58,5,30
use	2796	Sea	G	0	0	0	0	55,5,26
use	2797	Sea	G	0	0	0	0	55,5,27
use	2798	Sea	G	0	0	0	0	55,5,31
use	2799	Sea	G	0	0	0	0	55,5,32
use	2800	Sea	G	0	0	0	0	55,5,33
use	2801	Sea	G	0	0	0	0	56,5,26
use	2802	Sea	G	0	0	0	0	56,5,27
use	2803	Sea	G	0	0	0	0	56,5,31
use	2804	Sea	G	0	0	0	0	56,5,32
use	2805	Sea	G	0	0	0	0	56,5,33
use	2806	Sea	G	0	0	0	0	57,5,26
use	2807	Sea	G	0	0	0	0	57,5,27
use	2808	Sea	G	0	0	0	0	57,5,31
use	2809	Sea	G	0	0	0	0	57,5,32
use	2810	Sea	G	0	0	0	0	57,5,33
use	2811	Sea	G	0	0	0	0	58,5,26
use	2812	Sea	G	0	0	0	0	58,5,27
use	2813	Sea	G	0	0	0	0	58,5,28
use	2814	Sea	G	0	0	0	0	58,5,29
use	2815	Sea	G	0	0	0	0	58,5,31
use	2816	Sea	G	0	0	0	0	58,5,32
use	2817	Sea	G	0	0	0	0	58,5,33
use	2818	Sea	G	0	0	0	0	59,5,26
use	2819	Sea	G	0	0	0	0	59,5,27
use	2820	Sea	G	0	0	0	0	59,5,28
use	2821	Sea	G	0	0	0	0	59,5,29
use	2822	Sea	G	0	0	0	0	58,5,24
use	2823	Sea	G	0	0	0	0	58,5,25
use	2824	Sea	G	0	0	0	0	59,5,24
use	2825	Sea	G	0	0	0	0	59,5,25
use	2826	Sea	G	0	0	0	0	60,5,24
use	2827	Sea	G	0	0	0	0	60,5,25
use	2828	Sea	G	0	0	0	0	60,5,26
use	2829	Sea	G	0	0	0	0	60,5,27
use	2830	Sea	G	0	0	0	0	60,5,28
use	2831	Sea	G	0	0	0	0	60,5,29
use	2832	Sea	G	0	0	0	0	61,5,24
use	2833	Sea	G	0	0	0	0	61,5,25
use	2834	Sea	G	0	0	0	0	61,5,26
use	2835	Sea	G	0	0	0	0	61,5,27
use	2836	Sea	G	0	0	0	0	61,5,28
use	2837	Sea	G	0	0	0	0	61,5,29
use	2838	Sea	G	0	0	0	0	62,5,24
use	2839	Sea	G	0	0	0	0	62,5,25
use	2840	Sea	G	0	0	0	0	62,5,26
use	2841	Sea	G	0	0	0	0	62,5,27
use	2842	Sea	G	0	0	0	0	62,5,28
use	2843	Sea	G	0	0	0	0	62,5,29
use	2844	Sea	G	0	0	0	0	63,5,24
use	2845	Sea	G	0	0	0	0	63,5,25
use	2846	Sea	G	0	0	0	0	63,5,26
use	2847	Sea	G	0	0	0	0	63,5,27
use	2848	Sea	G	0	0	0	0	63,5,28
use	2849	Sea	G	0	0	0	0	63,5,29
use	2850	Sea	G	0	0	0	0	59,5,22
use	2851	Sea	G	0	0	0	0	59,5,23
use	2852	Sea	G	0	0	0	0	60,5,22
use	2853	Sea	G	0	0	0	0	60,5,23
use	2854	Sea	G	0	0	0	0	56,5,21
use	2855	Sea	G	0	0	0	0	56,5,22
use	2856	Sea	G	0	0	0	0	56,5,23
use	2857	Sea	G	0	0	0	0	57,5,21
use	2858	Sea	G	0	0	0	0	57,5,22
use	2859	Sea	G	0	0	0	0	57,5,23
use	2860	Sea	G	0	0	0	0	58,5,21
use	2861	Sea	G	0	0	0	0	58,5,22
use	2862	Sea	G	0	0	0	0	58,5,23
use	2863	Sea	G	0	0	0	0	55,5,21
use	2864	Sea	G	0	0	0	0	55,5,22
use	2865	Sea	G	0	0	0	0	55,5,23
use	2866	Sea	G	0	0	0	0	57,5,17
use	2867	Sea	G	0	0	0	0	57,5,18
use	2868	Sea	G	0	0	0	0	57,5,19
use	2869	Sea	G	0	0	0	0	57,5,20
use	2870	Sea	G	0	0	0	0	58,5,17
use	2871	Sea	G	0	0	0	0	58,5,18
use	2872	Sea	G	0	0	0	0	58,5,19
use	2873	Sea	G	0	0	0	0	58,5,20
use	2874	Sea	G	0	0	0	0	59,5,17
use	2875	Sea	G	0	0	0	0	59,5,18
use	2876	Sea	G	0	0	0	0	59,5,19
use	2877	Sea	G	0	0	0	0	59,5,20
use	2878	Sea	G	0	0	0	0	59,5,21
use	2879	Sea	G	0	0	0	0	60,5,17
use	2880	Sea	G	0	0	0	0	60,5,18
use	2881	Sea	G	0	0	0	0	60,5,19
use	2882	Sea	G	0	0	0	0	60,5,20
use	2883	Sea	G	0	0	0	0	60,5,21
use	2884	Sea	G	0	0	0	0	61,5,17
use	2885	Sea	G	0	0	0	0	61,5,18
use	2886	Sea	G	0	0	0	0	61,5,19
use	2887	Sea	G	0	0	0	0	61,5,20
use	2888	Sea	G	0	0	0	0	61,5,21
use	2889	Sea	G	0	0	0	0	61,5,22
use	2890	Sea	G	0	0	0	0	61,5,23
use	2891	Sea	G	0	0	0	0	62,5,17
use	2892	Sea	G	0	0	0	0	62,5,18
use	2893	Sea	G	0	0	0	0	62,5,19
use	2894	Sea	G	0	0	0	0	62,5,20
use	2895	Sea	G	0	0	0	0	62,5,21
use	2896	Sea	G	0	0	0	0	62,5,22
use	2897	Sea	G	0	0	0	0	62,5,23
use	2898	Sea	G	0	0	0	0	63,5,17
use	2899	Sea	G	0	0	0	0	63,5,18
use	2900	Sea	G	0	0	0	0	63,5,19
use	2901	Sea	G	0	0	0	0	63,5,20
use	2902	Sea	G	0	0	0	0	63,5,21
use	2903	Sea	G	0	0	0	0	63,5,22
use	2904	Sea	G	0	0	0	0	63,5,23
use	2905	Sea	G	0	0	0	0	61,5,16
use	2906	Sea	G	0	0	0	0	62,5,16
use	2907	Sea	G	0	0	0	0	63,5,16
use	2908	Sea	G	0	0	0	0	60,5,6
use	2909	Sea	G	0	0	0	0	60,5,7
use	2910	Sea	G	0	0	0	0	60,5,8
use	2911	Sea	G	0	0	0	0	60,5,9
use	2912	Sea	G	0	0	0	0	60,5,10
use	2913	Sea	G	0	0	0	0	60,5,11
use	2914	Sea	G	0	0	0	0	60,5,12
use	2915	Sea	G	0	0	0	0	60,5,13
use	2916	Sea	G	0	0	0	0	60,5,14
use	2917	Sea	G	0	0	0	0	60,5,15
use	2918	Sea	G	0	0	0	0	60,5,16
use	2919	Sea	G	0	0	0	0	61,5,6
use	2920	Sea	G	0	0	0	0	61,5,7
use	2921	Sea	G	0	0	0	0	61,5,8
use	2922	Sea	G	0	0	0	0	61,5,9
use	2923	Sea	G	0	0	0	0	61,5,10
use	2924	Sea	G	0	0	0	0	61,5,11
use	2925	Sea	G	0	0	0	0	61,5,12
use	2926	Sea	G	0	0	0	0	61,5,13
use	2927	Sea	G	0	0	0	0	61,5,14
use	2928	Sea	G	0	0	0	0	61,5,15
use	2929	Sea	G	0	0	0	0	62,5,6
use	2930	Sea	G	0	0	0	0	62,5,7
use	2931	Sea	G	0	0	0	0	62,5,8
use	2932	Sea	G	0	0	0	0	62,5,9
use	2933	Sea	G	0	0	0	0	62,5,10
use	2934	Sea	G	0	0	0	0	62,5,11
use	2935	Sea	G	0	0	0	0	62,5,12
use	2936	Sea	G	0	0	0	0	62,5,13
use	2937	Sea	G	0	0	0	0	62,5,14
use	2938	Sea	G	0	0	0	0	62,5,15
use	2939	Sea	G	0	0	0	0	63,5,6
use	2940	Sea	G	0	0	0	0	63,5,7
use	2941	Sea	G	0	0	0	0	63,5,8
use	2942	Sea	G	0	0	0	0	63,5,9
use	2943	Sea	G	0	0	0	0	63,5,10
use	2944	Sea	G	0	0	0	0	63,5,11
use	2945	Sea	G	0	0	0	0	63,5,12
use	2946	Sea	G	0	0	0	0	63,5,13
use	2947	Sea	G	0	0	0	0	63,5,14
use	2948	Sea	G	0	0	0	0	63,5,15
use	2949	Sea	G	0	0	0	0	60,5,2
use	2950	Sea	G	0	0	0	0	60,5,3
use	2951	Sea	G	0	0	0	0	60,5,4
use	2952	Sea	G	0	0	0	0	60,5,5
use	2953	Sea	G	0	0	0	0	57,5,5
use	2954	Sea	G	0	0	0	0	57,5,6
use	2955	Sea	G	0	0	0	0	57,5,7
use	2956	Sea	G	0	0	0	0	57,5,8
use	2957	Sea	G	0	0	0	0	57,5,9
use	2958	Sea	G	0	0	0	0	58,5,5
use	2959	Sea	G	0	0	0	0	58,5,6
use	2960	Sea	G	0	0	0	0	58,5,7
use	2961	Sea	G	0	0	0	0	58,5,8
use	2962	Sea	G	0	0	0	0	58,5,9
use	2963	Sea	G	0	0	0	0	59,5,5
use	2964	Sea	G	0	0	0	0	59,5,6
use	2965	Sea	G	0	0	0	0	59,5,7
use	2966	Sea	G	0	0	0	0	59,5,8
use	2967	Sea	G	0	0	0	0	59,5,9
use	2968	Sea	G	0	0	0	0	57,5,10
use	2969	Sea	G	0	0	0	0	57,5,11
use	2970	Sea	G	0	0	0	0	58,5,10
use	2971	Sea	G	0	0	0	0	58,5,11
use	2972	Sea	G	0	0	0	0	59,5,10
use	2973	Sea	G	0	0	0	0	59,5,11
use	2974	Sea	G	0	0	0	0	56,5,6
use	2975	Sea	G	0	0	0	0	56,5,7
use	2976	Sea	G	0	0	0	0	56,5,8
use	2977	Sea	G	0	0	0	0	56,5,9
use	2978	Sea	G	0	0	0	0	56,5,10
use	2979	Sea	G	0	0	0	0	57,5,0
use	2980	Sea	G	0	0	0	0	57,5,1
use	2981	Sea	G	0	0	0	0	57,5,2
use	2982	Sea	G	0	0	0	0	57,5,3
use	2983	Sea	G	0	0	0	0	57,5,4
use	2984	Sea	G	0	0	0	0	58,5,0
use	2985	Sea	G	0	0	0	0	58,5,1
use	2986	Sea	G	0	0	0	0	58,5,2
use	2987	Sea	G	0	0	0	0	58,5,3
use	2988	Sea	G	0	0	0	0	58,5,4
use	2989	Sea	G	0	0	0	0	59,5,0
use	2990	Sea	G	0	0	0	0	59,5,1
use	2991	Sea	G	0	0	0	0	59,5,2
use	2992	Sea	G	0	0	0	0	59,5,3
use	2993	Sea	G	0	0	0	0	59,5,4
use	2994	Sea	G	0	0	0	0	60,5,0
use	2995	Sea	G	0	0	0	0	60,5,1
use	2996	Sea	G	0	0	0	0	61,5,0
use	2997	Sea	G	0	0	0	0	61,5,1
use	2998	Sea	G	0	0	0	0	61,5,2
use	2999	Sea	G	0	0	0	0	61,5,3
use	3000	Sea	G	0	0	0	0	61,5,4
use	3001	Sea	G	0	0	0	0	61,5,5
use	3002	Sea	G	0	0	0	0	62,5,0
use	3003	Sea	G	0	0	0	0	62,5,1
use	3004	Sea	G	0	0	0	0	62,5,2
use	3005	Sea	G	0	0	0	0	62,5,3
use	3006	Sea	G	0	0	0	0	62,5,4
use	3007	Sea	G	0	0	0	0	62,5,5
use	3008	Sea	G	0	0	0	0	63,5,0
use	3009	Sea	G	0	0	0	0	63,5,1
use	3010	Sea	G	0	0	0	0	63,5,2
use	3011	Sea	G	0	0	0	0	63,5,3
use	3012	Sea	G	0	0	0	0	63,5,4
use	3013	Sea	G	0	0	0	0	63,5,5
use	3014	Sea	G	0	0	0	0	34,5,0
use	3015	Sea	G	0	0	0	0	34,5,1
use	3016	Sea	G	0	0	0	0	34,5,2
use	3017	Sea	G	0	0	0	0	34,5,3
use	3018	Sea	G	0	0	0	0	34,5,4
use	3019	Sea	G	0	0	0	0	34,5,5
use	3020	Sea	G	0	0	0	0	34,5,6
use	3021	Sea	G	0	0	0	0	34,5,7
use	3022	Sea	G	0	0	0	0	35,5,0
use	3023	Sea	G	0	0	0	0	35,5,1
use	3024	Sea	G	0	0	0	0	35,5,2
use	3025	Sea	G	0	0	0	0	35,5,3
use	3026	Sea	G	0	0	0	0	35,5,4
use	3027	Sea	G	0	0	0	0	35,5,5
use	3028	Sea	G	0	0	0	0	35,5,6
use	3029	Sea	G	0	0	0	0	35,5,7
use	3030	Sea	G	0	0	0	0	36,5,0
use	3031	Sea	G	0	0	0	0	36,5,1
use	3032	Sea	G	0	0	0	0	36,5,2
use	3033	Sea	G	0	0	0	0	36,5,3
use	3034	Sea	G	0	0	0	0	36,5,4
use	3035	Sea	G	0	0	0	0	36,5,5
use	3036	Sea	G	0	0	0	0	36,5,6
use	3037	Sea	G	0	0	0	0	36,5,7
use	3038	Sea	G	0	0	0	0	37,5,0
use	3039	Sea	G	0	0	0	0	37,5,1
use	3040	Sea	G	0	0	0	0	37,5,2
use	3041	Sea	G	0	0	0	0	37,5,3
use	3042	Sea	G	0	0	0	0	37,5,4
use	3043	Sea	G	0	0	0	0	37,5,5
use	3044	Sea	G	0	0	0	0	37,5,6
use	3045	Sea	G	0	0	0	0	37,5,7
use	3046	Sea	G	0	0	0	0	38,5,0
use	3047	Sea	G	0	0	0	0	38,5,1
use	3048	Sea	G	0	0	0	0	38,5,2
use	3049	Sea	G	0	0	0	0	38,5,3
use	3050	Sea	G	0	0	0	0	38,5,4
use	3051	Sea	G	0	0	0	0	38,5,5
use	3052	Sea	G	0	0	0	0	38,5,6
use	3053	Sea	G	0	0	0	0	38,5,7
use	3054	Sea	G	0	0	0	0	39,5,0
use	3055	Sea	G	0	0	0	0	39,5,1
use	3056	Sea	G	0	0	0	0	39,5,2
use	3057	Sea	G	0	0	0	0	39,5,3
use	3058	Sea	G	0	0	0	0	39,5,4
use	3059	Sea	G	0	0	0	0	39,5,5
use	3060	Sea	G	0	0	0	0	39,5,6
use	3061	Sea	G	0	0	0	0	39,5,7
use	3062	Sea	G	0	0	0	0	40,5,0
use	3063	Sea	G	0	0	0	0	40,5,1
use	3064	Sea	G	0	0	0	0	40,5,2
use	3065	Sea	G	0	0	0	0	40,5,3
use	3066	Sea	G	0	0	0	0	40,5,4
use	3067	Sea	G	0	0	0	0	40,5,5
use	3068	Sea	G	0	0	0	0	40,5,6
use	3069	Sea	G	0	0	0	0	40,5,7
use	3070	Sea	G	0	0	0	0	41,5,0
use	3071	Sea	G	0	0	0	0	41,5,1
use	3072	Sea	G	0	0	0	0	41,5,2
use	3073	Sea	G	0	0	0	0	41,5,3
use	3074	Sea	G	0	0	0	0	41,5,4
use	3075	Sea	G	0	0	0	0	41,5,5
use	3076	Sea	G	0	0	0	0	41,5,6
use	3077	Sea	G	0	0	0	0	41,5,7
use	3078	Sea	G	0	0	0	0	42,5,0
use	3079	Sea	G	0	0	0	0	42,5,1
use	3080	Sea	G	0	0	0	0	42,5,2
use	3081	Sea	G	0	0	0	0	42,5,3
use	3082	Sea	G	0	0	0	0	42,5,4
use	3083	Sea	G	0	0	0	0	42,5,5
use	3084	Sea	G	0	0	0	0	42,5,6
use	3085	Sea	G	0	0	0	0	42,5,7
use	3086	Sea	G	0	0	0	0	43,5,0
use	3087	Sea	G	0	0	0	0	43,5,1
use	3088	Sea	G	0	0	0	0	43,5,2
use	3089	Sea	G	0	0	0	0	43,5,3
use	3090	Sea	G	0	0	0	0	43,5,4
use	3091	Sea	G	0	0	0	0	43,5,5
use	3092	Sea	G	0	0	0	0	43,5,6
use	3093	Sea	G	0	0	0	0	43,5,7
use	3094	Sea	G	0	0	0	0	44,5,0
use	3095	Sea	G	0	0	0	0	44,5,1
use	3096	Sea	G	0	0	0	0	44,5,2
use	3097	Sea	G	0	0	0	0	44,5,3
use	3098	Sea	G	0	0	0	0	44,5,4
use	3099	Sea	G	0	0	0	0	44,5,5
use	3100	Sea	G	0	0	0	0	44,5,6
use	3101	Sea	G	0	0	0	0	44,5,7
use	3102	Sea	G	0	0	0	0	45,5,0
use	3103	Sea	G	0	0	0	0	45,5,1
use	3104	Sea	G	0	0	0	0	45,5,2
use	3105	Sea	G	0	0	0	0	45,5,3
use	3106	Sea	G	0	0	0	0	45,5,4
use	3107	Sea	G	0	0	0	0	45,5,5
use	3108	Sea	G	0	0	0	0	45,5,6
use	3109	Sea	G	0	0	0	0	45,5,7
use	3110	Sea	G	0	0	0	0	46,5,0
use	3111	Sea	G	0	0	0	0	46,5,1
use	3112	Sea	G	0	0	0	0	46,5,2
use	3113	Sea	G	0	0	0	0	46,5,3
use	3114	Sea	G	0	0	0	0	46,5,4
use	3115	Sea	G	0	0	0	0	46,5,5
use	3116	Sea	G	0	0	0	0	46,5,6
use	3117	Sea	G	0	0	0	0	46,5,7
use	3118	Sea	G	0	0	0	0	47,5,0
use	3119	Sea	G	0	0	0	0	47,5,1
use	3120	Sea	G	0	0	0	0	47,5,2
use	3121	Sea	G	0	0	0	0	47,5,3
use	3122	Sea	G	0	0	0	0	47,5,4
use	3123	Sea	G	0	0	0	0	47,5,5
use	3124	Sea	G	0	0	0	0	47,5,6
use	3125	Sea	G	0	0	0	0	47,5,7
use	3126	Sea	G	0	0	0	0	48,5,0
use	3127	Sea	G	0	0	0	0	48,5,1
use	3128	Sea	G	0	0	0	0	48,5,2
use	3129	Sea	G	0	0	0	0	48,5,3
use	3130	Sea	G	0	0	0	0	48,5,4
use	3131	Sea	G	0	0	0	0	48,5,5
use	3132	Sea	G	0	0	0	0	48,5,6
use	3133	Sea	G	0	0	0	0	48,5,7
use	3134	Sea	G	0	0	0	0	49,5,0
use	3135	Sea	G	0	0	0	0	49,5,1
use	3136	Sea	G	0	0	0	0	49,5,2
use	3137	Sea	G	0	0	0	0	49,5,3
use	3138	Sea	G	0	0	0	0	49,5,4
use	3139	Sea	G	0	0	0	0	49,5,5
use	3140	Sea	G	0	0	0	0	49,5,6
use	3141	Sea	G	0	0	0	0	49,5,7
use	3142	Sea	G	0	0	0	0	50,5,0
use	3143	Sea	G	0	0	0	0	50,5,1
use	3144	Sea	G	0	0	0	0	50,5,2
use	3145	Sea	G	0	0	0	0	50,5,3
use	3146	Sea	G	0	0	0	0	50,5,4
use	3147	Sea	G	0	0	0	0	50,5,5
use	3148	Sea	G	0	0	0	0	50,5,6
use	3149	Sea	G	0	0	0	0	50,5,7
use	3150	Sea	G	0	0	0	0	51,5,0
use	3151	Sea	G	0	0	0	0	51,5,1
use	3152	Sea	G	0	0	0	0	51,5,2
use	3153	Sea	G	0	0	0	0	51,5,3
use	3154	Sea	G	0	0	0	0	51,5,4
use	3155	Sea	G	0	0	0	0	51,5,5
use	3156	Sea	G	0	0	0	0	51,5,6
use	3157	Sea	G	0	0	0	0	51,5,7
use	3158	Sea	G	0	0	0	0	52,5,0
use	3159	Sea	G	0	0	0	0	52,5,1
use	3160	Sea	G	0	0	0	0	52,5,2
use	3161	Sea	G	0	0	0	0	52,5,3
use	3162	Sea	G	0	0	0	0	52,5,4
use	3163	Sea	G	0	0	0	0	52,5,5
use	3164	Sea	G	0	0	0	0	52,5,6
use	3165	Sea	G	0	0	0	0	52,5,7
use	3166	Sea	G	0	0	0	0	53,5,0
use	3167	Sea	G	0	0	0	0	53,5,1
use	3168	Sea	G	0	0	0	0	53,5,2
use	3169	Sea	G	0	0	0	0	53,5,3
use	3170	Sea	G	0	0	0	0	53,5,4
use	3171	Sea	G	0	0	0	0	53,5,5
use	3172	Sea	G	0	0	0	0	53,5,6
use	3173	Sea	G	0	0	0	0	53,5,7
use	3174	Sea	G	0	0	0	0	54,5,0
use	3175	Sea	G	0	0	0	0	54,5,1
use	3176	Sea	G	0	0	0	0	54,5,2
use	3177	Sea	G	0	0	0	0	54,5,3
use	3178	Sea	G	0	0	0	0	54,5,4
use	3179	Sea	G	0	0	0	0	54,5,5
use	3180	Sea	G	0	0	0	0	54,5,6
use	3181	Sea	G	0	0	0	0	54,5,7
use	3182	Sea	G	0	0	0	0	55,5,0
use	3183	Sea	G	0	0	0	0	55,5,1
use	3184	Sea	G	0	0	0	0	55,5,2
use	3185	Sea	G	0	0	0	0	55,5,3
use	3186	Sea	G	0	0	0	0	55,5,4
use	3187	Sea	G	0	0	0	0	55,5,5
use	3188	Sea	G	0	0	0	0	55,5,6
use	3189	Sea	G	0	0	0	0	55,5,7
use	3190	Sea	G	0	0	0	0	56,5,0
use	3191	Sea	G	0	0	0	0	56,5,1
use	3192	Sea	G	0	0	0	0	56,5,2
use	3193	Sea	G	0	0	0	0	56,5,3
use	3194	Sea	G	0	0	0	0	56,5,4
use	3195	Sea	G	0	0	0	0	56,5,5
use	3196	Sea	G	0	0	0	0	40,5,8
use	3197	Sea	G	0	0	0	0	40,5,9
use	3198	Sea	G	0	0	0	0	40,5,10
use	3199	Sea	G	0	0	0	0	41,5,8
use	3200	Sea	G	0	0	0	0	41,5,9
use	3201	Sea	G	0	0	0	0	41,5,10
use	3202	Sea	G	0	0	0	0	42,5,8
use	3203	Sea	G	0	0	0	0	42,5,9
use	3204	Sea	G	0	0	0	0	42,5,10
use	3205	Sea	G	0	0	0	0	43,5,8
use	3206	Sea	G	0	0	0	0	43,5,9
use	3207	Sea	G	0	0	0	0	43,5,10
use	3208	Sea	G	0	0	0	0	38,5,8
use	3209	Sea	G	0	0	0	0	38,5,9
use	3210	Sea	G	0	0	0	0	38,5,10
use	3211	Sea	G	0	0	0	0	39,5,8
use	3212	Sea	G	0	0	0	0	39,5,9
use	3213	Sea	G	0	0	0	0	39,5,10
use	3214	Sea	G	0	0	0	0	39,5,11
use	3215	Sea	G	0	0	0	0	40,5,11
use	3216	Sea	G	0	0	0	0	41,5,11
use	3217	Sea	G	0	0	0	0	41,5,12
use	3218	Sea	G	0	0	0	0	32,5,8
use	3219	Sea	G	0	0	0	0	32,5,9
use	3220	Sea	G	0	0	0	0	33,5,8
use	3221	Sea	G	0	0	0	0	33,5,9
use	3222	Sea	G	0	0	0	0	26,5,4
use	3223	Sea	G	0	0	0	0	26,5,5
use	3224	Sea	G	0	0	0	0	26,5,6
use	3225	Sea	G	0	0	0	0	26,5,7
use	3226	Sea	G	0	0	0	0	27,5,4
use	3227	Sea	G	0	0	0	0	27,5,5
use	3228	Sea	G	0	0	0	0	27,5,6
use	3229	Sea	G	0	0	0	0	27,5,7
use	3230	Sea	G	0	0	0	0	28,5,4
use	3231	Sea	G	0	0	0	0	28,5,5
use	3232	Sea	G	0	0	0	0	28,5,6
use	3233	Sea	G	0	0	0	0	28,5,7
use	3234	Sea	G	0	0	0	0	29,5,4
use	3235	Sea	G	0	0	0	0	29,5,5
use	3236	Sea	G	0	0	0	0	29,5,6
use	3237	Sea	G	0	0	0	0	29,5,7
use	3238	Sea	G	0	0	0	0	30,5,4
use	3239	Sea	G	0	0	0	0	30,5,5
use	3240	Sea	G	0	0	0	0	30,5,6
use	3241	Sea	G	0	0	0	0	30,5,7
use	3242	Sea	G	0	0	0	0	31,5,4
use	3243	Sea	G	0	0	0	0	31,5,5
use	3244	Sea	G	0	0	0	0	31,5,6
use	3245	Sea	G	0	0	0	0	31,5,7
use	3246	Sea	G	0	0	0	0	32,5,4
use	3247	Sea	G	0	0	0	0	32,5,5
use	3248	Sea	G	0	0	0	0	32,5,6
use	3249	Sea	G	0	0	0	0	32,5,7
use	3250	Sea	G	0	0	0	0	33,5,4
use	3251	Sea	G	0	0	0	0	33,5,5
use	3252	Sea	G	0	0	0	0	33,5,6
use	3253	Sea	G	0	0	0	0	33,5,7
use	3254	Sea	G	0	0	0	0	22,5,0
use	3255	Sea	G	0	0	0	0	22,5,1
use	3256	Sea	G	0	0	0	0	22,5,2
use	3257	Sea	G	0	0	0	0	22,5,3
use	3258	Sea	G	0	0	0	0	23,5,0
use	3259	Sea	G	0	0	0	0	23,5,1
use	3260	Sea	G	0	0	0	0	23,5,2
use	3261	Sea	G	0	0	0	0	23,5,3
use	3262	Sea	G	0	0	0	0	24,5,0
use	3263	Sea	G	0	0	0	0	24,5,1
use	3264	Sea	G	0	0	0	0	24,5,2
use	3265	Sea	G	0	0	0	0	24,5,3
use	3266	Sea	G	0	0	0	0	25,5,0
use	3267	Sea	G	0	0	0	0	25,5,1
use	3268	Sea	G	0	0	0	0	25,5,2
use	3269	Sea	G	0	0	0	0	25,5,3
use	3270	Sea	G	0	0	0	0	26,5,0
use	3271	Sea	G	0	0	0	0	26,5,1
use	3272	Sea	G	0	0	0	0	26,5,2
use	3273	Sea	G	0	0	0	0	26,5,3
use	3274	Sea	G	0	0	0	0	27,5,0
use	3275	Sea	G	0	0	0	0	27,5,1
use	3276	Sea	G	0	0	0	0	27,5,2
use	3277	Sea	G	0	0	0	0	27,5,3
use	3278	Sea	G	0	0	0	0	28,5,0
use	3279	Sea	G	0	0	0	0	28,5,1
use	3280	Sea	G	0	0	0	0	28,5,2
use	3281	Sea	G	0	0	0	0	28,5,3
use	3282	Sea	G	0	0	0	0	29,5,0
use	3283	Sea	G	0	0	0	0	29,5,1
use	3284	Sea	G	0	0	0	0	29,5,2
use	3285	Sea	G	0	0	0	0	29,5,3
use	3286	Sea	G	0	0	0	0	30,5,0
use	3287	Sea	G	0	0	0	0	30,5,1
use	3288	Sea	G	0	0	0	0	30,5,2
use	3289	Sea	G	0	0	0	0	30,5,3
use	3290	Sea	G	0	0	0	0	31,5,0
use	3291	Sea	G	0	0	0	0	31,5,1
use	3292	Sea	G	0	0	0	0	31,5,2
use	3293	Sea	G	0	0	0	0	31,5,3
use	3294	Sea	G	0	0	0	0	32,5,0
use	3295	Sea	G	0	0	0	0	32,5,1
use	3296	Sea	G	0	0	0	0	32,5,2
use	3297	Sea	G	0	0	0	0	32,5,3
use	3298	Sea	G	0	0	0	0	33,5,0
use	3299	Sea	G	0	0	0	0	33,5,1
use	3300	Sea	G	0	0	0	0	33,5,2
use	3301	Sea	G	0	0	0	0	33,5,3
use	3302	Sea	G	0	0	0	0	18,5,0
use	3303	Sea	G	0	0	0	0	18,5,1
use	3304	Sea	G	0	0	0	0	18,5,2
use	3305	Sea	G	0	0	0	0	19,5,0
use	3306	Sea	G	0	0	0	0	19,5,1
use	3307	Sea	G	0	0	0	0	19,5,2
use	3308	Sea	G	0	0	0	0	20,5,0
use	3309	Sea	G	0	0	0	0	20,5,1
use	3310	Sea	G	0	0	0	0	20,5,2
use	3311	Sea	G	0	0	0	0	21,5,0
use	3312	Sea	G	0	0	0	0	21,5,1
use	3313	Sea	G	0	0	0	0	21,5,2
use	3314	Sea	G	0	0	0	0	16,5,5
use	3315	Sea	G	0	0	0	0	17,5,5
use	3316	Sea	G	0	0	0	0	18,5,5
use	3317	Sea	G	0	0	0	0	19,5,5
use	3318	Sea	G	0	0	0	0	20,5,5
use	3319	Sea	G	0	0	0	0	21,5,5
use	3320	Sea	G	0	0	0	0	22,5,4
use	3321	Sea	G	0	0	0	0	22,5,5
use	3322	Sea	G	0	0	0	0	23,5,4
use	3323	Sea	G	0	0	0	0	23,5,5
use	3324	Sea	G	0	0	0	0	18,5,8
use	3325	Sea	G	0	0	0	0	18,5,9
use	3326	Sea	G	0	0	0	0	19,5,8
use	3327	Sea	G	0	0	0	0	19,5,9
use	3328	Sea	G	0	0	0	0	20,5,8
use	3329	Sea	G	0	0	0	0	20,5,9
use	3330	Sea	G	0	0	0	0	21,5,8
use	3331	Sea	G	0	0	0	0	21,5,9
use	3332	Sea	G	0	0	0	0	22,5,8
use	3333	Sea	G	0	0	0	0	22,5,9
use	3334	Sea	G	0	0	0	0	23,5,8
use	3335	Sea	G	0	0	0	0	23,5,9
use	3336	Sea	G	0	0	0	0	24,5,8
use	3337	Sea	G	0	0	0	0	24,5,9
use	3338	Sea	G	0	0	0	0	25,5,8
use	3339	Sea	G	0	0	0	0	25,5,9
use	3340	Sea	G	0	0	0	0	18,5,10
use	3341	Sea	G	0	0	0	0	19,5,10
use	3342	Sea	G	0	0	0	0	20,5,10
use	3343	Sea	G	0	0	0	0	21,5,10
use	3344	Sea	G	0	0	0	0	20,5,11
use	3345	Sea	G	0	0	0	0	20,5,12
use	3346	Sea	G	0	0	0	0	20,5,13
use	3347	Sea	G	0	0	0	0	20,5,14
use	3348	Sea	G	0	0	0	0	20,5,15
use	3349	Sea	G	0	0	0	0	20,5,16
use	3350	Sea	G	0	0	0	0	20,5,17
use	3351	Sea	G	0	0	0	0	21,5,11
use	3352	Sea	G	0	0	0	0	21,5,12
use	3353	Sea	G	0	0	0	0	21,5,13
use	3354	Sea	G	0	0	0	0	21,5,14
use	3355	Sea	G	0	0	0	0	21,5,15
use	3356	Sea	G	0	0	0	0	21,5,16
use	3357	Sea	G	0	0	0	0	21,5,17
use	3358	Sea	G	0	0	0	0	22,5,12
use	3359	Sea	G	0	0	0	0	22,5,13
use	3360	Sea	G	0	0	0	0	22,5,14
use	3361	Sea	G	0	0	0	0	22,5,15
use	3362	Sea	G	0	0	0	0	22,5,16
use	3363	Sea	G	0	0	0	0	22,5,17
use	3364	Sea	G	0	0	0	0	23,5,12
use	3365	Sea	G	0	0	0	0	23,5,13
use	3366	Sea	G	0	0	0	0	23,5,14
use	3367	Sea	G	0	0	0	0	23,5,15
use	3368	Sea	G	0	0	0	0	23,5,16
use	3369	Sea	G	0	0	0	0	23,5,17
use	3370	Sea	G	0	0	0	0	24,5,12
use	3371	Sea	G	0	0	0	0	24,5,13
use	3372	Sea	G	0	0	0	0	24,5,14
use	3373	Sea	G	0	0	0	0	24,5,15
use	3374	Sea	G	0	0	0	0	24,5,16
use	3375	Sea	G	0	0	0	0	24,5,17
use	3376	Sea	G	0	0	0	0	17,5,17
use	3377	Sea	G	0	0	0	0	17,5,18
use	3378	Sea	G	0	0	0	0	17,5,19
use	3379	Sea	G	0	0	0	0	18,5,17
use	3380	Sea	G	0	0	0	0	18,5,18
use	3381	Sea	G	0	0	0	0	18,5,19
use	3382	Sea	G	0	0	0	0	19,5,17
use	3383	Sea	G	0	0	0	0	19,5,18
use	3384	Sea	G	0	0	0	0	19,5,19
use	3385	Sea	G	0	0	0	0	20,5,18
use	3386	Sea	G	0	0	0	0	20,5,19
use	3387	Sea	G	0	0	0	0	11,5,13
use	3388	Sea	G	0	0	0	0	11,5,14
use	3389	Sea	G	0	0	0	0	11,5,15
use	3390	Sea	G	0	0	0	0	11,5,16
use	3391	Sea	G	0	0	0	0	11,5,17
use	3392	Sea	G	0	0	0	0	12,5,13
use	3393	Sea	G	0	0	0	0	12,5,14
use	3394	Sea	G	0	0	0	0	12,5,15
use	3395	Sea	G	0	0	0	0	12,5,16
use	3396	Sea	G	0	0	0	0	12,5,17
use	3397	Sea	G	0	0	0	0	13,5,13
use	3398	Sea	G	0	0	0	0	13,5,14
use	3399	Sea	G	0	0	0	0	13,5,15
use	3400	Sea	G	0	0	0	0	13,5,16
use	3401	Sea	G	0	0	0	0	13,5,17
use	3402	Sea	G	0	0	0	0	14,5,13
use	3403	Sea	G	0	0	0	0	14,5,14
use	3404	Sea	G	0	0	0	0	14,5,15
use	3405	Sea	G	0	0	0	0	14,5,16
use	3406	Sea	G	0	0	0	0	14,5,17
use	3407	Sea	G	0	0	0	0	15,5,13
use	3408	Sea	G	0	0	0	0	15,5,14
use	3409	Sea	G	0	0	0	0	15,5,15
use	3410	Sea	G	0	0	0	0	15,5,16
use	3411	Sea	G	0	0	0	0	15,5,17
use	3412	Sea	G	0	0	0	0	16,5,13
use	3413	Sea	G	0	0	0	0	16,5,14
use	3414	Sea	G	0	0	0	0	16,5,15
use	3415	Sea	G	0	0	0	0	16,5,16
use	3416	Sea	G	0	0	0	0	16,5,17
use	3417	Sea	G	0	0	0	0	17,5,13
use	3418	Sea	G	0	0	0	0	17,5,14
use	3419	Sea	G	0	0	0	0	17,5,15
use	3420	Sea	G	0	0	0	0	17,5,16
use	3421	Sea	G	0	0	0	0	8,5,4
use	3422	Sea	G	0	0	0	0	8,5,5
use	3423	Sea	G	0	0	0	0	8,5,6
use	3424	Sea	G	0	0	0	0	8,5,7
use	3425	Sea	G	0	0	0	0	8,5,8
use	3426	Sea	G	0	0	0	0	8,5,9
use	3427	Sea	G	0	0	0	0	8,5,10
use	3428	Sea	G	0	0	0	0	8,5,11
use	3429	Sea	G	0	0	0	0	8,5,12
use	3430	Sea	G	0	0	0	0	8,5,13
use	3431	Sea	G	0	0	0	0	9,5,4
use	3432	Sea	G	0	0	0	0	9,5,5
use	3433	Sea	G	0	0	0	0	9,5,6
use	3434	Sea	G	0	0	0	0	9,5,7
use	3435	Sea	G	0	0	0	0	9,5,8
use	3436	Sea	G	0	0	0	0	9,5,9
use	3437	Sea	G	0	0	0	0	9,5,10
use	3438	Sea	G	0	0	0	0	9,5,11
use	3439	Sea	G	0	0	0	0	9,5,12
use	3440	Sea	G	0	0	0	0	9,5,13
use	3441	Sea	G	0	0	0	0	10,5,4
use	3442	Sea	G	0	0	0	0	10,5,5
use	3443	Sea	G	0	0	0	0	10,5,6
use	3444	Sea	G	0	0	0	0	10,5,7
use	3445	Sea	G	0	0	0	0	10,5,8
use	3446	Sea	G	0	0	0	0	10,5,9
use	3447	Sea	G	0	0	0	0	10,5,10
use	3448	Sea	G	0	0	0	0	10,5,11
use	3449	Sea	G	0	0	0	0	10,5,12
use	3450	Sea	G	0	0	0	0	10,5,13
use	3451	Sea	G	0	0	0	0	11,5,4
use	3452	Sea	G	0	0	0	0	11,5,5
use	3453	Sea	G	0	0	0	0	11,5,6
use	3454	Sea	G	0	0	0	0	11,5,7
use	3455	Sea	G	0	0	0	0	11,5,8
use	3456	Sea	G	0	0	0	0	11,5,9
use	3457	Sea	G	0	0	0	0	11,5,10
use	3458	Sea	G	0	0	0	0	11,5,11
use	3459	Sea	G	0	0	0	0	11,5,12
use	3460	Sea	G	0	0	0	0	12,5,4
use	3461	Sea	G	0	0	0	0	12,5,5
use	3462	Sea	G	0	0	0	0	12,5,6
use	3463	Sea	G	0	0	0	0	12,5,7
use	3464	Sea	G	0	0	0	0	12,5,8
use	3465	Sea	G	0	0	0	0	12,5,9
use	3466	Sea	G	0	0	0	0	12,5,10
use	3467	Sea	G	0	0	0	0	12,5,11
use	3468	Sea	G	0	0	0	0	12,5,12
use	3469	Sea	G	0	0	0	0	13,5,4
use	3470	Sea	G	0	0	0	0	13,5,5
use	3471	Sea	G	0	0	0	0	13,5,6
use	3472	Sea	G	0	0	0	0	13,5,7
use	3473	Sea	G	0	0	0	0	13,5,8
use	3474	Sea	G	0	0	0	0	13,5,9
use	3475	Sea	G	0	0	0	0	13,5,10
use	3476	Sea	G	0	0	0	0	13,5,11
use	3477	Sea	G	0	0	0	0	13,5,12
use	3478	Sea	G	0	0	0	0	14,5,4
use	3479	Sea	G	0	0	0	0	14,5,5
use	3480	Sea	G	0	0	0	0	14,5,6
use	3481	Sea	G	0	0	0	0	14,5,7
use	3482	Sea	G	0	0	0	0	14,5,8
use	3483	Sea	G	0	0	0	0	14,5,9
use	3484	Sea	G	0	0	0	0	14,5,10
use	3485	Sea	G	0	0	0	0	14,5,11
use	3486	Sea	G	0	0	0	0	14,5,12
use	3487	Sea	G	0	0	0	0	15,5,4
use	3488	Sea	G	0	0	0	0	15,5,5
use	3489	Sea	G	0	0	0	0	15,5,6
use	3490	Sea	G	0	0	0	0	15,5,7
use	3491	Sea	G	0	0	0	0	15,5,8
use	3492	Sea	G	0	0	0	0	15,5,9
use	3493	Sea	G	0	0	0	0	15,5,10
use	3494	Sea	G	0	0	0	0	15,5,11
use	3495	Sea	G	0	0	0	0	15,5,12
use	3496	Sea	G	0	0	0	0	16,5,4
use	3497	Sea	G	0	0	0	0	16,5,6
use	3498	Sea	G	0	0	0	0	16,5,7
use	3499	Sea	G	0	0	0	0	16,5,8
use	3500	Sea	G	0	0	0	0	16,5,9
use	3501	Sea	G	0	0	0	0	16,5,10
use	3502	Sea	G	0	0	0	0	16,5,11
use	3503	Sea	G	0	0	0	0	16,5,12
use	3504	Sea	G	0	0	0	0	17,5,4
use	3505	Sea	G	0	0	0	0	17,5,6
use	3506	Sea	G	0	0	0	0	17,5,7
use	3507	Sea	G	0	0	0	0	17,5,8
use	3508	Sea	G	0	0	0	0	17,5,9
use	3509	Sea	G	0	0	0	0	17,5,10
use	3510	Sea	G	0	0	0	0	17,5,11
use	3511	Sea	G	0	0	0	0	17,5,12
use	3512	Sea	G	0	0	0	0	18,5,3
use	3513	Sea	G	0	0	0	0	18,5,4
use	3514	Sea	G	0	0	0	0	18,5,6
use	3515	Sea	G	0	0	0	0	18,5,7
use	3516	Sea	G	0	0	0	0	18,5,11
use	3517	Sea	G	0	0	0	0	18,5,12
use	3518	Sea	G	0	0	0	0	18,5,13
use	3519	Sea	G	0	0	0	0	19,5,3
use	3520	Sea	G	0	0	0	0	19,5,4
use	3521	Sea	G	0	0	0	0	19,5,6
use	3522	Sea	G	0	0	0	0	19,5,7
use	3523	Sea	G	0	0	0	0	19,5,11
use	3524	Sea	G	0	0	0	0	19,5,12
use	3525	Sea	G	0	0	0	0	19,5,13
use	3526	Sea	G	0	0	0	0	7,5,6
use	3527	Sea	G	0	0	0	0	7,5,7
use	3528	Sea	G	0	0	0	0	7,5,8
use	3529	Sea	G	0	0	0	0	7,5,9
use	3530	Sea	G	0	0	0	0	7,5,10
use	3531	Sea	G	0	0	0	0	7,5,11
use	3532	Sea	G	0	0	0	0	7,5,12
use	3533	Sea	G	0	0	0	0	7,5,13
use	3534	Sea	G	0	0	0	0	7,5,14
use	3535	Sea	G	0	0	0	0	7,5,15
use	3536	Sea	G	0	0	0	0	7,5,16
use	3537	Sea	G	0	0	0	0	7,5,17
use	3538	Sea	G	0	0	0	0	8,5,14
use	3539	Sea	G	0	0	0	0	8,5,15
use	3540	Sea	G	0	0	0	0	8,5,16
use	3541	Sea	G	0	0	0	0	8,5,17
use	3542	Sea	G	0	0	0	0	9,5,14
use	3543	Sea	G	0	0	0	0	9,5,15
use	3544	Sea	G	0	0	0	0	9,5,16
use	3545	Sea	G	0	0	0	0	9,5,17
use	3546	Sea	G	0	0	0	0	10,5,14
use	3547	Sea	G	0	0	0	0	10,5,15
use	3548	Sea	G	0	0	0	0	10,5,16
use	3549	Sea	G	0	0	0	0	10,5,17
use	3550	Sea	G	0	0	0	0	18,5,14
use	3551	Sea	G	0	0	0	0	18,5,15
use	3552	Sea	G	0	0	0	0	18,5,16
use	3553	Sea	G	0	0	0	0	19,5,14
use	3554	Sea	G	0	0	0	0	19,5,15
use	3555	Sea	G	0	0	0	0	19,5,16
use	3556	Sea	G	0	0	0	0	20,5,6
use	3557	Sea	G	0	0	0	0	20,5,7
use	3558	Sea	G	0	0	0	0	21,5,6
use	3559	Sea	G	0	0	0	0	21,5,7
use	3560	Sea	G	0	0	0	0	22,5,6
use	3561	Sea	G	0	0	0	0	22,5,7
use	3562	Sea	G	0	0	0	0	22,5,10
use	3563	Sea	G	0	0	0	0	22,5,11
use	3564	Sea	G	0	0	0	0	23,5,6
use	3565	Sea	G	0	0	0	0	23,5,7
use	3566	Sea	G	0	0	0	0	23,5,10
use	3567	Sea	G	0	0	0	0	23,5,11
use	3568	Sea	G	0	0	0	0	24,5,7
use	3569	Sea	G	0	0	0	0	24,5,10
use	3570	Sea	G	0	0	0	0	24,5,11
use	3571	Sea	G	0	0	0	0	25,5,7
use	3572	Sea	G	0	0	0	0	25,5,10
use	3573	Sea	G	0	0	0	0	26,5,8
use	3574	Sea	G	0	0	0	0	26,5,9
use	3575	Sea	G	0	0	0	0	26,5,10
use	3576	Sea	G	0	0	0	0	12,5,2
use	3577	Sea	G	0	0	0	0	12,5,3
use	3578	Sea	G	0	0	0	0	13,5,2
use	3579	Sea	G	0	0	0	0	13,5,3
use	3580	Sea	G	0	0	0	0	14,5,2
use	3581	Sea	G	0	0	0	0	14,5,3
use	3582	Sea	G	0	0	0	0	15,5,2
use	3583	Sea	G	0	0	0	0	15,5,3
use	3584	Sea	G	0	0	0	0	16,5,2
use	3585	Sea	G	0	0	0	0	16,5,3
use	3586	Sea	G	0	0	0	0	17,5,2
use	3587	Sea	G	0	0	0	0	17,5,3
use	3588	Sea	G	0	0	0	0	20,5,3
use	3589	Sea	G	0	0	0	0	20,5,4
use	3590	Sea	G	0	0	0	0	21,5,3
use	3591	Sea	G	0	0	0	0	21,5,4
use	3592	Sea	G	0	0	0	0	13,5,0
use	3593	Sea	G	0	0	0	0	13,5,1
use	3594	Sea	G	0	0	0	0	14,5,0
use	3595	Sea	G	0	0	0	0	14,5,1
use	3596	Sea	G	0	0	0	0	15,5,0
use	3597	Sea	G	0	0	0	0	15,5,1
use	3598	Sea	G	0	0	0	0	16,5,0
use	3599	Sea	G	0	0	0	0	16,5,1
use	3600	Sea	G	0	0	0	0	17,5,0
use	3601	Sea	G	0	0	0	0	17,5,1
use	3602	Sea	G	0	0	0	0	24,5,4
use	3603	Sea	G	0	0	0	0	25,5,4
use	3604	Sea	G	0	0	0	0	24,5,5
use	3605	Sea	G	0	0	0	0	24,5,6
use	3606	Sea	G	0	0	0	0	25,5,5
use	3607	Sea	G	0	0	0	0	25,5,6
use	3608	Sea	G	0	0	0	0	0,5,0
use	3609	Sea	G	0	0	0	0	0,5,1
use	3610	Sea	G	0	0	0	0	0,5,2
use	3611	Sea	G	0	0	0	0	0,5,3
use	3612	Sea	G	0	0	0	0	0,5,4
use	3613	Sea	G	0	0	0	0	0,5,5
use	3614	Sea	G	0	0	0	0	0,5,6
use	3615	Sea	G	0	0	0	0	0,5,7
use	3616	Sea	G	0	0	0	0	0,5,8
use	3617	Sea	G	0	0	0	0	0,5,9
use	3618	Sea	G	0	0	0	0	0,5,10
use	3619	Sea	G	0	0	0	0	0,5,11
use	3620	Sea	G	0	0	0	0	0,5,12
use	3621	Sea	G	0	0	0	0	0,5,13
use	3622	Sea	G	0	0	0	0	0,5,14
use	3623	Sea	G	0	0	0	0	0,5,15
use	3624	Sea	G	0	0	0	0	0,5,16
use	3625	Sea	G	0	0	0	0	0,5,17
use	3626	Sea	G	0	0	0	0	0,5,18
use	3627	Sea	G	0	0	0	0	0,5,19
use	3628	Sea	G	0	0	0	0	0,5,20
use	3629	Sea	G	0	0	0	0	0,5,21
use	3630	Sea	G	0	0	0	0	0,5,22
use	3631	Sea	G	0	0	0	0	1,5,0
use	3632	Sea	G	0	0	0	0	1,5,1
use	3633	Sea	G	0	0	0	0	1,5,2
use	3634	Sea	G	0	0	0	0	1,5,3
use	3635	Sea	G	0	0	0	0	1,5,4
use	3636	Sea	G	0	0	0	0	1,5,5
use	3637	Sea	G	0	0	0	0	1,5,6
use	3638	Sea	G	0	0	0	0	1,5,7
use	3639	Sea	G	0	0	0	0	1,5,8
use	3640	Sea	G	0	0	0	0	1,5,9
use	3641	Sea	G	0	0	0	0	1,5,10
use	3642	Sea	G	0	0	0	0	1,5,11
use	3643	Sea	G	0	0	0	0	1,5,12
use	3644	Sea	G	0	0	0	0	1,5,13
use	3645	Sea	G	0	0	0	0	1,5,14
use	3646	Sea	G	0	0	0	0	1,5,15
use	3647	Sea	G	0	0	0	0	1,5,16
use	3648	Sea	G	0	0	0	0	1,5,17
use	3649	Sea	G	0	0	0	0	1,5,18
use	3650	Sea	G	0	0	0	0	1,5,19
use	3651	Sea	G	0	0	0	0	1,5,20
use	3652	Sea	G	0	0	0	0	1,5,21
use	3653	Sea	G	0	0	0	0	1,5,22
use	3654	Sea	G	0	0	0	0	2,5,0
use	3655	Sea	G	0	0	0	0	2,5,1
use	3656	Sea	G	0	0	0	0	2,5,2
use	3657	Sea	G	0	0	0	0	2,5,3
use	3658	Sea	G	0	0	0	0	2,5,4
use	3659	Sea	G	0	0	0	0	2,5,5
use	3660	Sea	G	0	0	0	0	2,5,6
use	3661	Sea	G	0	0	0	0	2,5,7
use	3662	Sea	G	0	0	0	0	2,5,8
use	3663	Sea	G	0	0	0	0	2,5,9
use	3664	Sea	G	0	0	0	0	2,5,10
use	3665	Sea	G	0	0	0	0	2,5,11
use	3666	Sea	G	0	0	0	0	2,5,12
use	3667	Sea	G	0	0	0	0	2,5,13
use	3668	Sea	G	0	0	0	0	2,5,14
use	3669	Sea	G	0	0	0	0	2,5,15
use	3670	Sea	G	0	0	0	0	2,5,16
use	3671	Sea	G	0	0	0	0	2,5,17
use	3672	Sea	G	0	0	0	0	2,5,18
use	3673	Sea	G	0	0	0	0	2,5,19
use	3674	Sea	G	0	0	0	0	2,5,20
use	3675	Sea	G	0	0	0	0	2,5,21
use	3676	Sea	G	0	0	0	0	2,5,22
use	3677	Sea	G	0	0	0	0	3,5,0
use	3678	Sea	G	0	0	0	0	3,5,1
use	3679	Sea	G	0	0	0	0	3,5,2
use	3680	Sea	G	0	0	0	0	3,5,3
use	3681	Sea	G	0	0	0	0	3,5,4
use	3682	Sea	G	0	0	0	0	3,5,5
use	3683	Sea	G	0	0	0	0	3,5,6
use	3684	Sea	G	0	0	0	0	3,5,7
use	3685	Sea	G	0	0	0	0	3,5,8
use	3686	Sea	G	0	0	0	0	3,5,9
use	3687	Sea	G	0	0	0	0	3,5,10
use	3688	Sea	G	0	0	0	0	3,5,11
use	3689	Sea	G	0	0	0	0	3,5,12
use	3690	Sea	G	0	0	0	0	3,5,13
use	3691	Sea	G	0	0	0	0	3,5,14
use	3692	Sea	G	0	0	0	0	3,5,15
use	3693	Sea	G	0	0	0	0	3,5,16
use	3694	Sea	G	0	0	0	0	3,5,17
use	3695	Sea	G	0	0	0	0	3,5,18
use	3696	Sea	G	0	0	0	0	3,5,19
use	3697	Sea	G	0	0	0	0	3,5,20
use	3698	Sea	G	0	0	0	0	3,5,21
use	3699	Sea	G	0	0	0	0	3,5,22
use	3700	Sea	G	0	0	0	0	4,5,0
use	3701	Sea	G	0	0	0	0	4,5,1
use	3702	Sea	G	0	0	0	0	4,5,2
use	3703	Sea	G	0	0	0	0	4,5,3
use	3704	Sea	G	0	0	0	0	4,5,4
use	3705	Sea	G	0	0	0	0	4,5,5
use	3706	Sea	G	0	0	0	0	4,5,6
use	3707	Sea	G	0	0	0	0	4,5,7
use	3708	Sea	G	0	0	0	0	4,5,8
use	3709	Sea	G	0	0	0	0	4,5,9
use	3710	Sea	G	0	0	0	0	4,5,10
use	3711	Sea	G	0	0	0	0	4,5,11
use	3712	Sea	G	0	0	0	0	4,5,12
use	3713	Sea	G	0	0	0	0	4,5,13
use	3714	Sea	G	0	0	0	0	4,5,14
use	3715	Sea	G	0	0	0	0	4,5,15
use	3716	Sea	G	0	0	0	0	4,5,16
use	3717	Sea	G	0	0	0	0	4,5,17
use	3718	Sea	G	0	0	0	0	4,5,18
use	3719	Sea	G	0	0	0	0	4,5,19
use	3720	Sea	G	0	0	0	0	4,5,20
use	3721	Sea	G	0	0	0	0	4,5,21
use	3722	Sea	G	0	0	0	0	4,5,22
use	3723	Sea	G	0	0	0	0	5,5,0
use	3724	Sea	G	0	0	0	0	5,5,1
use	3725	Sea	G	0	0	0	0	5,5,2
use	3726	Sea	G	0	0	0	0	5,5,3
use	3727	Sea	G	0	0	0	0	5,5,4
use	3728	Sea	G	0	0	0	0	5,5,5
use	3729	Sea	G	0	0	0	0	5,5,6
use	3730	Sea	G	0	0	0	0	5,5,7
use	3731	Sea	G	0	0	0	0	5,5,8
use	3732	Sea	G	0	0	0	0	5,5,9
use	3733	Sea	G	0	0	0	0	5,5,10
use	3734	Sea	G	0	0	0	0	5,5,11
use	3735	Sea	G	0	0	0	0	5,5,12
use	3736	Sea	G	0	0	0	0	5,5,13
use	3737	Sea	G	0	0	0	0	5,5,14
use	3738	Sea	G	0	0	0	0	5,5,15
use	3739	Sea	G	0	0	0	0	5,5,16
use	3740	Sea	G	0	0	0	0	5,5,17
use	3741	Sea	G	0	0	0	0	5,5,18
use	3742	Sea	G	0	0	0	0	5,5,19
use	3743	Sea	G	0	0	0	0	5,5,20
use	3744	Sea	G	0	0	0	0	5,5,21
use	3745	Sea	G	0	0	0	0	5,5,22
use	3746	Sea	G	0	0	0	0	6,5,0
use	3747	Sea	G	0	0	0	0	6,5,1
use	3748	Sea	G	0	0	0	0	6,5,2
use	3749	Sea	G	0	0	0	0	6,5,3
use	3750	Sea	G	0	0	0	0	6,5,4
use	3751	Sea	G	0	0	0	0	6,5,5
use	3752	Sea	G	0	0	0	0	6,5,6
use	3753	Sea	G	0	0	0	0	6,5,7
use	3754	Sea	G	0	0	0	0	6,5,8
use	3755	Sea	G	0	0	0	0	6,5,9
use	3756	Sea	G	0	0	0	0	6,5,10
use	3757	Sea	G	0	0	0	0	6,5,11
use	3758	Sea	G	0	0	0	0	6,5,12
use	3759	Sea	G	0	0	0	0	6,5,13
use	3760	Sea	G	0	0	0	0	6,5,14
use	3761	Sea	G	0	0	0	0	6,5,15
use	3762	Sea	G	0	0	0	0	6,5,16
use	3763	Sea	G	0	0	0	0	6,5,17
use	3764	Sea	G	0	0	0	0	6,5,18
use	3765	Sea	G	0	0	0	0	6,5,19
use	3766	Sea	G	0	0	0	0	6,5,20
use	3767	Sea	G	0	0	0	0	6,5,21
use	3768	Sea	G	0	0	0	0	6,5,22
use	3769	Sea	G	0	0	0	0	7,5,0
use	3770	Sea	G	0	0	0	0	7,5,1
use	3771	Sea	G	0	0	0	0	7,5,2
use	3772	Sea	G	0	0	0	0	7,5,3
use	3773	Sea	G	0	0	0	0	7,5,4
use	3774	Sea	G	0	0	0	0	7,5,5
use	3775	Sea	G	0	0	0	0	7,5,18
use	3776	Sea	G	0	0	0	0	7,5,19
use	3777	Sea	G	0	0	0	0	7,5,20
use	3778	Sea	G	0	0	0	0	7,5,21
use	3779	Sea	G	0	0	0	0	7,5,22
use	3780	Sea	G	0	0	0	0	8,5,0
use	3781	Sea	G	0	0	0	0	8,5,1
use	3782	Sea	G	0	0	0	0	8,5,2
use	3783	Sea	G	0	0	0	0	8,5,3
use	3784	Sea	G	0	0	0	0	8,5,18
use	3785	Sea	G	0	0	0	0	8,5,19
use	3786	Sea	G	0	0	0	0	8,5,20
use	3787	Sea	G	0	0	0	0	8,5,21
use	3788	Sea	G	0	0	0	0	8,5,22
use	3789	Sea	G	0	0	0	0	9,5,0
use	3790	Sea	G	0	0	0	0	9,5,1
use	3791	Sea	G	0	0	0	0	9,5,2
use	3792	Sea	G	0	0	0	0	9,5,3
use	3793	Sea	G	0	0	0	0	9,5,18
use	3794	Sea	G	0	0	0	0	9,5,19
use	3795	Sea	G	0	0	0	0	9,5,20
use	3796	Sea	G	0	0	0	0	9,5,21
use	3797	Sea	G	0	0	0	0	9,5,22
use	3798	Sea	G	0	0	0	0	10,5,0
use	3799	Sea	G	0	0	0	0	10,5,1
use	3800	Sea	G	0	0	0	0	10,5,2
use	3801	Sea	G	0	0	0	0	10,5,3
use	3802	Sea	G	0	0	0	0	10,5,18
use	3803	Sea	G	0	0	0	0	10,5,19
use	3804	Sea	G	0	0	0	0	10,5,20
use	3805	Sea	G	0	0	0	0	10,5,21
use	3806	Sea	G	0	0	0	0	10,5,22
use	3807	Sea	G	0	0	0	0	11,5,0
use	3808	Sea	G	0	0	0	0	11,5,1
use	3809	Sea	G	0	0	0	0	11,5,2
use	3810	Sea	G	0	0	0	0	11,5,3
use	3811	Sea	G	0	0	0	0	11,5,18
use	3812	Sea	G	0	0	0	0	11,5,19
use	3813	Sea	G	0	0	0	0	11,5,20
use	3814	Sea	G	0	0	0	0	11,5,21
use	3815	Sea	G	0	0	0	0	11,5,22
use	3816	Sea	G	0	0	0	0	12,5,0
use	3817	Sea	G	0	0	0	0	12,5,1
use	3818	Sea	G	0	0	0	0	12,5,18
use	3819	Sea	G	0	0	0	0	12,5,19
use	3820	Sea	G	0	0	0	0	12,5,20
use	3821	Sea	G	0	0	0	0	12,5,21
use	3822	Sea	G	0	0	0	0	12,5,22
use	3823	Sea	G	0	0	0	0	13,5,18
use	3824	Sea	G	0	0	0	0	13,5,19
use	3825	Sea	G	0	0	0	0	13,5,20
use	3826	Sea	G	0	0	0	0	13,5,21
use	3827	Sea	G	0	0	0	0	13,5,22
use	3828	Sea	G	0	0	0	0	14,5,18
use	3829	Sea	G	0	0	0	0	14,5,19
use	3830	Sea	G	0	0	0	0	14,5,20
use	3831	Sea	G	0	0	0	0	14,5,21
use	3832	Sea	G	0	0	0	0	14,5,22
use	3833	Sea	G	0	0	0	0	15,5,18
use	3834	Sea	G	0	0	0	0	15,5,19
use	3835	Sea	G	0	0	0	0	15,5,20
use	3836	Sea	G	0	0	0	0	15,5,21
use	3837	Sea	G	0	0	0	0	15,5,22
use	3838	Sea	G	0	0	0	0	16,5,18
use	3839	Sea	G	0	0	0	0	16,5,19
use	3840	Sea	G	0	0	0	0	16,5,20
use	3841	Sea	G	0	0	0	0	16,5,21
use	3842	Sea	G	0	0	0	0	16,5,22
use	3843	Sea	G	0	0	0	0	0,5,23
use	3844	Sea	G	0	0	0	0	0,5,24
use	3845	Sea	G	0	0	0	0	0,5,25
use	3846	Sea	G	0	0	0	0	0,5,26
use	3847	Sea	G	0	0	0	0	0,5,27
use	3848	Sea	G	0	0	0	0	0,5,28
use	3849	Sea	G	0	0	0	0	0,5,29
use	3850	Sea	G	0	0	0	0	0,5,30
use	3851	Sea	G	0	0	0	0	0,5,31
use	3852	Sea	G	0	0	0	0	0,5,32
use	3853	Sea	G	0	0	0	0	0,5,33
use	3854	Sea	G	0	0	0	0	0,5,34
use	3855	Sea	G	0	0	0	0	0,5,35
use	3856	Sea	G	0	0	0	0	1,5,23
use	3857	Sea	G	0	0	0	0	1,5,24
use	3858	Sea	G	0	0	0	0	1,5,25
use	3859	Sea	G	0	0	0	0	1,5,26
use	3860	Sea	G	0	0	0	0	1,5,27
use	3861	Sea	G	0	0	0	0	1,5,28
use	3862	Sea	G	0	0	0	0	1,5,29
use	3863	Sea	G	0	0	0	0	1,5,30
use	3864	Sea	G	0	0	0	0	1,5,31
use	3865	Sea	G	0	0	0	0	1,5,32
use	3866	Sea	G	0	0	0	0	1,5,33
use	3867	Sea	G	0	0	0	0	1,5,34
use	3868	Sea	G	0	0	0	0	1,5,35
use	3869	Sea	G	0	0	0	0	2,5,23
use	3870	Sea	G	0	0	0	0	2,5,24
use	3871	Sea	G	0	0	0	0	2,5,25
use	3872	Sea	G	0	0	0	0	2,5,26
use	3873	Sea	G	0	0	0	0	2,5,27
use	3874	Sea	G	0	0	0	0	2,5,28
use	3875	Sea	G	0	0	0	0	2,5,29
use	3876	Sea	G	0	0	0	0	2,5,30
use	3877	Sea	G	0	0	0	0	2,5,31
use	3878	Sea	G	0	0	0	0	2,5,32
use	3879	Sea	G	0	0	0	0	2,5,33
use	3880	Sea	G	0	0	0	0	2,5,34
use	3881	Sea	G	0	0	0	0	2,5,35
use	3882	Sea	G	0	0	0	0	3,5,23
use	3883	Sea	G	0	0	0	0	3,5,24
use	3884	Sea	G	0	0	0	0	3,5,25
use	3885	Sea	G	0	0	0	0	3,5,26
use	3886	Sea	G	0	0	0	0	3,5,27
use	3887	Sea	G	0	0	0	0	3,5,28
use	3888	Sea	G	0	0	0	0	3,5,29
use	3889	Sea	G	0	0	0	0	3,5,30
use	3890	Sea	G	0	0	0	0	3,5,31
use	3891	Sea	G	0	0	0	0	3,5,32
use	3892	Sea	G	0	0	0	0	3,5,33
use	3893	Sea	G	0	0	0	0	3,5,34
use	3894	Sea	G	0	0	0	0	3,5,35
use	3895	Sea	G	0	0	0	0	4,5,23
use	3896	Sea	G	0	0	0	0	4,5,24
use	3897	Sea	G	0	0	0	0	4,5,25
use	3898	Sea	G	0	0	0	0	4,5,26
use	3899	Sea	G	0	0	0	0	4,5,27
use	3900	Sea	G	0	0	0	0	4,5,28
use	3901	Sea	G	0	0	0	0	4,5,29
use	3902	Sea	G	0	0	0	0	4,5,30
use	3903	Sea	G	0	0	0	0	4,5,31
use	3904	Sea	G	0	0	0	0	4,5,32
use	3905	Sea	G	0	0	0	0	4,5,33
use	3906	Sea	G	0	0	0	0	4,5,34
use	3907	Sea	G	0	0	0	0	4,5,35
use	3908	Sea	G	0	0	0	0	5,5,23
use	3909	Sea	G	0	0	0	0	5,5,24
use	3910	Sea	G	0	0	0	0	5,5,25
use	3911	Sea	G	0	0	0	0	5,5,26
use	3912	Sea	G	0	0	0	0	5,5,27
use	3913	Sea	G	0	0	0	0	5,5,28
use	3914	Sea	G	0	0	0	0	5,5,29
use	3915	Sea	G	0	0	0	0	5,5,30
use	3916	Sea	G	0	0	0	0	5,5,31
use	3917	Sea	G	0	0	0	0	5,5,32
use	3918	Sea	G	0	0	0	0	5,5,33
use	3919	Sea	G	0	0	0	0	5,5,34
use	3920	Sea	G	0	0	0	0	5,5,35
use	3921	Sea	G	0	0	0	0	6,5,23
use	3922	Sea	G	0	0	0	0	6,5,24
use	3923	Sea	G	0	0	0	0	6,5,25
use	3924	Sea	G	0	0	0	0	6,5,26
use	3925	Sea	G	0	0	0	0	6,5,27
use	3926	Sea	G	0	0	0	0	6,5,28
use	3927	Sea	G	0	0	0	0	6,5,29
use	3928	Sea	G	0	0	0	0	6,5,30
use	3929	Sea	G	0	0	0	0	6,5,31
use	3930	Sea	G	0	0	0	0	6,5,32
use	3931	Sea	G	0	0	0	0	6,5,33
use	3932	Sea	G	0	0	0	0	6,5,34
use	3933	Sea	G	0	0	0	0	6,5,35
use	3934	Sea	G	0	0	0	0	7,5,23
use	3935	Sea	G	0	0	0	0	7,5,24
use	3936	Sea	G	0	0	0	0	7,5,25
use	3937	Sea	G	0	0	0	0	7,5,26
use	3938	Sea	G	0	0	0	0	7,5,27
use	3939	Sea	G	0	0	0	0	7,5,28
use	3940	Sea	G	0	0	0	0	7,5,29
use	3941	Sea	G	0	0	0	0	7,5,30
use	3942	Sea	G	0	0	0	0	7,5,31
use	3943	Sea	G	0	0	0	0	7,5,32
use	3944	Sea	G	0	0	0	0	7,5,33
use	3945	Sea	G	0	0	0	0	7,5,34
use	3946	Sea	G	0	0	0	0	7,5,35
use	3947	Sea	G	0	0	0	0	8,5,23
use	3948	Sea	G	0	0	0	0	8,5,24
use	3949	Sea	G	0	0	0	0	8,5,25
use	3950	Sea	G	0	0	0	0	8,5,26
use	3951	Sea	G	0	0	0	0	8,5,27
use	3952	Sea	G	0	0	0	0	8,5,28
use	3953	Sea	G	0	0	0	0	8,5,29
use	3954	Sea	G	0	0	0	0	8,5,30
use	3955	Sea	G	0	0	0	0	8,5,31
use	3956	Sea	G	0	0	0	0	8,5,32
use	3957	Sea	G	0	0	0	0	8,5,33
use	3958	Sea	G	0	0	0	0	8,5,34
use	3959	Sea	G	0	0	0	0	8,5,35
use	3960	Sea	G	0	0	0	0	9,5,23
use	3961	Sea	G	0	0	0	0	9,5,24
use	3962	Sea	G	0	0	0	0	9,5,25
use	3963	Sea	G	0	0	0	0	9,5,26
use	3964	Sea	G	0	0	0	0	9,5,27
use	3965	Sea	G	0	0	0	0	9,5,28
use	3966	Sea	G	0	0	0	0	9,5,29
use	3967	Sea	G	0	0	0	0	9,5,30
use	3968	Sea	G	0	0	0	0	9,5,31
use	3969	Sea	G	0	0	0	0	9,5,32
use	3970	Sea	G	0	0	0	0	9,5,33
use	3971	Sea	G	0	0	0	0	9,5,34
use	3972	Sea	G	0	0	0	0	9,5,35
use	3973	Sea	G	0	0	0	0	10,5,23
use	3974	Sea	G	0	0	0	0	10,5,24
use	3975	Sea	G	0	0	0	0	10,5,25
use	3976	Sea	G	0	0	0	0	10,5,26
use	3977	Sea	G	0	0	0	0	10,5,27
use	3978	Sea	G	0	0	0	0	10,5,28
use	3979	Sea	G	0	0	0	0	10,5,29
use	3980	Sea	G	0	0	0	0	10,5,30
use	3981	Sea	G	0	0	0	0	10,5,31
use	3982	Sea	G	0	0	0	0	10,5,32
use	3983	Sea	G	0	0	0	0	10,5,33
use	3984	Sea	G	0	0	0	0	10,5,34
use	3985	Sea	G	0	0	0	0	10,5,35
use	3986	Sea	G	0	0	0	0	11,5,23
use	3987	Sea	G	0	0	0	0	11,5,24
use	3988	Sea	G	0	0	0	0	11,5,25
use	3989	Sea	G	0	0	0	0	11,5,26
use	3990	Sea	G	0	0	0	0	11,5,27
use	3991	Sea	G	0	0	0	0	11,5,28
use	3992	Sea	G	0	0	0	0	11,5,29
use	3993	Sea	G	0	0	0	0	12,5,23
use	3994	Sea	G	0	0	0	0	12,5,24
use	3995	Sea	G	0	0	0	0	12,5,25
use	3996	Sea	G	0	0	0	0	12,5,26
use	3997	Sea	G	0	0	0	0	12,5,27
use	3998	Sea	G	0	0	0	0	12,5,28
use	3999	Sea	G	0	0	0	0	12,5,29
use	4000	Sea	G	0	0	0	0	0,5,36
use	4001	Sea	G	0	0	0	0	0,5,37
use	4002	Sea	G	0	0	0	0	0,5,38
use	4003	Sea	G	0	0	0	0	0,5,39
use	4004	Sea	G	0	0	0	0	0,5,40
use	4005	Sea	G	0	0	0	0	1,5,36
use	4006	Sea	G	0	0	0	0	1,5,37
use	4007	Sea	G	0	0	0	0	1,5,38
use	4008	Sea	G	0	0	0	0	1,5,39
use	4009	Sea	G	0	0	0	0	1,5,40
use	4010	Sea	G	0	0	0	0	2,5,36
use	4011	Sea	G	0	0	0	0	2,5,37
use	4012	Sea	G	0	0	0	0	2,5,38
use	4013	Sea	G	0	0	0	0	2,5,39
use	4014	Sea	G	0	0	0	0	2,5,40
use	4015	Sea	G	0	0	0	0	3,5,36
use	4016	Sea	G	0	0	0	0	3,5,37
use	4017	Sea	G	0	0	0	0	3,5,38
use	4018	Sea	G	0	0	0	0	3,5,39
use	4019	Sea	G	0	0	0	0	3,5,40
use	4020	Sea	G	0	0	0	0	4,5,36
use	4021	Sea	G	0	0	0	0	4,5,37
use	4022	Sea	G	0	0	0	0	4,5,38
use	4023	Sea	G	0	0	0	0	4,5,39
use	4024	Sea	G	0	0	0	0	4,5,40
use	4025	Sea	G	0	0	0	0	5,5,36
use	4026	Sea	G	0	0	0	0	5,5,37
use	4027	Sea	G	0	0	0	0	5,5,38
use	4028	Sea	G	0	0	0	0	5,5,39
use	4029	Sea	G	0	0	0	0	5,5,40
use	4030	Sea	G	0	0	0	0	6,5,38
use	4031	Sea	G	0	0	0	0	6,5,39
use	4032	Sea	G	0	0	0	0	6,5,40
use	4033	Sea	G	0	0	0	0	9,5,38
use	4034	Sea	G	0	0	0	0	9,5,39
use	4035	Sea	G	0	0	0	0	11,5,36
use	4036	Sea	G	0	0	0	0	12,5,36
use	4037	Sea	G	0	0	0	0	13,5,36
use	4038	Sea	G	0	0	0	0	14,5,36
use	4039	Sea	G	0	0	0	0	15,5,36
use	4040	Sea	G	0	0	0	0	6,5,36
use	4041	Sea	G	0	0	0	0	6,5,37
use	4042	Sea	G	0	0	0	0	7,5,36
use	4043	Sea	G	0	0	0	0	7,5,37
use	4044	Sea	G	0	0	0	0	7,5,38
use	4045	Sea	G	0	0	0	0	7,5,39
use	4046	Sea	G	0	0	0	0	8,5,36
use	4047	Sea	G	0	0	0	0	8,5,37
use	4048	Sea	G	0	0	0	0	8,5,38
use	4049	Sea	G	0	0	0	0	8,5,39
use	4050	Sea	G	0	0	0	0	9,5,36
use	4051	Sea	G	0	0	0	0	9,5,37
use	4052	Sea	G	0	0	0	0	10,5,36
use	4053	Sea	G	0	0	0	0	2,5,41
use	4054	Sea	G	0	0	0	0	2,5,42
use	4055	Sea	G	0	0	0	0	2,5,43
use	4056	Sea	G	0	0	0	0	2,5,44
use	4057	Sea	G	0	0	0	0	3,5,41
use	4058	Sea	G	0	0	0	0	3,5,42
use	4059	Sea	G	0	0	0	0	3,5,43
use	4060	Sea	G	0	0	0	0	3,5,44
use	4061	Sea	G	0	0	0	0	4,5,41
use	4062	Sea	G	0	0	0	0	4,5,42
use	4063	Sea	G	0	0	0	0	4,5,43
use	4064	Sea	G	0	0	0	0	4,5,44
use	4065	Sea	G	0	0	0	0	0,5,41
use	4066	Sea	G	0	0	0	0	0,5,42
use	4067	Sea	G	0	0	0	0	0,5,43
use	4068	Sea	G	0	0	0	0	0,5,44
use	4069	Sea	G	0	0	0	0	0,5,45
use	4070	Sea	G	0	0	0	0	0,5,46
use	4071	Sea	G	0	0	0	0	0,5,47
use	4072	Sea	G	0	0	0	0	1,5,41
use	4073	Sea	G	0	0	0	0	1,5,42
use	4074	Sea	G	0	0	0	0	1,5,43
use	4075	Sea	G	0	0	0	0	1,5,44
use	4076	Sea	G	0	0	0	0	1,5,45
use	4077	Sea	G	0	0	0	0	1,5,46
use	4078	Sea	G	0	0	0	0	1,5,47
use	4079	Sea	G	0	0	0	0	2,5,45
use	4080	Sea	G	0	0	0	0	2,5,46
use	4081	Sea	G	0	0	0	0	2,5,47
use	4082	Sea	G	0	0	0	0	0,5,48
use	4083	Sea	G	0	0	0	0	0,5,49
use	4084	Sea	G	0	0	0	0	0,5,50
use	4085	Sea	G	0	0	0	0	1,5,48
use	4086	Sea	G	0	0	0	0	1,5,49
use	4087	Sea	G	0	0	0	0	1,5,50
use	4088	Sea	G	0	0	0	0	2,5,48
use	4089	Sea	G	0	0	0	0	2,5,49
use	4090	Sea	G	0	0	0	0	2,5,50
use	4091	Sea	G	0	0	0	0	3,5,49
use	4092	Sea	G	0	0	0	0	3,5,50
use	4093	Sea	G	0	0	0	0	3,5,51
use	4094	Sea	G	0	0	0	0	3,5,52
use	4095	Sea	G	0	0	0	0	4,5,49
use	4096	Sea	G	0	0	0	0	4,5,50
use	4097	Sea	G	0	0	0	0	4,5,51
use	4098	Sea	G	0	0	0	0	4,5,52
use	4099	Sea	G	0	0	0	0	5,5,49
use	4100	Sea	G	0	0	0	0	5,5,50
use	4101	Sea	G	0	0	0	0	6,5,49
use	4102	Sea	G	0	0	0	0	6,5,50
use	4103	Sea	G	0	0	0	0	6,5,48
use	4104	Sea	G	0	0	0	0	7,5,48
use	4105	Sea	G	0	0	0	0	7,5,49
use	4106	Sea	G	0	0	0	0	5,5,51
use	4107	Sea	G	0	0	0	0	5,5,52
use	4108	Sea	G	0	0	0	0	5,5,53
use	4109	Sea	G	0	0	0	0	5,5,54
use	4110	Sea	G	0	0	0	0	5,5,55
use	4111	Sea	G	0	0	0	0	5,5,56
use	4112	Sea	G	0	0	0	0	6,5,51
use	4113	Sea	G	0	0	0	0	6,5,52
use	4114	Sea	G	0	0	0	0	6,5,53
use	4115	Sea	G	0	0	0	0	6,5,54
use	4116	Sea	G	0	0	0	0	6,5,55
use	4117	Sea	G	0	0	0	0	6,5,56
use	4118	Sea	G	0	0	0	0	3,5,56
use	4119	Sea	G	0	0	0	0	3,5,57
use	4120	Sea	G	0	0	0	0	4,5,56
use	4121	Sea	G	0	0	0	0	4,5,57
use	4122	Sea	G	0	0	0	0	4,5,58
use	4123	Sea	G	0	0	0	0	5,5,57
use	4124	Sea	G	0	0	0	0	5,5,58
use	4125	Sea	G	0	0	0	0	3,5,58
use	4126	Sea	G	0	0	0	0	3,5,59
use	4127	Sea	G	0	0	0	0	3,5,60
use	4128	Sea	G	0	0	0	0	4,5,59
use	4129	Sea	G	0	0	0	0	4,5,60
use	4130	Sea	G	0	0	0	0	3,5,61
use	4131	Sea	G	0	0	0	0	3,5,62
use	4132	Sea	G	0	0	0	0	3,5,63
use	4133	Sea	G	0	0	0	0	0,5,61
use	4134	Sea	G	0	0	0	0	1,5,61
use	4135	Sea	G	0	0	0	0	2,5,61
use	4136	Sea	G	0	0	0	0	4,5,61
use	4137	Sea	G	0	0	0	0	5,5,61
use	4138	Sea	G	0	0	0	0	0,5,51
use	4139	Sea	G	0	0	0	0	0,5,52
use	4140	Sea	G	0	0	0	0	0,5,53
use	4141	Sea	G	0	0	0	0	0,5,54
use	4142	Sea	G	0	0	0	0	0,5,55
use	4143	Sea	G	0	0	0	0	0,5,56
use	4144	Sea	G	0	0	0	0	0,5,57
use	4145	Sea	G	0	0	0	0	0,5,58
use	4146	Sea	G	0	0	0	0	0,5,59
use	4147	Sea	G	0	0	0	0	0,5,60
use	4148	Sea	G	0	0	0	0	0,5,62
use	4149	Sea	G	0	0	0	0	0,5,63
use	4150	Sea	G	0	0	0	0	1,5,51
use	4151	Sea	G	0	0	0	0	1,5,52
use	4152	Sea	G	0	0	0	0	1,5,53
use	4153	Sea	G	0	0	0	0	1,5,54
use	4154	Sea	G	0	0	0	0	1,5,55
use	4155	Sea	G	0	0	0	0	1,5,56
use	4156	Sea	G	0	0	0	0	1,5,57
use	4157	Sea	G	0	0	0	0	1,5,58
use	4158	Sea	G	0	0	0	0	1,5,59
use	4159	Sea	G	0	0	0	0	1,5,60
use	4160	Sea	G	0	0	0	0	1,5,62
use	4161	Sea	G	0	0	0	0	1,5,63
use	4162	Sea	G	0	0	0	0	2,5,51
use	4163	Sea	G	0	0	0	0	2,5,52
use	4164	Sea	G	0	0	0	0	2,5,53
use	4165	Sea	G	0	0	0	0	2,5,54
use	4166	Sea	G	0	0	0	0	2,5,55
use	4167	Sea	G	0	0	0	0	2,5,56
use	4168	Sea	G	0	0	0	0	2,5,57
use	4169	Sea	G	0	0	0	0	2,5,58
use	4170	Sea	G	0	0	0	0	2,5,59
use	4171	Sea	G	0	0	0	0	2,5,60
use	4172	Sea	G	0	0	0	0	2,5,62
use	4173	Sea	G	0	0	0	0	2,5,63
use	4174	Sea	G	0	0	0	0	3,5,53
use	4175	Sea	G	0	0	0	0	3,5,54
use	4176	Sea	G	0	0	0	0	3,5,55
use	4177	Sea	G	0	0	0	0	4,5,53
use	4178	Sea	G	0	0	0	0	4,5,54
use	4179	Sea	G	0	0	0	0	4,5,55
use	4180	Sea	G	0	0	0	0	4,5,62
use	4181	Sea	G	0	0	0	0	4,5,63
use	4182	Sea	G	0	0	0	0	5,5,59
use	4183	Sea	G	0	0	0	0	5,5,60
use	4184	Sea	G	0	0	0	0	5,5,62
use	4185	Sea	G	0	0	0	0	5,5,63
use	4186	Sea	G	0	0	0	0	6,5,57
use	4187	Sea	G	0	0	0	0	6,5,58
use	4188	Sea	G	0	0	0	0	6,5,59
use	4189	Sea	G	0	0	0	0	6,5,60
use	4190	Sea	G	0	0	0	0	6,5,61
use	4191	Sea	G	0	0	0	0	6,5,62
use	4192	Sea	G	0	0	0	0	6,5,63
use	4193	Sea	G	0	0	0	0	7,5,55
use	4194	Sea	G	0	0	0	0	7,5,56
use	4195	Sea	G	0	0	0	0	7,5,57
use	4196	Sea	G	0	0	0	0	7,5,58
use	4197	Sea	G	0	0	0	0	7,5,59
use	4198	Sea	G	0	0	0	0	7,5,60
use	4199	Sea	G	0	0	0	0	7,5,61
use	4200	Sea	G	0	0	0	0	7,5,62
use	4201	Sea	G	0	0	0	0	7,5,63
use	4202	Sea	G	0	0	0	0	8,5,55
use	4203	Sea	G	0	0	0	0	8,5,56
use	4204	Sea	G	0	0	0	0	8,5,57
use	4205	Sea	G	0	0	0	0	8,5,58
use	4206	Sea	G	0	0	0	0	8,5,59
use	4207	Sea	G	0	0	0	0	8,5,60
use	4208	Sea	G	0	0	0	0	8,5,61
use	4209	Sea	G	0	0	0	0	8,5,62
use	4210	Sea	G	0	0	0	0	8,5,63
use	4211	Sea	G	0	0	0	0	9,5,55
use	4212	Sea	G	0	0	0	0	9,5,56
use	4213	Sea	G	0	0	0	0	9,5,57
use	4214	Sea	G	0	0	0	0	9,5,58
use	4215	Sea	G	0	0	0	0	9,5,59
use	4216	Sea	G	0	0	0	0	9,5,60
use	4217	Sea	G	0	0	0	0	9,5,61
use	4218	Sea	G	0	0	0	0	9,5,62
use	4219	Sea	G	0	0	0	0	9,5,63
use	4220	Sea	G	0	0	0	0	10,5,55
use	4221	Sea	G	0	0	0	0	10,5,56
use	4222	Sea	G	0	0	0	0	10,5,57
use	4223	Sea	G	0	0	0	0	10,5,58
use	4224	Sea	G	0	0	0	0	10,5,59
use	4225	Sea	G	0	0	0	0	10,5,60
use	4226	Sea	G	0	0	0	0	10,5,61
use	4227	Sea	G	0	0	0	0	10,5,62
use	4228	Sea	G	0	0	0	0	10,5,63
use	4229	Sea	G	0	0	0	0	11,5,55
use	4230	Sea	G	0	0	0	0	11,5,56
use	4231	Sea	G	0	0	0	0	11,5,57
use	4232	Sea	G	0	0	0	0	11,5,58
use	4233	Sea	G	0	0	0	0	11,5,59
use	4234	Sea	G	0	0	0	0	11,5,60
use	4235	Sea	G	0	0	0	0	11,5,61
use	4236	Sea	G	0	0	0	0	11,5,62
use	4237	Sea	G	0	0	0	0	11,5,63
use	4238	Sea	G	0	0	0	0	12,5,55
use	4239	Sea	G	0	0	0	0	12,5,56
use	4240	Sea	G	0	0	0	0	12,5,57
use	4241	Sea	G	0	0	0	0	12,5,58
use	4242	Sea	G	0	0	0	0	12,5,59
use	4243	Sea	G	0	0	0	0	12,5,60
use	4244	Sea	G	0	0	0	0	12,5,61
use	4245	Sea	G	0	0	0	0	12,5,62
use	4246	Sea	G	0	0	0	0	12,5,63
use	4247	Sea	G	0	0	0	0	13,5,55
use	4248	Sea	G	0	0	0	0	13,5,56
use	4249	Sea	G	0	0	0	0	13,5,57
use	4250	Sea	G	0	0	0	0	13,5,58
use	4251	Sea	G	0	0	0	0	13,5,59
use	4252	Sea	G	0	0	0	0	13,5,60
use	4253	Sea	G	0	0	0	0	13,5,61
use	4254	Sea	G	0	0	0	0	13,5,62
use	4255	Sea	G	0	0	0	0	13,5,63
use	4256	Sea	G	0	0	0	0	14,5,55
use	4257	Sea	G	0	0	0	0	14,5,56
use	4258	Sea	G	0	0	0	0	14,5,57
use	4259	Sea	G	0	0	0	0	14,5,58
use	4260	Sea	G	0	0	0	0	14,5,59
use	4261	Sea	G	0	0	0	0	14,5,60
use	4262	Sea	G	0	0	0	0	14,5,61
use	4263	Sea	G	0	0	0	0	14,5,62
use	4264	Sea	G	0	0	0	0	14,5,63
use	4265	Sea	G	0	0	0	0	7,5,50
use	4266	Sea	G	0	0	0	0	7,5,51
use	4267	Sea	G	0	0	0	0	7,5,52
use	4268	Sea	G	0	0	0	0	7,5,53
use	4269	Sea	G	0	0	0	0	7,5,54
use	4270	Sea	G	0	0	0	0	8,5,51
use	4271	Sea	G	0	0	0	0	8,5,52
use	4272	Sea	G	0	0	0	0	8,5,53
use	4273	Sea	G	0	0	0	0	8,5,54
use	4274	Sea	G	0	0	0	0	9,5,53
use	4275	Sea	G	0	0	0	0	9,5,54
use	4276	Sea	G	0	0	0	0	15,5,61
use	4277	Sea	G	0	0	0	0	16,5,61
use	4278	Sea	G	0	0	0	0	15,5,60
use	4279	Sea	G	0	0	0	0	15,5,62
use	4280	Sea	G	0	0	0	0	15,5,63
use	4281	Sea	G	0	0	0	0	16,5,60
use	4282	Sea	G	0	0	0	0	16,5,62
use	4283	Sea	G	0	0	0	0	16,5,63
use	4284	Sea	G	0	0	0	0	17,5,60
use	4285	Sea	G	0	0	0	0	17,5,61
use	4286	Sea	G	0	0	0	0	17,5,62
use	4287	Sea	G	0	0	0	0	17,5,63
use	4288	Sea	G	0	0	0	0	18,5,63
use	4289	Sea	G	0	0	0	0	19,5,63
use	4290	Sea	G	0	0	0	0	20,5,62
use	4291	Sea	G	0	0	0	0	20,5,63
use	4292	Sea	G	0	0	0	0	21,5,62
use	4293	Sea	G	0	0	0	0	21,5,63
use	4294	Sea	G	0	0	0	0	22,5,62
use	4295	Sea	G	0	0	0	0	22,5,63
use	4296	Sea	G	0	0	0	0	28,5,62
use	4297	Sea	G	0	0	0	0	28,5,63
use	4298	Sea	G	0	0	0	0	23,5,62
use	4299	Sea	G	0	0	0	0	23,5,63
use	4300	Sea	G	0	0	0	0	35,5,61
use	4301	Sea	G	0	0	0	0	36,5,61
use	4302	Sea	G	0	0	0	0	37,5,61
use	4303	Sea	G	0	0	0	0	38,5,61
use	4304	Sea	G	0	0	0	0	38,5,62
use	4305	Sea	G	0	0	0	0	38,5,63
use	4306	Sea	G	0	0	0	0	39,5,62
use	4307	Sea	G	0	0	0	0	39,5,63
use	4308	Sea	G	0	0	0	0	40,5,63
use	4309	Sea	G	0	0	0	0	41,5,63
use	4310	Sea	G	0	0	0	0	55,5,45
use	4311	Sea	G	0	0	0	0	56,5,45
use	4312	Sea	G	0	0	0	0	54,5,45
use	4313	Sea	G	0	0	0	0	54,5,46
use	4314	Sea	G	0	0	0	0	55,5,46
use	4315	Sea	G	0	0	0	0	51,5,30
variant	Land	G	0	Variant Ground	1,1,1	0	-1
mobil	Land	G	0	0	0			0.00,0.00,0.00	0.00,0.00,0.00
variant	Land	A	0	Variant Air	1,1,1	0	-1
variant	Beach	G	0	Variant Ground	1,2,1	0	-1
mobil	Beach	G	0	0	0			0.00,0.00,0.00	0.00,0.00,0.00
mobil	Beach	G	0	0	1			0.00,0.00,0.00	0.00,0.00,0.00
mobil	Beach	G	0	2	0			0.00,0.00,0.00	0.00,0.00,0.00
mobil	Beach	G	0	2	1			0.00,0.00,0.00	0.00,0.00,0.00
mobil	Beach	G	0	2	2			0.00,0.00,0.00	0.00,0.00,0.00
mobil	Beach	G	0	5	0			0.00,0.00,0.00	0.00,0.00,0.00
mobil	Beach	G	0	5	1			0.00,0.00,0.00	0.00,0.00,0.00
mobil	Beach	G	0	5	2			0.00,0.00,0.00	0.00,0.00,0.00
mobil	Beach	G	0	9	0			0.00,0.00,0.00	0.00,0.00,0.00
mobil	Beach	G	0	9	1			0.00,0.00,0.00	0.00,0.00,0.00
mobil	Beach	G	0	9	2			0.00,0.00,0.00	0.00,0.00,0.00
variant	Beach	A	0	Variant Air	1,1,1	0	-1
variant	LandHill	G	0	Variant Ground	1,2,1	0	-1
mobil	LandHill	G	0	0	0			0.00,0.00,0.00	0.00,0.00,0.00
mobil	LandHill	G	0	2	0			0.00,0.00,0.00	0.00,0.00,0.00
mobil	LandHill	G	0	5	0			0.00,0.00,0.00	0.00,0.00,0.00
mobil	LandHill	G	0	9	0			0.00,0.00,0.00	0.00,0.00,0.00
variant	LandHill	A	0	Variant Air	1,1,1	0	-1
variant	RoadTechCurve4	G	0	Variant Ground	4,1,4	0	-1
mobil	RoadTechCurve4	G	0	0	0			0.00,0.00,0.00	0.00,0.00,0.00
variant	RoadTechCurve4	A	0	Variant Air	4,1,4	0	-1
mobil	RoadTechCurve4	A	0	0	0			0.00,0.00,0.00	0.00,0.00,0.00
variant	RoadTechStraight	G	0	Variant Ground	1,1,1	0	-1
mobil	RoadTechStraight	G	0	0	0			0.00,0.00,0.00	0.00,0.00,0.00
variant	RoadTechStraight	A	0	Variant Air	1,1,1	0	-1
mobil	RoadTechStraight	A	0	0	0			0.00,0.00,0.00	0.00,0.00,0.00
variant	StructurePillar	G	0	Variant Ground	1,1,1	0	-1
mobil	StructurePillar	G	0	0	0			0.00,0.00,0.00	0.00,0.00,0.00
variant	StructurePillar	G	1	Variant Ground OnSea	1,1,1	0	-1
mobil	StructurePillar	G	1	0	0			0.00,0.00,0.00	0.00,0.00,0.00
variant	StructurePillar	G	2	Variant Ground OnBeachDeadend	1,2,1	0	-1
mobil	StructurePillar	G	2	0	0			0.00,0.00,0.00	0.00,0.00,0.00
variant	StructurePillar	G	3	Variant Ground OnLandHill3Deadend	1,4,1	0	-1
mobil	StructurePillar	G	3	0	0			0.00,0.00,0.00	0.00,0.00,0.00
variant	StructurePillar	G	4	Variant Ground OnLandHill6Deadend	1,7,1	0	-1
mobil	StructurePillar	G	4	0	0			0.00,0.00,0.00	0.00,0.00,0.00
variant	StructurePillar	G	5	Variant Ground OnLandHillDeadend	1,2,1	0	-1
mobil	StructurePillar	G	5	0	0			0.00,0.00,0.00	0.00,0.00,0.00
variant	StructurePillar	G	6	Variant Ground OnLandCliff12Deadend	1,13,1	0	-1
mobil	StructurePillar	G	6	0	0			0.00,0.00,0.00	0.00,0.00,0.00
variant	StructurePillar	G	7	Variant Ground OnSeaCliff13Deadend	1,14,1	0	-1
mobil	StructurePillar	G	7	0	0			0.00,0.00,0.00	0.00,0.00,0.00
variant	StructurePillar	G	8	Variant Ground OnBeachBase1	1,2,1	0	-1
mobil	StructurePillar	G	8	0	0			0.00,0.00,0.00	0.00,0.00,0.00
variant	StructurePillar	G	9	Variant Ground OnBeachCorner	1,2,1	0	-1
mobil	StructurePillar	G	9	0	0			0.00,0.00,0.00	0.00,0.00,0.00
variant	StructurePillar	G	10	Variant Ground OnLandHillBase1	1,2,1	0	-1
mobil	StructurePillar	G	10	0	0			0.00,0.00,0.00	0.00,0.00,0.00
variant	StructurePillar	G	11	Variant Ground OnLandHillCorner	1,2,1	0	-1
mobil	StructurePillar	G	11	0	0			0.00,0.00,0.00	0.00,0.00,0.00
variant	StructurePillar	G	12	Variant Ground OnLandHill3Base1	1,4,1	0	-1
mobil	StructurePillar	G	12	0	0			0.00,0.00,0.00	0.00,0.00,0.00
variant	StructurePillar	G	13	Variant Ground OnLandHill3Corner	1,4,1	0	-1
mobil	StructurePillar	G	13	0	0			0.00,0.00,0.00	0.00,0.00,0.00
variant	StructurePillar	G	14	Variant Ground OnLandHill6Base1	1,7,1	0	-1
mobil	StructurePillar	G	14	0	0			0.00,0.00,0.00	0.00,0.00,0.00
variant	StructurePillar	G	15	Variant Ground OnLandHill6Corner	1,7,1	0	-1
mobil	StructurePillar	G	15	0	0			0.00,0.00,0.00	0.00,0.00,0.00
variant	StructurePillar	G	16	Variant Ground OnLandCliff12Base1	1,13,1	0	-1
mobil	StructurePillar	G	16	0	0			0.00,0.00,0.00	0.00,0.00,0.00
variant	StructurePillar	G	17	Variant Ground OnLandCliff12Corner	1,13,1	0	-1
mobil	StructurePillar	G	17	0	0			0.00,0.00,0.00	0.00,0.00,0.00
variant	StructurePillar	G	18	Variant Ground OnSeaCliff13Base1	1,14,1	0	-1
mobil	StructurePillar	G	18	0	0			0.00,0.00,0.00	0.00,0.00,0.00
variant	StructurePillar	G	19	Variant Ground OnSeaCliff13Corner	1,14,1	0	-1
mobil	StructurePillar	G	19	0	0			0.00,0.00,0.00	0.00,0.00,0.00
variant	StructurePillar	G	20	Variant Ground OnLandHill2Deadend	1,3,1	0	-1
mobil	StructurePillar	G	20	0	0			0.00,0.00,0.00	0.00,0.00,0.00
variant	StructurePillar	G	21	Variant Ground OnLandHill2Base1	1,3,1	0	-1
mobil	StructurePillar	G	21	0	0			0.00,0.00,0.00	0.00,0.00,0.00
variant	StructurePillar	G	22	Variant Ground OnLandHill2Corner	1,3,1	0	-1
mobil	StructurePillar	G	22	0	0			0.00,0.00,0.00	0.00,0.00,0.00
variant	StructurePillar	A	0	Variant Air	1,1,1	0	-1
mobil	StructurePillar	A	0	0	0			0.00,0.00,0.00	0.00,0.00,0.00
mobil	StructurePillar	A	0	1	0			0.00,0.00,0.00	0.00,0.00,0.00
mobil	StructurePillar	A	0	2	0			0.00,0.00,0.00	0.00,0.00,0.00
mobil	StructurePillar	A	0	3	0			0.00,0.00,0.00	0.00,0.00,0.00
mobil	StructurePillar	A	0	4	0			0.00,0.00,0.00	0.00,0.00,0.00
mobil	StructurePillar	A	0	5	0			0.00,0.00,0.00	0.00,0.00,0.00
mobil	StructurePillar	A	0	6	0			0.00,0.00,0.00	0.00,0.00,0.00
mobil	StructurePillar	A	0	7	0			0.00,0.00,0.00	0.00,0.00,0.00
variant	RoadTechCurve1	G	0	Variant Ground	1,1,1	0	-1
mobil	RoadTechCurve1	G	0	0	0			0.00,0.00,0.00	0.00,0.00,0.00
variant	RoadTechCurve1	A	0	Variant Air	1,1,1	0	-1
mobil	RoadTechCurve1	A	0	0	0			0.00,0.00,0.00	0.00,0.00,0.00
variant	RoadTechSlopeBase2x1	G	0	Variant Ground	1,2,2	0	-1
mobil	RoadTechSlopeBase2x1	G	0	0	0			0.00,0.00,0.00	0.00,0.00,0.00
variant	RoadTechSlopeBase2x1	A	0	Variant Air	1,2,2	0	-1
mobil	RoadTechSlopeBase2x1	A	0	0	0			0.00,0.00,0.00	0.00,0.00,0.00
variant	RoadTechCheckpoint	G	0	Variant Ground	1,2,1	0	-1
mobil	RoadTechCheckpoint	G	0	0	0			0.00,0.00,0.00	0.00,0.00,0.00
variant	RoadTechCheckpoint	A	0	Variant Air	1,2,1	0	-1
mobil	RoadTechCheckpoint	A	0	0	0			0.00,0.00,0.00	0.00,0.00,0.00
variant	LandHill6	G	0	Variant Ground	1,7,1	0	-1
mobil	LandHill6	G	0	0	0			0.00,0.00,0.00	0.00,0.00,0.00
mobil	LandHill6	G	0	2	0			0.00,0.00,0.00	0.00,0.00,0.00
mobil	LandHill6	G	0	5	0			0.00,0.00,0.00	0.00,0.00,0.00
mobil	LandHill6	G	0	5	1			0.00,0.00,0.00	0.00,0.00,0.00
mobil	LandHill6	G	0	9	0			0.00,0.00,0.00	0.00,0.00,0.00
variant	LandHill6	A	0	Variant Air	1,1,1	0	-1
variant	LandCliff12	G	0	Variant Ground	1,13,1	0	-1
mobil	LandCliff12	G	0	0	0			0.00,0.00,0.00	0.00,0.00,0.00
mobil	LandCliff12	G	0	0	1			0.00,0.00,0.00	0.00,0.00,0.00
mobil	LandCliff12	G	0	2	0			0.00,0.00,0.00	0.00,0.00,0.00
mobil	LandCliff12	G	0	5	0			0.00,0.00,0.00	0.00,0.00,0.00
mobil	LandCliff12	G	0	5	1			0.00,0.00,0.00	0.00,0.00,0.00
mobil	LandCliff12	G	0	9	0			0.00,0.00,0.00	0.00,0.00,0.00
mobil	LandCliff12	G	0	9	1			0.00,0.00,0.00	0.00,0.00,0.00
variant	LandCliff12	A	0	Variant Air	1,1,1	0	-1
variant	RoadTechFinish	G	0	Variant Ground	1,2,1	0	-1
mobil	RoadTechFinish	G	0	0	0			0.00,0.00,0.00	0.00,0.00,0.00
variant	RoadTechFinish	A	0	Variant Air	1,2,1	0	-1
mobil	RoadTechFinish	A	0	0	0			0.00,0.00,0.00	0.00,0.00,0.00
variant	RoadTechSpecialTurbo	G	0	Variant Ground	1,1,1	0	-1
mobil	RoadTechSpecialTurbo	G	0	0	0			0.00,0.00,0.00	0.00,0.00,0.00
variant	RoadTechSpecialTurbo	A	0	Variant Air	1,1,1	0	-1
mobil	RoadTechSpecialTurbo	A	0	0	0			0.00,0.00,0.00	0.00,0.00,0.00
variant	RoadTechOnLandHillSlopeBase	G	0	Variant Ground OnLandHill	1,2,1	0	-1
mobil	RoadTechOnLandHillSlopeBase	G	0	0	0			0.00,0.00,0.00	0.00,0.00,0.00
variant	RoadTechOnLandHillSlopeBase	A	0	Variant Air	1,1,1	0	-1
variant	RoadTechStart	G	0	Variant Ground	1,2,1	0	-1
mobil	RoadTechStart	G	0	0	0			0.00,0.00,0.00	0.00,0.00,0.00
variant	RoadTechStart	A	0	Variant Air	1,2,1	0	-1
mobil	RoadTechStart	A	0	0	0			0.00,0.00,0.00	0.00,0.00,0.00
variant	RoadTechBranchCross	G	0	Variant Ground	1,1,1	0	-1
mobil	RoadTechBranchCross	G	0	0	0			0.00,0.00,0.00	0.00,0.00,0.00
variant	RoadTechBranchCross	A	0	Variant Air	1,1,1	0	-1
mobil	RoadTechBranchCross	A	0	0	0			0.00,0.00,0.00	0.00,0.00,0.00
variant	PlatformTechToRoadTech	G	0	Variant Ground	1,1,1	0	-1
mobil	PlatformTechToRoadTech	G	0	0	0			0.00,0.00,0.00	0.00,0.00,0.00
variant	PlatformTechToRoadTech	A	0	Variant Air	1,1,1	0	-1
mobil	PlatformTechToRoadTech	A	0	0	0			0.00,0.00,0.00	0.00,0.00,0.00
variant	TechnicsScreen4x1Curve3In	G	0	Variant Ground	1,1,1	0	-1
variant	TechnicsScreen4x1Curve3In	A	0	Variant Air	3,6,3	0	-1
mobil	TechnicsScreen4x1Curve3In	A	0	0	0			0.00,0.00,0.00	0.00,0.00,0.00
variant	StructureSupportCurve3Out	G	0	Variant Ground	1,1,1	0	-1
variant	StructureSupportCurve3Out	A	0	Variant Air	4,1,4	0	-1
mobil	StructureSupportCurve3Out	A	0	0	0			0.00,0.00,0.00	0.00,0.00,0.00
mobil	StructureSupportCurve3Out	A	0	0	1			0.00,0.00,0.00	0.00,0.00,0.00
variant	StructureSupportCurve3Out	A	1	NPB Air	4,1,4	0	-1
mobil	StructureSupportCurve3Out	A	1	0	0			0.00,0.00,0.00	0.00,0.00,0.00
mobil	StructureSupportCurve3Out	A	1	0	1			0.00,0.00,0.00	0.00,0.00,0.00
variant	StructureSupportCurve3Out	A	2	InPillar Air	4,1,4	0	-1
mobil	StructureSupportCurve3Out	A	2	0	0			0.00,0.00,0.00	0.00,0.00,0.00
mobil	StructureSupportCurve3Out	A	2	0	1			0.00,0.00,0.00	0.00,0.00,0.00
variant	StructureSupportCurve3Out	A	3	InPillar Left Air	4,1,4	0	-1
mobil	StructureSupportCurve3Out	A	3	0	0			0.00,0.00,0.00	0.00,0.00,0.00
mobil	StructureSupportCurve3Out	A	3	0	1			0.00,0.00,0.00	0.00,0.00,0.00
variant	StructureSupportCurve3Out	A	4	InPillar Right Air	4,1,4	0	-1
mobil	StructureSupportCurve3Out	A	4	0	0			0.00,0.00,0.00	0.00,0.00,0.00
mobil	StructureSupportCurve3Out	A	4	0	1			0.00,0.00,0.00	0.00,0.00,0.00
variant	StructureSupportCurve3Out	A	5	InPillar Mid Air	4,1,4	0	-1
mobil	StructureSupportCurve3Out	A	5	0	0			0.00,0.00,0.00	0.00,0.00,0.00
mobil	StructureSupportCurve3Out	A	5	0	1			0.00,0.00,0.00	0.00,0.00,0.00
variant	StructureSupportCurve3Out	A	6	InPillar Mid Left Air	4,1,4	0	-1
mobil	StructureSupportCurve3Out	A	6	0	0			0.00,0.00,0.00	0.00,0.00,0.00
mobil	StructureSupportCurve3Out	A	6	0	1			0.00,0.00,0.00	0.00,0.00,0.00
variant	StructureSupportCurve3Out	A	7	InPillar Mid Right Air	4,1,4	0	-1
mobil	StructureSupportCurve3Out	A	7	0	0			0.00,0.00,0.00	0.00,0.00,0.00
mobil	StructureSupportCurve3Out	A	7	0	1			0.00,0.00,0.00	0.00,0.00,0.00
variant	StructureSupportCurve3In	G	0	Variant Ground	1,1,1	0	-1
variant	StructureSupportCurve3In	A	0	Variant Air	3,1,3	0	-1
mobil	StructureSupportCurve3In	A	0	0	0			0.00,0.00,0.00	0.00,0.00,0.00
mobil	StructureSupportCurve3In	A	0	0	1			0.00,0.00,0.00	0.00,0.00,0.00
variant	StructureSupportCurve3In	A	1	NPB Air	3,1,3	0	-1
mobil	StructureSupportCurve3In	A	1	0	0			0.00,0.00,0.00	0.00,0.00,0.00
mobil	StructureSupportCurve3In	A	1	0	1			0.00,0.00,0.00	0.00,0.00,0.00
variant	StructureSupportCurve3In	A	2	InPillar Air	3,1,3	0	-1
mobil	StructureSupportCurve3In	A	2	0	0			0.00,0.00,0.00	0.00,0.00,0.00
mobil	StructureSupportCurve3In	A	2	0	1			0.00,0.00,0.00	0.00,0.00,0.00
variant	StructureSupportCurve3In	A	3	InPillar Left Air	3,1,3	0	-1
mobil	StructureSupportCurve3In	A	3	0	0			0.00,0.00,0.00	0.00,0.00,0.00
mobil	StructureSupportCurve3In	A	3	0	1			0.00,0.00,0.00	0.00,0.00,0.00
variant	StructureSupportCurve3In	A	4	InPillar Right Air	3,1,3	0	-1
mobil	StructureSupportCurve3In	A	4	0	0			0.00,0.00,0.00	0.00,0.00,0.00
mobil	StructureSupportCurve3In	A	4	0	1			0.00,0.00,0.00	0.00,0.00,0.00
variant	PlatformBase	G	0	Variant Ground	1,1,1	0	-1
mobil	PlatformBase	G	0	0	0			0.00,0.00,0.00	0.00,0.00,0.00
variant	PlatformBase	A	0	Variant Air	1,1,1	0	-1
mobil	PlatformBase	A	0	0	0			0.00,0.00,0.00	0.00,0.00,0.00
variant	DecoPlatformBase	G	0	Variant Ground	1,1,1	0	-1
mobil	DecoPlatformBase	G	0	0	0			0.00,0.00,0.00	0.00,0.00,0.00
variant	DecoPlatformBase	A	0	Variant Air	1,1,1	0	-1
mobil	DecoPlatformBase	A	0	0	0			0.00,0.00,0.00	0.00,0.00,0.00
variant	StandStraight	G	0	Variant Ground	1,3,1	0	-1
mobil	StandStraight	G	0	0	0			0.00,0.00,0.00	0.00,0.00,0.00
mobil	StandStraight	G	0	0	1			0.00,0.00,0.00	0.00,0.00,0.00
variant	StandStraight	G	1	InPillarVariant Ground	1,3,1	0	-1
mobil	StandStraight	G	1	0	0			0.00,0.00,0.00	0.00,0.00,0.00
mobil	StandStraight	G	1	0	1			0.00,0.00,0.00	0.00,0.00,0.00
variant	StandStraight	A	0	Variant Air	1,3,1	0	-1
mobil	StandStraight	A	0	0	0			0.00,0.00,0.00	0.00,0.00,0.00
mobil	StandStraight	A	0	0	1			0.00,0.00,0.00	0.00,0.00,0.00
variant	StandStraight	A	1	NPB Variant Air	1,3,1	0	-1
mobil	StandStraight	A	1	0	0			0.00,0.00,0.00	0.00,0.00,0.00
mobil	StandStraight	A	1	0	1			0.00,0.00,0.00	0.00,0.00,0.00
variant	StandStraight	A	2	InStructurePillar	1,3,1	0	-1
mobil	StandStraight	A	2	0	0			0.00,0.00,0.00	0.00,0.00,0.00
mobil	StandStraight	A	2	0	1			0.00,0.00,0.00	0.00,0.00,0.00
variant	StandStraight	A	3	InStructurePillarNPB	1,3,1	0	-1
mobil	StandStraight	A	3	0	0			0.00,0.00,0.00	0.00,0.00,0.00
mobil	StandStraight	A	3	0	1			0.00,0.00,0.00	0.00,0.00,0.00
variant	TechnicsScreen6x1StraightX3	G	0	Variant Ground	1,1,1	0	-1
variant	TechnicsScreen6x1StraightX3	A	0	Variant Air	1,2,3	0	-1
mobil	TechnicsScreen6x1StraightX3	A	0	0	0			0.00,0.00,0.00	0.00,0.00,0.00
variant	StructureDeadend	G	0	Variant Ground	1,1,1	0	-1
mobil	StructureDeadend	G	0	0	0			0.00,0.00,0.00	0.00,0.00,0.00
variant	StructureDeadend	A	0	Variant Air	1,1,1	0	-1
mobil	StructureDeadend	A	0	0	0			0.00,0.00,0.00	0.00,0.00,0.00
variant	StructureDeadend	A	1	Variant Air	1,1,1	0	-1
mobil	StructureDeadend	A	1	0	0			0.00,0.00,0.00	0.00,0.00,0.00
variant	TechnicsScreen4x1Straight	G	0	Variant Ground	1,1,1	0	-1
variant	TechnicsScreen4x1Straight	A	0	Variant Air	1,1,1	0	-1
mobil	TechnicsScreen4x1Straight	A	0	0	0			0.00,0.00,0.00	0.00,0.00,0.00
variant	Land0_Land1_Land2	G	0	Variant Ground	1,3,1	0	-1
mobil	Land0_Land1_Land2	G	0	0	0			0.00,0.00,0.00	0.00,0.00,0.00
mobil	Land0_Land1_Land2	G	0	1	0			0.00,0.00,0.00	0.00,0.00,0.00
mobil	Land0_Land1_Land2	G	0	2	0			0.00,0.00,0.00	0.00,0.00,0.00
mobil	Land0_Land1_Land2	G	0	3	0			0.00,0.00,0.00	0.00,0.00,0.00
mobil	Land0_Land1_Land2	G	0	4	0			0.00,0.00,0.00	0.00,0.00,0.00
mobil	Land0_Land1_Land2	G	0	5	0			0.00,0.00,0.00	0.00,0.00,0.00
mobil	Land0_Land1_Land2	G	0	6	0			0.00,0.00,0.00	0.00,0.00,0.00
mobil	Land0_Land1_Land2	G	0	7	0			0.00,0.00,0.00	0.00,0.00,0.00
mobil	Land0_Land1_Land2	G	0	8	0			0.00,0.00,0.00	0.00,0.00,0.00
variant	Land0_Land1_Land2	A	0	Variant Air	1,1,1	0	-1
variant	LandHill2	G	0	Variant Ground	1,3,1	0	-1
mobil	LandHill2	G	0	0	0			0.00,0.00,0.00	0.00,0.00,0.00
mobil	LandHill2	G	0	2	0			0.00,0.00,0.00	0.00,0.00,0.00
mobil	LandHill2	G	0	2	1			0.00,0.00,0.00	0.00,0.00,0.00
mobil	LandHill2	G	0	5	0			0.00,0.00,0.00	0.00,0.00,0.00
mobil	LandHill2	G	0	9	0			0.00,0.00,0.00	0.00,0.00,0.00
variant	LandHill2	A	0	Variant Air	1,1,1	0	-1
variant	LandHill3	G	0	Variant Ground	1,4,1	0	-1
mobil	LandHill3	G	0	0	0			0.00,0.00,0.00	0.00,0.00,0.00
mobil	LandHill3	G	0	2	0			0.00,0.00,0.00	0.00,0.00,0.00
mobil	LandHill3	G	0	5	0			0.00,0.00,0.00	0.00,0.00,0.00
mobil	LandHill3	G	0	5	1			0.00,0.00,0.00	0.00,0.00,0.00
mobil	LandHill3	G	0	9	0			0.00,0.00,0.00	0.00,0.00,0.00
variant	LandHill3	A	0	Variant Air	1,1,1	0	-1
variant	Land0_Land2_Land3	G	0	Variant Ground	1,4,1	0	-1
mobil	Land0_Land2_Land3	G	0	0	0			0.00,0.00,0.00	0.00,0.00,0.00
mobil	Land0_Land2_Land3	G	0	1	0			0.00,0.00,0.00	0.00,0.00,0.00
mobil	Land0_Land2_Land3	G	0	2	0			0.00,0.00,0.00	0.00,0.00,0.00
mobil	Land0_Land2_Land3	G	0	3	0			0.00,0.00,0.00	0.00,0.00,0.00
mobil	Land0_Land2_Land3	G	0	4	0			0.00,0.00,0.00	0.00,0.00,0.00
mobil	Land0_Land2_Land3	G	0	5	0			0.00,0.00,0.00	0.00,0.00,0.00
mobil	Land0_Land2_Land3	G	0	6	0			0.00,0.00,0.00	0.00,0.00,0.00
mobil	Land0_Land2_Land3	G	0	7	0			0.00,0.00,0.00	0.00,0.00,0.00
mobil	Land0_Land2_Land3	G	0	8	0			0.00,0.00,0.00	0.00,0.00,0.00
variant	Land0_Land2_Land3	A	0	Variant Air	1,1,1	0	-1
variant	Land0_Land3_Land6	G	0	Variant Ground	1,7,1	0	-1
mobil	Land0_Land3_Land6	G	0	0	0			0.00,0.00,0.00	0.00,0.00,0.00
mobil	Land0_Land3_Land6	G	0	1	0			0.00,0.00,0.00	0.00,0.00,0.00
mobil	Land0_Land3_Land6	G	0	2	0			0.00,0.00,0.00	0.00,0.00,0.00
mobil	Land0_Land3_Land6	G	0	3	0			0.00,0.00,0.00	0.00,0.00,0.00
mobil	Land0_Land3_Land6	G	0	4	0			0.00,0.00,0.00	0.00,0.00,0.00
mobil	Land0_Land3_Land6	G	0	5	0			0.00,0.00,0.00	0.00,0.00,0.00
mobil	Land0_Land3_Land6	G	0	6	0			0.00,0.00,0.00	0.00,0.00,0.00
mobil	Land0_Land3_Land6	G	0	7	0			0.00,0.00,0.00	0.00,0.00,0.00
mobil	Land0_Land3_Land6	G	0	8	0			0.00,0.00,0.00	0.00,0.00,0.00
variant	Land0_Land3_Land6	A	0	Variant Air	1,1,1	0	-1
variant	Land0_Land6_Land12	G	0	Variant Ground	1,13,1	0	-1
mobil	Land0_Land6_Land12	G	0	0	0			0.00,0.00,0.00	0.00,0.00,0.00
mobil	Land0_Land6_Land12	G	0	1	0			0.00,0.00,0.00	0.00,0.00,0.00
mobil	Land0_Land6_Land12	G	0	2	0			0.00,0.00,0.00	0.00,0.00,0.00
mobil	Land0_Land6_Land12	G	0	3	0			0.00,0.00,0.00	0.00,0.00,0.00
mobil	Land0_Land6_Land12	G	0	4	0			0.00,0.00,0.00	0.00,0.00,0.00
mobil	Land0_Land6_Land12	G	0	5	0			0.00,0.00,0.00	0.00,0.00,0.00
mobil	Land0_Land6_Land12	G	0	6	0			0.00,0.00,0.00	0.00,0.00,0.00
mobil	Land0_Land6_Land12	G	0	7	0			0.00,0.00,0.00	0.00,0.00,0.00
mobil	Land0_Land6_Land12	G	0	8	0			0.00,0.00,0.00	0.00,0.00,0.00
variant	Land0_Land6_Land12	A	0	Variant Air	1,1,1	0	-1
variant	DecoTreeBeachDeadend3x2	G	0	Ground Variant	3,4,2	0	-1
mobil	DecoTreeBeachDeadend3x2	G	0	0	0			0.00,0.00,0.00	0.00,0.00,0.00
variant	DecoTreeBeachDeadend3x2	G	1	Ground Variant	3,4,2	0	-1
mobil	DecoTreeBeachDeadend3x2	G	1	0	0			0.00,0.00,0.00	0.00,0.00,0.00
variant	DecoTreeBeachDeadend3x2	A	0	Air Variant	1,1,1	0	-1
variant	DecoBeachMangrove	G	0	Ground Variant	1,4,3	0	-1
mobil	DecoBeachMangrove	G	0	0	0			0.00,0.00,0.00	0.00,0.00,0.00
variant	DecoBeachMangrove	A	0	Air Variant	1,1,1	0	-1
variant	DecoTreeBeachDeadend3x2In	G	0	Ground Variant	3,4,2	0	-1
mobil	DecoTreeBeachDeadend3x2In	G	0	0	0			0.00,0.00,0.00	0.00,0.00,0.00
variant	DecoTreeBeachDeadend3x2In	G	1	Ground Variant	3,4,2	0	-1
mobil	DecoTreeBeachDeadend3x2In	G	1	0	0			0.00,0.00,0.00	0.00,0.00,0.00
variant	DecoTreeBeachDeadend3x2In	A	0	Air Variant	1,1,1	0	-1
variant	TechnicsScreen155StraightX4	G	0	Variant Ground	1,1,1	0	-1
variant	TechnicsScreen155StraightX4	A	0	Variant Air	1,8,4	0	-1
mobil	TechnicsScreen155StraightX4	A	0	0	0			0.00,0.00,0.00	0.00,0.00,0.00
variant	StructureSupportDeadend	G	0	Variant Ground	1,1,1	0	-1
variant	StructureSupportDeadend	A	0	Variant Air	1,1,1	0	-1
mobil	StructureSupportDeadend	A	0	0	0			0.00,0.00,0.00	0.00,0.00,0.00
mobil	StructureSupportDeadend	A	0	0	1			0.00,0.00,0.00	0.00,0.00,0.00
variant	StructureSupportDeadend	A	1	NPB Air	1,1,1	0	-1
mobil	StructureSupportDeadend	A	1	0	0			0.00,0.00,0.00	0.00,0.00,0.00
mobil	StructureSupportDeadend	A	1	0	1			0.00,0.00,0.00	0.00,0.00,0.00
variant	StructureSupportDeadend	A	2	InPillar Air	1,1,1	0	-1
mobil	StructureSupportDeadend	A	2	0	0			0.00,0.00,0.00	0.00,0.00,0.00
mobil	StructureSupportDeadend	A	2	0	1			0.00,0.00,0.00	0.00,0.00,0.00
variant	TechnicsScreen2x3StraightX2	G	0	Variant Ground	1,1,1	0	-1
variant	TechnicsScreen2x3StraightX2	A	0	Variant Air	1,12,2	0	-1
mobil	TechnicsScreen2x3StraightX2	A	0	0	0			0.00,0.00,0.00	0.00,0.00,0.00
variant	TechnicsScreen155Straight	G	0	Variant Ground	1,1,1	0	-1
variant	TechnicsScreen155Straight	A	0	Variant Air	1,2,1	0	-1
mobil	TechnicsScreen155Straight	A	0	0	0			0.00,0.00,0.00	0.00,0.00,0.00
variant	TechnicsScreen2x3StraightSmall	G	0	Variant Ground	1,1,1	0	-1
variant	TechnicsScreen2x3StraightSmall	A	0	Variant Air	1,3,1	0	-1
mobil	TechnicsScreen2x3StraightSmall	A	0	0	0			0.00,0.00,0.00	0.00,0.00,0.00
variant	TechnicsScreen2x3Straight	G	0	Variant Ground	1,1,1	0	-1
variant	TechnicsScreen2x3Straight	A	0	Variant Air	1,6,1	0	-1
mobil	TechnicsScreen2x3Straight	A	0	0	0			0.00,0.00,0.00	0.00,0.00,0.00
variant	RoadTechCurve5	G	0	Variant Ground	5,1,5	0	-1
mobil	RoadTechCurve5	G	0	0	0			0.00,0.00,0.00	0.00,0.00,0.00
variant	RoadTechCurve5	A	0	Variant Air	5,1,5	0	-1
mobil	RoadTechCurve5	A	0	0	0			0.00,0.00,0.00	0.00,0.00,0.00
variant	DecoTreeBeachGT2In	G	0	Ground Variant	2,3,2	0	-1
mobil	DecoTreeBeachGT2In	G	0	0	0			0.00,0.00,0.00	0.00,0.00,0.00
mobil	DecoTreeBeachGT2In	G	0	0	1			0.00,0.00,0.00	0.00,0.00,0.00
variant	DecoTreeBeachGT2In	A	0	Air Variant	1,1,1	0	-1
variant	DecoWallBasePillar	G	0	Variant Ground	1,1,1	0	-1
mobil	DecoWallBasePillar	G	0	0	0			0.00,0.00,0.00	0.00,0.00,0.00
variant	DecoWallBasePillar	G	1	OnLandHillDeadend	1,2,1	0	-1
mobil	DecoWallBasePillar	G	1	0	0			0.00,0.00,0.00	0.00,0.00,0.00
variant	DecoWallBasePillar	G	2	OnLandHill2Deadend	1,3,1	0	-1
mobil	DecoWallBasePillar	G	2	0	0			0.00,0.00,0.00	0.00,0.00,0.00
variant	DecoWallBasePillar	G	3	OnLandHill3Deadend	1,4,1	0	-1
mobil	DecoWallBasePillar	G	3	0	0			0.00,0.00,0.00	0.00,0.00,0.00
variant	DecoWallBasePillar	G	4	OnLandHill6Deadend	1,7,1	0	-1
mobil	DecoWallBasePillar	G	4	0	0			0.00,0.00,0.00	0.00,0.00,0.00
variant	DecoWallBasePillar	G	5	OnLandCliff12Deadend	1,13,1	0	-1
mobil	DecoWallBasePillar	G	5	0	0			0.00,0.00,0.00	0.00,0.00,0.00
variant	DecoWallBasePillar	G	6	OnSeaCliff13Deadend	1,14,1	0	-1
mobil	DecoWallBasePillar	G	6	0	0			0.00,0.00,0.00	0.00,0.00,0.00
variant	DecoWallBasePillar	G	7	OnBeachDeadend	1,2,1	0	-1
mobil	DecoWallBasePillar	G	7	0	0			0.00,0.00,0.00	0.00,0.00,0.00
variant	DecoWallBasePillar	G	8	OnLandHillBase1	1,2,1	0	-1
mobil	DecoWallBasePillar	G	8	0	0			0.00,0.00,0.00	0.00,0.00,0.00
variant	DecoWallBasePillar	G	9	OnLandHill2Base1	1,3,1	0	-1
mobil	DecoWallBasePillar	G	9	0	0			0.00,0.00,0.00	0.00,0.00,0.00
variant	DecoWallBasePillar	G	10	OnLandHill3Base1	1,4,1	0	-1
mobil	DecoWallBasePillar	G	10	0	0			0.00,0.00,0.00	0.00,0.00,0.00
variant	DecoWallBasePillar	G	11	OnLandHill6Base1	1,7,1	0	-1
mobil	DecoWallBasePillar	G	11	0	0			0.00,0.00,0.00	0.00,0.00,0.00
variant	DecoWallBasePillar	G	12	OnLandCliff12Base1	1,13,1	0	-1
mobil	DecoWallBasePillar	G	12	0	0			0.00,0.00,0.00	0.00,0.00,0.00
variant	DecoWallBasePillar	G	13	OnSeaCliff13Base1	1,14,1	0	-1
mobil	DecoWallBasePillar	G	13	0	0			0.00,0.00,0.00	0.00,0.00,0.00
variant	DecoWallBasePillar	G	14	OnBeachBase1	1,2,1	0	-1
mobil	DecoWallBasePillar	G	14	0	0			0.00,0.00,0.00	0.00,0.00,0.00
variant	DecoWallBasePillar	G	15	OnLandHillBase5	1,2,1	0	-1
mobil	DecoWallBasePillar	G	15	0	0			0.00,0.00,0.00	0.00,0.00,0.00
variant	DecoWallBasePillar	G	16	OnLandHill2Base5	1,3,1	0	-1
mobil	DecoWallBasePillar	G	16	0	0			0.00,0.00,0.00	0.00,0.00,0.00
variant	DecoWallBasePillar	G	17	OnLandHill3Base5	1,4,1	0	-1
mobil	DecoWallBasePillar	G	17	0	0			0.00,0.00,0.00	0.00,0.00,0.00
variant	DecoWallBasePillar	G	18	OnLandHill6Base5	1,7,1	0	-1
mobil	DecoWallBasePillar	G	18	0	0			0.00,0.00,0.00	0.00,0.00,0.00
variant	DecoWallBasePillar	G	19	OnLandCliff12Base5	1,13,1	0	-1
mobil	DecoWallBasePillar	G	19	0	0			0.00,0.00,0.00	0.00,0.00,0.00
variant	DecoWallBasePillar	G	20	OnSeaCliff13Base5	1,14,1	0	-1
mobil	DecoWallBasePillar	G	20	0	0			0.00,0.00,0.00	0.00,0.00,0.00
variant	DecoWallBasePillar	G	21	OnBeachBase5	1,2,1	0	-1
mobil	DecoWallBasePillar	G	21	0	0			0.00,0.00,0.00	0.00,0.00,0.00
variant	DecoWallBasePillar	G	22	OnLandHillCorner	1,2,1	0	-1
mobil	DecoWallBasePillar	G	22	0	0			0.00,0.00,0.00	0.00,0.00,0.00
variant	DecoWallBasePillar	G	23	OnLandHill2Corner	1,3,1	0	-1
mobil	DecoWallBasePillar	G	23	0	0			0.00,0.00,0.00	0.00,0.00,0.00
variant	DecoWallBasePillar	G	24	OnLandHill3Corner	1,4,1	0	-1
mobil	DecoWallBasePillar	G	24	0	0			0.00,0.00,0.00	0.00,0.00,0.00
variant	DecoWallBasePillar	G	25	OnLandHill6Corner	1,7,1	0	-1
mobil	DecoWallBasePillar	G	25	0	0			0.00,0.00,0.00	0.00,0.00,0.00
variant	DecoWallBasePillar	G	26	OnLandCliff12Corner	1,13,1	0	-1
mobil	DecoWallBasePillar	G	26	0	0			0.00,0.00,0.00	0.00,0.00,0.00
variant	DecoWallBasePillar	G	27	OnSeaCliff13Corner	1,14,1	0	-1
mobil	DecoWallBasePillar	G	27	0	0			0.00,0.00,0.00	0.00,0.00,0.00
variant	DecoWallBasePillar	G	28	OnBeachCorner	1,2,1	0	-1
mobil	DecoWallBasePillar	G	28	0	0			0.00,0.00,0.00	0.00,0.00,0.00
variant	DecoWallBasePillar	G	29	OnSea	1,2,1	0	-1
mobil	DecoWallBasePillar	G	29	0	0			0.00,0.00,0.00	0.00,0.00,0.00
variant	DecoWallBasePillar	G	30	OnTransitionLand0Land1Land2-Base5-0102	1,3,1	0	-1
mobil	DecoWallBasePillar	G	30	0	0			0.00,0.00,0.00	0.00,0.00,0.00
variant	DecoWallBasePillar	G	31	OnTransitionLand0Land1Land2-Base5-1210	1,3,1	0	-1
mobil	DecoWallBasePillar	G	31	0	0			0.00,0.00,0.00	0.00,0.00,0.00
variant	DecoWallBasePillar	G	32	OnTransitionLand0Land1Land2-Base5-2021	1,3,1	0	-1
mobil	DecoWallBasePillar	G	32	0	0			0.00,0.00,0.00	0.00,0.00,0.00
variant	DecoWallBasePillar	G	33	OnTransitionLand0Land1Land2-Deadend-0012	1,3,1	0	34
mobil	DecoWallBasePillar	G	33	0	0			0.00,0.00,0.00	0.00,0.00,0.00
variant	DecoWallBasePillar	G	34	OnTransitionLand0Land1Land2-Deadend-0021	1,3,1	0	33
mobil	DecoWallBasePillar	G	34	0	0			0.00,0.00,0.00	0.00,0.00,0.00
variant	DecoWallBasePillar	G	35	OnTransitionLand0Land1Land2-Deadend-1102	1,3,1	0	36
mobil	DecoWallBasePillar	G	35	0	0			0.00,0.00,0.00	0.00,0.00,0.00
variant	DecoWallBasePillar	G	36	OnTransitionLand0Land1Land2-Deadend-1120	1,3,1	0	35
mobil	DecoWallBasePillar	G	36	0	0			0.00,0.00,0.00	0.00,0.00,0.00
variant	DecoWallBasePillar	G	37	OnTransitionLand0Land1Land2-Deadend-2201	1,3,1	0	38
mobil	DecoWallBasePillar	G	37	0	0			0.00,0.00,0.00	0.00,0.00,0.00
variant	DecoWallBasePillar	G	38	OnTransitionLand0Land1Land2-Deadend-2210	1,3,1	0	37
mobil	DecoWallBasePillar	G	38	0	0			0.00,0.00,0.00	0.00,0.00,0.00
variant	DecoWallBasePillar	G	39	OnTransitionLand0Land2Land3-Base5-0102	1,4,1	0	-1
mobil	DecoWallBasePillar	G	39	0	0			0.00,0.00,0.00	0.00,0.00,0.00
variant	DecoWallBasePillar	G	40	OnTransitionLand0Land2Land3-Base5-1210	1,4,1	0	-1
mobil	DecoWallBasePillar	G	40	0	0			0.00,0.00,0.00	0.00,0.00,0.00
variant	DecoWallBasePillar	G	41	OnTransitionLand0Land2Land3-Base5-2021	1,4,1	0	-1
mobil	DecoWallBasePillar	G	41	0	0			0.00,0.00,0.00	0.00,0.00,0.00
variant	DecoWallBasePillar	G	42	OnTransitionLand0Land2Land3-Deadend-0012	1,4,1	0	43
mobil	DecoWallBasePillar	G	42	0	0			0.00,0.00,0.00	0.00,0.00,0.00
variant	DecoWallBasePillar	G	43	OnTransitionLand0Land2Land3-Deadend-0021	1,4,1	0	42
mobil	DecoWallBasePillar	G	43	0	0			0.00,0.00,0.00	0.00,0.00,0.00
variant	DecoWallBasePillar	G	44	OnTransitionLand0Land2Land3-Deadend-1102	1,4,1	0	45
mobil	DecoWallBasePillar	G	44	0	0			0.00,0.00,0.00	0.00,0.00,0.00
variant	DecoWallBasePillar	G	45	OnTransitionLand0Land2Land3-Deadend-1120	1,4,1	0	44
mobil	DecoWallBasePillar	G	45	0	0			0.00,0.00,0.00	0.00,0.00,0.00
variant	DecoWallBasePillar	G	46	OnTransitionLand0Land2Land3-Deadend-2201	1,4,1	0	47
mobil	DecoWallBasePillar	G	46	0	0			0.00,0.00,0.00	0.00,0.00,0.00
variant	DecoWallBasePillar	G	47	OnTransitionLand0Land2Land3-Deadend-2210	1,4,1	0	46
mobil	DecoWallBasePillar	G	47	0	0			0.00,0.00,0.00	0.00,0.00,0.00
variant	DecoWallBasePillar	G	48	OnTransitionLand0Land3Land6-Base5-0102	1,7,1	0	-1
mobil	DecoWallBasePillar	G	48	0	0			0.00,0.00,0.00	0.00,0.00,0.00
variant	DecoWallBasePillar	G	49	OnTransitionLand0Land3Land6-Base5-1210	1,7,1	0	-1
mobil	DecoWallBasePillar	G	49	0	0			0.00,0.00,0.00	0.00,0.00,0.00
variant	DecoWallBasePillar	G	50	OnTransitionLand0Land3Land6-Base5-2021	1,7,1	0	-1
mobil	DecoWallBasePillar	G	50	0	0			0.00,0.00,0.00	0.00,0.00,0.00
variant	DecoWallBasePillar	G	51	OnTransitionLand0Land3Land6-Deadend-0012	1,7,1	0	52
mobil	DecoWallBasePillar	G	51	0	0			0.00,0.00,0.00	0.00,0.00,0.00
variant	DecoWallBasePillar	G	52	OnTransitionLand0Land3Land6-Deadend-0021	1,7,1	0	51
mobil	DecoWallBasePillar	G	52	0	0			0.00,0.00,0.00	0.00,0.00,0.00
variant	DecoWallBasePillar	G	53	OnTransitionLand0Land3Land6-Deadend-1102	1,7,1	0	54
mobil	DecoWallBasePillar	G	53	0	0			0.00,0.00,0.00	0.00,0.00,0.00
variant	DecoWallBasePillar	G	54	OnTransitionLand0Land3Land6-Deadend-1120	1,7,1	0	53
mobil	DecoWallBasePillar	G	54	0	0			0.00,0.00,0.00	0.00,0.00,0.00
variant	DecoWallBasePillar	G	55	OnTransitionLand0Land3Land6-Deadend-2201	1,7,1	0	56
mobil	DecoWallBasePillar	G	55	0	0			0.00,0.00,0.00	0.00,0.00,0.00
variant	DecoWallBasePillar	G	56	OnTransitionLand0Land3Land6-Deadend-2210	1,7,1	0	55
mobil	DecoWallBasePillar	G	56	0	0			0.00,0.00,0.00	0.00,0.00,0.00
variant	DecoWallBasePillar	G	57	OnTransitionLand0Land6Land12-Base5-0102	1,13,1	0	-1
mobil	DecoWallBasePillar	G	57	0	0			0.00,0.00,0.00	0.00,0.00,0.00
variant	DecoWallBasePillar	G	58	OnTransitionLand0Land6Land12-Base5-1210	1,13,1	0	-1
mobil	DecoWallBasePillar	G	58	0	0			0.00,0.00,0.00	0.00,0.00,0.00
variant	DecoWallBasePillar	G	59	OnTransitionLand0Land6Land12-Base5-2021	1,13,1	0	-1
mobil	DecoWallBasePillar	G	59	0	0			0.00,0.00,0.00	0.00,0.00,0.00
variant	DecoWallBasePillar	G	60	OnTransitionLand0Land6Land12-Deadend-0012	1,13,1	0	61
mobil	DecoWallBasePillar	G	60	0	0			0.00,0.00,0.00	0.00,0.00,0.00
variant	DecoWallBasePillar	G	61	OnTransitionLand0Land6Land12-Deadend-0021	1,13,1	0	60
mobil	DecoWallBasePillar	G	61	0	0			0.00,0.00,0.00	0.00,0.00,0.00
variant	DecoWallBasePillar	G	62	OnTransitionLand0Land6Land12-Deadend-1102	1,13,1	0	63
mobil	DecoWallBasePillar	G	62	0	0			0.00,0.00,0.00	0.00,0.00,0.00
variant	DecoWallBasePillar	G	63	OnTransitionLand0Land6Land12-Deadend-1120	1,13,1	0	62
mobil	DecoWallBasePillar	G	63	0	0			0.00,0.00,0.00	0.00,0.00,0.00
variant	DecoWallBasePillar	G	64	OnTransitionLand0Land6Land12-Deadend-2201	1,13,1	0	65
mobil	DecoWallBasePillar	G	64	0	0			0.00,0.00,0.00	0.00,0.00,0.00
variant	DecoWallBasePillar	G	65	OnTransitionLand0Land6Land12-Deadend-2210	1,13,1	0	64
mobil	DecoWallBasePillar	G	65	0	0			0.00,0.00,0.00	0.00,0.00,0.00
variant	DecoWallBasePillar	G	66	OnTransitionSeaLand0Land12-Base5-0102	1,14,1	0	-1
mobil	DecoWallBasePillar	G	66	0	0			0.00,0.00,0.00	0.00,0.00,0.00
variant	DecoWallBasePillar	G	67	OnTransitionSeaLand0Land12-Base5-1210	1,14,1	0	-1
mobil	DecoWallBasePillar	G	67	0	0			0.00,0.00,0.00	0.00,0.00,0.00
variant	DecoWallBasePillar	G	68	OnTransitionSeaLand0Land12-Base5-2021	1,14,1	0	-1
mobil	DecoWallBasePillar	G	68	0	0			0.00,0.00,0.00	0.00,0.00,0.00
variant	DecoWallBasePillar	G	69	OnTransitionSeaLand0Land12-Deadend-0012	1,14,1	0	70
mobil	DecoWallBasePillar	G	69	0	0			0.00,0.00,0.00	0.00,0.00,0.00
variant	DecoWallBasePillar	G	70	OnTransitionSeaLand0Land12-Deadend-0021	1,14,1	0	69
mobil	DecoWallBasePillar	G	70	0	0			0.00,0.00,0.00	0.00,0.00,0.00
variant	DecoWallBasePillar	G	71	OnTransitionSeaLand0Land12-Deadend-1102	1,14,1	0	72
mobil	DecoWallBasePillar	G	71	0	0			0.00,0.00,0.00	0.00,0.00,0.00
variant	DecoWallBasePillar	G	72	OnTransitionSeaLand0Land12-Deadend-1120	1,14,1	0	71
mobil	DecoWallBasePillar	G	72	0	0			0.00,0.00,0.00	0.00,0.00,0.00
variant	DecoWallBasePillar	G	73	OnTransitionSeaLand0Land12-Deadend-2201	1,14,1	0	74
mobil	DecoWallBasePillar	G	73	0	0			0.00,0.00,0.00	0.00,0.00,0.00
variant	DecoWallBasePillar	G	74	OnTransitionSeaLand0Land12-Deadend-2210	1,14,1	0	73
mobil	DecoWallBasePillar	G	74	0	0			0.00,0.00,0.00	0.00,0.00,0.00
variant	DecoWallBasePillar	A	0	Variant Air	1,1,1	0	-1
mobil	DecoWallBasePillar	A	0	0	0			0.00,0.00,0.00	0.00,0.00,0.00
variant	DecoWallSlope2Straight	G	0	Variant Ground	1,2,1	0	-1
mobil	DecoWallSlope2Straight	G	0	0	0			0.00,0.00,0.00	0.00,0.00,0.00
variant	DecoWallSlope2Straight	A	0	Variant Air	1,2,1	0	-1
mobil	DecoWallSlope2Straight	A	0	0	0			0.00,0.00,0.00	0.00,0.00,0.00
variant	DecoPlatformSlope2Straight	G	0	Variant Ground	1,3,1	0	-1
mobil	DecoPlatformSlope2Straight	G	0	0	0			0.00,0.00,0.00	0.00,0.00,0.00
variant	DecoPlatformSlope2Straight	G	1	Variant Ground	1,3,1	0	-1
mobil	DecoPlatformSlope2Straight	G	1	0	0			0.00,0.00,0.00	0.00,0.00,0.00
variant	DecoPlatformSlope2Straight	A	0	Variant Air	1,3,1	0	-1
mobil	DecoPlatformSlope2Straight	A	0	0	0			0.00,0.00,0.00	0.00,0.00,0.00
variant	Sea	G	0	Variant Ground	1,1,1	0	-1
mobil	Sea	G	0	0	0			0.00,0.00,0.00	0.00,0.00,0.00
variant	Sea	A	0	Variant Air	1,1,1	0	-1
