# frame	172
tick	steer	gas	brake
0	0	1	0
1	0	1	0
2	0	1	0
3	0	1	0
4	0	1	0
5	0	1	0
6	0	1	0
7	0	1	0
8	0	1	0
9	0	1	0
10	0	1	0
11	0	1	0
12	0	1	0
13	0	1	0
14	0	1	0
15	0	1	0
16	0	1	0
17	0	1	0
18	0	1	0
19	0	1	0
20	0	1	0
21	0	1	0
22	0	1	0
23	0	1	0
24	0	1	0
25	0	1	0
26	0	1	0
27	0	1	0
28	0	1	0
29	0	1	0
30	-1	1	0
31	-1	1	0
32	-1	1	0
33	-1	1	0
34	-1	1	0
35	-1	1	0
36	-1	1	0
37	-1	1	0
38	-1	1	0
39	-1	1	0
40	-1	1	0
41	-1	1	0
42	-1	1	0
43	-1	1	0
44	-1	1	0
45	-1	1	0
46	-1	1	0
47	-1	1	0
48	-1	1	0
49	-1	1	0
50	0	1	0
51	0	1	0
52	0	1	0
53	0	1	0
54	0	1	0
55	0	1	0
56	0	1	0
57	0	1	0
58	0	1	0
59	0	1	0
60	0	1	0
61	0	1	0
62	0	1	0
63	0	1	0
64	0	1	0
65	0	1	0
66	0	1	0
67	0	1	0
68	0	1	0
69	0	1	0
70	0	1	0
71	0	1	0
72	0	1	0
73	0	1	0
74	0	1	0
75	0	1	0
76	0	1	0
77	0	1	0
78	0	1	0
79	0	1	0
80	0	1	0
81	0	1	0
82	0	1	0
83	0	1	0
84	0	1	0
85	0	1	0
86	0	1	0
87	0	1	0
88	0	1	0
89	0	1	0
90	0	1	0
91	0	1	0
92	0	1	0
93	0	1	0
94	0	1	0
95	0	1	0
96	0	1	0
97	0	1	0
98	0	1	0
99	0	1	0
100	0	1	0
101	0	1	0
102	0	1	0
103	0	1	0
104	0	1	0
105	0	1	0
106	0	1	0
107	0	1	0
108	0	1	0
109	0	1	0
110	0	1	0
111	0	1	0
112	0	1	0
113	0	1	0
114	0	1	0
115	0	1	0
116	0	1	0
117	0	1	0
118	0	1	0
119	0	1	0
120	0	1	0
121	0	1	0
122	0	1	0
123	0	1	0
124	0	1	0
125	0	1	0
126	0	1	0
127	0	1	0
128	0	1	0
129	0	1	0
130	0	1	0
131	0	1	0
132	0	1	0
133	0	1	0
134	0	1	0
135	0	1	0
136	0	1	0
137	0	1	0
138	0	1	0
139	0	1	0
140	0	1	0
141	0	1	0
142	0	1	0
143	0	1	0
144	0	1	0
145	0	1	0
146	0	1	0
147	0	1	0
148	0	1	0
149	0	1	0
150	0	1	0
151	0	1	0
152	0	1	0
153	0	1	0
154	0	1	0
155	0	1	0
156	0	1	0
157	0	1	0
158	0	1	0
159	0	1	0
160	0	1	0
161	0	1	0
162	0	1	0
163	0	1	0
164	0	1	0
165	0	1	0
166	0	1	0
167	0	1	0
168	0	1	0
169	0	1	0
170	0	1	0
171	0	1	0
172	0	1	0
173	0	1	0
174	0	1	0
175	0	1	0
176	0	1	0
177	0	1	0
178	0	1	0
179	0	1	0
180	0	1	0
181	0	1	0
182	0	1	0
183	0	1	0
184	0	1	0
185	0	1	0
186	0	1	0
187	0	1	0
188	0	1	0
189	0	1	0
190	0	1	0
191	0	1	0
192	0	1	0
193	0	1	0
194	0	1	0
195	0	1	0
196	0	1	0
197	0	1	0
198	0	1	0
199	0	1	0
200	0	1	0
201	0	1	0
202	0	1	0
203	0	1	0
204	0	1	0
205	0	1	0
206	0	1	0
207	0	1	0
208	0	1	0
209	0	1	0
210	0	1	0
211	0	1	0
212	0	1	0
213	0	1	0
214	0	1	0
215	0	1	0
216	0	1	0
217	0	1	0
218	0	1	0
219	0	1	0
220	0	1	0
221	0	1	0
222	0	1	0
223	0	1	0
224	0	1	0
225	0	1	0
226	0	1	0
227	0	1	0
228	0	1	0
229	0	1	0
230	0	1	0
231	0	1	0
232	0	1	0
233	0	1	0
234	0	1	0
235	0	1	0
236	0	1	0
237	0	1	0
238	0	1	0
239	0	1	0
240	0	1	0
241	0	1	0
242	0	1	0
243	0	1	0
244	0	1	0
245	0	1	0
246	0	1	0
247	0	1	0
248	0	1	0
249	0	1	0
250	0	1	0
251	0	1	0
252	0	1	0
253	0	1	0
254	0	1	0
255	0	1	0
256	0	1	0
257	0	1	0
258	0	1	0
259	0	1	0
260	0	1	0
261	0	1	0
262	0	1	0
263	0	1	0
264	0	1	0
265	0	1	0
266	0	1	0
267	0	1	0
268	0	1	0
269	0	1	0
270	0	1	0
271	0	1	0
272	0	1	0
273	0	1	0
274	0	1	0
275	0	1	0
276	0	1	0
277	0	1	0
278	0	1	0
279	0	1	0
280	0	1	0
281	0	1	0
282	0	1	0
283	0	1	0
284	0	1	0
285	0	1	0
286	0	1	0
287	0	1	0
288	0	1	0
289	0	1	0
290	0	1	0
291	0	1	0
292	0	1	0
293	0	1	0
294	0	1	0
295	0	1	0
296	0	1	0
297	0	1	0
298	0	1	0
299	0	1	0
300	0	1	0
301	0	1	0
302	0	1	0
303	0	1	0
304	0	1	0
305	0	1	0
306	0	1	0
307	0	1	0
308	0	1	0
309	0	1	0
310	0	1	0
311	0	1	0
312	0	1	0
313	0	1	0
314	0	1	0
315	0	1	0
316	0	1	0
317	0	1	0
318	0	1	0
319	0	1	0
320	0	1	0
321	0	1	0
322	0	1	0
323	0	1	0
324	0	1	0
325	0	1	0
326	0	1	0
327	0	1	0
328	0	1	0
329	0	1	0
330	1	1	0
331	1	1	0
332	1	1	0
333	1	1	0
334	1	1	0
335	1	1	0
336	1	1	0
337	1	1	0
338	1	1	0
339	1	1	0
340	1	0	0
341	1	0	0
342	1	0	0
343	1	0	0
344	1	0	0
345	1	0	0
346	1	0	0
347	1	0	0
348	1	0	0
349	1	0	0
350	1	1	0
351	1	1	0
352	1	1	0
353	1	1	0
354	1	1	0
355	1	1	0
356	1	1	0
357	1	1	0
358	1	1	0
359	1	1	0
360	1	1	0
361	1	1	0
362	1	1	0
363	1	1	0
364	1	1	0
365	1	1	0
366	1	1	0
367	1	1	0
368	1	1	0
369	1	1	0
370	1	0	0
371	1	0	0
372	1	0	0
373	1	0	0
374	1	0	0
375	1	0	0
376	1	0	0
377	1	0	0
378	1	0	0
379	1	0	0
380	0	1	0
381	0	1	0
382	0	1	0
383	0	1	0
384	0	1	0
385	0	1	0
386	0	1	0
387	0	1	0
388	0	1	0
389	0	1	0
390	0	0	0
391	0	0	0
392	0	0	0
393	0	0	0
394	0	0	0
395	0	0	0
396	0	0	0
397	0	0	0
398	0	0	0
399	0	0	0
400	0	1	0
401	0	1	0
402	0	1	0
403	0	1	0
404	0	1	0
405	0	1	0
406	0	1	0
407	0	1	0
408	0	1	0
409	0	1	0
410	0	1	0
411	0	1	0
412	0	1	0
413	0	1	0
414	0	1	0
415	0	1	0
416	0	1	0
417	0	1	0
418	0	1	0
419	0	1	0
420	1	0	0
421	1	0	0
422	1	0	0
423	1	0	0
424	1	0	0
425	1	0	0
426	1	0	0
427	1	0	0
428	1	0	0
429	1	0	0
430	2	1	0
431	2	1	0
432	2	1	0
433	2	1	0
434	2	1	0
435	2	1	0
436	2	1	0
437	2	1	0
438	2	1	0
439	2	1	0
440	6	0	0
441	6	0	0
442	6	0	0
443	6	0	0
444	6	0	0
445	6	0	0
446	6	0	0
447	6	0	0
448	6	0	0
449	6	0	0
450	10	0	0
451	10	0	0
452	10	0	0
453	10	0	0
454	10	0	0
455	10	0	0
456	10	0	0
457	10	0	0
458	10	0	0
459	10	0	0
460	14	0	0
461	14	0	0
462	14	0	0
463	14	0	0
464	14	0	0
465	14	0	0
466	14	0	0
467	14	0	0
468	14	0	0
469	14	0	0
470	19	0	0
471	19	0	0
472	19	0	0
473	19	0	0
474	19	0	0
475	19	0	0
476	19	0	0
477	19	0	0
478	19	0	0
479	19	0	0
480	24	0	1
481	24	0	1
482	24	0	1
483	24	0	1
484	24	0	1
485	24	0	1
486	24	0	1
487	24	0	1
488	24	0	1
489	24	0	1
490	22	0	0
491	22	0	0
492	22	0	0
493	22	0	0
494	22	0	0
495	22	0	0
496	22	0	0
497	22	0	0
498	22	0	0
499	22	0	0
500	25	0	0
501	25	0	0
502	25	0	0
503	25	0	0
504	25	0	0
505	25	0	0
506	25	0	0
507	25	0	0
508	25	0	0
509	25	0	0
510	27	0	0
511	27	0	0
512	27	0	0
513	27	0	0
514	27	0	0
515	27	0	0
516	27	0	0
517	27	0	0
518	27	0	0
519	27	0	0
520	29	0	0
521	29	0	0
522	29	0	0
523	29	0	0
524	29	0	0
525	29	0	0
526	29	0	0
527	29	0	0
528	29	0	0
529	29	0	0
530	32	0	1
531	32	0	1
532	32	0	1
533	32	0	1
534	32	0	1
535	32	0	1
536	32	0	1
537	32	0	1
538	32	0	1
539	32	0	1
540	30	0	0
541	30	0	0
542	30	0	0
543	30	0	0
544	30	0	0
545	30	0	0
546	30	0	0
547	30	0	0
548	30	0	0
549	30	0	0
550	29	0	1
551	29	0	1
552	29	0	1
553	29	0	1
554	29	0	1
555	29	0	1
556	29	0	1
557	29	0	1
558	29	0	1
559	29	0	1
560	24	0	0
561	24	0	0
562	24	0	0
563	24	0	0
564	24	0	0
565	24	0	0
566	24	0	0
567	24	0	0
568	24	0	0
569	24	0	0
570	23	0	0
571	23	0	0
572	23	0	0
573	23	0	0
574	23	0	0
575	23	0	0
576	23	0	0
577	23	0	0
578	23	0	0
579	23	0	0
580	23	1	0
581	23	1	0
582	23	1	0
583	23	1	0
584	23	1	0
585	23	1	0
586	23	1	0
587	23	1	0
588	23	1	0
589	23	1	0
590	26	1	0
591	26	1	0
592	26	1	0
593	26	1	0
594	26	1	0
595	26	1	0
596	26	1	0
597	26	1	0
598	26	1	0
599	26	1	0
600	29	1	0
601	29	1	0
602	29	1	0
603	29	1	0
604	29	1	0
605	29	1	0
606	29	1	0
607	29	1	0
608	29	1	0
609	29	1	0
610	32	1	0
611	32	1	0
612	32	1	0
613	32	1	0
614	32	1	0
615	32	1	0
616	32	1	0
617	32	1	0
618	32	1	0
619	32	1	0
620	34	1	0
621	34	1	0
622	34	1	0
623	34	1	0
624	34	1	0
625	34	1	0
626	34	1	0
627	34	1	0
628	34	1	0
629	34	1	0
630	35	1	0
631	35	1	0
632	35	1	0
633	35	1	0
634	35	1	0
635	35	1	0
636	35	1	0
637	35	1	0
638	35	1	0
639	35	1	0
640	35	1	0
641	35	1	0
642	35	1	0
643	35	1	0
644	35	1	0
645	35	1	0
646	35	1	0
647	35	1	0
648	35	1	0
649	35	1	0
650	35	1	0
651	35	1	0
652	35	1	0
653	35	1	0
654	35	1	0
655	35	1	0
656	35	1	0
657	35	1	0
658	35	1	0
659	35	1	0
660	34	1	0
661	34	1	0
662	34	1	0
663	34	1	0
664	34	1	0
665	34	1	0
666	34	1	0
667	34	1	0
668	34	1	0
669	34	1	0
670	33	1	0
671	33	1	0
672	33	1	0
673	33	1	0
674	33	1	0
675	33	1	0
676	33	1	0
677	33	1	0
678	33	1	0
679	33	1	0
680	32	1	0
681	32	1	0
682	32	1	0
683	32	1	0
684	32	1	0
685	32	1	0
686	32	1	0
687	32	1	0
688	32	1	0
689	32	1	0
690	31	1	0
691	31	1	0
692	31	1	0
693	31	1	0
694	31	1	0
695	31	1	0
696	31	1	0
697	31	1	0
698	31	1	0
699	31	1	0
700	30	1	0
701	30	1	0
702	30	1	0
703	30	1	0
704	30	1	0
705	30	1	0
706	30	1	0
707	30	1	0
708	30	1	0
709	30	1	0
710	29	1	0
711	29	1	0
712	29	1	0
713	29	1	0
714	29	1	0
715	29	1	0
716	29	1	0
717	29	1	0
718	29	1	0
719	29	1	0
720	27	1	0
721	27	1	0
722	27	1	0
723	27	1	0
724	27	1	0
725	27	1	0
726	27	1	0
727	27	1	0
728	27	1	0
729	27	1	0
730	25	1	0
731	25	1	0
732	25	1	0
733	25	1	0
734	25	1	0
735	25	1	0
736	25	1	0
737	25	1	0
738	25	1	0
739	25	1	0
740	23	1	0
741	23	1	0
742	23	1	0
743	23	1	0
744	23	1	0
745	23	1	0
746	23	1	0
747	23	1	0
748	23	1	0
749	23	1	0
750	19	1	0
751	19	1	0
752	19	1	0
753	19	1	0
754	19	1	0
755	19	1	0
756	19	1	0
757	19	1	0
758	19	1	0
759	19	1	0
760	16	1	0
761	16	1	0
762	16	1	0
763	16	1	0
764	16	1	0
765	16	1	0
766	16	1	0
767	16	1	0
768	16	1	0
769	16	1	0
770	13	1	0
771	13	1	0
772	13	1	0
773	13	1	0
774	13	1	0
775	13	1	0
776	13	1	0
777	13	1	0
778	13	1	0
779	13	1	0
780	10	1	0
781	10	1	0
782	10	1	0
783	10	1	0
784	10	1	0
785	10	1	0
786	10	1	0
787	10	1	0
788	10	1	0
789	10	1	0
790	8	1	0
791	8	1	0
792	8	1	0
793	8	1	0
794	8	1	0
795	8	1	0
796	8	1	0
797	8	1	0
798	8	1	0
799	8	1	0
800	6	1	0
801	6	1	0
802	6	1	0
803	6	1	0
804	6	1	0
805	6	1	0
806	6	1	0
807	6	1	0
808	6	1	0
809	6	1	0
810	4	1	0
811	4	1	0
812	4	1	0
813	4	1	0
814	4	1	0
815	4	1	0
816	4	1	0
817	4	1	0
818	4	1	0
819	4	1	0
820	3	1	0
821	3	1	0
822	3	1	0
823	3	1	0
824	3	1	0
825	3	1	0
826	3	1	0
827	3	1	0
828	3	1	0
829	3	1	0
830	2	1	0
831	2	1	0
832	2	1	0
833	2	1	0
834	2	1	0
835	2	1	0
836	2	1	0
837	2	1	0
838	2	1	0
839	2	1	0
840	1	1	0
841	1	1	0
842	1	1	0
843	1	1	0
844	1	1	0
845	1	1	0
846	1	1	0
847	1	1	0
848	1	1	0
849	1	1	0
850	0	1	0
851	0	1	0
852	0	1	0
853	0	1	0
854	0	1	0
855	0	1	0
856	0	1	0
857	0	1	0
858	0	1	0
859	0	1	0
860	-1	0	0
861	-1	0	0
862	-1	0	0
863	-1	0	0
864	-1	0	0
865	-1	0	0
866	-1	0	0
867	-1	0	0
868	-1	0	0
869	-1	0	0
870	-2	1	0
871	-2	1	0
872	-2	1	0
873	-2	1	0
874	-2	1	0
875	-2	1	0
876	-2	1	0
877	-2	1	0
878	-2	1	0
879	-2	1	0
880	-4	1	0
881	-4	1	0
882	-4	1	0
883	-4	1	0
884	-4	1	0
885	-4	1	0
886	-4	1	0
887	-4	1	0
888	-4	1	0
889	-4	1	0
890	-8	0	0
891	-8	0	0
892	-8	0	0
893	-8	0	0
894	-8	0	0
895	-8	0	0
896	-8	0	0
897	-8	0	0
898	-8	0	0
899	-8	0	0
900	-10	1	0
901	-10	1	0
902	-10	1	0
903	-10	1	0
904	-10	1	0
905	-10	1	0
906	-10	1	0
907	-10	1	0
908	-10	1	0
909	-10	1	0
910	-14	0	0
911	-14	0	0
912	-14	0	0
913	-14	0	0
914	-14	0	0
915	-14	0	0
916	-14	0	0
917	-14	0	0
918	-14	0	0
919	-14	0	0
920	-17	1	0
921	-17	1	0
922	-17	1	0
923	-17	1	0
924	-17	1	0
925	-17	1	0
926	-17	1	0
927	-17	1	0
928	-17	1	0
929	-17	1	0
930	-21	1	0
931	-21	1	0
932	-21	1	0
933	-21	1	0
934	-21	1	0
935	-21	1	0
936	-21	1	0
937	-21	1	0
938	-21	1	0
939	-21	1	0
940	-25	0	0
941	-25	0	0
942	-25	0	0
943	-25	0	0
944	-25	0	0
945	-25	0	0
946	-25	0	0
947	-25	0	0
948	-25	0	0
949	-25	0	0
950	-27	1	0
951	-27	1	0
952	-27	1	0
953	-27	1	0
954	-27	1	0
955	-27	1	0
956	-27	1	0
957	-27	1	0
958	-27	1	0
959	-27	1	0
960	-31	0	0
961	-31	0	0
962	-31	0	0
963	-31	0	0
964	-31	0	0
965	-31	0	0
966	-31	0	0
967	-31	0	0
968	-31	0	0
969	-31	0	0
970	-32	0	0
971	-32	0	0
972	-32	0	0
973	-32	0	0
974	-32	0	0
975	-32	0	0
976	-32	0	0
977	-32	0	0
978	-32	0	0
979	-32	0	0
980	-32	0	0
981	-32	0	0
982	-32	0	0
983	-32	0	0
984	-32	0	0
985	-32	0	0
986	-32	0	0
987	-32	0	0
988	-32	0	0
989	-32	0	0
990	-30	0	0
991	-30	0	0
992	-30	0	0
993	-30	0	0
994	-30	0	0
995	-30	0	0
996	-30	0	0
997	-30	0	0
998	-30	0	0
999	-30	0	0
1000	-29	0	0
1001	-29	0	0
1002	-29	0	0
1003	-29	0	0
1004	-29	0	0
1005	-29	0	0
1006	-29	0	0
1007	-29	0	0
1008	-29	0	0
1009	-29	0	0
1010	-28	1	0
1011	-28	1	0
1012	-28	1	0
1013	-28	1	0
1014	-28	1	0
1015	-28	1	0
1016	-28	1	0
1017	-28	1	0
1018	-28	1	0
1019	-28	1	0
1020	-29	1	0
1021	-29	1	0
1022	-29	1	0
1023	-29	1	0
1024	-29	1	0
1025	-29	1	0
1026	-29	1	0
1027	-29	1	0
1028	-29	1	0
1029	-29	1	0
1030	-31	1	0
1031	-31	1	0
1032	-31	1	0
1033	-31	1	0
1034	-31	1	0
1035	-31	1	0
1036	-31	1	0
1037	-31	1	0
1038	-31	1	0
1039	-31	1	0
1040	-33	0	1
1041	-33	0	1
1042	-33	0	1
1043	-33	0	1
1044	-33	0	1
1045	-33	0	1
1046	-33	0	1
1047	-33	0	1
1048	-33	0	1
1049	-33	0	1
1050	-30	0	0
1051	-30	0	0
1052	-30	0	0
1053	-30	0	0
1054	-30	0	0
1055	-30	0	0
1056	-30	0	0
1057	-30	0	0
1058	-30	0	0
1059	-30	0	0
1060	-28	1	0
1061	-28	1	0
1062	-28	1	0
1063	-28	1	0
1064	-28	1	0
1065	-28	1	0
1066	-28	1	0
1067	-28	1	0
1068	-28	1	0
1069	-28	1	0
1070	-30	1	0
1071	-30	1	0
1072	-30	1	0
1073	-30	1	0
1074	-30	1	0
1075	-30	1	0
1076	-30	1	0
1077	-30	1	0
1078	-30	1	0
1079	-30	1	0
1080	-32	1	0
1081	-32	1	0
1082	-32	1	0
1083	-32	1	0
1084	-32	1	0
1085	-32	1	0
1086	-32	1	0
1087	-32	1	0
1088	-32	1	0
1089	-32	1	0
1090	-35	1	0
1091	-35	1	0
1092	-35	1	0
1093	-35	1	0
1094	-35	1	0
1095	-35	1	0
1096	-35	1	0
1097	-35	1	0
1098	-35	1	0
1099	-35	1	0
1100	-37	1	0
1101	-37	1	0
1102	-37	1	0
1103	-37	1	0
1104	-37	1	0
1105	-37	1	0
1106	-37	1	0
1107	-37	1	0
1108	-37	1	0
1109	-37	1	0
1110	-37	1	0
1111	-37	1	0
1112	-37	1	0
1113	-37	1	0
1114	-37	1	0
1115	-37	1	0
1116	-37	1	0
1117	-37	1	0
1118	-37	1	0
1119	-37	1	0
1120	-37	1	0
1121	-37	1	0
1122	-37	1	0
1123	-37	1	0
1124	-37	1	0
1125	-37	1	0
1126	-37	1	0
1127	-37	1	0
1128	-37	1	0
1129	-37	1	0
1130	-36	0	1
1131	-36	0	1
1132	-36	0	1
1133	-36	0	1
1134	-36	0	1
1135	-36	0	1
1136	-36	0	1
1137	-36	0	1
1138	-36	0	1
1139	-36	0	1
1140	-31	0	0
1141	-31	0	0
1142	-31	0	0
1143	-31	0	0
1144	-31	0	0
1145	-31	0	0
1146	-31	0	0
1147	-31	0	0
1148	-31	0	0
1149	-31	0	0
1150	-26	0	0
1151	-26	0	0
1152	-26	0	0
1153	-26	0	0
1154	-26	0	0
1155	-26	0	0
1156	-26	0	0
1157	-26	0	0
1158	-26	0	0
1159	-26	0	0
1160	-22	1	0
1161	-22	1	0
1162	-22	1	0
1163	-22	1	0
1164	-22	1	0
1165	-22	1	0
1166	-22	1	0
1167	-22	1	0
1168	-22	1	0
1169	-22	1	0
1170	-19	1	0
1171	-19	1	0
1172	-19	1	0
1173	-19	1	0
1174	-19	1	0
1175	-19	1	0
1176	-19	1	0
1177	-19	1	0
1178	-19	1	0
1179	-19	1	0
1180	-17	1	0
1181	-17	1	0
1182	-17	1	0
1183	-17	1	0
1184	-17	1	0
1185	-17	1	0
1186	-17	1	0
1187	-17	1	0
1188	-17	1	0
1189	-17	1	0
1190	-14	1	0
1191	-14	1	0
1192	-14	1	0
1193	-14	1	0
1194	-14	1	0
1195	-14	1	0
1196	-14	1	0
1197	-14	1	0
1198	-14	1	0
1199	-14	1	0
1200	-11	1	0
1201	-11	1	0
1202	-11	1	0
1203	-11	1	0
1204	-11	1	0
1205	-11	1	0
1206	-11	1	0
1207	-11	1	0
1208	-11	1	0
1209	-11	1	0
1210	-8	1	0
1211	-8	1	0
1212	-8	1	0
1213	-8	1	0
1214	-8	1	0
1215	-8	1	0
1216	-8	1	0
1217	-8	1	0
1218	-8	1	0
1219	-8	1	0
1220	-6	1	0
1221	-6	1	0
1222	-6	1	0
1223	-6	1	0
1224	-6	1	0
1225	-6	1	0
1226	-6	1	0
1227	-6	1	0
1228	-6	1	0
1229	-6	1	0
1230	-4	1	0
1231	-4	1	0
1232	-4	1	0
1233	-4	1	0
1234	-4	1	0
1235	-4	1	0
1236	-4	1	0
1237	-4	1	0
1238	-4	1	0
1239	-4	1	0
1240	-3	1	0
1241	-3	1	0
1242	-3	1	0
1243	-3	1	0
1244	-3	1	0
1245	-3	1	0
1246	-3	1	0
1247	-3	1	0
1248	-3	1	0
1249	-3	1	0
1250	-1	1	0
1251	-1	1	0
1252	-1	1	0
1253	-1	1	0
1254	-1	1	0
1255	-1	1	0
1256	-1	1	0
1257	-1	1	0
1258	-1	1	0
1259	-1	1	0
1260	0	0	0
1261	0	0	0
1262	0	0	0
1263	0	0	0
1264	0	0	0
1265	0	0	0
1266	0	0	0
1267	0	0	0
1268	0	0	0
1269	0	0	0
1270	1	1	0
1271	1	1	0
1272	1	1	0
1273	1	1	0
1274	1	1	0
1275	1	1	0
1276	1	1	0
1277	1	1	0
1278	1	1	0
1279	1	1	0
1280	1	1	0
1281	1	1	0
1282	1	1	0
1283	1	1	0
1284	1	1	0
1285	1	1	0
1286	1	1	0
1287	1	1	0
1288	1	1	0
1289	1	1	0
1290	2	0	0
1291	2	0	0
1292	2	0	0
1293	2	0	0
1294	2	0	0
1295	2	0	0
1296	2	0	0
1297	2	0	0
1298	2	0	0
1299	2	0	0
1300	2	1	0
1301	2	1	0
1302	2	1	0
1303	2	1	0
1304	2	1	0
1305	2	1	0
1306	2	1	0
1307	2	1	0
1308	2	1	0
1309	2	1	0
1310	2	0	0
1311	2	0	0
1312	2	0	0
1313	2	0	0
1314	2	0	0
1315	2	0	0
1316	2	0	0
1317	2	0	0
1318	2	0	0
1319	2	0	0
1320	2	1	0
1321	2	1	0
1322	2	1	0
1323	2	1	0
1324	2	1	0
1325	2	1	0
1326	2	1	0
1327	2	1	0
1328	2	1	0
1329	2	1	0
1330	2	1	0
1331	2	1	0
1332	2	1	0
1333	2	1	0
1334	2	1	0
1335	2	1	0
1336	2	1	0
1337	2	1	0
1338	2	1	0
1339	2	1	0
1340	2	0	0
1341	2	0	0
1342	2	0	0
1343	2	0	0
1344	2	0	0
1345	2	0	0
1346	2	0	0
1347	2	0	0
1348	2	0	0
1349	2	0	0
1350	1	1	0
1351	1	1	0
1352	1	1	0
1353	1	1	0
1354	1	1	0
1355	1	1	0
1356	1	1	0
1357	1	1	0
1358	1	1	0
1359	1	1	0
1360	1	1	0
1361	1	1	0
1362	1	1	0
1363	1	1	0
1364	1	1	0
1365	1	1	0
1366	1	1	0
1367	1	1	0
1368	1	1	0
1369	1	1	0
1370	1	0	0
1371	1	0	0
1372	1	0	0
1373	1	0	0
1374	1	0	0
1375	1	0	0
1376	1	0	0
1377	1	0	0
1378	1	0	0
1379	1	0	0
1380	1	1	0
1381	1	1	0
1382	1	1	0
1383	1	1	0
1384	1	1	0
1385	1	1	0
1386	1	1	0
1387	1	1	0
1388	1	1	0
1389	1	1	0
1390	2	0	0
1391	2	0	0
1392	2	0	0
1393	2	0	0
1394	2	0	0
1395	2	0	0
1396	2	0	0
1397	2	0	0
1398	2	0	0
1399	2	0	0
1400	2	1	0
1401	2	1	0
1402	2	1	0
1403	2	1	0
1404	2	1	0
1405	2	1	0
1406	2	1	0
1407	2	1	0
1408	2	1	0
1409	2	1	0
1410	2	1	0
1411	2	1	0
1412	2	1	0
1413	2	1	0
1414	2	1	0
1415	2	1	0
1416	2	1	0
1417	2	1	0
1418	2	1	0
1419	2	1	0
1420	2	0	0
1421	2	0	0
1422	2	0	0
1423	2	0	0
1424	2	0	0
1425	2	0	0
1426	2	0	0
1427	2	0	0
1428	2	0	0
1429	2	0	0
1430	3	1	0
1431	3	1	0
1432	3	1	0
1433	3	1	0
1434	3	1	0
1435	3	1	0
1436	3	1	0
1437	3	1	0
1438	3	1	0
1439	3	1	0
1440	6	0	0
1441	6	0	0
1442	6	0	0
1443	6	0	0
1444	6	0	0
1445	6	0	0
1446	6	0	0
1447	6	0	0
1448	6	0	0
1449	6	0	0
1450	10	0	0
1451	10	0	0
1452	10	0	0
1453	10	0	0
1454	10	0	0
1455	10	0	0
1456	10	0	0
1457	10	0	0
1458	10	0	0
1459	10	0	0
1460	14	0	0
1461	14	0	0
1462	14	0	0
1463	14	0	0
1464	14	0	0
1465	14	0	0
1466	14	0	0
1467	14	0	0
1468	14	0	0
1469	14	0	0
1470	20	0	0
1471	20	0	0
1472	20	0	0
1473	20	0	0
1474	20	0	0
1475	20	0	0
1476	20	0	0
1477	20	0	0
1478	20	0	0
1479	20	0	0
1480	26	0	1
1481	26	0	1
1482	26	0	1
1483	26	0	1
1484	26	0	1
1485	26	0	1
1486	26	0	1
1487	26	0	1
1488	26	0	1
1489	26	0	1
1490	25	0	0
1491	25	0	0
1492	25	0	0
1493	25	0	0
1494	25	0	0
1495	25	0	0
1496	25	0	0
1497	25	0	0
1498	25	0	0
1499	25	0	0
1500	28	0	0
1501	28	0	0
1502	28	0	0
1503	28	0	0
1504	28	0	0
1505	28	0	0
1506	28	0	0
1507	28	0	0
1508	28	0	0
1509	28	0	0
1510	34	0	0
1511	34	0	0
1512	34	0	0
1513	34	0	0
1514	34	0	0
1515	34	0	0
1516	34	0	0
1517	34	0	0
1518	34	0	0
1519	34	0	0
1520	40	0	0
1521	40	0	0
1522	40	0	0
1523	40	0	0
1524	40	0	0
1525	40	0	0
1526	40	0	0
1527	40	0	0
1528	40	0	0
1529	40	0	0
1530	45	0	1
1531	45	0	1
1532	45	0	1
1533	45	0	1
1534	45	0	1
1535	45	0	1
1536	45	0	1
1537	45	0	1
1538	45	0	1
1539	45	0	1
1540	44	0	0
1541	44	0	0
1542	44	0	0
1543	44	0	0
1544	44	0	0
1545	44	0	0
1546	44	0	0
1547	44	0	0
1548	44	0	0
1549	44	0	0
1550	51	0	1
1551	51	0	1
1552	51	0	1
1553	51	0	1
1554	51	0	1
1555	51	0	1
1556	51	0	1
1557	51	0	1
1558	51	0	1
1559	51	0	1
1560	48	0	1
1561	48	0	1
1562	48	0	1
1563	48	0	1
1564	48	0	1
1565	48	0	1
1566	48	0	1
1567	48	0	1
1568	48	0	1
1569	48	0	1
1570	45	0	1
1571	45	0	1
1572	45	0	1
1573	45	0	1
1574	45	0	1
1575	45	0	1
1576	45	0	1
1577	45	0	1
1578	45	0	1
1579	45	0	1
1580	42	0	0
1581	42	0	0
1582	42	0	0
1583	42	0	0
1584	42	0	0
1585	42	0	0
1586	42	0	0
1587	42	0	0
1588	42	0	0
1589	42	0	0
1590	44	0	0
1591	44	0	0
1592	44	0	0
1593	44	0	0
1594	44	0	0
1595	44	0	0
1596	44	0	0
1597	44	0	0
1598	44	0	0
1599	44	0	0
1600	47	1	0
1601	47	1	0
1602	47	1	0
1603	47	1	0
1604	47	1	0
1605	47	1	0
1606	47	1	0
1607	47	1	0
1608	47	1	0
1609	47	1	0
1610	63	0	1
1611	63	0	1
1612	63	0	1
1613	63	0	1
1614	63	0	1
1615	63	0	1
1616	63	0	1
1617	63	0	1
1618	63	0	1
1619	63	0	1
1620	61	0	1
1621	61	0	1
1622	61	0	1
1623	61	0	1
1624	61	0	1
1625	61	0	1
1626	61	0	1
1627	61	0	1
1628	61	0	1
1629	61	0	1
1630	58	0	0
1631	58	0	0
1632	58	0	0
1633	58	0	0
1634	58	0	0
1635	58	0	0
1636	58	0	0
1637	58	0	0
1638	58	0	0
1639	58	0	0
1640	57	0	0
1641	57	0	0
1642	57	0	0
1643	57	0	0
1644	57	0	0
1645	57	0	0
1646	57	0	0
1647	57	0	0
1648	57	0	0
1649	57	0	0
1650	57	1	0
1651	57	1	0
1652	57	1	0
1653	57	1	0
1654	57	1	0
1655	57	1	0
1656	57	1	0
1657	57	1	0
1658	57	1	0
1659	57	1	0
1660	66	1	0
1661	66	1	0
1662	66	1	0
1663	66	1	0
1664	66	1	0
1665	66	1	0
1666	66	1	0
1667	66	1	0
1668	66	1	0
1669	66	1	0
1670	72	0	0
1671	72	0	0
1672	72	0	0
1673	72	0	0
1674	72	0	0
1675	72	0	0
1676	72	0	0
1677	72	0	0
1678	72	0	0
1679	72	0	0
1680	70	0	0
1681	70	0	0
1682	70	0	0
1683	70	0	0
1684	70	0	0
1685	70	0	0
1686	70	0	0
1687	70	0	0
1688	70	0	0
1689	70	0	0
1690	63	0	0
1691	63	0	0
1692	63	0	0
1693	63	0	0
1694	63	0	0
1695	63	0	0
1696	63	0	0
1697	63	0	0
1698	63	0	0
1699	63	0	0
1700	57	0	0
1701	57	0	0
1702	57	0	0
1703	57	0	0
1704	57	0	0
1705	57	0	0
1706	57	0	0
1707	57	0	0
1708	57	0	0
1709	57	0	0
1710	52	1	0
1711	52	1	0
1712	52	1	0
1713	52	1	0
1714	52	1	0
1715	52	1	0
1716	52	1	0
1717	52	1	0
1718	52	1	0
1719	52	1	0
1720	48	1	0
1721	48	1	0
1722	48	1	0
1723	48	1	0
1724	48	1	0
1725	48	1	0
1726	48	1	0
1727	48	1	0
1728	48	1	0
1729	48	1	0
1730	44	1	0
1731	44	1	0
1732	44	1	0
1733	44	1	0
1734	44	1	0
1735	44	1	0
1736	44	1	0
1737	44	1	0
1738	44	1	0
1739	44	1	0
1740	40	1	0
1741	40	1	0
1742	40	1	0
1743	40	1	0
1744	40	1	0
1745	40	1	0
1746	40	1	0
1747	40	1	0
1748	40	1	0
1749	40	1	0
1750	37	1	0
1751	37	1	0
1752	37	1	0
1753	37	1	0
1754	37	1	0
1755	37	1	0
1756	37	1	0
1757	37	1	0
1758	37	1	0
1759	37	1	0
1760	30	1	0
1761	30	1	0
1762	30	1	0
1763	30	1	0
1764	30	1	0
1765	30	1	0
1766	30	1	0
1767	30	1	0
1768	30	1	0
1769	30	1	0
1770	23	1	0
1771	23	1	0
1772	23	1	0
1773	23	1	0
1774	23	1	0
1775	23	1	0
1776	23	1	0
1777	23	1	0
1778	23	1	0
1779	23	1	0
1780	17	1	0
1781	17	1	0
1782	17	1	0
1783	17	1	0
1784	17	1	0
1785	17	1	0
1786	17	1	0
1787	17	1	0
1788	17	1	0
1789	17	1	0
1790	12	1	0
1791	12	1	0
1792	12	1	0
1793	12	1	0
1794	12	1	0
1795	12	1	0
1796	12	1	0
1797	12	1	0
1798	12	1	0
1799	12	1	0
1800	8	1	0
1801	8	1	0
1802	8	1	0
1803	8	1	0
1804	8	1	0
1805	8	1	0
1806	8	1	0
1807	8	1	0
1808	8	1	0
1809	8	1	0
1810	4	1	0
1811	4	1	0
1812	4	1	0
1813	4	1	0
1814	4	1	0
1815	4	1	0
1816	4	1	0
1817	4	1	0
1818	4	1	0
1819	4	1	0
1820	0	1	0
1821	0	1	0
1822	0	1	0
1823	0	1	0
1824	0	1	0
1825	0	1	0
1826	0	1	0
1827	0	1	0
1828	0	1	0
1829	0	1	0
1830	-3	1	0
1831	-3	1	0
1832	-3	1	0
1833	-3	1	0
1834	-3	1	0
1835	-3	1	0
1836	-3	1	0
1837	-3	1	0
1838	-3	1	0
1839	-3	1	0
1840	-5	1	0
1841	-5	1	0
1842	-5	1	0
1843	-5	1	0
1844	-5	1	0
1845	-5	1	0
1846	-5	1	0
1847	-5	1	0
1848	-5	1	0
1849	-5	1	0
1850	-7	1	0
1851	-7	1	0
1852	-7	1	0
1853	-7	1	0
1854	-7	1	0
1855	-7	1	0
1856	-7	1	0
1857	-7	1	0
1858	-7	1	0
1859	-7	1	0
1860	-7	1	0
1861	-7	1	0
1862	-7	1	0
1863	-7	1	0
1864	-7	1	0
1865	-7	1	0
1866	-7	1	0
1867	-7	1	0
1868	-7	1	0
1869	-7	1	0
1870	-8	1	0
1871	-8	1	0
1872	-8	1	0
1873	-8	1	0
1874	-8	1	0
1875	-8	1	0
1876	-8	1	0
1877	-8	1	0
1878	-8	1	0
1879	-8	1	0
1880	-8	1	0
1881	-8	1	0
1882	-8	1	0
1883	-8	1	0
1884	-8	1	0
1885	-8	1	0
1886	-8	1	0
1887	-8	1	0
1888	-8	1	0
1889	-8	1	0
1890	-7	1	0
1891	-7	1	0
1892	-7	1	0
1893	-7	1	0
1894	-7	1	0
1895	-7	1	0
1896	-7	1	0
1897	-7	1	0
1898	-7	1	0
1899	-7	1	0
1900	-7	1	0
1901	-7	1	0
1902	-7	1	0
1903	-7	1	0
1904	-7	1	0
1905	-7	1	0
1906	-7	1	0
1907	-7	1	0
1908	-7	1	0
1909	-7	1	0
1910	-7	1	0
1911	-7	1	0
1912	-7	1	0
1913	-7	1	0
1914	-7	1	0
1915	-7	1	0
1916	-7	1	0
1917	-7	1	0
1918	-7	1	0
1919	-7	1	0
1920	-9	1	0
1921	-9	1	0
1922	-9	1	0
1923	-9	1	0
1924	-9	1	0
1925	-9	1	0
1926	-9	1	0
1927	-9	1	0
1928	-9	1	0
1929	-9	1	0
1930	-16	1	0
1931	-16	1	0
1932	-16	1	0
1933	-16	1	0
1934	-16	1	0
1935	-16	1	0
1936	-16	1	0
1937	-16	1	0
1938	-16	1	0
1939	-16	1	0
1940	-26	0	0
1941	-26	0	0
1942	-26	0	0
1943	-26	0	0
1944	-26	0	0
1945	-26	0	0
1946	-26	0	0
1947	-26	0	0
1948	-26	0	0
1949	-26	0	0
1950	-32	0	0
1951	-32	0	0
1952	-32	0	0
1953	-32	0	0
1954	-32	0	0
1955	-32	0	0
1956	-32	0	0
1957	-32	0	0
1958	-32	0	0
1959	-32	0	0
1960	-39	0	0
1961	-39	0	0
1962	-39	0	0
1963	-39	0	0
1964	-39	0	0
1965	-39	0	0
1966	-39	0	0
1967	-39	0	0
1968	-39	0	0
1969	-39	0	0
1970	-45	0	1
1971	-45	0	1
1972	-45	0	1
1973	-45	0	1
1974	-45	0	1
1975	-45	0	1
1976	-45	0	1
1977	-45	0	1
1978	-45	0	1
1979	-45	0	1
1980	-43	0	0
1981	-43	0	0
1982	-43	0	0
1983	-43	0	0
1984	-43	0	0
1985	-43	0	0
1986	-43	0	0
1987	-43	0	0
1988	-43	0	0
1989	-43	0	0
1990	-46	0	1
1991	-46	0	1
1992	-46	0	1
1993	-46	0	1
1994	-46	0	1
1995	-46	0	1
1996	-46	0	1
1997	-46	0	1
1998	-46	0	1
1999	-46	0	1
2000	-44	0	0
2001	-44	0	0
2002	-44	0	0
2003	-44	0	0
2004	-44	0	0
2005	-44	0	0
2006	-44	0	0
2007	-44	0	0
2008	-44	0	0
2009	-44	0	0
2010	-47	0	1
2011	-47	0	1
2012	-47	0	1
2013	-47	0	1
2014	-47	0	1
2015	-47	0	1
2016	-47	0	1
2017	-47	0	1
2018	-47	0	1
2019	-47	0	1
2020	-41	0	1
2021	-41	0	1
2022	-41	0	1
2023	-41	0	1
2024	-41	0	1
2025	-41	0	1
2026	-41	0	1
2027	-41	0	1
2028	-41	0	1
2029	-41	0	1
2030	-39	0	1
2031	-39	0	1
2032	-39	0	1
2033	-39	0	1
2034	-39	0	1
2035	-39	0	1
2036	-39	0	1
2037	-39	0	1
2038	-39	0	1
2039	-39	0	1
2040	-37	0	0
2041	-37	0	0
2042	-37	0	0
2043	-37	0	0
2044	-37	0	0
2045	-37	0	0
2046	-37	0	0
2047	-37	0	0
2048	-37	0	0
2049	-37	0	0
2050	-41	0	0
2051	-41	0	0
2052	-41	0	0
2053	-41	0	0
2054	-41	0	0
2055	-41	0	0
2056	-41	0	0
2057	-41	0	0
2058	-41	0	0
2059	-41	0	0
2060	-47	0	0
2061	-47	0	0
2062	-47	0	0
2063	-47	0	0
2064	-47	0	0
2065	-47	0	0
2066	-47	0	0
2067	-47	0	0
2068	-47	0	0
2069	-47	0	0
2070	-56	1	0
2071	-56	1	0
2072	-56	1	0
2073	-56	1	0
2074	-56	1	0
2075	-56	1	0
2076	-56	1	0
2077	-56	1	0
2078	-56	1	0
2079	-56	1	0
2080	-74	0	0
2081	-74	0	0
2082	-74	0	0
2083	-74	0	0
2084	-74	0	0
2085	-74	0	0
2086	-74	0	0
2087	-74	0	0
2088	-74	0	0
2089	-74	0	0
2090	-77	0	0
2091	-77	0	0
2092	-77	0	0
2093	-77	0	0
2094	-77	0	0
2095	-77	0	0
2096	-77	0	0
2097	-77	0	0
2098	-77	0	0
2099	-77	0	0
2100	-78	0	0
2101	-78	0	0
2102	-78	0	0
2103	-78	0	0
2104	-78	0	0
2105	-78	0	0
2106	-78	0	0
2107	-78	0	0
2108	-78	0	0
2109	-78	0	0
2110	-77	0	0
2111	-77	0	0
2112	-77	0	0
2113	-77	0	0
2114	-77	0	0
2115	-77	0	0
2116	-77	0	0
2117	-77	0	0
2118	-77	0	0
2119	-77	0	0
2120	-74	0	0
2121	-74	0	0
2122	-74	0	0
2123	-74	0	0
2124	-74	0	0
2125	-74	0	0
2126	-74	0	0
2127	-74	0	0
2128	-74	0	0
2129	-74	0	0
2130	-71	0	0
2131	-71	0	0
2132	-71	0	0
2133	-71	0	0
2134	-71	0	0
2135	-71	0	0
2136	-71	0	0
2137	-71	0	0
2138	-71	0	0
2139	-71	0	0
2140	-68	0	0
2141	-68	0	0
2142	-68	0	0
2143	-68	0	0
2144	-68	0	0
2145	-68	0	0
2146	-68	0	0
2147	-68	0	0
2148	-68	0	0
2149	-68	0	0
2150	-64	1	0
2151	-64	1	0
2152	-64	1	0
2153	-64	1	0
2154	-64	1	0
2155	-64	1	0
2156	-64	1	0
2157	-64	1	0
2158	-64	1	0
2159	-64	1	0
2160	-67	1	0
2161	-67	1	0
2162	-67	1	0
2163	-67	1	0
2164	-67	1	0
2165	-67	1	0
2166	-67	1	0
2167	-67	1	0
2168	-67	1	0
2169	-67	1	0
2170	-72	0	0
2171	-72	0	0
2172	-72	0	0
2173	-72	0	0
2174	-72	0	0
2175	-72	0	0
2176	-72	0	0
2177	-72	0	0
2178	-72	0	0
2179	-72	0	0
2180	-66	1	0
2181	-66	1	0
2182	-66	1	0
2183	-66	1	0
2184	-66	1	0
2185	-66	1	0
2186	-66	1	0
2187	-66	1	0
2188	-66	1	0
2189	-66	1	0
2190	-66	1	0
2191	-66	1	0
2192	-66	1	0
2193	-66	1	0
2194	-66	1	0
2195	-66	1	0
2196	-66	1	0
2197	-66	1	0
2198	-66	1	0
2199	-66	1	0
2200	-65	0	0
2201	-65	0	0
2202	-65	0	0
2203	-65	0	0
2204	-65	0	0
2205	-65	0	0
2206	-65	0	0
2207	-65	0	0
2208	-65	0	0
2209	-65	0	0
2210	-60	1	0
2211	-60	1	0
2212	-60	1	0
2213	-60	1	0
2214	-60	1	0
2215	-60	1	0
2216	-60	1	0
2217	-60	1	0
2218	-60	1	0
2219	-60	1	0
2220	-58	1	0
2221	-58	1	0
2222	-58	1	0
2223	-58	1	0
2224	-58	1	0
2225	-58	1	0
2226	-58	1	0
2227	-58	1	0
2228	-58	1	0
2229	-58	1	0
2230	-51	1	0
2231	-51	1	0
2232	-51	1	0
2233	-51	1	0
2234	-51	1	0
2235	-51	1	0
2236	-51	1	0
2237	-51	1	0
2238	-51	1	0
2239	-51	1	0
2240	-48	1	0
2241	-48	1	0
2242	-48	1	0
2243	-48	1	0
2244	-48	1	0
2245	-48	1	0
2246	-48	1	0
2247	-48	1	0
2248	-48	1	0
2249	-48	1	0
2250	-40	1	0
2251	-40	1	0
2252	-40	1	0
2253	-40	1	0
2254	-40	1	0
2255	-40	1	0
2256	-40	1	0
2257	-40	1	0
2258	-40	1	0
2259	-40	1	0
2260	-32	1	0
2261	-32	1	0
2262	-32	1	0
2263	-32	1	0
2264	-32	1	0
2265	-32	1	0
2266	-32	1	0
2267	-32	1	0
2268	-32	1	0
2269	-32	1	0
2270	-25	1	0
2271	-25	1	0
2272	-25	1	0
2273	-25	1	0
2274	-25	1	0
2275	-25	1	0
2276	-25	1	0
2277	-25	1	0
2278	-25	1	0
2279	-25	1	0
2280	-19	1	0
2281	-19	1	0
2282	-19	1	0
2283	-19	1	0
2284	-19	1	0
2285	-19	1	0
2286	-19	1	0
2287	-19	1	0
2288	-19	1	0
2289	-19	1	0
2290	-14	1	0
2291	-14	1	0
2292	-14	1	0
2293	-14	1	0
2294	-14	1	0
2295	-14	1	0
2296	-14	1	0
2297	-14	1	0
2298	-14	1	0
2299	-14	1	0
2300	-9	1	0
2301	-9	1	0
2302	-9	1	0
2303	-9	1	0
2304	-9	1	0
2305	-9	1	0
2306	-9	1	0
2307	-9	1	0
2308	-9	1	0
2309	-9	1	0
2310	-6	1	0
2311	-6	1	0
2312	-6	1	0
2313	-6	1	0
2314	-6	1	0
2315	-6	1	0
2316	-6	1	0
2317	-6	1	0
2318	-6	1	0
2319	-6	1	0
2320	-3	1	0
2321	-3	1	0
2322	-3	1	0
2323	-3	1	0
2324	-3	1	0
2325	-3	1	0
2326	-3	1	0
2327	-3	1	0
2328	-3	1	0
2329	-3	1	0
2330	-2	1	0
2331	-2	1	0
2332	-2	1	0
2333	-2	1	0
2334	-2	1	0
2335	-2	1	0
2336	-2	1	0
2337	-2	1	0
2338	-2	1	0
2339	-2	1	0
2340	-1	1	0
2341	-1	1	0
2342	-1	1	0
2343	-1	1	0
2344	-1	1	0
2345	-1	1	0
2346	-1	1	0
2347	-1	1	0
2348	-1	1	0
2349	-1	1	0
2350	-1	1	0
2351	-1	1	0
2352	-1	1	0
2353	-1	1	0
2354	-1	1	0
2355	-1	1	0
2356	-1	1	0
2357	-1	1	0
2358	-1	1	0
2359	-1	1	0
2360	0	1	0
2361	0	1	0
2362	0	1	0
2363	0	1	0
2364	0	1	0
2365	0	1	0
2366	0	1	0
2367	0	1	0
2368	0	1	0
2369	0	1	0
2370	-1	1	0
2371	-1	1	0
2372	-1	1	0
2373	-1	1	0
2374	-1	1	0
2375	-1	1	0
2376	-1	1	0
2377	-1	1	0
2378	-1	1	0
2379	-1	1	0
2380	-2	1	0
2381	-2	1	0
2382	-2	1	0
2383	-2	1	0
2384	-2	1	0
2385	-2	1	0
2386	-2	1	0
2387	-2	1	0
2388	-2	1	0
2389	-2	1	0
2390	-3	1	0
2391	-3	1	0
2392	-3	1	0
2393	-3	1	0
2394	-3	1	0
2395	-3	1	0
2396	-3	1	0
2397	-3	1	0
2398	-3	1	0
2399	-3	1	0
2400	-4	1	0
2401	-4	1	0
2402	-4	1	0
2403	-4	1	0
2404	-4	1	0
2405	-4	1	0
2406	-4	1	0
2407	-4	1	0
2408	-4	1	0
2409	-4	1	0
2410	-5	1	0
2411	-5	1	0
2412	-5	1	0
2413	-5	1	0
2414	-5	1	0
2415	-5	1	0
2416	-5	1	0
2417	-5	1	0
2418	-5	1	0
2419	-5	1	0
2420	-7	1	0
2421	-7	1	0
2422	-7	1	0
2423	-7	1	0
2424	-7	1	0
2425	-7	1	0
2426	-7	1	0
2427	-7	1	0
2428	-7	1	0
2429	-7	1	0
2430	-9	1	0
2431	-9	1	0
2432	-9	1	0
2433	-9	1	0
2434	-9	1	0
2435	-9	1	0
2436	-9	1	0
2437	-9	1	0
2438	-9	1	0
2439	-9	1	0
2440	-10	1	0
2441	-10	1	0
2442	-10	1	0
2443	-10	1	0
2444	-10	1	0
2445	-10	1	0
2446	-10	1	0
2447	-10	1	0
2448	-10	1	0
2449	-10	1	0
2450	-12	1	0
2451	-12	1	0
2452	-12	1	0
2453	-12	1	0
2454	-12	1	0
2455	-12	1	0
2456	-12	1	0
2457	-12	1	0
2458	-12	1	0
2459	-12	1	0
2460	-13	1	0
2461	-13	1	0
2462	-13	1	0
2463	-13	1	0
2464	-13	1	0
2465	-13	1	0
2466	-13	1	0
2467	-13	1	0
2468	-13	1	0
2469	-13	1	0
2470	-15	1	0
2471	-15	1	0
2472	-15	1	0
2473	-15	1	0
2474	-15	1	0
2475	-15	1	0
2476	-15	1	0
2477	-15	1	0
2478	-15	1	0
2479	-15	1	0
2480	-16	1	0
2481	-16	1	0
2482	-16	1	0
2483	-16	1	0
2484	-16	1	0
2485	-16	1	0
2486	-16	1	0
2487	-16	1	0
2488	-16	1	0
2489	-16	1	0
2490	-17	1	0
2491	-17	1	0
2492	-17	1	0
2493	-17	1	0
2494	-17	1	0
2495	-17	1	0
2496	-17	1	0
2497	-17	1	0
2498	-17	1	0
2499	-17	1	0
2500	-18	1	0
2501	-18	1	0
2502	-18	1	0
2503	-18	1	0
2504	-18	1	0
2505	-18	1	0
2506	-18	1	0
2507	-18	1	0
2508	-18	1	0
2509	-18	1	0
2510	-19	1	0
2511	-19	1	0
2512	-19	1	0
2513	-19	1	0
2514	-19	1	0
2515	-19	1	0
2516	-19	1	0
2517	-19	1	0
2518	-19	1	0
2519	-19	1	0
2520	-22	1	0
2521	-22	1	0
2522	-22	1	0
2523	-22	1	0
2524	-22	1	0
2525	-22	1	0
2526	-22	1	0
2527	-22	1	0
2528	-22	1	0
2529	-22	1	0
2530	-26	1	0
2531	-26	1	0
2532	-26	1	0
2533	-26	1	0
2534	-26	1	0
2535	-26	1	0
2536	-26	1	0
2537	-26	1	0
2538	-26	1	0
2539	-26	1	0
2540	-33	0	0
2541	-33	0	0
2542	-33	0	0
2543	-33	0	0
2544	-33	0	0
2545	-33	0	0
2546	-33	0	0
2547	-33	0	0
2548	-33	0	0
2549	-33	0	0
2550	-38	0	0
2551	-38	0	0
2552	-38	0	0
2553	-38	0	0
2554	-38	0	0
2555	-38	0	0
2556	-38	0	0
2557	-38	0	0
2558	-38	0	0
2559	-38	0	0
2560	-40	0	0
2561	-40	0	0
2562	-40	0	0
2563	-40	0	0
2564	-40	0	0
2565	-40	0	0
2566	-40	0	0
2567	-40	0	0
2568	-40	0	0
2569	-40	0	0
2570	-45	0	1
2571	-45	0	1
2572	-45	0	1
2573	-45	0	1
2574	-45	0	1
2575	-45	0	1
2576	-45	0	1
2577	-45	0	1
2578	-45	0	1
2579	-45	0	1
2580	-42	0	0
2581	-42	0	0
2582	-42	0	0
2583	-42	0	0
2584	-42	0	0
2585	-42	0	0
2586	-42	0	0
2587	-42	0	0
2588	-42	0	0
2589	-42	0	0
2590	-44	0	0
2591	-44	0	0
2592	-44	0	0
2593	-44	0	0
2594	-44	0	0
2595	-44	0	0
2596	-44	0	0
2597	-44	0	0
2598	-44	0	0
2599	-44	0	0
2600	-47	0	1
2601	-47	0	1
2602	-47	0	1
2603	-47	0	1
2604	-47	0	1
2605	-47	0	1
2606	-47	0	1
2607	-47	0	1
2608	-47	0	1
2609	-47	0	1
2610	-42	0	0
2611	-42	0	0
2612	-42	0	0
2613	-42	0	0
2614	-42	0	0
2615	-42	0	0
2616	-42	0	0
2617	-42	0	0
2618	-42	0	0
2619	-42	0	0
2620	-43	0	0
2621	-43	0	0
2622	-43	0	0
2623	-43	0	0
2624	-43	0	0
2625	-43	0	0
2626	-43	0	0
2627	-43	0	0
2628	-43	0	0
2629	-43	0	0
2630	-43	0	1
2631	-43	0	1
2632	-43	0	1
2633	-43	0	1
2634	-43	0	1
2635	-43	0	1
2636	-43	0	1
2637	-43	0	1
2638	-43	0	1
2639	-43	0	1
2640	-38	0	0
2641	-38	0	0
2642	-38	0	0
2643	-38	0	0
2644	-38	0	0
2645	-38	0	0
2646	-38	0	0
2647	-38	0	0
2648	-38	0	0
2649	-38	0	0
2650	-36	0	0
2651	-36	0	0
2652	-36	0	0
2653	-36	0	0
2654	-36	0	0
2655	-36	0	0
2656	-36	0	0
2657	-36	0	0
2658	-36	0	0
2659	-36	0	0
2660	-34	0	1
2661	-34	0	1
2662	-34	0	1
2663	-34	0	1
2664	-34	0	1
2665	-34	0	1
2666	-34	0	1
2667	-34	0	1
2668	-34	0	1
2669	-34	0	1
2670	-29	0	0
2671	-29	0	0
2672	-29	0	0
2673	-29	0	0
2674	-29	0	0
2675	-29	0	0
2676	-29	0	0
2677	-29	0	0
2678	-29	0	0
2679	-29	0	0
2680	-27	0	0
2681	-27	0	0
2682	-27	0	0
2683	-27	0	0
2684	-27	0	0
2685	-27	0	0
2686	-27	0	0
2687	-27	0	0
2688	-27	0	0
2689	-27	0	0
2690	-24	0	0
2691	-24	0	0
2692	-24	0	0
2693	-24	0	0
2694	-24	0	0
2695	-24	0	0
2696	-24	0	0
2697	-24	0	0
2698	-24	0	0
2699	-24	0	0
2700	-22	1	0
2701	-22	1	0
2702	-22	1	0
2703	-22	1	0
2704	-22	1	0
2705	-22	1	0
2706	-22	1	0
2707	-22	1	0
2708	-22	1	0
2709	-22	1	0
2710	-23	1	0
2711	-23	1	0
2712	-23	1	0
2713	-23	1	0
2714	-23	1	0
2715	-23	1	0
2716	-23	1	0
2717	-23	1	0
2718	-23	1	0
2719	-23	1	0
2720	-22	1	0
2721	-22	1	0
2722	-22	1	0
2723	-22	1	0
2724	-22	1	0
2725	-22	1	0
2726	-22	1	0
2727	-22	1	0
2728	-22	1	0
2729	-22	1	0
2730	-21	1	0
2731	-21	1	0
2732	-21	1	0
2733	-21	1	0
2734	-21	1	0
2735	-21	1	0
2736	-21	1	0
2737	-21	1	0
2738	-21	1	0
2739	-21	1	0
2740	-20	1	0
2741	-20	1	0
2742	-20	1	0
2743	-20	1	0
2744	-20	1	0
2745	-20	1	0
2746	-20	1	0
2747	-20	1	0
2748	-20	1	0
2749	-20	1	0
2750	-17	1	0
2751	-17	1	0
2752	-17	1	0
2753	-17	1	0
2754	-17	1	0
2755	-17	1	0
2756	-17	1	0
2757	-17	1	0
2758	-17	1	0
2759	-17	1	0
2760	-14	1	0
2761	-14	1	0
2762	-14	1	0
2763	-14	1	0
2764	-14	1	0
2765	-14	1	0
2766	-14	1	0
2767	-14	1	0
2768	-14	1	0
2769	-14	1	0
2770	-10	1	0
2771	-10	1	0
2772	-10	1	0
2773	-10	1	0
2774	-10	1	0
2775	-10	1	0
2776	-10	1	0
2777	-10	1	0
2778	-10	1	0
2779	-10	1	0
2780	-8	1	0
2781	-8	1	0
2782	-8	1	0
2783	-8	1	0
2784	-8	1	0
2785	-8	1	0
2786	-8	1	0
2787	-8	1	0
2788	-8	1	0
2789	-8	1	0
2790	-5	1	0
2791	-5	1	0
2792	-5	1	0
2793	-5	1	0
2794	-5	1	0
2795	-5	1	0
2796	-5	1	0
2797	-5	1	0
2798	-5	1	0
2799	-5	1	0
2800	-3	1	0
2801	-3	1	0
2802	-3	1	0
2803	-3	1	0
2804	-3	1	0
2805	-3	1	0
2806	-3	1	0
2807	-3	1	0
2808	-3	1	0
2809	-3	1	0
2810	-2	1	0
2811	-2	1	0
2812	-2	1	0
2813	-2	1	0
2814	-2	1	0
2815	-2	1	0
2816	-2	1	0
2817	-2	1	0
2818	-2	1	0
2819	-2	1	0
2820	-1	1	0
2821	-1	1	0
2822	-1	1	0
2823	-1	1	0
2824	-1	1	0
2825	-1	1	0
2826	-1	1	0
2827	-1	1	0
2828	-1	1	0
2829	-1	1	0
2830	0	1	0
2831	0	1	0
2832	0	1	0
2833	0	1	0
2834	0	1	0
2835	0	1	0
2836	0	1	0
2837	0	1	0
2838	0	1	0
2839	0	1	0
2840	0	1	0
2841	0	1	0
2842	0	1	0
2843	0	1	0
2844	0	1	0
2845	0	1	0
2846	0	1	0
2847	0	1	0
2848	0	1	0
2849	0	1	0
2850	0	1	0
2851	0	1	0
2852	0	1	0
2853	0	1	0
2854	0	1	0
2855	0	1	0
2856	0	1	0
2857	0	1	0
2858	0	1	0
2859	0	1	0
2860	0	1	0
2861	0	1	0
2862	0	1	0
2863	0	1	0
2864	0	1	0
2865	0	1	0
2866	0	1	0
2867	0	1	0
2868	0	1	0
2869	0	1	0
2870	0	1	0
2871	0	1	0
2872	0	1	0
2873	0	1	0
2874	0	1	0
2875	0	1	0
2876	0	1	0
2877	0	1	0
2878	0	1	0
2879	0	1	0
2880	0	1	0
2881	0	1	0
2882	0	1	0
2883	0	1	0
2884	0	1	0
2885	0	1	0
2886	0	1	0
2887	0	1	0
2888	0	1	0
2889	0	1	0
2890	0	1	0
2891	0	1	0
2892	0	1	0
2893	0	1	0
2894	0	1	0
2895	0	1	0
2896	0	1	0
2897	0	1	0
2898	0	1	0
2899	0	1	0
2900	0	1	0
2901	0	1	0
2902	0	1	0
2903	0	1	0
2904	0	1	0
2905	0	1	0
2906	0	1	0
2907	0	1	0
2908	0	1	0
2909	0	1	0
2910	0	1	0
2911	0	1	0
2912	0	1	0
2913	0	1	0
2914	0	1	0
2915	0	1	0
2916	0	1	0
2917	0	1	0
2918	0	1	0
2919	0	1	0
2920	0	1	0
2921	0	1	0
2922	0	1	0
2923	0	1	0
2924	0	1	0
2925	0	1	0
2926	0	1	0
2927	0	1	0
2928	0	1	0
2929	0	1	0
2930	0	1	0
2931	0	1	0
2932	0	1	0
2933	0	1	0
2934	0	1	0
2935	0	1	0
2936	0	1	0
2937	0	1	0
2938	0	1	0
2939	0	1	0
2940	0	1	0
2941	0	1	0
2942	0	1	0
2943	0	1	0
2944	0	1	0
2945	0	1	0
2946	0	1	0
2947	0	1	0
2948	0	1	0
2949	0	1	0
2950	0	1	0
2951	0	1	0
2952	0	1	0
2953	0	1	0
2954	0	1	0
2955	0	1	0
2956	0	1	0
2957	0	1	0
2958	0	1	0
2959	0	1	0
2960	0	1	0
2961	0	1	0
2962	0	1	0
2963	0	1	0
2964	0	1	0
2965	0	1	0
2966	0	1	0
2967	0	1	0
2968	0	1	0
2969	0	1	0
2970	0	1	0
2971	0	1	0
2972	0	1	0
2973	0	1	0
2974	0	1	0
2975	0	1	0
2976	0	1	0
2977	0	1	0
2978	0	1	0
2979	0	1	0
2980	0	0	0
2981	0	0	0
2982	0	0	0
2983	0	0	0
2984	0	0	0
2985	0	0	0
2986	0	0	0
2987	0	0	0
2988	0	0	0
2989	0	0	0
2990	0	1	0
2991	0	1	0
2992	0	1	0
2993	0	1	0
2994	0	1	0
2995	0	1	0
2996	0	1	0
2997	0	1	0
2998	0	1	0
2999	0	1	0
3000	0	0	0
3001	0	0	0
3002	0	0	0
3003	0	0	0
3004	0	0	0
3005	0	0	0
3006	0	0	0
3007	0	0	0
3008	0	0	0
3009	0	0	0
3010	0	1	0
3011	0	1	0
3012	0	1	0
3013	0	1	0
3014	0	1	0
3015	0	1	0
3016	0	1	0
3017	0	1	0
3018	0	1	0
3019	0	1	0
3020	0	1	0
3021	0	1	0
3022	0	1	0
3023	0	1	0
3024	0	1	0
3025	0	1	0
3026	0	1	0
3027	0	1	0
3028	0	1	0
3029	0	1	0
3030	0	0	0
3031	0	0	0
3032	0	0	0
3033	0	0	0
3034	0	0	0
3035	0	0	0
3036	0	0	0
3037	0	0	0
3038	0	0	0
3039	0	0	0
3040	0	1	0
3041	0	1	0
3042	0	1	0
3043	0	1	0
3044	0	1	0
3045	0	1	0
3046	0	1	0
3047	0	1	0
3048	0	1	0
3049	0	1	0
3050	0	0	0
3051	0	0	0
3052	0	0	0
3053	0	0	0
3054	0	0	0
3055	0	0	0
3056	0	0	0
3057	0	0	0
3058	0	0	0
3059	0	0	0
3060	0	1	0
3061	0	1	0
3062	0	1	0
3063	0	1	0
3064	0	1	0
3065	0	1	0
3066	0	1	0
3067	0	1	0
3068	0	1	0
3069	0	1	0
3070	0	1	0
3071	0	1	0
3072	0	1	0
3073	0	1	0
3074	0	1	0
3075	0	1	0
3076	0	1	0
3077	0	1	0
3078	0	1	0
3079	0	1	0
3080	0	0	0
3081	0	0	0
3082	0	0	0
3083	0	0	0
3084	0	0	0
3085	0	0	0
3086	0	0	0
3087	0	0	0
3088	0	0	0
3089	0	0	0
3090	0	1	0
3091	0	1	0
3092	0	1	0
3093	0	1	0
3094	0	1	0
3095	0	1	0
3096	0	1	0
3097	0	1	0
3098	0	1	0
3099	0	1	0
3100	0	1	0
3101	0	1	0
3102	0	1	0
3103	0	1	0
3104	0	1	0
3105	0	1	0
3106	0	1	0
3107	0	1	0
3108	0	1	0
3109	0	1	0
3110	0	0	0
3111	0	0	0
3112	0	0	0
3113	0	0	0
3114	0	0	0
3115	0	0	0
3116	0	0	0
3117	0	0	0
3118	0	0	0
3119	0	0	0
3120	0	1	0
3121	0	1	0
3122	0	1	0
3123	0	1	0
3124	0	1	0
3125	0	1	0
3126	0	1	0
3127	0	1	0
3128	0	1	0
3129	0	1	0
3130	0	0	0
3131	0	0	0
3132	0	0	0
3133	0	0	0
3134	0	0	0
3135	0	0	0
3136	0	0	0
3137	0	0	0
3138	0	0	0
3139	0	0	0
3140	0	1	0
3141	0	1	0
3142	0	1	0
3143	0	1	0
3144	0	1	0
3145	0	1	0
3146	0	1	0
3147	0	1	0
3148	0	1	0
3149	0	1	0
3150	0	1	0
3151	0	1	0
3152	0	1	0
3153	0	1	0
3154	0	1	0
3155	0	1	0
3156	0	1	0
3157	0	1	0
3158	0	1	0
3159	0	1	0
3160	0	0	0
3161	0	0	0
3162	0	0	0
3163	0	0	0
3164	0	0	0
3165	0	0	0
3166	0	0	0
3167	0	0	0
3168	0	0	0
3169	0	0	0
3170	0	1	0
3171	0	1	0
3172	0	1	0
3173	0	1	0
3174	0	1	0
3175	0	1	0
3176	0	1	0
3177	0	1	0
3178	0	1	0
3179	0	1	0
3180	0	0	0
3181	0	0	0
3182	0	0	0
3183	0	0	0
3184	0	0	0
3185	0	0	0
3186	0	0	0
3187	0	0	0
3188	0	0	0
3189	0	0	0
3190	0	1	0
3191	0	1	0
3192	0	1	0
3193	0	1	0
3194	0	1	0
3195	0	1	0
3196	0	1	0
3197	0	1	0
3198	0	1	0
3199	0	1	0
3200	0	1	0
3201	0	1	0
3202	0	1	0
3203	0	1	0
3204	0	1	0
3205	0	1	0
3206	0	1	0
3207	0	1	0
3208	0	1	0
3209	0	1	0
3210	0	0	0
3211	0	0	0
3212	0	0	0
3213	0	0	0
3214	0	0	0
3215	0	0	0
3216	0	0	0
3217	0	0	0
3218	0	0	0
3219	0	0	0
3220	0	1	0
3221	0	1	0
3222	0	1	0
3223	0	1	0
3224	0	1	0
3225	0	1	0
3226	0	1	0
3227	0	1	0
3228	0	1	0
3229	0	1	0
3230	0	1	0
3231	0	1	0
3232	0	1	0
3233	0	1	0
3234	0	1	0
3235	0	1	0
3236	0	1	0
3237	0	1	0
3238	0	1	0
3239	0	1	0
3240	0	0	0
3241	0	0	0
3242	0	0	0
3243	0	0	0
3244	0	0	0
3245	0	0	0
3246	0	0	0
3247	0	0	0
3248	0	0	0
3249	0	0	0
3250	0	1	0
3251	0	1	0
3252	0	1	0
3253	0	1	0
3254	0	1	0
3255	0	1	0
3256	0	1	0
3257	0	1	0
3258	0	1	0
3259	0	1	0
3260	0	0	0
3261	0	0	0
3262	0	0	0
3263	0	0	0
3264	0	0	0
3265	0	0	0
3266	0	0	0
3267	0	0	0
3268	0	0	0
3269	0	0	0
3270	-1	1	0
3271	-1	1	0
3272	-1	1	0
3273	-1	1	0
3274	-1	1	0
3275	-1	1	0
3276	-1	1	0
3277	-1	1	0
3278	-1	1	0
3279	-1	1	0
3280	-1	1	0
3281	-1	1	0
3282	-1	1	0
3283	-1	1	0
3284	-1	1	0
3285	-1	1	0
3286	-1	1	0
3287	-1	1	0
3288	-1	1	0
3289	-1	1	0
3290	-1	0	0
3291	-1	0	0
3292	-1	0	0
3293	-1	0	0
3294	-1	0	0
3295	-1	0	0
3296	-1	0	0
3297	-1	0	0
3298	-1	0	0
3299	-1	0	0
3300	-1	1	0
3301	-1	1	0
3302	-1	1	0
3303	-1	1	0
3304	-1	1	0
3305	-1	1	0
3306	-1	1	0
3307	-1	1	0
3308	-1	1	0
3309	-1	1	0
3310	0	0	0
3311	0	0	0
3312	0	0	0
3313	0	0	0
3314	0	0	0
3315	0	0	0
3316	0	0	0
3317	0	0	0
3318	0	0	0
3319	0	0	0
3320	0	1	0
3321	0	1	0
3322	0	1	0
3323	0	1	0
3324	0	1	0
3325	0	1	0
3326	0	1	0
3327	0	1	0
3328	0	1	0
3329	0	1	0
3330	0	1	0
3331	0	1	0
3332	0	1	0
3333	0	1	0
3334	0	1	0
3335	0	1	0
3336	0	1	0
3337	0	1	0
3338	0	1	0
3339	0	1	0
3340	0	0	0
3341	0	0	0
3342	0	0	0
3343	0	0	0
3344	0	0	0
3345	0	0	0
3346	0	0	0
3347	0	0	0
3348	0	0	0
3349	0	0	0
3350	0	1	0
3351	0	1	0
3352	0	1	0
3353	0	1	0
3354	0	1	0
3355	0	1	0
3356	0	1	0
3357	0	1	0
3358	0	1	0
3359	0	1	0
3360	0	1	0
3361	0	1	0
3362	0	1	0
3363	0	1	0
3364	0	1	0
3365	0	1	0
3366	0	1	0
3367	0	1	0
3368	0	1	0
3369	0	1	0
3370	0	0	0
3371	0	0	0
3372	0	0	0
3373	0	0	0
3374	0	0	0
3375	0	0	0
3376	0	0	0
3377	0	0	0
3378	0	0	0
3379	0	0	0
3380	0	1	0
3381	0	1	0
3382	0	1	0
3383	0	1	0
3384	0	1	0
3385	0	1	0
3386	0	1	0
3387	0	1	0
3388	0	1	0
3389	0	1	0
3390	0	0	0
3391	0	0	0
3392	0	0	0
3393	0	0	0
3394	0	0	0
3395	0	0	0
3396	0	0	0
3397	0	0	0
3398	0	0	0
3399	0	0	0
3400	0	1	0
3401	0	1	0
3402	0	1	0
3403	0	1	0
3404	0	1	0
3405	0	1	0
3406	0	1	0
3407	0	1	0
3408	0	1	0
3409	0	1	0
3410	0	1	0
3411	0	1	0
3412	0	1	0
3413	0	1	0
3414	0	1	0
3415	0	1	0
3416	0	1	0
3417	0	1	0
3418	0	1	0
3419	0	1	0
3420	0	0	0
3421	0	0	0
3422	0	0	0
3423	0	0	0
3424	0	0	0
3425	0	0	0
3426	0	0	0
3427	0	0	0
3428	0	0	0
3429	0	0	0
3430	0	1	0
3431	0	1	0
3432	0	1	0
3433	0	1	0
3434	0	1	0
3435	0	1	0
3436	0	1	0
3437	0	1	0
3438	0	1	0
3439	0	1	0
3440	0	0	0
3441	0	0	0
3442	0	0	0
3443	0	0	0
3444	0	0	0
3445	0	0	0
3446	0	0	0
3447	0	0	0
3448	0	0	0
3449	0	0	0
3450	0	1	0
3451	0	1	0
3452	0	1	0
3453	0	1	0
3454	0	1	0
3455	0	1	0
3456	0	1	0
3457	0	1	0
3458	0	1	0
3459	0	1	0
3460	0	1	0
3461	0	1	0
3462	0	1	0
3463	0	1	0
3464	0	1	0
3465	0	1	0
3466	0	1	0
3467	0	1	0
3468	0	1	0
3469	0	1	0
3470	0	0	0
3471	0	0	0
3472	0	0	0
3473	0	0	0
3474	0	0	0
3475	0	0	0
3476	0	0	0
3477	0	0	0
3478	0	0	0
3479	0	0	0
3480	0	1	0
3481	0	1	0
3482	0	1	0
3483	0	1	0
3484	0	1	0
3485	0	1	0
3486	0	1	0
3487	0	1	0
3488	0	1	0
3489	0	1	0
3490	0	1	0
3491	0	1	0
3492	0	1	0
3493	0	1	0
3494	0	1	0
3495	0	1	0
3496	0	1	0
3497	0	1	0
3498	0	1	0
3499	0	1	0
3500	0	0	0
3501	0	0	0
3502	0	0	0
3503	0	0	0
3504	0	0	0
3505	0	0	0
3506	0	0	0
3507	0	0	0
3508	0	0	0
3509	0	0	0
3510	0	1	0
3511	0	1	0
3512	0	1	0
3513	0	1	0
3514	0	1	0
3515	0	1	0
3516	0	1	0
3517	0	1	0
3518	0	1	0
3519	0	1	0
3520	0	0	0
3521	0	0	0
3522	0	0	0
3523	0	0	0
3524	0	0	0
3525	0	0	0
3526	0	0	0
3527	0	0	0
3528	0	0	0
3529	0	0	0
3530	0	1	0
3531	0	1	0
3532	0	1	0
3533	0	1	0
3534	0	1	0
3535	0	1	0
3536	0	1	0
3537	0	1	0
3538	0	1	0
3539	0	1	0
3540	0	1	0
3541	0	1	0
3542	0	1	0
3543	0	1	0
3544	0	1	0
3545	0	1	0
3546	0	1	0
3547	0	1	0
3548	0	1	0
3549	0	1	0
3550	0	0	0
3551	0	0	0
3552	0	0	0
3553	0	0	0
3554	0	0	0
3555	0	0	0
3556	0	0	0
3557	0	0	0
3558	0	0	0
3559	0	0	0
3560	0	1	0
3561	0	1	0
3562	0	1	0
3563	0	1	0
3564	0	1	0
3565	0	1	0
3566	0	1	0
3567	0	1	0
3568	0	1	0
3569	0	1	0
3570	0	0	0
3571	0	0	0
3572	0	0	0
3573	0	0	0
3574	0	0	0
3575	0	0	0
3576	0	0	0
3577	0	0	0
3578	0	0	0
3579	0	0	0
3580	0	1	0
3581	0	1	0
3582	0	1	0
3583	0	1	0
3584	0	1	0
3585	0	1	0
3586	0	1	0
3587	0	1	0
3588	0	1	0
3589	0	1	0
3590	0	1	0
3591	0	1	0
3592	0	1	0
3593	0	1	0
3594	0	1	0
3595	0	1	0
3596	0	1	0
3597	0	1	0
3598	0	1	0
3599	0	1	0
3600	0	0	0
3601	0	0	0
3602	0	0	0
3603	0	0	0
3604	0	0	0
3605	0	0	0
3606	0	0	0
3607	0	0	0
3608	0	0	0
3609	0	0	0
3610	-1	1	0
3611	-1	1	0
3612	-1	1	0
3613	-1	1	0
3614	-1	1	0
3615	-1	1	0
3616	-1	1	0
3617	-1	1	0
3618	-1	1	0
3619	-1	1	0
3620	-1	0	0
3621	-1	0	0
3622	-1	0	0
3623	-1	0	0
3624	-1	0	0
3625	-1	0	0
3626	-1	0	0
3627	-1	0	0
3628	-1	0	0
3629	-1	0	0
3630	-1	1	0
3631	-1	1	0
3632	-1	1	0
3633	-1	1	0
3634	-1	1	0
3635	-1	1	0
3636	-1	1	0
3637	-1	1	0
3638	-1	1	0
3639	-1	1	0
3640	-1	1	0
3641	-1	1	0
3642	-1	1	0
3643	-1	1	0
3644	-1	1	0
3645	-1	1	0
3646	-1	1	0
3647	-1	1	0
3648	-1	1	0
3649	-1	1	0
3650	0	0	0
3651	0	0	0
3652	0	0	0
3653	0	0	0
3654	0	0	0
3655	0	0	0
3656	0	0	0
3657	0	0	0
3658	0	0	0
3659	0	0	0
3660	0	1	0
3661	0	1	0
3662	0	1	0
3663	0	1	0
3664	0	1	0
3665	0	1	0
3666	0	1	0
3667	0	1	0
3668	0	1	0
3669	0	1	0
3670	0	0	0
3671	0	0	0
3672	0	0	0
3673	0	0	0
3674	0	0	0
3675	0	0	0
3676	0	0	0
3677	0	0	0
3678	0	0	0
3679	0	0	0
3680	0	1	0
3681	0	1	0
3682	0	1	0
3683	0	1	0
3684	0	1	0
3685	0	1	0
3686	0	1	0
3687	0	1	0
3688	0	1	0
3689	0	1	0
3690	-1	1	0
3691	-1	1	0
3692	-1	1	0
3693	-1	1	0
3694	-1	1	0
3695	-1	1	0
3696	-1	1	0
3697	-1	1	0
3698	-1	1	0
3699	-1	1	0
3700	-1	0	0
3701	-1	0	0
3702	-1	0	0
3703	-1	0	0
3704	-1	0	0
3705	-1	0	0
3706	-1	0	0
3707	-1	0	0
3708	-1	0	0
3709	-1	0	0
3710	0	1	0
3711	0	1	0
3712	0	1	0
3713	0	1	0
3714	0	1	0
3715	0	1	0
3716	0	1	0
3717	0	1	0
3718	0	1	0
3719	0	1	0
3720	0	0	0
3721	0	0	0
3722	0	0	0
3723	0	0	0
3724	0	0	0
3725	0	0	0
3726	0	0	0
3727	0	0	0
3728	0	0	0
3729	0	0	0
3730	0	1	0
3731	0	1	0
3732	0	1	0
3733	0	1	0
3734	0	1	0
3735	0	1	0
3736	0	1	0
3737	0	1	0
3738	0	1	0
3739	0	1	0
3740	0	1	0
3741	0	1	0
3742	0	1	0
3743	0	1	0
3744	0	1	0
3745	0	1	0
3746	0	1	0
3747	0	1	0
3748	0	1	0
3749	0	1	0
3750	0	0	0
3751	0	0	0
3752	0	0	0
3753	0	0	0
3754	0	0	0
3755	0	0	0
3756	0	0	0
3757	0	0	0
3758	0	0	0
3759	0	0	0
3760	0	1	0
3761	0	1	0
3762	0	1	0
3763	0	1	0
3764	0	1	0
3765	0	1	0
3766	0	1	0
3767	0	1	0
3768	0	1	0
3769	0	1	0
3770	0	0	0
3771	0	0	0
3772	0	0	0
3773	0	0	0
3774	0	0	0
3775	0	0	0
3776	0	0	0
3777	0	0	0
3778	0	0	0
3779	0	0	0
3780	0	1	0
3781	0	1	0
3782	0	1	0
3783	0	1	0
3784	0	1	0
3785	0	1	0
3786	0	1	0
3787	0	1	0
3788	0	1	0
3789	0	1	0
3790	-1	1	0
3791	-1	1	0
3792	-1	1	0
3793	-1	1	0
3794	-1	1	0
3795	-1	1	0
3796	-1	1	0
3797	-1	1	0
3798	-1	1	0
3799	-1	1	0
3800	-1	0	0
3801	-1	0	0
3802	-1	0	0
3803	-1	0	0
3804	-1	0	0
3805	-1	0	0
3806	-1	0	0
3807	-1	0	0
3808	-1	0	0
3809	-1	0	0
3810	-1	1	0
3811	-1	1	0
3812	-1	1	0
3813	-1	1	0
3814	-1	1	0
3815	-1	1	0
3816	-1	1	0
3817	-1	1	0
3818	-1	1	0
3819	-1	1	0
3820	-1	0	0
3821	-1	0	0
3822	-1	0	0
3823	-1	0	0
3824	-1	0	0
3825	-1	0	0
3826	-1	0	0
3827	-1	0	0
3828	-1	0	0
3829	-1	0	0
3830	-1	1	0
3831	-1	1	0
3832	-1	1	0
3833	-1	1	0
3834	-1	1	0
3835	-1	1	0
3836	-1	1	0
3837	-1	1	0
3838	-1	1	0
3839	-1	1	0
3840	-2	1	0
3841	-2	1	0
3842	-2	1	0
3843	-2	1	0
3844	-2	1	0
3845	-2	1	0
3846	-2	1	0
3847	-2	1	0
3848	-2	1	0
3849	-2	1	0
3850	-4	0	0
3851	-4	0	0
3852	-4	0	0
3853	-4	0	0
3854	-4	0	0
3855	-4	0	0
3856	-4	0	0
3857	-4	0	0
3858	-4	0	0
3859	-4	0	0
3860	-6	1	0
3861	-6	1	0
3862	-6	1	0
3863	-6	1	0
3864	-6	1	0
3865	-6	1	0
3866	-6	1	0
3867	-6	1	0
3868	-6	1	0
3869	-6	1	0
3870	-12	0	0
3871	-12	0	0
3872	-12	0	0
3873	-12	0	0
3874	-12	0	0
3875	-12	0	0
3876	-12	0	0
3877	-12	0	0
3878	-12	0	0
3879	-12	0	0
3880	-15	1	0
3881	-15	1	0
3882	-15	1	0
3883	-15	1	0
3884	-15	1	0
3885	-15	1	0
3886	-15	1	0
3887	-15	1	0
3888	-15	1	0
3889	-15	1	0
3890	-22	0	0
3891	-22	0	0
3892	-22	0	0
3893	-22	0	0
3894	-22	0	0
3895	-22	0	0
3896	-22	0	0
3897	-22	0	0
3898	-22	0	0
3899	-22	0	0
3900	-26	0	0
3901	-26	0	0
3902	-26	0	0
3903	-26	0	0
3904	-26	0	0
3905	-26	0	0
3906	-26	0	0
3907	-26	0	0
3908	-26	0	0
3909	-26	0	0
3910	-29	0	0
3911	-29	0	0
3912	-29	0	0
3913	-29	0	0
3914	-29	0	0
3915	-29	0	0
3916	-29	0	0
3917	-29	0	0
3918	-29	0	0
3919	-29	0	0
3920	-31	0	1
3921	-31	0	1
3922	-31	0	1
3923	-31	0	1
3924	-31	0	1
3925	-31	0	1
3926	-31	0	1
3927	-31	0	1
3928	-31	0	1
3929	-31	0	1
3930	-29	0	0
3931	-29	0	0
3932	-29	0	0
3933	-29	0	0
3934	-29	0	0
3935	-29	0	0
3936	-29	0	0
3937	-29	0	0
3938	-29	0	0
3939	-29	0	0
3940	-30	0	0
3941	-30	0	0
3942	-30	0	0
3943	-30	0	0
3944	-30	0	0
3945	-30	0	0
3946	-30	0	0
3947	-30	0	0
3948	-30	0	0
3949	-30	0	0
3950	-31	0	0
3951	-31	0	0
3952	-31	0	0
3953	-31	0	0
3954	-31	0	0
3955	-31	0	0
3956	-31	0	0
3957	-31	0	0
3958	-31	0	0
3959	-31	0	0
3960	-33	0	1
3961	-33	0	1
3962	-33	0	1
3963	-33	0	1
3964	-33	0	1
3965	-33	0	1
3966	-33	0	1
3967	-33	0	1
3968	-33	0	1
3969	-33	0	1
3970	-31	0	0
3971	-31	0	0
3972	-31	0	0
3973	-31	0	0
3974	-31	0	0
3975	-31	0	0
3976	-31	0	0
3977	-31	0	0
3978	-31	0	0
3979	-31	0	0
3980	-30	1	0
3981	-30	1	0
3982	-30	1	0
3983	-30	1	0
3984	-30	1	0
3985	-30	1	0
3986	-30	1	0
3987	-30	1	0
3988	-30	1	0
3989	-30	1	0
3990	-32	1	0
3991	-32	1	0
3992	-32	1	0
3993	-32	1	0
3994	-32	1	0
3995	-32	1	0
3996	-32	1	0
3997	-32	1	0
3998	-32	1	0
3999	-32	1	0
4000	-37	1	0
4001	-37	1	0
4002	-37	1	0
4003	-37	1	0
4004	-37	1	0
4005	-37	1	0
4006	-37	1	0
4007	-37	1	0
4008	-37	1	0
4009	-37	1	0
4010	-42	1	0
4011	-42	1	0
4012	-42	1	0
4013	-42	1	0
4014	-42	1	0
4015	-42	1	0
4016	-42	1	0
4017	-42	1	0
4018	-42	1	0
4019	-42	1	0
4020	-47	1	0
4021	-47	1	0
4022	-47	1	0
4023	-47	1	0
4024	-47	1	0
4025	-47	1	0
4026	-47	1	0
4027	-47	1	0
4028	-47	1	0
4029	-47	1	0
4030	-51	0	1
4031	-51	0	1
4032	-51	0	1
4033	-51	0	1
4034	-51	0	1
4035	-51	0	1
4036	-51	0	1
4037	-51	0	1
4038	-51	0	1
4039	-51	0	1
4040	-47	0	1
4041	-47	0	1
4042	-47	0	1
4043	-47	0	1
4044	-47	0	1
4045	-47	0	1
4046	-47	0	1
4047	-47	0	1
4048	-47	0	1
4049	-47	0	1
4050	-41	0	0
4051	-41	0	0
4052	-41	0	0
4053	-41	0	0
4054	-41	0	0
4055	-41	0	0
4056	-41	0	0
4057	-41	0	0
4058	-41	0	0
4059	-41	0	0
4060	-38	1	0
4061	-38	1	0
4062	-38	1	0
4063	-38	1	0
4064	-38	1	0
4065	-38	1	0
4066	-38	1	0
4067	-38	1	0
4068	-38	1	0
4069	-38	1	0
4070	-40	1	0
4071	-40	1	0
4072	-40	1	0
4073	-40	1	0
4074	-40	1	0
4075	-40	1	0
4076	-40	1	0
4077	-40	1	0
4078	-40	1	0
4079	-40	1	0
4080	-43	1	0
4081	-43	1	0
4082	-43	1	0
4083	-43	1	0
4084	-43	1	0
4085	-43	1	0
4086	-43	1	0
4087	-43	1	0
4088	-43	1	0
4089	-43	1	0
4090	-46	1	0
4091	-46	1	0
4092	-46	1	0
4093	-46	1	0
4094	-46	1	0
4095	-46	1	0
4096	-46	1	0
4097	-46	1	0
4098	-46	1	0
4099	-46	1	0
4100	-52	0	0
4101	-52	0	0
4102	-52	0	0
4103	-52	0	0
4104	-52	0	0
4105	-52	0	0
4106	-52	0	0
4107	-52	0	0
4108	-52	0	0
4109	-52	0	0
4110	-52	1	0
4111	-52	1	0
4112	-52	1	0
4113	-52	1	0
4114	-52	1	0
4115	-52	1	0
4116	-52	1	0
4117	-52	1	0
4118	-52	1	0
4119	-52	1	0
4120	-57	0	0
4121	-57	0	0
4122	-57	0	0
4123	-57	0	0
4124	-57	0	0
4125	-57	0	0
4126	-57	0	0
4127	-57	0	0
4128	-57	0	0
4129	-57	0	0
4130	-56	0	0
4131	-56	0	0
4132	-56	0	0
4133	-56	0	0
4134	-56	0	0
4135	-56	0	0
4136	-56	0	0
4137	-56	0	0
4138	-56	0	0
4139	-56	0	0
4140	-54	1	0
4141	-54	1	0
4142	-54	1	0
4143	-54	1	0
4144	-54	1	0
4145	-54	1	0
4146	-54	1	0
4147	-54	1	0
4148	-54	1	0
4149	-54	1	0
4150	-59	0	0
4151	-59	0	0
4152	-59	0	0
4153	-59	0	0
4154	-59	0	0
4155	-59	0	0
4156	-59	0	0
4157	-59	0	0
4158	-59	0	0
4159	-59	0	0
4160	-59	0	0
4161	-59	0	0
4162	-59	0	0
4163	-59	0	0
4164	-59	0	0
4165	-59	0	0
4166	-59	0	0
4167	-59	0	0
4168	-59	0	0
4169	-59	0	0
4170	-57	0	1
4171	-57	0	1
4172	-57	0	1
4173	-57	0	1
4174	-57	0	1
4175	-57	0	1
4176	-57	0	1
4177	-57	0	1
4178	-57	0	1
4179	-57	0	1
4180	-50	0	0
4181	-50	0	0
4182	-50	0	0
4183	-50	0	0
4184	-50	0	0
4185	-50	0	0
4186	-50	0	0
4187	-50	0	0
4188	-50	0	0
4189	-50	0	0
4190	-47	0	1
4191	-47	0	1
4192	-47	0	1
4193	-47	0	1
4194	-47	0	1
4195	-47	0	1
4196	-47	0	1
4197	-47	0	1
4198	-47	0	1
4199	-47	0	1
4200	-42	0	0
4201	-42	0	0
4202	-42	0	0
4203	-42	0	0
4204	-42	0	0
4205	-42	0	0
4206	-42	0	0
4207	-42	0	0
4208	-42	0	0
4209	-42	0	0
4210	-39	1	0
4211	-39	1	0
4212	-39	1	0
4213	-39	1	0
4214	-39	1	0
4215	-39	1	0
4216	-39	1	0
4217	-39	1	0
4218	-39	1	0
4219	-39	1	0
4220	-43	1	0
4221	-43	1	0
4222	-43	1	0
4223	-43	1	0
4224	-43	1	0
4225	-43	1	0
4226	-43	1	0
4227	-43	1	0
4228	-43	1	0
4229	-43	1	0
4230	-46	0	0
4231	-46	0	0
4232	-46	0	0
4233	-46	0	0
4234	-46	0	0
4235	-46	0	0
4236	-46	0	0
4237	-46	0	0
4238	-46	0	0
4239	-46	0	0
4240	-44	0	0
4241	-44	0	0
4242	-44	0	0
4243	-44	0	0
4244	-44	0	0
4245	-44	0	0
4246	-44	0	0
4247	-44	0	0
4248	-44	0	0
4249	-44	0	0
4250	-40	0	0
4251	-40	0	0
4252	-40	0	0
4253	-40	0	0
4254	-40	0	0
4255	-40	0	0
4256	-40	0	0
4257	-40	0	0
4258	-40	0	0
4259	-40	0	0
4260	-36	0	0
4261	-36	0	0
4262	-36	0	0
4263	-36	0	0
4264	-36	0	0
4265	-36	0	0
4266	-36	0	0
4267	-36	0	0
4268	-36	0	0
4269	-36	0	0
4270	-32	1	0
4271	-32	1	0
4272	-32	1	0
4273	-32	1	0
4274	-32	1	0
4275	-32	1	0
4276	-32	1	0
4277	-32	1	0
4278	-32	1	0
4279	-32	1	0
4280	-31	0	0
4281	-31	0	0
4282	-31	0	0
4283	-31	0	0
4284	-31	0	0
4285	-31	0	0
4286	-31	0	0
4287	-31	0	0
4288	-31	0	0
4289	-31	0	0
4290	-26	1	0
4291	-26	1	0
4292	-26	1	0
4293	-26	1	0
4294	-26	1	0
4295	-26	1	0
4296	-26	1	0
4297	-26	1	0
4298	-26	1	0
4299	-26	1	0
4300	-23	1	0
4301	-23	1	0
4302	-23	1	0
4303	-23	1	0
4304	-23	1	0
4305	-23	1	0
4306	-23	1	0
4307	-23	1	0
4308	-23	1	0
4309	-23	1	0
4310	-20	1	0
4311	-20	1	0
4312	-20	1	0
4313	-20	1	0
4314	-20	1	0
4315	-20	1	0
4316	-20	1	0
4317	-20	1	0
4318	-20	1	0
4319	-20	1	0
4320	-18	1	0
4321	-18	1	0
4322	-18	1	0
4323	-18	1	0
4324	-18	1	0
4325	-18	1	0
4326	-18	1	0
4327	-18	1	0
4328	-18	1	0
4329	-18	1	0
4330	-15	1	0
4331	-15	1	0
4332	-15	1	0
4333	-15	1	0
4334	-15	1	0
4335	-15	1	0
4336	-15	1	0
4337	-15	1	0
4338	-15	1	0
4339	-15	1	0
4340	-12	1	0
4341	-12	1	0
4342	-12	1	0
4343	-12	1	0
4344	-12	1	0
4345	-12	1	0
4346	-12	1	0
4347	-12	1	0
4348	-12	1	0
4349	-12	1	0
4350	-9	1	0
4351	-9	1	0
4352	-9	1	0
4353	-9	1	0
4354	-9	1	0
4355	-9	1	0
4356	-9	1	0
4357	-9	1	0
4358	-9	1	0
4359	-9	1	0
4360	-6	1	0
4361	-6	1	0
4362	-6	1	0
4363	-6	1	0
4364	-6	1	0
4365	-6	1	0
4366	-6	1	0
4367	-6	1	0
4368	-6	1	0
4369	-6	1	0
4370	-4	1	0
4371	-4	1	0
4372	-4	1	0
4373	-4	1	0
4374	-4	1	0
4375	-4	1	0
4376	-4	1	0
4377	-4	1	0
4378	-4	1	0
4379	-4	1	0
4380	-1	1	0
4381	-1	1	0
4382	-1	1	0
4383	-1	1	0
4384	-1	1	0
4385	-1	1	0
4386	-1	1	0
4387	-1	1	0
4388	-1	1	0
4389	-1	1	0
4390	1	1	0
4391	1	1	0
4392	1	1	0
4393	1	1	0
4394	1	1	0
4395	1	1	0
4396	1	1	0
4397	1	1	0
4398	1	1	0
4399	1	1	0
4400	5	1	0
4401	5	1	0
4402	5	1	0
4403	5	1	0
4404	5	1	0
4405	5	1	0
4406	5	1	0
4407	5	1	0
4408	5	1	0
4409	5	1	0
4410	9	1	0
4411	9	1	0
4412	9	1	0
4413	9	1	0
4414	9	1	0
4415	9	1	0
4416	9	1	0
4417	9	1	0
4418	9	1	0
4419	9	1	0
4420	16	1	0
4421	16	1	0
4422	16	1	0
4423	16	1	0
4424	16	1	0
4425	16	1	0
4426	16	1	0
4427	16	1	0
4428	16	1	0
4429	16	1	0
4430	24	1	0
4431	24	1	0
4432	24	1	0
4433	24	1	0
4434	24	1	0
4435	24	1	0
4436	24	1	0
4437	24	1	0
4438	24	1	0
4439	24	1	0
4440	32	1	0
4441	32	1	0
4442	32	1	0
4443	32	1	0
4444	32	1	0
4445	32	1	0
4446	32	1	0
4447	32	1	0
4448	32	1	0
4449	32	1	0
4450	42	0	0
4451	42	0	0
4452	42	0	0
4453	42	0	0
4454	42	0	0
4455	42	0	0
4456	42	0	0
4457	42	0	0
4458	42	0	0
4459	42	0	0
4460	45	0	1
4461	45	0	1
4462	45	0	1
4463	45	0	1
4464	45	0	1
4465	45	0	1
4466	45	0	1
4467	45	0	1
4468	45	0	1
4469	45	0	1
4470	42	0	0
4471	42	0	0
4472	42	0	0
4473	42	0	0
4474	42	0	0
4475	42	0	0
4476	42	0	0
4477	42	0	0
4478	42	0	0
4479	42	0	0
4480	42	0	0
4481	42	0	0
4482	42	0	0
4483	42	0	0
4484	42	0	0
4485	42	0	0
4486	42	0	0
4487	42	0	0
4488	42	0	0
4489	42	0	0
4490	42	0	1
4491	42	0	1
4492	42	0	1
4493	42	0	1
4494	42	0	1
4495	42	0	1
4496	42	0	1
4497	42	0	1
4498	42	0	1
4499	42	0	1
4500	38	0	1
4501	38	0	1
4502	38	0	1
4503	38	0	1
4504	38	0	1
4505	38	0	1
4506	38	0	1
4507	38	0	1
4508	38	0	1
4509	38	0	1
4510	33	0	0
4511	33	0	0
4512	33	0	0
4513	33	0	0
4514	33	0	0
4515	33	0	0
4516	33	0	0
4517	33	0	0
4518	33	0	0
4519	33	0	0
4520	30	0	0
4521	30	0	0
4522	30	0	0
4523	30	0	0
4524	30	0	0
4525	30	0	0
4526	30	0	0
4527	30	0	0
4528	30	0	0
4529	30	0	0
4530	29	1	0
4531	29	1	0
4532	29	1	0
4533	29	1	0
4534	29	1	0
4535	29	1	0
4536	29	1	0
4537	29	1	0
4538	29	1	0
4539	29	1	0
4540	33	1	0
4541	33	1	0
4542	33	1	0
4543	33	1	0
4544	33	1	0
4545	33	1	0
4546	33	1	0
4547	33	1	0
4548	33	1	0
4549	33	1	0
4550	39	1	0
4551	39	1	0
4552	39	1	0
4553	39	1	0
4554	39	1	0
4555	39	1	0
4556	39	1	0
4557	39	1	0
4558	39	1	0
4559	39	1	0
4560	44	1	0
4561	44	1	0
4562	44	1	0
4563	44	1	0
4564	44	1	0
4565	44	1	0
4566	44	1	0
4567	44	1	0
4568	44	1	0
4569	44	1	0
4570	50	0	0
4571	50	0	0
4572	50	0	0
4573	50	0	0
4574	50	0	0
4575	50	0	0
4576	50	0	0
4577	50	0	0
4578	50	0	0
4579	50	0	0
4580	49	0	0
4581	49	0	0
4582	49	0	0
4583	49	0	0
4584	49	0	0
4585	49	0	0
4586	49	0	0
4587	49	0	0
4588	49	0	0
4589	49	0	0
4590	48	1	0
4591	48	1	0
4592	48	1	0
4593	48	1	0
4594	48	1	0
4595	48	1	0
4596	48	1	0
4597	48	1	0
4598	48	1	0
4599	48	1	0
4600	52	1	0
4601	52	1	0
4602	52	1	0
4603	52	1	0
4604	52	1	0
4605	52	1	0
4606	52	1	0
4607	52	1	0
4608	52	1	0
4609	52	1	0
4610	55	1	0
4611	55	1	0
4612	55	1	0
4613	55	1	0
4614	55	1	0
4615	55	1	0
4616	55	1	0
4617	55	1	0
4618	55	1	0
4619	55	1	0
4620	59	0	1
4621	59	0	1
4622	59	0	1
4623	59	0	1
4624	59	0	1
4625	59	0	1
4626	59	0	1
4627	59	0	1
4628	59	0	1
4629	59	0	1
4630	53	0	0
4631	53	0	0
4632	53	0	0
4633	53	0	0
4634	53	0	0
4635	53	0	0
4636	53	0	0
4637	53	0	0
4638	53	0	0
4639	53	0	0
4640	49	1	0
4641	49	1	0
4642	49	1	0
4643	49	1	0
4644	49	1	0
4645	49	1	0
4646	49	1	0
4647	49	1	0
4648	49	1	0
4649	49	1	0
4650	51	1	0
4651	51	1	0
4652	51	1	0
4653	51	1	0
4654	51	1	0
4655	51	1	0
4656	51	1	0
4657	51	1	0
4658	51	1	0
4659	51	1	0
4660	54	0	0
4661	54	0	0
4662	54	0	0
4663	54	0	0
4664	54	0	0
4665	54	0	0
4666	54	0	0
4667	54	0	0
4668	54	0	0
4669	54	0	0
4670	52	0	1
4671	52	0	1
4672	52	0	1
4673	52	0	1
4674	52	0	1
4675	52	0	1
4676	52	0	1
4677	52	0	1
4678	52	0	1
4679	52	0	1
4680	45	1	0
4681	45	1	0
4682	45	1	0
4683	45	1	0
4684	45	1	0
4685	45	1	0
4686	45	1	0
4687	45	1	0
4688	45	1	0
4689	45	1	0
4690	46	1	0
4691	46	1	0
4692	46	1	0
4693	46	1	0
4694	46	1	0
4695	46	1	0
4696	46	1	0
4697	46	1	0
4698	46	1	0
4699	46	1	0
4700	47	1	0
4701	47	1	0
4702	47	1	0
4703	47	1	0
4704	47	1	0
4705	47	1	0
4706	47	1	0
4707	47	1	0
4708	47	1	0
4709	47	1	0
4710	49	0	0
4711	49	0	0
4712	49	0	0
4713	49	0	0
4714	49	0	0
4715	49	0	0
4716	49	0	0
4717	49	0	0
4718	49	0	0
4719	49	0	0
4720	47	0	0
4721	47	0	0
4722	47	0	0
4723	47	0	0
4724	47	0	0
4725	47	0	0
4726	47	0	0
4727	47	0	0
4728	47	0	0
4729	47	0	0
4730	44	0	0
4731	44	0	0
4732	44	0	0
4733	44	0	0
4734	44	0	0
4735	44	0	0
4736	44	0	0
4737	44	0	0
4738	44	0	0
4739	44	0	0
4740	40	0	0
4741	40	0	0
4742	40	0	0
4743	40	0	0
4744	40	0	0
4745	40	0	0
4746	40	0	0
4747	40	0	0
4748	40	0	0
4749	40	0	0
4750	37	1	0
4751	37	1	0
4752	37	1	0
4753	37	1	0
4754	37	1	0
4755	37	1	0
4756	37	1	0
4757	37	1	0
4758	37	1	0
4759	37	1	0
4760	40	1	0
4761	40	1	0
4762	40	1	0
4763	40	1	0
4764	40	1	0
4765	40	1	0
4766	40	1	0
4767	40	1	0
4768	40	1	0
4769	40	1	0
4770	43	1	0
4771	43	1	0
4772	43	1	0
4773	43	1	0
4774	43	1	0
4775	43	1	0
4776	43	1	0
4777	43	1	0
4778	43	1	0
4779	43	1	0
4780	46	1	0
4781	46	1	0
4782	46	1	0
4783	46	1	0
4784	46	1	0
4785	46	1	0
4786	46	1	0
4787	46	1	0
4788	46	1	0
4789	46	1	0
4790	49	1	0
4791	49	1	0
4792	49	1	0
4793	49	1	0
4794	49	1	0
4795	49	1	0
4796	49	1	0
4797	49	1	0
4798	49	1	0
4799	49	1	0
4800	52	0	0
4801	52	0	0
4802	52	0	0
4803	52	0	0
4804	52	0	0
4805	52	0	0
4806	52	0	0
4807	52	0	0
4808	52	0	0
4809	52	0	0
4810	50	0	0
4811	50	0	0
4812	50	0	0
4813	50	0	0
4814	50	0	0
4815	50	0	0
4816	50	0	0
4817	50	0	0
4818	50	0	0
4819	50	0	0
4820	47	0	0
4821	47	0	0
4822	47	0	0
4823	47	0	0
4824	47	0	0
4825	47	0	0
4826	47	0	0
4827	47	0	0
4828	47	0	0
4829	47	0	0
4830	43	0	0
4831	43	0	0
4832	43	0	0
4833	43	0	0
4834	43	0	0
4835	43	0	0
4836	43	0	0
4837	43	0	0
4838	43	0	0
4839	43	0	0
4840	40	1	0
4841	40	1	0
4842	40	1	0
4843	40	1	0
4844	40	1	0
4845	40	1	0
4846	40	1	0
4847	40	1	0
4848	40	1	0
4849	40	1	0
4850	41	1	0
4851	41	1	0
4852	41	1	0
4853	41	1	0
4854	41	1	0
4855	41	1	0
4856	41	1	0
4857	41	1	0
4858	41	1	0
4859	41	1	0
4860	43	1	0
4861	43	1	0
4862	43	1	0
4863	43	1	0
4864	43	1	0
4865	43	1	0
4866	43	1	0
4867	43	1	0
4868	43	1	0
4869	43	1	0
4870	45	1	0
4871	45	1	0
4872	45	1	0
4873	45	1	0
4874	45	1	0
4875	45	1	0
4876	45	1	0
4877	45	1	0
4878	45	1	0
4879	45	1	0
4880	49	1	0
4881	49	1	0
4882	49	1	0
4883	49	1	0
4884	49	1	0
4885	49	1	0
4886	49	1	0
4887	49	1	0
4888	49	1	0
4889	49	1	0
4890	53	0	0
4891	53	0	0
4892	53	0	0
4893	53	0	0
4894	53	0	0
4895	53	0	0
4896	53	0	0
4897	53	0	0
4898	53	0	0
4899	53	0	0
4900	52	0	0
4901	52	0	0
4902	52	0	0
4903	52	0	0
4904	52	0	0
4905	52	0	0
4906	52	0	0
4907	52	0	0
4908	52	0	0
4909	52	0	0
4910	49	1	0
4911	49	1	0
4912	49	1	0
4913	49	1	0
4914	49	1	0
4915	49	1	0
4916	49	1	0
4917	49	1	0
4918	49	1	0
4919	49	1	0
4920	51	1	0
4921	51	1	0
4922	51	1	0
4923	51	1	0
4924	51	1	0
4925	51	1	0
4926	51	1	0
4927	51	1	0
4928	51	1	0
4929	51	1	0
4930	54	0	0
4931	54	0	0
4932	54	0	0
4933	54	0	0
4934	54	0	0
4935	54	0	0
4936	54	0	0
4937	54	0	0
4938	54	0	0
4939	54	0	0
4940	52	0	0
4941	52	0	0
4942	52	0	0
4943	52	0	0
4944	52	0	0
4945	52	0	0
4946	52	0	0
4947	52	0	0
4948	52	0	0
4949	52	0	0
4950	48	0	1
4951	48	0	1
4952	48	0	1
4953	48	0	1
4954	48	0	1
4955	48	0	1
4956	48	0	1
4957	48	0	1
4958	48	0	1
4959	48	0	1
4960	41	0	0
4961	41	0	0
4962	41	0	0
4963	41	0	0
4964	41	0	0
4965	41	0	0
4966	41	0	0
4967	41	0	0
4968	41	0	0
4969	41	0	0
4970	37	1	0
4971	37	1	0
4972	37	1	0
4973	37	1	0
4974	37	1	0
4975	37	1	0
4976	37	1	0
4977	37	1	0
4978	37	1	0
4979	37	1	0
4980	37	1	0
4981	37	1	0
4982	37	1	0
4983	37	1	0
4984	37	1	0
4985	37	1	0
4986	37	1	0
4987	37	1	0
4988	37	1	0
4989	37	1	0
4990	37	1	0
4991	37	1	0
4992	37	1	0
4993	37	1	0
4994	37	1	0
4995	37	1	0
4996	37	1	0
4997	37	1	0
4998	37	1	0
4999	37	1	0
5000	35	1	0
5001	35	1	0
5002	35	1	0
5003	35	1	0
5004	35	1	0
5005	35	1	0
5006	35	1	0
5007	35	1	0
5008	35	1	0
5009	35	1	0
5010	33	0	0
5011	33	0	0
5012	33	0	0
5013	33	0	0
5014	33	0	0
5015	33	0	0
5016	33	0	0
5017	33	0	0
5018	33	0	0
5019	33	0	0
5020	29	1	0
5021	29	1	0
5022	29	1	0
5023	29	1	0
5024	29	1	0
5025	29	1	0
5026	29	1	0
5027	29	1	0
5028	29	1	0
5029	29	1	0
5030	25	0	0
5031	25	0	0
5032	25	0	0
5033	25	0	0
5034	25	0	0
5035	25	0	0
5036	25	0	0
5037	25	0	0
5038	25	0	0
5039	25	0	0
5040	21	1	0
5041	21	1	0
5042	21	1	0
5043	21	1	0
5044	21	1	0
5045	21	1	0
5046	21	1	0
5047	21	1	0
5048	21	1	0
5049	21	1	0
5050	18	1	0
5051	18	1	0
5052	18	1	0
5053	18	1	0
5054	18	1	0
5055	18	1	0
5056	18	1	0
5057	18	1	0
5058	18	1	0
5059	18	1	0
5060	14	1	0
5061	14	1	0
5062	14	1	0
5063	14	1	0
5064	14	1	0
5065	14	1	0
5066	14	1	0
5067	14	1	0
5068	14	1	0
5069	14	1	0
5070	11	1	0
5071	11	1	0
5072	11	1	0
5073	11	1	0
5074	11	1	0
5075	11	1	0
5076	11	1	0
5077	11	1	0
5078	11	1	0
5079	11	1	0
5080	8	1	0
5081	8	1	0
5082	8	1	0
5083	8	1	0
5084	8	1	0
5085	8	1	0
5086	8	1	0
5087	8	1	0
5088	8	1	0
5089	8	1	0
5090	5	1	0
5091	5	1	0
5092	5	1	0
5093	5	1	0
5094	5	1	0
5095	5	1	0
5096	5	1	0
5097	5	1	0
5098	5	1	0
5099	5	1	0
5100	2	1	0
5101	2	1	0
5102	2	1	0
5103	2	1	0
5104	2	1	0
5105	2	1	0
5106	2	1	0
5107	2	1	0
5108	2	1	0
5109	2	1	0
5110	0	1	0
5111	0	1	0
5112	0	1	0
5113	0	1	0
5114	0	1	0
5115	0	1	0
5116	0	1	0
5117	0	1	0
5118	0	1	0
5119	0	1	0
5120	-2	1	0
5121	-2	1	0
5122	-2	1	0
5123	-2	1	0
5124	-2	1	0
5125	-2	1	0
5126	-2	1	0
5127	-2	1	0
5128	-2	1	0
5129	-2	1	0
5130	-3	1	0
5131	-3	1	0
5132	-3	1	0
5133	-3	1	0
5134	-3	1	0
5135	-3	1	0
5136	-3	1	0
5137	-3	1	0
5138	-3	1	0
5139	-3	1	0
5140	-4	1	0
5141	-4	1	0
5142	-4	1	0
5143	-4	1	0
5144	-4	1	0
5145	-4	1	0
5146	-4	1	0
5147	-4	1	0
5148	-4	1	0
5149	-4	1	0
5150	-4	1	0
5151	-4	1	0
5152	-4	1	0
5153	-4	1	0
5154	-4	1	0
5155	-4	1	0
5156	-4	1	0
5157	-4	1	0
5158	-4	1	0
5159	-4	1	0
5160	-4	1	0
5161	-4	1	0
5162	-4	1	0
5163	-4	1	0
5164	-4	1	0
5165	-4	1	0
5166	-4	1	0
5167	-4	1	0
5168	-4	1	0
5169	-4	1	0
5170	-4	1	0
5171	-4	1	0
5172	-4	1	0
5173	-4	1	0
5174	-4	1	0
5175	-4	1	0
5176	-4	1	0
5177	-4	1	0
5178	-4	1	0
5179	-4	1	0
5180	-4	1	0
5181	-4	1	0
5182	-4	1	0
5183	-4	1	0
5184	-4	1	0
5185	-4	1	0
5186	-4	1	0
5187	-4	1	0
5188	-4	1	0
5189	-4	1	0
5190	-3	1	0
5191	-3	1	0
5192	-3	1	0
5193	-3	1	0
5194	-3	1	0
5195	-3	1	0
5196	-3	1	0
5197	-3	1	0
5198	-3	1	0
5199	-3	1	0
5200	-3	1	0
5201	-3	1	0
5202	-3	1	0
5203	-3	1	0
5204	-3	1	0
5205	-3	1	0
5206	-3	1	0
5207	-3	1	0
5208	-3	1	0
5209	-3	1	0
5210	-2	1	0
5211	-2	1	0
5212	-2	1	0
5213	-2	1	0
5214	-2	1	0
5215	-2	1	0
5216	-2	1	0
5217	-2	1	0
5218	-2	1	0
5219	-2	1	0
5220	-2	1	0
5221	-2	1	0
5222	-2	1	0
5223	-2	1	0
5224	-2	1	0
5225	-2	1	0
5226	-2	1	0
5227	-2	1	0
5228	-2	1	0
5229	-2	1	0
5230	-1	1	0
5231	-1	1	0
5232	-1	1	0
5233	-1	1	0
5234	-1	1	0
5235	-1	1	0
5236	-1	1	0
5237	-1	1	0
5238	-1	1	0
5239	-1	1	0
5240	0	1	0
5241	0	1	0
5242	0	1	0
5243	0	1	0
5244	0	1	0
5245	0	1	0
5246	0	1	0
5247	0	1	0
5248	0	1	0
5249	0	1	0
5250	3	1	0
5251	3	1	0
5252	3	1	0
5253	3	1	0
5254	3	1	0
5255	3	1	0
5256	3	1	0
5257	3	1	0
5258	3	1	0
5259	3	1	0
5260	6	0	0
5261	6	0	0
5262	6	0	0
5263	6	0	0
5264	6	0	0
5265	6	0	0
5266	6	0	0
5267	6	0	0
5268	6	0	0
5269	6	0	0
5270	8	1	0
5271	8	1	0
5272	8	1	0
5273	8	1	0
5274	8	1	0
5275	8	1	0
5276	8	1	0
5277	8	1	0
5278	8	1	0
5279	8	1	0
5280	11	1	0
5281	11	1	0
5282	11	1	0
5283	11	1	0
5284	11	1	0
5285	11	1	0
5286	11	1	0
5287	11	1	0
5288	11	1	0
5289	11	1	0
5290	16	0	0
5291	16	0	0
5292	16	0	0
5293	16	0	0
5294	16	0	0
5295	16	0	0
5296	16	0	0
5297	16	0	0
5298	16	0	0
5299	16	0	0
5300	19	1	0
5301	19	1	0
5302	19	1	0
5303	19	1	0
5304	19	1	0
5305	19	1	0
5306	19	1	0
5307	19	1	0
5308	19	1	0
5309	19	1	0
5310	22	0	0
5311	22	0	0
5312	22	0	0
5313	22	0	0
5314	22	0	0
5315	22	0	0
5316	22	0	0
5317	22	0	0
5318	22	0	0
5319	22	0	0
5320	22	1	0
5321	22	1	0
5322	22	1	0
5323	22	1	0
5324	22	1	0
5325	22	1	0
5326	22	1	0
5327	22	1	0
5328	22	1	0
5329	22	1	0
5330	24	0	0
5331	24	0	0
5332	24	0	0
5333	24	0	0
5334	24	0	0
5335	24	0	0
5336	24	0	0
5337	24	0	0
5338	24	0	0
5339	24	0	0
5340	23	0	0
5341	23	0	0
5342	23	0	0
5343	23	0	0
5344	23	0	0
5345	23	0	0
5346	23	0	0
5347	23	0	0
5348	23	0	0
5349	23	0	0
5350	22	1	0
5351	22	1	0
5352	22	1	0
5353	22	1	0
5354	22	1	0
5355	22	1	0
5356	22	1	0
5357	22	1	0
5358	22	1	0
5359	22	1	0
5360	22	0	1
5361	22	0	1
5362	22	0	1
5363	22	0	1
5364	22	0	1
5365	22	0	1
5366	22	0	1
5367	22	0	1
5368	22	0	1
5369	22	0	1
5370	19	0	0
5371	19	0	0
5372	19	0	0
5373	19	0	0
5374	19	0	0
5375	19	0	0
5376	19	0	0
5377	19	0	0
5378	19	0	0
5379	19	0	0
5380	18	1	0
5381	18	1	0
5382	18	1	0
5383	18	1	0
5384	18	1	0
5385	18	1	0
5386	18	1	0
5387	18	1	0
5388	18	1	0
5389	18	1	0
5390	18	1	0
5391	18	1	0
5392	18	1	0
5393	18	1	0
5394	18	1	0
5395	18	1	0
5396	18	1	0
5397	18	1	0
5398	18	1	0
5399	18	1	0
5400	19	1	0
5401	19	1	0
5402	19	1	0
5403	19	1	0
5404	19	1	0
5405	19	1	0
5406	19	1	0
5407	19	1	0
5408	19	1	0
5409	19	1	0
5410	20	1	0
5411	20	1	0
5412	20	1	0
5413	20	1	0
5414	20	1	0
5415	20	1	0
5416	20	1	0
5417	20	1	0
5418	20	1	0
5419	20	1	0
5420	20	1	0
5421	20	1	0
5422	20	1	0
5423	20	1	0
5424	20	1	0
5425	20	1	0
5426	20	1	0
5427	20	1	0
5428	20	1	0
5429	20	1	0
5430	21	1	0
5431	21	1	0
5432	21	1	0
5433	21	1	0
5434	21	1	0
5435	21	1	0
5436	21	1	0
5437	21	1	0
5438	21	1	0
5439	21	1	0
5440	22	1	0
5441	22	1	0
5442	22	1	0
5443	22	1	0
5444	22	1	0
5445	22	1	0
5446	22	1	0
5447	22	1	0
5448	22	1	0
5449	22	1	0
5450	22	1	0
5451	22	1	0
5452	22	1	0
5453	22	1	0
5454	22	1	0
5455	22	1	0
5456	22	1	0
5457	22	1	0
5458	22	1	0
5459	22	1	0
5460	22	1	0
5461	22	1	0
5462	22	1	0
5463	22	1	0
5464	22	1	0
5465	22	1	0
5466	22	1	0
5467	22	1	0
5468	22	1	0
5469	22	1	0
5470	22	0	0
5471	22	0	0
5472	22	0	0
5473	22	0	0
5474	22	0	0
5475	22	0	0
5476	22	0	0
5477	22	0	0
5478	22	0	0
5479	22	0	0
5480	21	1	0
5481	21	1	0
5482	21	1	0
5483	21	1	0
5484	21	1	0
5485	21	1	0
5486	21	1	0
5487	21	1	0
5488	21	1	0
5489	21	1	0
5490	22	0	0
5491	22	0	0
5492	22	0	0
5493	22	0	0
5494	22	0	0
5495	22	0	0
5496	22	0	0
5497	22	0	0
5498	22	0	0
5499	22	0	0
5500	21	1	0
5501	21	1	0
5502	21	1	0
5503	21	1	0
5504	21	1	0
5505	21	1	0
5506	21	1	0
5507	21	1	0
5508	21	1	0
5509	21	1	0
5510	23	1	0
5511	23	1	0
5512	23	1	0
5513	23	1	0
5514	23	1	0
5515	23	1	0
5516	23	1	0
5517	23	1	0
5518	23	1	0
5519	23	1	0
5520	25	0	0
5521	25	0	0
5522	25	0	0
5523	25	0	0
5524	25	0	0
5525	25	0	0
5526	25	0	0
5527	25	0	0
5528	25	0	0
5529	25	0	0
5530	25	1	0
5531	25	1	0
5532	25	1	0
5533	25	1	0
5534	25	1	0
5535	25	1	0
5536	25	1	0
5537	25	1	0
5538	25	1	0
5539	25	1	0
5540	26	1	0
5541	26	1	0
5542	26	1	0
5543	26	1	0
5544	26	1	0
5545	26	1	0
5546	26	1	0
5547	26	1	0
5548	26	1	0
5549	26	1	0
5550	29	0	0
5551	29	0	0
5552	29	0	0
5553	29	0	0
5554	29	0	0
5555	29	0	0
5556	29	0	0
5557	29	0	0
5558	29	0	0
5559	29	0	0
5560	29	1	0
5561	29	1	0
5562	29	1	0
5563	29	1	0
5564	29	1	0
5565	29	1	0
5566	29	1	0
5567	29	1	0
5568	29	1	0
5569	29	1	0
5570	31	0	0
5571	31	0	0
5572	31	0	0
5573	31	0	0
5574	31	0	0
5575	31	0	0
5576	31	0	0
5577	31	0	0
5578	31	0	0
5579	31	0	0
5580	30	1	0
5581	30	1	0
5582	30	1	0
5583	30	1	0
5584	30	1	0
5585	30	1	0
5586	30	1	0
5587	30	1	0
5588	30	1	0
5589	30	1	0
5590	31	1	0
5591	31	1	0
5592	31	1	0
5593	31	1	0
5594	31	1	0
5595	31	1	0
5596	31	1	0
5597	31	1	0
5598	31	1	0
5599	31	1	0
5600	32	0	1
5601	32	0	1
5602	32	0	1
5603	32	0	1
5604	32	0	1
5605	32	0	1
5606	32	0	1
5607	32	0	1
5608	32	0	1
5609	32	0	1
5610	29	0	0
5611	29	0	0
5612	29	0	0
5613	29	0	0
5614	29	0	0
5615	29	0	0
5616	29	0	0
5617	29	0	0
5618	29	0	0
5619	29	0	0
5620	27	1	0
5621	27	1	0
5622	27	1	0
5623	27	1	0
5624	27	1	0
5625	27	1	0
5626	27	1	0
5627	27	1	0
5628	27	1	0
5629	27	1	0
5630	27	1	0
5631	27	1	0
5632	27	1	0
5633	27	1	0
5634	27	1	0
5635	27	1	0
5636	27	1	0
5637	27	1	0
5638	27	1	0
5639	27	1	0
5640	27	1	0
5641	27	1	0
5642	27	1	0
5643	27	1	0
5644	27	1	0
5645	27	1	0
5646	27	1	0
5647	27	1	0
5648	27	1	0
5649	27	1	0
5650	26	1	0
5651	26	1	0
5652	26	1	0
5653	26	1	0
5654	26	1	0
5655	26	1	0
5656	26	1	0
5657	26	1	0
5658	26	1	0
5659	26	1	0
5660	26	1	0
5661	26	1	0
5662	26	1	0
5663	26	1	0
5664	26	1	0
5665	26	1	0
5666	26	1	0
5667	26	1	0
5668	26	1	0
5669	26	1	0
5670	25	0	0
5671	25	0	0
5672	25	0	0
5673	25	0	0
5674	25	0	0
5675	25	0	0
5676	25	0	0
5677	25	0	0
5678	25	0	0
5679	25	0	0
5680	22	1	0
5681	22	1	0
5682	22	1	0
5683	22	1	0
5684	22	1	0
5685	22	1	0
5686	22	1	0
5687	22	1	0
5688	22	1	0
5689	22	1	0
5690	20	1	0
5691	20	1	0
5692	20	1	0
5693	20	1	0
5694	20	1	0
5695	20	1	0
5696	20	1	0
5697	20	1	0
5698	20	1	0
5699	20	1	0
5700	19	0	0
5701	19	0	0
5702	19	0	0
5703	19	0	0
5704	19	0	0
5705	19	0	0
5706	19	0	0
5707	19	0	0
5708	19	0	0
5709	19	0	0
5710	16	1	0
5711	16	1	0
5712	16	1	0
5713	16	1	0
5714	16	1	0
5715	16	1	0
5716	16	1	0
5717	16	1	0
5718	16	1	0
5719	16	1	0
5720	14	0	0
5721	14	0	0
5722	14	0	0
5723	14	0	0
5724	14	0	0
5725	14	0	0
5726	14	0	0
5727	14	0	0
5728	14	0	0
5729	14	0	0
5730	12	1	0
5731	12	1	0
5732	12	1	0
5733	12	1	0
5734	12	1	0
5735	12	1	0
5736	12	1	0
5737	12	1	0
5738	12	1	0
5739	12	1	0
5740	10	1	0
5741	10	1	0
5742	10	1	0
5743	10	1	0
5744	10	1	0
5745	10	1	0
5746	10	1	0
5747	10	1	0
5748	10	1	0
5749	10	1	0
5750	9	0	0
5751	9	0	0
5752	9	0	0
5753	9	0	0
5754	9	0	0
5755	9	0	0
5756	9	0	0
5757	9	0	0
5758	9	0	0
5759	9	0	0
5760	7	1	0
5761	7	1	0
5762	7	1	0
5763	7	1	0
5764	7	1	0
5765	7	1	0
5766	7	1	0
5767	7	1	0
5768	7	1	0
5769	7	1	0
5770	5	1	0
5771	5	1	0
5772	5	1	0
5773	5	1	0
5774	5	1	0
5775	5	1	0
5776	5	1	0
5777	5	1	0
5778	5	1	0
5779	5	1	0
5780	4	0	0
5781	4	0	0
5782	4	0	0
5783	4	0	0
5784	4	0	0
5785	4	0	0
5786	4	0	0
5787	4	0	0
5788	4	0	0
5789	4	0	0
5790	3	1	0
5791	3	1	0
5792	3	1	0
5793	3	1	0
5794	3	1	0
5795	3	1	0
5796	3	1	0
5797	3	1	0
5798	3	1	0
5799	3	1	0
5800	2	0	0
5801	2	0	0
5802	2	0	0
5803	2	0	0
5804	2	0	0
5805	2	0	0
5806	2	0	0
5807	2	0	0
5808	2	0	0
5809	2	0	0
5810	1	1	0
5811	1	1	0
5812	1	1	0
5813	1	1	0
5814	1	1	0
5815	1	1	0
5816	1	1	0
5817	1	1	0
5818	1	1	0
5819	1	1	0
5820	0	1	0
5821	0	1	0
5822	0	1	0
5823	0	1	0
5824	0	1	0
5825	0	1	0
5826	0	1	0
5827	0	1	0
5828	0	1	0
5829	0	1	0
5830	0	0	0
5831	0	0	0
5832	0	0	0
5833	0	0	0
5834	0	0	0
5835	0	0	0
5836	0	0	0
5837	0	0	0
5838	0	0	0
5839	0	0	0
5840	-1	1	0
5841	-1	1	0
5842	-1	1	0
5843	-1	1	0
5844	-1	1	0
5845	-1	1	0
5846	-1	1	0
5847	-1	1	0
5848	-1	1	0
5849	-1	1	0
5850	-1	1	0
5851	-1	1	0
5852	-1	1	0
5853	-1	1	0
5854	-1	1	0
5855	-1	1	0
5856	-1	1	0
5857	-1	1	0
5858	-1	1	0
5859	-1	1	0
5860	-1	0	0
5861	-1	0	0
5862	-1	0	0
5863	-1	0	0
5864	-1	0	0
5865	-1	0	0
5866	-1	0	0
5867	-1	0	0
5868	-1	0	0
5869	-1	0	0
5870	-1	1	0
5871	-1	1	0
5872	-1	1	0
5873	-1	1	0
5874	-1	1	0
5875	-1	1	0
5876	-1	1	0
5877	-1	1	0
5878	-1	1	0
5879	-1	1	0
5880	-1	0	0
5881	-1	0	0
5882	-1	0	0
5883	-1	0	0
5884	-1	0	0
5885	-1	0	0
5886	-1	0	0
5887	-1	0	0
5888	-1	0	0
5889	-1	0	0
5890	-1	1	0
5891	-1	1	0
5892	-1	1	0
5893	-1	1	0
5894	-1	1	0
5895	-1	1	0
5896	-1	1	0
5897	-1	1	0
5898	-1	1	0
5899	-1	1	0
5900	-1	1	0
5901	-1	1	0
5902	-1	1	0
5903	-1	1	0
5904	-1	1	0
5905	-1	1	0
5906	-1	1	0
5907	-1	1	0
5908	-1	1	0
5909	-1	1	0
5910	-1	0	0
5911	-1	0	0
5912	-1	0	0
5913	-1	0	0
5914	-1	0	0
5915	-1	0	0
5916	-1	0	0
5917	-1	0	0
5918	-1	0	0
5919	-1	0	0
5920	-1	1	0
5921	-1	1	0
5922	-1	1	0
5923	-1	1	0
5924	-1	1	0
5925	-1	1	0
5926	-1	1	0
5927	-1	1	0
5928	-1	1	0
5929	-1	1	0
5930	-1	1	0
5931	-1	1	0
5932	-1	1	0
5933	-1	1	0
5934	-1	1	0
5935	-1	1	0
5936	-1	1	0
5937	-1	1	0
5938	-1	1	0
5939	-1	1	0
5940	0	0	0
5941	0	0	0
5942	0	0	0
5943	0	0	0
5944	0	0	0
5945	0	0	0
5946	0	0	0
5947	0	0	0
5948	0	0	0
5949	0	0	0
5950	0	1	0
5951	0	1	0
5952	0	1	0
5953	0	1	0
5954	0	1	0
5955	0	1	0
5956	0	1	0
5957	0	1	0
5958	0	1	0
5959	0	1	0
5960	0	0	0
5961	0	0	0
5962	0	0	0
5963	0	0	0
5964	0	0	0
5965	0	0	0
5966	0	0	0
5967	0	0	0
5968	0	0	0
5969	0	0	0
5970	0	1	0
5971	0	1	0
5972	0	1	0
5973	0	1	0
5974	0	1	0
5975	0	1	0
5976	0	1	0
5977	0	1	0
5978	0	1	0
5979	0	1	0
5980	0	1	0
5981	0	1	0
5982	0	1	0
5983	0	1	0
5984	0	1	0
5985	0	1	0
5986	0	1	0
5987	0	1	0
5988	0	1	0
5989	0	1	0
5990	0	0	0
5991	0	0	0
5992	0	0	0
5993	0	0	0
5994	0	0	0
5995	0	0	0
5996	0	0	0
5997	0	0	0
5998	0	0	0
5999	0	0	0
6000	0	1	0
6001	0	1	0
6002	0	1	0
6003	0	1	0
6004	0	1	0
6005	0	1	0
6006	0	1	0
6007	0	1	0
6008	0	1	0
6009	0	1	0
6010	1	1	0
6011	1	1	0
6012	1	1	0
6013	1	1	0
6014	1	1	0
6015	1	1	0
6016	1	1	0
6017	1	1	0
6018	1	1	0
6019	1	1	0
6020	1	0	0
6021	1	0	0
6022	1	0	0
6023	1	0	0
6024	1	0	0
6025	1	0	0
6026	1	0	0
6027	1	0	0
6028	1	0	0
6029	1	0	0
6030	1	1	0
6031	1	1	0
6032	1	1	0
6033	1	1	0
6034	1	1	0
6035	1	1	0
6036	1	1	0
6037	1	1	0
6038	1	1	0
6039	1	1	0
6040	1	0	0
6041	1	0	0
6042	1	0	0
6043	1	0	0
6044	1	0	0
6045	1	0	0
6046	1	0	0
6047	1	0	0
6048	1	0	0
6049	1	0	0
6050	1	1	0
6051	1	1	0
6052	1	1	0
6053	1	1	0
6054	1	1	0
6055	1	1	0
6056	1	1	0
6057	1	1	0
6058	1	1	0
6059	1	1	0
6060	1	1	0
6061	1	1	0
6062	1	1	0
6063	1	1	0
6064	1	1	0
6065	1	1	0
6066	1	1	0
6067	1	1	0
6068	1	1	0
6069	1	1	0
6070	1	0	0
6071	1	0	0
6072	1	0	0
6073	1	0	0
6074	1	0	0
6075	1	0	0
6076	1	0	0
6077	1	0	0
6078	1	0	0
6079	1	0	0
6080	1	1	0
6081	1	1	0
6082	1	1	0
6083	1	1	0
6084	1	1	0
6085	1	1	0
6086	1	1	0
6087	1	1	0
6088	1	1	0
6089	1	1	0
6090	1	1	0
6091	1	1	0
6092	1	1	0
6093	1	1	0
6094	1	1	0
6095	1	1	0
6096	1	1	0
6097	1	1	0
6098	1	1	0
6099	1	1	0
6100	1	0	0
6101	1	0	0
6102	1	0	0
6103	1	0	0
6104	1	0	0
6105	1	0	0
6106	1	0	0
6107	1	0	0
6108	1	0	0
6109	1	0	0
6110	0	1	0
6111	0	1	0
6112	0	1	0
6113	0	1	0
6114	0	1	0
6115	0	1	0
6116	0	1	0
6117	0	1	0
6118	0	1	0
6119	0	1	0
6120	0	0	0
6121	0	0	0
6122	0	0	0
6123	0	0	0
6124	0	0	0
6125	0	0	0
6126	0	0	0
6127	0	0	0
6128	0	0	0
6129	0	0	0
6130	0	1	0
6131	0	1	0
6132	0	1	0
6133	0	1	0
6134	0	1	0
6135	0	1	0
6136	0	1	0
6137	0	1	0
6138	0	1	0
6139	0	1	0
6140	0	1	0
6141	0	1	0
6142	0	1	0
6143	0	1	0
6144	0	1	0
6145	0	1	0
6146	0	1	0
6147	0	1	0
6148	0	1	0
6149	0	1	0
6150	0	0	0
6151	0	0	0
6152	0	0	0
6153	0	0	0
6154	0	0	0
6155	0	0	0
6156	0	0	0
6157	0	0	0
6158	0	0	0
6159	0	0	0
6160	1	1	0
6161	1	1	0
6162	1	1	0
6163	1	1	0
6164	1	1	0
6165	1	1	0
6166	1	1	0
6167	1	1	0
6168	1	1	0
6169	1	1	0
6170	1	1	0
6171	1	1	0
6172	1	1	0
6173	1	1	0
6174	1	1	0
6175	1	1	0
6176	1	1	0
6177	1	1	0
6178	1	1	0
6179	1	1	0
6180	1	0	0
6181	1	0	0
6182	1	0	0
6183	1	0	0
6184	1	0	0
6185	1	0	0
6186	1	0	0
6187	1	0	0
6188	1	0	0
6189	1	0	0
6190	0	1	0
6191	0	1	0
6192	0	1	0
6193	0	1	0
6194	0	1	0
6195	0	1	0
6196	0	1	0
6197	0	1	0
6198	0	1	0
6199	0	1	0
6200	0	0	0
6201	0	0	0
6202	0	0	0
6203	0	0	0
6204	0	0	0
6205	0	0	0
6206	0	0	0
6207	0	0	0
6208	0	0	0
6209	0	0	0
6210	0	1	0
6211	0	1	0
6212	0	1	0
6213	0	1	0
6214	0	1	0
6215	0	1	0
6216	0	1	0
6217	0	1	0
6218	0	1	0
6219	0	1	0
6220	0	1	0
6221	0	1	0
6222	0	1	0
6223	0	1	0
6224	0	1	0
6225	0	1	0
6226	0	1	0
6227	0	1	0
6228	0	1	0
6229	0	1	0
6230	1	0	0
6231	1	0	0
6232	1	0	0
6233	1	0	0
6234	1	0	0
6235	1	0	0
6236	1	0	0
6237	1	0	0
6238	1	0	0
6239	1	0	0
6240	1	1	0
6241	1	1	0
6242	1	1	0
6243	1	1	0
6244	1	1	0
6245	1	1	0
6246	1	1	0
6247	1	1	0
6248	1	1	0
6249	1	1	0
6250	1	1	0
6251	1	1	0
6252	1	1	0
6253	1	1	0
6254	1	1	0
6255	1	1	0
6256	1	1	0
6257	1	1	0
6258	1	1	0
6259	1	1	0
6260	1	0	0
6261	1	0	0
6262	1	0	0
6263	1	0	0
6264	1	0	0
6265	1	0	0
6266	1	0	0
6267	1	0	0
6268	1	0	0
6269	1	0	0
6270	0	1	0
6271	0	1	0
6272	0	1	0
6273	0	1	0
6274	0	1	0
6275	0	1	0
6276	0	1	0
6277	0	1	0
6278	0	1	0
6279	0	1	0
6280	0	0	0
6281	0	0	0
6282	0	0	0
6283	0	0	0
6284	0	0	0
6285	0	0	0
6286	0	0	0
6287	0	0	0
6288	0	0	0
6289	0	0	0
6290	0	1	0
6291	0	1	0
6292	0	1	0
6293	0	1	0
6294	0	1	0
6295	0	1	0
6296	0	1	0
6297	0	1	0
6298	0	1	0
6299	0	1	0
6300	1	1	0
6301	1	1	0
6302	1	1	0
6303	1	1	0
6304	1	1	0
6305	1	1	0
6306	1	1	0
6307	1	1	0
6308	1	1	0
6309	1	1	0
6310	1	0	0
6311	1	0	0
6312	1	0	0
6313	1	0	0
6314	1	0	0
6315	1	0	0
6316	1	0	0
6317	1	0	0
6318	1	0	0
6319	1	0	0
6320	1	1	0
6321	1	1	0
6322	1	1	0
6323	1	1	0
6324	1	1	0
6325	1	1	0
6326	1	1	0
6327	1	1	0
6328	1	1	0
6329	1	1	0
6330	1	1	0
6331	1	1	0
6332	1	1	0
6333	1	1	0
6334	1	1	0
6335	1	1	0
6336	1	1	0
6337	1	1	0
6338	1	1	0
6339	1	1	0
6340	2	0	0
6341	2	0	0
6342	2	0	0
6343	2	0	0
6344	2	0	0
6345	2	0	0
6346	2	0	0
6347	2	0	0
6348	2	0	0
6349	2	0	0
6350	2	1	0
6351	2	1	0
6352	2	1	0
6353	2	1	0
6354	2	1	0
6355	2	1	0
6356	2	1	0
6357	2	1	0
6358	2	1	0
6359	2	1	0
6360	3	0	0
6361	3	0	0
6362	3	0	0
6363	3	0	0
6364	3	0	0
6365	3	0	0
6366	3	0	0
6367	3	0	0
6368	3	0	0
6369	3	0	0
6370	3	1	0
6371	3	1	0
6372	3	1	0
6373	3	1	0
6374	3	1	0
6375	3	1	0
6376	3	1	0
6377	3	1	0
6378	3	1	0
6379	3	1	0
6380	4	1	0
6381	4	1	0
6382	4	1	0
6383	4	1	0
6384	4	1	0
6385	4	1	0
6386	4	1	0
6387	4	1	0
6388	4	1	0
6389	4	1	0
6390	7	0	0
6391	7	0	0
6392	7	0	0
6393	7	0	0
6394	7	0	0
6395	7	0	0
6396	7	0	0
6397	7	0	0
6398	7	0	0
6399	7	0	0
6400	10	1	0
6401	10	1	0
6402	10	1	0
6403	10	1	0
6404	10	1	0
6405	10	1	0
6406	10	1	0
6407	10	1	0
6408	10	1	0
6409	10	1	0
6410	17	0	0
6411	17	0	0
6412	17	0	0
6413	17	0	0
6414	17	0	0
6415	17	0	0
6416	17	0	0
6417	17	0	0
6418	17	0	0
6419	17	0	0
6420	20	0	0
6421	20	0	0
6422	20	0	0
6423	20	0	0
6424	20	0	0
6425	20	0	0
6426	20	0	0
6427	20	0	0
6428	20	0	0
6429	20	0	0
6430	23	0	0
6431	23	0	0
6432	23	0	0
6433	23	0	0
6434	23	0	0
6435	23	0	0
6436	23	0	0
6437	23	0	0
6438	23	0	0
6439	23	0	0
6440	26	0	0
6441	26	0	0
6442	26	0	0
6443	26	0	0
6444	26	0	0
6445	26	0	0
6446	26	0	0
6447	26	0	0
6448	26	0	0
6449	26	0	0
6450	28	0	1
6451	28	0	1
6452	28	0	1
6453	28	0	1
6454	28	0	1
6455	28	0	1
6456	28	0	1
6457	28	0	1
6458	28	0	1
6459	28	0	1
6460	27	0	0
6461	27	0	0
6462	27	0	0
6463	27	0	0
6464	27	0	0
6465	27	0	0
6466	27	0	0
6467	27	0	0
6468	27	0	0
6469	27	0	0
6470	27	0	0
6471	27	0	0
6472	27	0	0
6473	27	0	0
6474	27	0	0
6475	27	0	0
6476	27	0	0
6477	27	0	0
6478	27	0	0
6479	27	0	0
6480	28	0	1
6481	28	0	1
6482	28	0	1
6483	28	0	1
6484	28	0	1
6485	28	0	1
6486	28	0	1
6487	28	0	1
6488	28	0	1
6489	28	0	1
6490	25	0	0
6491	25	0	0
6492	25	0	0
6493	25	0	0
6494	25	0	0
6495	25	0	0
6496	25	0	0
6497	25	0	0
6498	25	0	0
6499	25	0	0
6500	24	0	0
6501	24	0	0
6502	24	0	0
6503	24	0	0
6504	24	0	0
6505	24	0	0
6506	24	0	0
6507	24	0	0
6508	24	0	0
6509	24	0	0
6510	24	0	1
6511	24	0	1
6512	24	0	1
6513	24	0	1
6514	24	0	1
6515	24	0	1
6516	24	0	1
6517	24	0	1
6518	24	0	1
6519	24	0	1
6520	19	1	0
6521	19	1	0
6522	19	1	0
6523	19	1	0
6524	19	1	0
6525	19	1	0
6526	19	1	0
6527	19	1	0
6528	19	1	0
6529	19	1	0
6530	22	1	0
6531	22	1	0
6532	22	1	0
6533	22	1	0
6534	22	1	0
6535	22	1	0
6536	22	1	0
6537	22	1	0
6538	22	1	0
6539	22	1	0
6540	25	1	0
6541	25	1	0
6542	25	1	0
6543	25	1	0
6544	25	1	0
6545	25	1	0
6546	25	1	0
6547	25	1	0
6548	25	1	0
6549	25	1	0
6550	29	1	0
6551	29	1	0
6552	29	1	0
6553	29	1	0
6554	29	1	0
6555	29	1	0
6556	29	1	0
6557	29	1	0
6558	29	1	0
6559	29	1	0
6560	33	1	0
6561	33	1	0
6562	33	1	0
6563	33	1	0
6564	33	1	0
6565	33	1	0
6566	33	1	0
6567	33	1	0
6568	33	1	0
6569	33	1	0
6570	36	1	0
6571	36	1	0
6572	36	1	0
6573	36	1	0
6574	36	1	0
6575	36	1	0
6576	36	1	0
6577	36	1	0
6578	36	1	0
6579	36	1	0
6580	39	1	0
6581	39	1	0
6582	39	1	0
6583	39	1	0
6584	39	1	0
6585	39	1	0
6586	39	1	0
6587	39	1	0
6588	39	1	0
6589	39	1	0
6590	42	1	0
6591	42	1	0
6592	42	1	0
6593	42	1	0
6594	42	1	0
6595	42	1	0
6596	42	1	0
6597	42	1	0
6598	42	1	0
6599	42	1	0
6600	44	1	0
6601	44	1	0
6602	44	1	0
6603	44	1	0
6604	44	1	0
6605	44	1	0
6606	44	1	0
6607	44	1	0
6608	44	1	0
6609	44	1	0
6610	46	0	0
6611	46	0	0
6612	46	0	0
6613	46	0	0
6614	46	0	0
6615	46	0	0
6616	46	0	0
6617	46	0	0
6618	46	0	0
6619	46	0	0
6620	44	1	0
6621	44	1	0
6622	44	1	0
6623	44	1	0
6624	44	1	0
6625	44	1	0
6626	44	1	0
6627	44	1	0
6628	44	1	0
6629	44	1	0
6630	45	1	0
6631	45	1	0
6632	45	1	0
6633	45	1	0
6634	45	1	0
6635	45	1	0
6636	45	1	0
6637	45	1	0
6638	45	1	0
6639	45	1	0
6640	46	1	0
6641	46	1	0
6642	46	1	0
6643	46	1	0
6644	46	1	0
6645	46	1	0
6646	46	1	0
6647	46	1	0
6648	46	1	0
6649	46	1	0
6650	48	1	0
6651	48	1	0
6652	48	1	0
6653	48	1	0
6654	48	1	0
6655	48	1	0
6656	48	1	0
6657	48	1	0
6658	48	1	0
6659	48	1	0
6660	49	0	0
6661	49	0	0
6662	49	0	0
6663	49	0	0
6664	49	0	0
6665	49	0	0
6666	49	0	0
6667	49	0	0
6668	49	0	0
6669	49	0	0
6670	46	0	0
6671	46	0	0
6672	46	0	0
6673	46	0	0
6674	46	0	0
6675	46	0	0
6676	46	0	0
6677	46	0	0
6678	46	0	0
6679	46	0	0
6680	41	1	0
6681	41	1	0
6682	41	1	0
6683	41	1	0
6684	41	1	0
6685	41	1	0
6686	41	1	0
6687	41	1	0
6688	41	1	0
6689	41	1	0
6690	40	0	0
6691	40	0	0
6692	40	0	0
6693	40	0	0
6694	40	0	0
6695	40	0	0
6696	40	0	0
6697	40	0	0
6698	40	0	0
6699	40	0	0
6700	35	1	0
6701	35	1	0
6702	35	1	0
6703	35	1	0
6704	35	1	0
6705	35	1	0
6706	35	1	0
6707	35	1	0
6708	35	1	0
6709	35	1	0
6710	32	1	0
6711	32	1	0
6712	32	1	0
6713	32	1	0
6714	32	1	0
6715	32	1	0
6716	32	1	0
6717	32	1	0
6718	32	1	0
6719	32	1	0
6720	28	0	0
6721	28	0	0
6722	28	0	0
6723	28	0	0
6724	28	0	0
6725	28	0	0
6726	28	0	0
6727	28	0	0
6728	28	0	0
6729	28	0	0
6730	24	0	0
6731	24	0	0
6732	24	0	0
6733	24	0	0
6734	24	0	0
6735	24	0	0
6736	24	0	0
6737	24	0	0
6738	24	0	0
6739	24	0	0
6740	19	1	0
6741	19	1	0
6742	19	1	0
6743	19	1	0
6744	19	1	0
6745	19	1	0
6746	19	1	0
6747	19	1	0
6748	19	1	0
6749	19	1	0
6750	17	1	0
6751	17	1	0
6752	17	1	0
6753	17	1	0
6754	17	1	0
6755	17	1	0
6756	17	1	0
6757	17	1	0
6758	17	1	0
6759	17	1	0
6760	15	1	0
6761	15	1	0
6762	15	1	0
6763	15	1	0
6764	15	1	0
6765	15	1	0
6766	15	1	0
6767	15	1	0
6768	15	1	0
6769	15	1	0
6770	13	1	0
6771	13	1	0
6772	13	1	0
6773	13	1	0
6774	13	1	0
6775	13	1	0
6776	13	1	0
6777	13	1	0
6778	13	1	0
6779	13	1	0
6780	11	1	0
6781	11	1	0
6782	11	1	0
6783	11	1	0
6784	11	1	0
6785	11	1	0
6786	11	1	0
6787	11	1	0
6788	11	1	0
6789	11	1	0
6790	10	1	0
6791	10	1	0
6792	10	1	0
6793	10	1	0
6794	10	1	0
6795	10	1	0
6796	10	1	0
6797	10	1	0
6798	10	1	0
6799	10	1	0
6800	8	1	0
6801	8	1	0
6802	8	1	0
6803	8	1	0
6804	8	1	0
6805	8	1	0
6806	8	1	0
6807	8	1	0
6808	8	1	0
6809	8	1	0
6810	7	1	0
6811	7	1	0
6812	7	1	0
6813	7	1	0
6814	7	1	0
6815	7	1	0
6816	7	1	0
6817	7	1	0
6818	7	1	0
6819	7	1	0
6820	6	1	0
6821	6	1	0
6822	6	1	0
6823	6	1	0
6824	6	1	0
6825	6	1	0
6826	6	1	0
6827	6	1	0
6828	6	1	0
6829	6	1	0
6830	4	1	0
6831	4	1	0
6832	4	1	0
6833	4	1	0
6834	4	1	0
6835	4	1	0
6836	4	1	0
6837	4	1	0
6838	4	1	0
6839	4	1	0
6840	3	1	0
6841	3	1	0
6842	3	1	0
6843	3	1	0
6844	3	1	0
6845	3	1	0
6846	3	1	0
6847	3	1	0
6848	3	1	0
6849	3	1	0
6850	3	1	0
6851	3	1	0
6852	3	1	0
6853	3	1	0
6854	3	1	0
6855	3	1	0
6856	3	1	0
6857	3	1	0
6858	3	1	0
6859	3	1	0
6860	2	1	0
6861	2	1	0
6862	2	1	0
6863	2	1	0
6864	2	1	0
6865	2	1	0
6866	2	1	0
6867	2	1	0
6868	2	1	0
6869	2	1	0
6870	2	1	0
6871	2	1	0
6872	2	1	0
6873	2	1	0
6874	2	1	0
6875	2	1	0
6876	2	1	0
6877	2	1	0
6878	2	1	0
6879	2	1	0
6880	2	1	0
6881	2	1	0
6882	2	1	0
6883	2	1	0
6884	2	1	0
6885	2	1	0
6886	2	1	0
6887	2	1	0
6888	2	1	0
6889	2	1	0
6890	3	1	0
6891	3	1	0
6892	3	1	0
6893	3	1	0
6894	3	1	0
6895	3	1	0
6896	3	1	0
6897	3	1	0
6898	3	1	0
6899	3	1	0
6900	3	0	0
6901	3	0	0
6902	3	0	0
6903	3	0	0
6904	3	0	0
6905	3	0	0
6906	3	0	0
6907	3	0	0
6908	3	0	0
6909	3	0	0
6910	4	1	0
6911	4	1	0
6912	4	1	0
6913	4	1	0
6914	4	1	0
6915	4	1	0
6916	4	1	0
6917	4	1	0
6918	4	1	0
6919	4	1	0
6920	4	0	0
6921	4	0	0
6922	4	0	0
6923	4	0	0
6924	4	0	0
6925	4	0	0
6926	4	0	0
6927	4	0	0
6928	4	0	0
6929	4	0	0
6930	5	1	0
6931	5	1	0
6932	5	1	0
6933	5	1	0
6934	5	1	0
6935	5	1	0
6936	5	1	0
6937	5	1	0
6938	5	1	0
6939	5	1	0
6940	6	1	0
6941	6	1	0
6942	6	1	0
6943	6	1	0
6944	6	1	0
6945	6	1	0
6946	6	1	0
6947	6	1	0
6948	6	1	0
6949	6	1	0
6950	7	0	0
6951	7	0	0
6952	7	0	0
6953	7	0	0
6954	7	0	0
6955	7	0	0
6956	7	0	0
6957	7	0	0
6958	7	0	0
6959	7	0	0
6960	6	1	0
6961	6	1	0
6962	6	1	0
6963	6	1	0
6964	6	1	0
6965	6	1	0
6966	6	1	0
6967	6	1	0
6968	6	1	0
6969	6	1	0
6970	6	1	0
6971	6	1	0
6972	6	1	0
6973	6	1	0
6974	6	1	0
6975	6	1	0
6976	6	1	0
6977	6	1	0
6978	6	1	0
6979	6	1	0
6980	6	0	0
6981	6	0	0
6982	6	0	0
6983	6	0	0
6984	6	0	0
6985	6	0	0
6986	6	0	0
6987	6	0	0
6988	6	0	0
6989	6	0	0
6990	6	1	0
6991	6	1	0
6992	6	1	0
6993	6	1	0
6994	6	1	0
6995	6	1	0
6996	6	1	0
6997	6	1	0
6998	6	1	0
6999	6	1	0
7000	6	0	0
7001	6	0	0
7002	6	0	0
7003	6	0	0
7004	6	0	0
7005	6	0	0
7006	6	0	0
7007	6	0	0
7008	6	0	0
7009	6	0	0
7010	6	1	0
7011	6	1	0
7012	6	1	0
7013	6	1	0
7014	6	1	0
7015	6	1	0
7016	6	1	0
7017	6	1	0
7018	6	1	0
7019	6	1	0
7020	6	1	0
7021	6	1	0
7022	6	1	0
7023	6	1	0
7024	6	1	0
7025	6	1	0
7026	6	1	0
7027	6	1	0
7028	6	1	0
7029	6	1	0
7030	7	0	0
7031	7	0	0
7032	7	0	0
7033	7	0	0
7034	7	0	0
7035	7	0	0
7036	7	0	0
7037	7	0	0
7038	7	0	0
7039	7	0	0
7040	7	1	0
7041	7	1	0
7042	7	1	0
7043	7	1	0
7044	7	1	0
7045	7	1	0
7046	7	1	0
7047	7	1	0
7048	7	1	0
7049	7	1	0
7050	7	1	0
7051	7	1	0
7052	7	1	0
7053	7	1	0
7054	7	1	0
7055	7	1	0
7056	7	1	0
7057	7	1	0
7058	7	1	0
7059	7	1	0
7060	8	0	0
7061	8	0	0
7062	8	0	0
7063	8	0	0
7064	8	0	0
7065	8	0	0
7066	8	0	0
7067	8	0	0
7068	8	0	0
7069	8	0	0
7070	9	1	0
7071	9	1	0
7072	9	1	0
7073	9	1	0
7074	9	1	0
7075	9	1	0
7076	9	1	0
7077	9	1	0
7078	9	1	0
7079	9	1	0
7080	9	0	0
7081	9	0	0
7082	9	0	0
7083	9	0	0
7084	9	0	0
7085	9	0	0
7086	9	0	0
7087	9	0	0
7088	9	0	0
7089	9	0	0
7090	9	1	0
7091	9	1	0
7092	9	1	0
7093	9	1	0
7094	9	1	0
7095	9	1	0
7096	9	1	0
7097	9	1	0
7098	9	1	0
7099	9	1	0
7100	9	1	0
7101	9	1	0
7102	9	1	0
7103	9	1	0
7104	9	1	0
7105	9	1	0
7106	9	1	0
7107	9	1	0
7108	9	1	0
7109	9	1	0
7110	9	0	0
7111	9	0	0
7112	9	0	0
7113	9	0	0
7114	9	0	0
7115	9	0	0
7116	9	0	0
7117	9	0	0
7118	9	0	0
7119	9	0	0
7120	9	1	0
7121	9	1	0
7122	9	1	0
7123	9	1	0
7124	9	1	0
7125	9	1	0
7126	9	1	0
7127	9	1	0
7128	9	1	0
7129	9	1	0
7130	9	1	0
7131	9	1	0
7132	9	1	0
7133	9	1	0
7134	9	1	0
7135	9	1	0
7136	9	1	0
7137	9	1	0
7138	9	1	0
7139	9	1	0
7140	8	0	0
7141	8	0	0
7142	8	0	0
7143	8	0	0
7144	8	0	0
7145	8	0	0
7146	8	0	0
7147	8	0	0
7148	8	0	0
7149	8	0	0
7150	7	1	0
7151	7	1	0
7152	7	1	0
7153	7	1	0
7154	7	1	0
7155	7	1	0
7156	7	1	0
7157	7	1	0
7158	7	1	0
7159	7	1	0
7160	7	0	0
7161	7	0	0
7162	7	0	0
7163	7	0	0
7164	7	0	0
7165	7	0	0
7166	7	0	0
7167	7	0	0
7168	7	0	0
7169	7	0	0
7170	6	1	0
7171	6	1	0
7172	6	1	0
7173	6	1	0
7174	6	1	0
7175	6	1	0
7176	6	1	0
7177	6	1	0
7178	6	1	0
7179	6	1	0
7180	6	1	0
7181	6	1	0
7182	6	1	0
7183	6	1	0
7184	6	1	0
7185	6	1	0
7186	6	1	0
7187	6	1	0
7188	6	1	0
7189	6	1	0
7190	5	0	0
7191	5	0	0
7192	5	0	0
7193	5	0	0
7194	5	0	0
7195	5	0	0
7196	5	0	0
7197	5	0	0
7198	5	0	0
7199	5	0	0
7200	5	1	0
7201	5	1	0
7202	5	1	0
7203	5	1	0
7204	5	1	0
7205	5	1	0
7206	5	1	0
7207	5	1	0
7208	5	1	0
7209	5	1	0
7210	4	1	0
7211	4	1	0
7212	4	1	0
7213	4	1	0
7214	4	1	0
7215	4	1	0
7216	4	1	0
7217	4	1	0
7218	4	1	0
7219	4	1	0
7220	3	0	0
7221	3	0	0
7222	3	0	0
7223	3	0	0
7224	3	0	0
7225	3	0	0
7226	3	0	0
7227	3	0	0
7228	3	0	0
7229	3	0	0
7230	3	1	0
7231	3	1	0
7232	3	1	0
7233	3	1	0
7234	3	1	0
7235	3	1	0
7236	3	1	0
7237	3	1	0
7238	3	1	0
7239	3	1	0
7240	2	0	0
7241	2	0	0
7242	2	0	0
7243	2	0	0
7244	2	0	0
7245	2	0	0
7246	2	0	0
7247	2	0	0
7248	2	0	0
7249	2	0	0
7250	2	1	0
7251	2	1	0
7252	2	1	0
7253	2	1	0
7254	2	1	0
7255	2	1	0
7256	2	1	0
7257	2	1	0
7258	2	1	0
7259	2	1	0
7260	2	1	0
7261	2	1	0
7262	2	1	0
7263	2	1	0
7264	2	1	0
7265	2	1	0
7266	2	1	0
7267	2	1	0
7268	2	1	0
7269	2	1	0
7270	2	0	0
7271	2	0	0
7272	2	0	0
7273	2	0	0
7274	2	0	0
7275	2	0	0
7276	2	0	0
7277	2	0	0
7278	2	0	0
7279	2	0	0
7280	2	1	0
7281	2	1	0
7282	2	1	0
7283	2	1	0
7284	2	1	0
7285	2	1	0
7286	2	1	0
7287	2	1	0
7288	2	1	0
7289	2	1	0
7290	2	1	0
7291	2	1	0
7292	2	1	0
7293	2	1	0
7294	2	1	0
7295	2	1	0
7296	2	1	0
7297	2	1	0
7298	2	1	0
7299	2	1	0
7300	2	0	0
7301	2	0	0
7302	2	0	0
7303	2	0	0
7304	2	0	0
7305	2	0	0
7306	2	0	0
7307	2	0	0
7308	2	0	0
7309	2	0	0
7310	1	1	0
7311	1	1	0
7312	1	1	0
7313	1	1	0
7314	1	1	0
7315	1	1	0
7316	1	1	0
7317	1	1	0
7318	1	1	0
7319	1	1	0
7320	1	0	0
7321	1	0	0
7322	1	0	0
7323	1	0	0
7324	1	0	0
7325	1	0	0
7326	1	0	0
7327	1	0	0
7328	1	0	0
7329	1	0	0
7330	1	1	0
7331	1	1	0
7332	1	1	0
7333	1	1	0
7334	1	1	0
7335	1	1	0
7336	1	1	0
7337	1	1	0
7338	1	1	0
7339	1	1	0
7340	1	1	0
7341	1	1	0
7342	1	1	0
7343	1	1	0
7344	1	1	0
7345	1	1	0
7346	1	1	0
7347	1	1	0
7348	1	1	0
7349	1	1	0
7350	2	0	0
7351	2	0	0
7352	2	0	0
7353	2	0	0
7354	2	0	0
7355	2	0	0
7356	2	0	0
7357	2	0	0
7358	2	0	0
7359	2	0	0
7360	2	1	0
7361	2	1	0
7362	2	1	0
7363	2	1	0
7364	2	1	0
7365	2	1	0
7366	2	1	0
7367	2	1	0
7368	2	1	0
7369	2	1	0
7370	2	0	0
7371	2	0	0
7372	2	0	0
7373	2	0	0
7374	2	0	0
7375	2	0	0
7376	2	0	0
7377	2	0	0
7378	2	0	0
7379	2	0	0
7380	2	1	0
7381	2	1	0
7382	2	1	0
7383	2	1	0
7384	2	1	0
7385	2	1	0
7386	2	1	0
7387	2	1	0
7388	2	1	0
7389	2	1	0
7390	2	1	0
7391	2	1	0
7392	2	1	0
7393	2	1	0
7394	2	1	0
7395	2	1	0
7396	2	1	0
7397	2	1	0
7398	2	1	0
7399	2	1	0
7400	2	0	0
7401	2	0	0
7402	2	0	0
7403	2	0	0
7404	2	0	0
7405	2	0	0
7406	2	0	0
7407	2	0	0
7408	2	0	0
7409	2	0	0
7410	2	1	0
7411	2	1	0
7412	2	1	0
7413	2	1	0
7414	2	1	0
7415	2	1	0
7416	2	1	0
7417	2	1	0
7418	2	1	0
7419	2	1	0
7420	1	0	0
7421	1	0	0
7422	1	0	0
7423	1	0	0
7424	1	0	0
7425	1	0	0
7426	1	0	0
7427	1	0	0
7428	1	0	0
7429	1	0	0
7430	1	1	0
7431	1	1	0
7432	1	1	0
7433	1	1	0
7434	1	1	0
7435	1	1	0
7436	1	1	0
7437	1	1	0
7438	1	1	0
7439	1	1	0
7440	1	1	0
7441	1	1	0
7442	1	1	0
7443	1	1	0
7444	1	1	0
7445	1	1	0
7446	1	1	0
7447	1	1	0
7448	1	1	0
7449	1	1	0
7450	1	0	0
7451	1	0	0
7452	1	0	0
7453	1	0	0
7454	1	0	0
7455	1	0	0
7456	1	0	0
7457	1	0	0
7458	1	0	0
7459	1	0	0
7460	0	1	0
7461	0	1	0
7462	0	1	0
7463	0	1	0
7464	0	1	0
7465	0	1	0
7466	0	1	0
7467	0	1	0
7468	0	1	0
7469	0	1	0
7470	-1	1	0
7471	-1	1	0
7472	-1	1	0
7473	-1	1	0
7474	-1	1	0
7475	-1	1	0
7476	-1	1	0
7477	-1	1	0
7478	-1	1	0
7479	-1	1	0
7480	-2	0	0
7481	-2	0	0
7482	-2	0	0
7483	-2	0	0
7484	-2	0	0
7485	-2	0	0
7486	-2	0	0
7487	-2	0	0
7488	-2	0	0
7489	-2	0	0
7490	-4	1	0
7491	-4	1	0
7492	-4	1	0
7493	-4	1	0
7494	-4	1	0
7495	-4	1	0
7496	-4	1	0
7497	-4	1	0
7498	-4	1	0
7499	-4	1	0
7500	-7	0	0
7501	-7	0	0
7502	-7	0	0
7503	-7	0	0
7504	-7	0	0
7505	-7	0	0
7506	-7	0	0
7507	-7	0	0
7508	-7	0	0
7509	-7	0	0
7510	-8	1	0
7511	-8	1	0
7512	-8	1	0
7513	-8	1	0
7514	-8	1	0
7515	-8	1	0
7516	-8	1	0
7517	-8	1	0
7518	-8	1	0
7519	-8	1	0
7520	-12	1	0
7521	-12	1	0
7522	-12	1	0
7523	-12	1	0
7524	-12	1	0
7525	-12	1	0
7526	-12	1	0
7527	-12	1	0
7528	-12	1	0
7529	-12	1	0
7530	-16	0	0
7531	-16	0	0
7532	-16	0	0
7533	-16	0	0
7534	-16	0	0
7535	-16	0	0
7536	-16	0	0
7537	-16	0	0
7538	-16	0	0
7539	-16	0	0
7540	-19	1	0
7541	-19	1	0
7542	-19	1	0
7543	-19	1	0
7544	-19	1	0
7545	-19	1	0
7546	-19	1	0
7547	-19	1	0
7548	-19	1	0
7549	-19	1	0
7550	-24	0	0
7551	-24	0	0
7552	-24	0	0
7553	-24	0	0
7554	-24	0	0
7555	-24	0	0
7556	-24	0	0
7557	-24	0	0
7558	-24	0	0
7559	-24	0	0
7560	-25	1	0
7561	-25	1	0
7562	-25	1	0
7563	-25	1	0
7564	-25	1	0
7565	-25	1	0
7566	-25	1	0
7567	-25	1	0
7568	-25	1	0
7569	-25	1	0
7570	-29	1	0
7571	-29	1	0
7572	-29	1	0
7573	-29	1	0
7574	-29	1	0
7575	-29	1	0
7576	-29	1	0
7577	-29	1	0
7578	-29	1	0
7579	-29	1	0
7580	-32	0	0
7581	-32	0	0
7582	-32	0	0
7583	-32	0	0
7584	-32	0	0
7585	-32	0	0
7586	-32	0	0
7587	-32	0	0
7588	-32	0	0
7589	-32	0	0
7590	-32	0	0
7591	-32	0	0
7592	-32	0	0
7593	-32	0	0
7594	-32	0	0
7595	-32	0	0
7596	-32	0	0
7597	-32	0	0
7598	-32	0	0
7599	-32	0	0
7600	-31	1	0
7601	-31	1	0
7602	-31	1	0
7603	-31	1	0
7604	-31	1	0
7605	-31	1	0
7606	-31	1	0
7607	-31	1	0
7608	-31	1	0
7609	-31	1	0
7610	-33	0	0
7611	-33	0	0
7612	-33	0	0
7613	-33	0	0
7614	-33	0	0
7615	-33	0	0
7616	-33	0	0
7617	-33	0	0
7618	-33	0	0
7619	-33	0	0
7620	-32	0	0
7621	-32	0	0
7622	-32	0	0
7623	-32	0	0
7624	-32	0	0
7625	-32	0	0
7626	-32	0	0
7627	-32	0	0
7628	-32	0	0
7629	-32	0	0
7630	-30	0	1
7631	-30	0	1
7632	-30	0	1
7633	-30	0	1
7634	-30	0	1
7635	-30	0	1
7636	-30	0	1
7637	-30	0	1
7638	-30	0	1
7639	-30	0	1
7640	-27	1	0
7641	-27	1	0
7642	-27	1	0
7643	-27	1	0
7644	-27	1	0
7645	-27	1	0
7646	-27	1	0
7647	-27	1	0
7648	-27	1	0
7649	-27	1	0
7650	-27	1	0
7651	-27	1	0
7652	-27	1	0
7653	-27	1	0
7654	-27	1	0
7655	-27	1	0
7656	-27	1	0
7657	-27	1	0
7658	-27	1	0
7659	-27	1	0
7660	-27	1	0
7661	-27	1	0
7662	-27	1	0
7663	-27	1	0
7664	-27	1	0
7665	-27	1	0
7666	-27	1	0
7667	-27	1	0
7668	-27	1	0
7669	-27	1	0
7670	-26	1	0
7671	-26	1	0
7672	-26	1	0
7673	-26	1	0
7674	-26	1	0
7675	-26	1	0
7676	-26	1	0
7677	-26	1	0
7678	-26	1	0
7679	-26	1	0
7680	-23	1	0
7681	-23	1	0
7682	-23	1	0
7683	-23	1	0
7684	-23	1	0
7685	-23	1	0
7686	-23	1	0
7687	-23	1	0
7688	-23	1	0
7689	-23	1	0
7690	-17	1	0
7691	-17	1	0
7692	-17	1	0
7693	-17	1	0
7694	-17	1	0
7695	-17	1	0
7696	-17	1	0
7697	-17	1	0
7698	-17	1	0
7699	-17	1	0
7700	-9	0	0
7701	-9	0	0
7702	-9	0	0
7703	-9	0	0
7704	-9	0	0
7705	-9	0	0
7706	-9	0	0
7707	-9	0	0
7708	-9	0	0
7709	-9	0	0
7710	-3	1	0
7711	-3	1	0
7712	-3	1	0
7713	-3	1	0
7714	-3	1	0
7715	-3	1	0
7716	-3	1	0
7717	-3	1	0
7718	-3	1	0
7719	-3	1	0
7720	10	0	1
7721	10	0	1
7722	10	0	1
7723	10	0	1
7724	10	0	1
7725	10	0	1
7726	10	0	1
7727	10	0	1
7728	10	0	1
7729	10	0	1
7730	13	0	0
7731	13	0	0
7732	13	0	0
7733	13	0	0
7734	13	0	0
7735	13	0	0
7736	13	0	0
7737	13	0	0
7738	13	0	0
7739	13	0	0
7740	17	0	0
7741	17	0	0
7742	17	0	0
7743	17	0	0
7744	17	0	0
7745	17	0	0
7746	17	0	0
7747	17	0	0
7748	17	0	0
7749	17	0	0
7750	23	0	0
7751	23	0	0
7752	23	0	0
7753	23	0	0
7754	23	0	0
7755	23	0	0
7756	23	0	0
7757	23	0	0
7758	23	0	0
7759	23	0	0
7760	27	0	1
7761	27	0	1
7762	27	0	1
7763	27	0	1
7764	27	0	1
7765	27	0	1
7766	27	0	1
7767	27	0	1
7768	27	0	1
7769	27	0	1
7770	24	0	0
7771	24	0	0
7772	24	0	0
7773	24	0	0
7774	24	0	0
7775	24	0	0
7776	24	0	0
7777	24	0	0
7778	24	0	0
7779	24	0	0
7780	27	0	0
7781	27	0	0
7782	27	0	0
7783	27	0	0
7784	27	0	0
7785	27	0	0
7786	27	0	0
7787	27	0	0
7788	27	0	0
7789	27	0	0
7790	29	0	1
7791	29	0	1
7792	29	0	1
7793	29	0	1
7794	29	0	1
7795	29	0	1
7796	29	0	1
7797	29	0	1
7798	29	0	1
7799	29	0	1
7800	24	1	0
7801	24	1	0
7802	24	1	0
7803	24	1	0
7804	24	1	0
7805	24	1	0
7806	24	1	0
7807	24	1	0
7808	24	1	0
7809	24	1	0
7810	28	1	0
7811	28	1	0
7812	28	1	0
7813	28	1	0
7814	28	1	0
7815	28	1	0
7816	28	1	0
7817	28	1	0
7818	28	1	0
7819	28	1	0
7820	35	1	0
7821	35	1	0
7822	35	1	0
7823	35	1	0
7824	35	1	0
7825	35	1	0
7826	35	1	0
7827	35	1	0
7828	35	1	0
7829	35	1	0
7830	42	0	0
7831	42	0	0
7832	42	0	0
7833	42	0	0
7834	42	0	0
7835	42	0	0
7836	42	0	0
7837	42	0	0
7838	42	0	0
7839	42	0	0
7840	43	0	0
7841	43	0	0
7842	43	0	0
7843	43	0	0
7844	43	0	0
7845	43	0	0
7846	43	0	0
7847	43	0	0
7848	43	0	0
7849	43	0	0
7850	41	1	0
7851	41	1	0
7852	41	1	0
7853	41	1	0
7854	41	1	0
7855	41	1	0
7856	41	1	0
7857	41	1	0
7858	41	1	0
7859	41	1	0
7860	43	1	0
7861	43	1	0
7862	43	1	0
7863	43	1	0
7864	43	1	0
7865	43	1	0
7866	43	1	0
7867	43	1	0
7868	43	1	0
7869	43	1	0
7870	44	1	0
7871	44	1	0
7872	44	1	0
7873	44	1	0
7874	44	1	0
7875	44	1	0
7876	44	1	0
7877	44	1	0
7878	44	1	0
7879	44	1	0
7880	45	0	0
7881	45	0	0
7882	45	0	0
7883	45	0	0
7884	45	0	0
7885	45	0	0
7886	45	0	0
7887	45	0	0
7888	45	0	0
7889	45	0	0
7890	40	0	0
7891	40	0	0
7892	40	0	0
7893	40	0	0
7894	40	0	0
7895	40	0	0
7896	40	0	0
7897	40	0	0
7898	40	0	0
7899	40	0	0
7900	35	1	0
7901	35	1	0
7902	35	1	0
7903	35	1	0
7904	35	1	0
7905	35	1	0
7906	35	1	0
7907	35	1	0
7908	35	1	0
7909	35	1	0
7910	32	1	0
7911	32	1	0
7912	32	1	0
7913	32	1	0
7914	32	1	0
7915	32	1	0
7916	32	1	0
7917	32	1	0
7918	32	1	0
7919	32	1	0
7920	28	1	0
7921	28	1	0
7922	28	1	0
7923	28	1	0
7924	28	1	0
7925	28	1	0
7926	28	1	0
7927	28	1	0
7928	28	1	0
7929	28	1	0
7930	25	1	0
7931	25	1	0
7932	25	1	0
7933	25	1	0
7934	25	1	0
7935	25	1	0
7936	25	1	0
7937	25	1	0
7938	25	1	0
7939	25	1	0
7940	20	1	0
7941	20	1	0
7942	20	1	0
7943	20	1	0
7944	20	1	0
7945	20	1	0
7946	20	1	0
7947	20	1	0
7948	20	1	0
7949	20	1	0
7950	16	1	0
7951	16	1	0
7952	16	1	0
7953	16	1	0
7954	16	1	0
7955	16	1	0
7956	16	1	0
7957	16	1	0
7958	16	1	0
7959	16	1	0
7960	12	1	0
7961	12	1	0
7962	12	1	0
7963	12	1	0
7964	12	1	0
7965	12	1	0
7966	12	1	0
7967	12	1	0
7968	12	1	0
7969	12	1	0
7970	8	1	0
7971	8	1	0
7972	8	1	0
7973	8	1	0
7974	8	1	0
7975	8	1	0
7976	8	1	0
7977	8	1	0
7978	8	1	0
7979	8	1	0
7980	5	1	0
7981	5	1	0
7982	5	1	0
7983	5	1	0
7984	5	1	0
7985	5	1	0
7986	5	1	0
7987	5	1	0
7988	5	1	0
7989	5	1	0
7990	2	1	0
7991	2	1	0
7992	2	1	0
7993	2	1	0
7994	2	1	0
7995	2	1	0
7996	2	1	0
7997	2	1	0
7998	2	1	0
7999	2	1	0
8000	0	1	0
8001	0	1	0
8002	0	1	0
8003	0	1	0
8004	0	1	0
8005	0	1	0
8006	0	1	0
8007	0	1	0
8008	0	1	0
8009	0	1	0
8010	-1	1	0
8011	-1	1	0
8012	-1	1	0
8013	-1	1	0
8014	-1	1	0
8015	-1	1	0
8016	-1	1	0
8017	-1	1	0
8018	-1	1	0
8019	-1	1	0
8020	-2	1	0
8021	-2	1	0
8022	-2	1	0
8023	-2	1	0
8024	-2	1	0
8025	-2	1	0
8026	-2	1	0
8027	-2	1	0
8028	-2	1	0
8029	-2	1	0
8030	-5	1	0
8031	-5	1	0
8032	-5	1	0
8033	-5	1	0
8034	-5	1	0
8035	-5	1	0
8036	-5	1	0
8037	-5	1	0
8038	-5	1	0
8039	-5	1	0
8040	-8	1	0
8041	-8	1	0
8042	-8	1	0
8043	-8	1	0
8044	-8	1	0
8045	-8	1	0
8046	-8	1	0
8047	-8	1	0
8048	-8	1	0
8049	-8	1	0
8050	-11	1	0
8051	-11	1	0
8052	-11	1	0
8053	-11	1	0
8054	-11	1	0
8055	-11	1	0
8056	-11	1	0
8057	-11	1	0
8058	-11	1	0
8059	-11	1	0
8060	-15	1	0
8061	-15	1	0
8062	-15	1	0
8063	-15	1	0
8064	-15	1	0
8065	-15	1	0
8066	-15	1	0
8067	-15	1	0
8068	-15	1	0
8069	-15	1	0
8070	-19	1	0
8071	-19	1	0
8072	-19	1	0
8073	-19	1	0
8074	-19	1	0
8075	-19	1	0
8076	-19	1	0
8077	-19	1	0
8078	-19	1	0
8079	-19	1	0
8080	-23	1	0
8081	-23	1	0
8082	-23	1	0
8083	-23	1	0
8084	-23	1	0
8085	-23	1	0
8086	-23	1	0
8087	-23	1	0
8088	-23	1	0
8089	-23	1	0
8090	-27	0	0
8091	-27	0	0
8092	-27	0	0
8093	-27	0	0
8094	-27	0	0
8095	-27	0	0
8096	-27	0	0
8097	-27	0	0
8098	-27	0	0
8099	-27	0	0
8100	-29	0	0
8101	-29	0	0
8102	-29	0	0
8103	-29	0	0
8104	-29	0	0
8105	-29	0	0
8106	-29	0	0
8107	-29	0	0
8108	-29	0	0
8109	-29	0	0
8110	-29	0	0
8111	-29	0	0
8112	-29	0	0
8113	-29	0	0
8114	-29	0	0
8115	-29	0	0
8116	-29	0	0
8117	-29	0	0
8118	-29	0	0
8119	-29	0	0
8120	-30	0	0
8121	-30	0	0
8122	-30	0	0
8123	-30	0	0
8124	-30	0	0
8125	-30	0	0
8126	-30	0	0
8127	-30	0	0
8128	-30	0	0
8129	-30	0	0
8130	-29	1	0
8131	-29	1	0
8132	-29	1	0
8133	-29	1	0
8134	-29	1	0
8135	-29	1	0
8136	-29	1	0
8137	-29	1	0
8138	-29	1	0
8139	-29	1	0
8140	-33	1	0
8141	-33	1	0
8142	-33	1	0
8143	-33	1	0
8144	-33	1	0
8145	-33	1	0
8146	-33	1	0
8147	-33	1	0
8148	-33	1	0
8149	-33	1	0
8150	-38	1	0
8151	-38	1	0
8152	-38	1	0
8153	-38	1	0
8154	-38	1	0
8155	-38	1	0
8156	-38	1	0
8157	-38	1	0
8158	-38	1	0
8159	-38	1	0
8160	-43	1	0
8161	-43	1	0
8162	-43	1	0
8163	-43	1	0
8164	-43	1	0
8165	-43	1	0
8166	-43	1	0
8167	-43	1	0
8168	-43	1	0
8169	-43	1	0
8170	-47	0	0
8171	-47	0	0
8172	-47	0	0
8173	-47	0	0
8174	-47	0	0
8175	-47	0	0
8176	-47	0	0
8177	-47	0	0
8178	-47	0	0
8179	-47	0	0
8180	-48	0	1
8181	-48	0	1
8182	-48	0	1
8183	-48	0	1
8184	-48	0	1
8185	-48	0	1
8186	-48	0	1
8187	-48	0	1
8188	-48	0	1
8189	-48	0	1
8190	-43	0	0
8191	-43	0	0
8192	-43	0	0
8193	-43	0	0
8194	-43	0	0
8195	-43	0	0
8196	-43	0	0
8197	-43	0	0
8198	-43	0	0
8199	-43	0	0
8200	-42	0	0
8201	-42	0	0
8202	-42	0	0
8203	-42	0	0
8204	-42	0	0
8205	-42	0	0
8206	-42	0	0
8207	-42	0	0
8208	-42	0	0
8209	-42	0	0
8210	-40	0	0
8211	-40	0	0
8212	-40	0	0
8213	-40	0	0
8214	-40	0	0
8215	-40	0	0
8216	-40	0	0
8217	-40	0	0
8218	-40	0	0
8219	-40	0	0
8220	-38	1	0
8221	-38	1	0
8222	-38	1	0
8223	-38	1	0
8224	-38	1	0
8225	-38	1	0
8226	-38	1	0
8227	-38	1	0
8228	-38	1	0
8229	-38	1	0
8230	-41	0	0
8231	-41	0	0
8232	-41	0	0
8233	-41	0	0
8234	-41	0	0
8235	-41	0	0
8236	-41	0	0
8237	-41	0	0
8238	-41	0	0
8239	-41	0	0
8240	-40	0	0
8241	-40	0	0
8242	-40	0	0
8243	-40	0	0
8244	-40	0	0
8245	-40	0	0
8246	-40	0	0
8247	-40	0	0
8248	-40	0	0
8249	-40	0	0
8250	-38	1	0
8251	-38	1	0
8252	-38	1	0
8253	-38	1	0
8254	-38	1	0
8255	-38	1	0
8256	-38	1	0
8257	-38	1	0
8258	-38	1	0
8259	-38	1	0
8260	-38	1	0
8261	-38	1	0
8262	-38	1	0
8263	-38	1	0
8264	-38	1	0
8265	-38	1	0
8266	-38	1	0
8267	-38	1	0
8268	-38	1	0
8269	-38	1	0
8270	-38	0	0
8271	-38	0	0
8272	-38	0	0
8273	-38	0	0
8274	-38	0	0
8275	-38	0	0
8276	-38	0	0
8277	-38	0	0
8278	-38	0	0
8279	-38	0	0
8280	-34	0	1
8281	-34	0	1
8282	-34	0	1
8283	-34	0	1
8284	-34	0	1
8285	-34	0	1
8286	-34	0	1
8287	-34	0	1
8288	-34	0	1
8289	-34	0	1
8290	-29	0	1
8291	-29	0	1
8292	-29	0	1
8293	-29	0	1
8294	-29	0	1
8295	-29	0	1
8296	-29	0	1
8297	-29	0	1
8298	-29	0	1
8299	-29	0	1
8300	-23	1	0
8301	-23	1	0
8302	-23	1	0
8303	-23	1	0
8304	-23	1	0
8305	-23	1	0
8306	-23	1	0
8307	-23	1	0
8308	-23	1	0
8309	-23	1	0
8310	-21	1	0
8311	-21	1	0
8312	-21	1	0
8313	-21	1	0
8314	-21	1	0
8315	-21	1	0
8316	-21	1	0
8317	-21	1	0
8318	-21	1	0
8319	-21	1	0
8320	-19	1	0
8321	-19	1	0
8322	-19	1	0
8323	-19	1	0
8324	-19	1	0
8325	-19	1	0
8326	-19	1	0
8327	-19	1	0
8328	-19	1	0
8329	-19	1	0
8330	-17	1	0
8331	-17	1	0
8332	-17	1	0
8333	-17	1	0
8334	-17	1	0
8335	-17	1	0
8336	-17	1	0
8337	-17	1	0
8338	-17	1	0
8339	-17	1	0
8340	-14	1	0
8341	-14	1	0
8342	-14	1	0
8343	-14	1	0
8344	-14	1	0
8345	-14	1	0
8346	-14	1	0
8347	-14	1	0
8348	-14	1	0
8349	-14	1	0
8350	-11	1	0
8351	-11	1	0
8352	-11	1	0
8353	-11	1	0
8354	-11	1	0
8355	-11	1	0
8356	-11	1	0
8357	-11	1	0
8358	-11	1	0
8359	-11	1	0
8360	-5	1	0
8361	-5	1	0
8362	-5	1	0
8363	-5	1	0
8364	-5	1	0
8365	-5	1	0
8366	-5	1	0
8367	-5	1	0
8368	-5	1	0
8369	-5	1	0
8370	3	1	0
8371	3	1	0
8372	3	1	0
8373	3	1	0
8374	3	1	0
8375	3	1	0
8376	3	1	0
8377	3	1	0
8378	3	1	0
8379	3	1	0
8380	13	1	0
8381	13	1	0
8382	13	1	0
8383	13	1	0
8384	13	1	0
8385	13	1	0
8386	13	1	0
8387	13	1	0
8388	13	1	0
8389	13	1	0
8390	22	1	0
8391	22	1	0
8392	22	1	0
8393	22	1	0
8394	22	1	0
8395	22	1	0
8396	22	1	0
8397	22	1	0
8398	22	1	0
8399	22	1	0
8400	30	0	0
8401	30	0	0
8402	30	0	0
8403	30	0	0
8404	30	0	0
8405	30	0	0
8406	30	0	0
8407	30	0	0
8408	30	0	0
8409	30	0	0
8410	33	0	1
8411	33	0	1
8412	33	0	1
8413	33	0	1
8414	33	0	1
8415	33	0	1
8416	33	0	1
8417	33	0	1
8418	33	0	1
8419	33	0	1
8420	32	0	0
8421	32	0	0
8422	32	0	0
8423	32	0	0
8424	32	0	0
8425	32	0	0
8426	32	0	0
8427	32	0	0
8428	32	0	0
8429	32	0	0
8430	33	0	1
8431	33	0	1
8432	33	0	1
8433	33	0	1
8434	33	0	1
8435	33	0	1
8436	33	0	1
8437	33	0	1
8438	33	0	1
8439	33	0	1
8440	30	0	1
8441	30	0	1
8442	30	0	1
8443	30	0	1
8444	30	0	1
8445	30	0	1
8446	30	0	1
8447	30	0	1
8448	30	0	1
8449	30	0	1
8450	27	0	0
8451	27	0	0
8452	27	0	0
8453	27	0	0
8454	27	0	0
8455	27	0	0
8456	27	0	0
8457	27	0	0
8458	27	0	0
8459	27	0	0
8460	26	0	0
8461	26	0	0
8462	26	0	0
8463	26	0	0
8464	26	0	0
8465	26	0	0
8466	26	0	0
8467	26	0	0
8468	26	0	0
8469	26	0	0
8470	26	1	0
8471	26	1	0
8472	26	1	0
8473	26	1	0
8474	26	1	0
8475	26	1	0
8476	26	1	0
8477	26	1	0
8478	26	1	0
8479	26	1	0
8480	30	1	0
8481	30	1	0
8482	30	1	0
8483	30	1	0
8484	30	1	0
8485	30	1	0
8486	30	1	0
8487	30	1	0
8488	30	1	0
8489	30	1	0
8490	34	1	0
8491	34	1	0
8492	34	1	0
8493	34	1	0
8494	34	1	0
8495	34	1	0
8496	34	1	0
8497	34	1	0
8498	34	1	0
8499	34	1	0
8500	38	1	0
8501	38	1	0
8502	38	1	0
8503	38	1	0
8504	38	1	0
8505	38	1	0
8506	38	1	0
8507	38	1	0
8508	38	1	0
8509	38	1	0
8510	42	1	0
8511	42	1	0
8512	42	1	0
8513	42	1	0
8514	42	1	0
8515	42	1	0
8516	42	1	0
8517	42	1	0
8518	42	1	0
8519	42	1	0
8520	47	0	0
8521	47	0	0
8522	47	0	0
8523	47	0	0
8524	47	0	0
8525	47	0	0
8526	47	0	0
8527	47	0	0
8528	47	0	0
8529	47	0	0
8530	46	1	0
8531	46	1	0
8532	46	1	0
8533	46	1	0
8534	46	1	0
8535	46	1	0
8536	46	1	0
8537	46	1	0
8538	46	1	0
8539	46	1	0
8540	49	1	0
8541	49	1	0
8542	49	1	0
8543	49	1	0
8544	49	1	0
8545	49	1	0
8546	49	1	0
8547	49	1	0
8548	49	1	0
8549	49	1	0
8550	52	1	0
8551	52	1	0
8552	52	1	0
8553	52	1	0
8554	52	1	0
8555	52	1	0
8556	52	1	0
8557	52	1	0
8558	52	1	0
8559	52	1	0
8560	54	1	0
8561	54	1	0
8562	54	1	0
8563	54	1	0
8564	54	1	0
8565	54	1	0
8566	54	1	0
8567	54	1	0
8568	54	1	0
8569	54	1	0
8570	56	0	0
8571	56	0	0
8572	56	0	0
8573	56	0	0
8574	56	0	0
8575	56	0	0
8576	56	0	0
8577	56	0	0
8578	56	0	0
8579	56	0	0
8580	54	0	0
8581	54	0	0
8582	54	0	0
8583	54	0	0
8584	54	0	0
8585	54	0	0
8586	54	0	0
8587	54	0	0
8588	54	0	0
8589	54	0	0
8590	50	0	1
8591	50	0	1
8592	50	0	1
8593	50	0	1
8594	50	0	1
8595	50	0	1
8596	50	0	1
8597	50	0	1
8598	50	0	1
8599	50	0	1
8600	43	0	0
8601	43	0	0
8602	43	0	0
8603	43	0	0
8604	43	0	0
8605	43	0	0
8606	43	0	0
8607	43	0	0
8608	43	0	0
8609	43	0	0
8610	39	0	0
8611	39	0	0
8612	39	0	0
8613	39	0	0
8614	39	0	0
8615	39	0	0
8616	39	0	0
8617	39	0	0
8618	39	0	0
8619	39	0	0
8620	35	1	0
8621	35	1	0
8622	35	1	0
8623	35	1	0
8624	35	1	0
8625	35	1	0
8626	35	1	0
8627	35	1	0
8628	35	1	0
8629	35	1	0
8630	35	1	0
8631	35	1	0
8632	35	1	0
8633	35	1	0
8634	35	1	0
8635	35	1	0
8636	35	1	0
8637	35	1	0
8638	35	1	0
8639	35	1	0
8640	37	1	0
8641	37	1	0
8642	37	1	0
8643	37	1	0
8644	37	1	0
8645	37	1	0
8646	37	1	0
8647	37	1	0
8648	37	1	0
8649	37	1	0
8650	38	1	0
8651	38	1	0
8652	38	1	0
8653	38	1	0
8654	38	1	0
8655	38	1	0
8656	38	1	0
8657	38	1	0
8658	38	1	0
8659	38	1	0
8660	39	1	0
8661	39	1	0
8662	39	1	0
8663	39	1	0
8664	39	1	0
8665	39	1	0
8666	39	1	0
8667	39	1	0
8668	39	1	0
8669	39	1	0
8670	40	0	1
8671	40	0	1
8672	40	0	1
8673	40	0	1
8674	40	0	1
8675	40	0	1
8676	40	0	1
8677	40	0	1
8678	40	0	1
8679	40	0	1
8680	35	0	0
8681	35	0	0
8682	35	0	0
8683	35	0	0
8684	35	0	0
8685	35	0	0
8686	35	0	0
8687	35	0	0
8688	35	0	0
8689	35	0	0
8690	31	1	0
8691	31	1	0
8692	31	1	0
8693	31	1	0
8694	31	1	0
8695	31	1	0
8696	31	1	0
8697	31	1	0
8698	31	1	0
8699	31	1	0
8700	30	1	0
8701	30	1	0
8702	30	1	0
8703	30	1	0
8704	30	1	0
8705	30	1	0
8706	30	1	0
8707	30	1	0
8708	30	1	0
8709	30	1	0
8710	28	1	0
8711	28	1	0
8712	28	1	0
8713	28	1	0
8714	28	1	0
8715	28	1	0
8716	28	1	0
8717	28	1	0
8718	28	1	0
8719	28	1	0
8720	26	1	0
8721	26	1	0
8722	26	1	0
8723	26	1	0
8724	26	1	0
8725	26	1	0
8726	26	1	0
8727	26	1	0
8728	26	1	0
8729	26	1	0
8730	24	1	0
8731	24	1	0
8732	24	1	0
8733	24	1	0
8734	24	1	0
8735	24	1	0
8736	24	1	0
8737	24	1	0
8738	24	1	0
8739	24	1	0
8740	21	1	0
8741	21	1	0
8742	21	1	0
8743	21	1	0
8744	21	1	0
8745	21	1	0
8746	21	1	0
8747	21	1	0
8748	21	1	0
8749	21	1	0
8750	18	1	0
8751	18	1	0
8752	18	1	0
8753	18	1	0
8754	18	1	0
8755	18	1	0
8756	18	1	0
8757	18	1	0
8758	18	1	0
8759	18	1	0
8760	16	1	0
8761	16	1	0
8762	16	1	0
8763	16	1	0
8764	16	1	0
8765	16	1	0
8766	16	1	0
8767	16	1	0
8768	16	1	0
8769	16	1	0
8770	13	1	0
8771	13	1	0
8772	13	1	0
8773	13	1	0
8774	13	1	0
8775	13	1	0
8776	13	1	0
8777	13	1	0
8778	13	1	0
8779	13	1	0
8780	11	1	0
8781	11	1	0
8782	11	1	0
8783	11	1	0
8784	11	1	0
8785	11	1	0
8786	11	1	0
8787	11	1	0
8788	11	1	0
8789	11	1	0
8790	10	1	0
8791	10	1	0
8792	10	1	0
8793	10	1	0
8794	10	1	0
8795	10	1	0
8796	10	1	0
8797	10	1	0
8798	10	1	0
8799	10	1	0
8800	9	1	0
8801	9	1	0
8802	9	1	0
8803	9	1	0
8804	9	1	0
8805	9	1	0
8806	9	1	0
8807	9	1	0
8808	9	1	0
8809	9	1	0
8810	8	1	0
8811	8	1	0
8812	8	1	0
8813	8	1	0
8814	8	1	0
8815	8	1	0
8816	8	1	0
8817	8	1	0
8818	8	1	0
8819	8	1	0
8820	6	1	0
8821	6	1	0
8822	6	1	0
8823	6	1	0
8824	6	1	0
8825	6	1	0
8826	6	1	0
8827	6	1	0
8828	6	1	0
8829	6	1	0
8830	2	1	0
8831	2	1	0
8832	2	1	0
8833	2	1	0
8834	2	1	0
8835	2	1	0
8836	2	1	0
8837	2	1	0
8838	2	1	0
8839	2	1	0
8840	-3	1	0
8841	-3	1	0
8842	-3	1	0
8843	-3	1	0
8844	-3	1	0
8845	-3	1	0
8846	-3	1	0
8847	-3	1	0
8848	-3	1	0
8849	-3	1	0
8850	-7	1	0
8851	-7	1	0
8852	-7	1	0
8853	-7	1	0
8854	-7	1	0
8855	-7	1	0
8856	-7	1	0
8857	-7	1	0
8858	-7	1	0
8859	-7	1	0
8860	-11	1	0
8861	-11	1	0
8862	-11	1	0
8863	-11	1	0
8864	-11	1	0
8865	-11	1	0
8866	-11	1	0
8867	-11	1	0
8868	-11	1	0
8869	-11	1	0
8870	-17	1	0
8871	-17	1	0
8872	-17	1	0
8873	-17	1	0
8874	-17	1	0
8875	-17	1	0
8876	-17	1	0
8877	-17	1	0
8878	-17	1	0
8879	-17	1	0
8880	-23	1	0
8881	-23	1	0
8882	-23	1	0
8883	-23	1	0
8884	-23	1	0
8885	-23	1	0
8886	-23	1	0
8887	-23	1	0
8888	-23	1	0
8889	-23	1	0
8890	-31	0	1
8891	-31	0	1
8892	-31	0	1
8893	-31	0	1
8894	-31	0	1
8895	-31	0	1
8896	-31	0	1
8897	-31	0	1
8898	-31	0	1
8899	-31	0	1
8900	-30	0	0
8901	-30	0	0
8902	-30	0	0
8903	-30	0	0
8904	-30	0	0
8905	-30	0	0
8906	-30	0	0
8907	-30	0	0
8908	-30	0	0
8909	-30	0	0
8910	-31	0	0
8911	-31	0	0
8912	-31	0	0
8913	-31	0	0
8914	-31	0	0
8915	-31	0	0
8916	-31	0	0
8917	-31	0	0
8918	-31	0	0
8919	-31	0	0
8920	-31	1	0
8921	-31	1	0
8922	-31	1	0
8923	-31	1	0
8924	-31	1	0
8925	-31	1	0
8926	-31	1	0
8927	-31	1	0
8928	-31	1	0
8929	-31	1	0
8930	-34	1	0
8931	-34	1	0
8932	-34	1	0
8933	-34	1	0
8934	-34	1	0
8935	-34	1	0
8936	-34	1	0
8937	-34	1	0
8938	-34	1	0
8939	-34	1	0
8940	-38	0	1
8941	-38	0	1
8942	-38	0	1
8943	-38	0	1
8944	-38	0	1
8945	-38	0	1
8946	-38	0	1
8947	-38	0	1
8948	-38	0	1
8949	-38	0	1
8950	-34	0	0
8951	-34	0	0
8952	-34	0	0
8953	-34	0	0
8954	-34	0	0
8955	-34	0	0
8956	-34	0	0
8957	-34	0	0
8958	-34	0	0
8959	-34	0	0
8960	-32	0	0
8961	-32	0	0
8962	-32	0	0
8963	-32	0	0
8964	-32	0	0
8965	-32	0	0
8966	-32	0	0
8967	-32	0	0
8968	-32	0	0
8969	-32	0	0
8970	-30	1	0
8971	-30	1	0
8972	-30	1	0
8973	-30	1	0
8974	-30	1	0
8975	-30	1	0
8976	-30	1	0
8977	-30	1	0
8978	-30	1	0
8979	-30	1	0
8980	-29	0	0
8981	-29	0	0
8982	-29	0	0
8983	-29	0	0
8984	-29	0	0
8985	-29	0	0
8986	-29	0	0
8987	-29	0	0
8988	-29	0	0
8989	-29	0	0
8990	-27	1	0
8991	-27	1	0
8992	-27	1	0
8993	-27	1	0
8994	-27	1	0
8995	-27	1	0
8996	-27	1	0
8997	-27	1	0
8998	-27	1	0
8999	-27	1	0
9000	-25	1	0
9001	-25	1	0
9002	-25	1	0
9003	-25	1	0
9004	-25	1	0
9005	-25	1	0
9006	-25	1	0
9007	-25	1	0
9008	-25	1	0
9009	-25	1	0
9010	-23	1	0
9011	-23	1	0
9012	-23	1	0
9013	-23	1	0
9014	-23	1	0
9015	-23	1	0
9016	-23	1	0
9017	-23	1	0
9018	-23	1	0
9019	-23	1	0
9020	-20	1	0
9021	-20	1	0
9022	-20	1	0
9023	-20	1	0
9024	-20	1	0
9025	-20	1	0
9026	-20	1	0
9027	-20	1	0
9028	-20	1	0
9029	-20	1	0
9030	-17	1	0
9031	-17	1	0
9032	-17	1	0
9033	-17	1	0
9034	-17	1	0
9035	-17	1	0
9036	-17	1	0
9037	-17	1	0
9038	-17	1	0
9039	-17	1	0
9040	-15	1	0
9041	-15	1	0
9042	-15	1	0
9043	-15	1	0
9044	-15	1	0
9045	-15	1	0
9046	-15	1	0
9047	-15	1	0
9048	-15	1	0
9049	-15	1	0
9050	-12	1	0
9051	-12	1	0
9052	-12	1	0
9053	-12	1	0
9054	-12	1	0
9055	-12	1	0
9056	-12	1	0
9057	-12	1	0
9058	-12	1	0
9059	-12	1	0
9060	-10	1	0
9061	-10	1	0
9062	-10	1	0
9063	-10	1	0
9064	-10	1	0
9065	-10	1	0
9066	-10	1	0
9067	-10	1	0
9068	-10	1	0
9069	-10	1	0
9070	-7	1	0
9071	-7	1	0
9072	-7	1	0
9073	-7	1	0
9074	-7	1	0
9075	-7	1	0
9076	-7	1	0
9077	-7	1	0
9078	-7	1	0
9079	-7	1	0
9080	-5	1	0
9081	-5	1	0
9082	-5	1	0
9083	-5	1	0
9084	-5	1	0
9085	-5	1	0
9086	-5	1	0
9087	-5	1	0
9088	-5	1	0
9089	-5	1	0
9090	-4	1	0
9091	-4	1	0
9092	-4	1	0
9093	-4	1	0
9094	-4	1	0
9095	-4	1	0
9096	-4	1	0
9097	-4	1	0
9098	-4	1	0
9099	-4	1	0
9100	-2	1	0
9101	-2	1	0
9102	-2	1	0
9103	-2	1	0
9104	-2	1	0
9105	-2	1	0
9106	-2	1	0
9107	-2	1	0
9108	-2	1	0
9109	-2	1	0
9110	-1	0	0
9111	-1	0	0
9112	-1	0	0
9113	-1	0	0
9114	-1	0	0
9115	-1	0	0
9116	-1	0	0
9117	-1	0	0
9118	-1	0	0
9119	-1	0	0
9120	0	1	0
9121	0	1	0
9122	0	1	0
9123	0	1	0
9124	0	1	0
9125	0	1	0
9126	0	1	0
9127	0	1	0
9128	0	1	0
9129	0	1	0
9130	1	0	0
9131	1	0	0
9132	1	0	0
9133	1	0	0
9134	1	0	0
9135	1	0	0
9136	1	0	0
9137	1	0	0
9138	1	0	0
9139	1	0	0
9140	1	1	0
9141	1	1	0
9142	1	1	0
9143	1	1	0
9144	1	1	0
9145	1	1	0
9146	1	1	0
9147	1	1	0
9148	1	1	0
9149	1	1	0
9150	1	1	0
9151	1	1	0
9152	1	1	0
9153	1	1	0
9154	1	1	0
9155	1	1	0
9156	1	1	0
9157	1	1	0
9158	1	1	0
9159	1	1	0
9160	1	0	0
9161	1	0	0
9162	1	0	0
9163	1	0	0
9164	1	0	0
9165	1	0	0
9166	1	0	0
9167	1	0	0
9168	1	0	0
9169	1	0	0
9170	1	1	0
9171	1	1	0
9172	1	1	0
9173	1	1	0
9174	1	1	0
9175	1	1	0
9176	1	1	0
9177	1	1	0
9178	1	1	0
9179	1	1	0
9180	1	0	0
9181	1	0	0
9182	1	0	0
9183	1	0	0
9184	1	0	0
9185	1	0	0
9186	1	0	0
9187	1	0	0
9188	1	0	0
9189	1	0	0
9190	1	1	0
9191	1	1	0
9192	1	1	0
9193	1	1	0
9194	1	1	0
9195	1	1	0
9196	1	1	0
9197	1	1	0
9198	1	1	0
9199	1	1	0
9200	1	1	0
9201	1	1	0
9202	1	1	0
9203	1	1	0
9204	1	1	0
9205	1	1	0
9206	1	1	0
9207	1	1	0
9208	1	1	0
9209	1	1	0
9210	1	0	0
9211	1	0	0
9212	1	0	0
9213	1	0	0
9214	1	0	0
9215	1	0	0
9216	1	0	0
9217	1	0	0
9218	1	0	0
9219	1	0	0
9220	1	1	0
9221	1	1	0
9222	1	1	0
9223	1	1	0
9224	1	1	0
9225	1	1	0
9226	1	1	0
9227	1	1	0
9228	1	1	0
9229	1	1	0
9230	0	1	0
9231	0	1	0
9232	0	1	0
9233	0	1	0
9234	0	1	0
9235	0	1	0
9236	0	1	0
9237	0	1	0
9238	0	1	0
9239	0	1	0
9240	0	0	0
9241	0	0	0
9242	0	0	0
9243	0	0	0
9244	0	0	0
9245	0	0	0
9246	0	0	0
9247	0	0	0
9248	0	0	0
9249	0	0	0
9250	0	1	0
9251	0	1	0
9252	0	1	0
9253	0	1	0
9254	0	1	0
9255	0	1	0
9256	0	1	0
9257	0	1	0
9258	0	1	0
9259	0	1	0
9260	0	0	0
9261	0	0	0
9262	0	0	0
9263	0	0	0
9264	0	0	0
9265	0	0	0
9266	0	0	0
9267	0	0	0
9268	0	0	0
9269	0	0	0
9270	-1	1	0
9271	-1	1	0
9272	-1	1	0
9273	-1	1	0
9274	-1	1	0
9275	-1	1	0
9276	-1	1	0
9277	-1	1	0
9278	-1	1	0
9279	-1	1	0
9280	-1	1	0
9281	-1	1	0
9282	-1	1	0
9283	-1	1	0
9284	-1	1	0
9285	-1	1	0
9286	-1	1	0
9287	-1	1	0
9288	-1	1	0
9289	-1	1	0
9290	-1	0	0
9291	-1	0	0
9292	-1	0	0
9293	-1	0	0
9294	-1	0	0
9295	-1	0	0
9296	-1	0	0
9297	-1	0	0
9298	-1	0	0
9299	-1	0	0
9300	-1	1	0
9301	-1	1	0
9302	-1	1	0
9303	-1	1	0
9304	-1	1	0
9305	-1	1	0
9306	-1	1	0
9307	-1	1	0
9308	-1	1	0
9309	-1	1	0
9310	-1	0	0
9311	-1	0	0
9312	-1	0	0
9313	-1	0	0
9314	-1	0	0
9315	-1	0	0
9316	-1	0	0
9317	-1	0	0
9318	-1	0	0
9319	-1	0	0
9320	-2	1	0
9321	-2	1	0
9322	-2	1	0
9323	-2	1	0
9324	-2	1	0
9325	-2	1	0
9326	-2	1	0
9327	-2	1	0
9328	-2	1	0
9329	-2	1	0
9330	-2	1	0
9331	-2	1	0
9332	-2	1	0
9333	-2	1	0
9334	-2	1	0
9335	-2	1	0
9336	-2	1	0
9337	-2	1	0
9338	-2	1	0
9339	-2	1	0
9340	-2	0	0
9341	-2	0	0
9342	-2	0	0
9343	-2	0	0
9344	-2	0	0
9345	-2	0	0
9346	-2	0	0
9347	-2	0	0
9348	-2	0	0
9349	-2	0	0
9350	-2	1	0
9351	-2	1	0
9352	-2	1	0
9353	-2	1	0
9354	-2	1	0
9355	-2	1	0
9356	-2	1	0
9357	-2	1	0
9358	-2	1	0
9359	-2	1	0
9360	-1	0	0
9361	-1	0	0
9362	-1	0	0
9363	-1	0	0
9364	-1	0	0
9365	-1	0	0
9366	-1	0	0
9367	-1	0	0
9368	-1	0	0
9369	-1	0	0
9370	-1	1	0
9371	-1	1	0
9372	-1	1	0
9373	-1	1	0
9374	-1	1	0
9375	-1	1	0
9376	-1	1	0
9377	-1	1	0
9378	-1	1	0
9379	-1	1	0
9380	-1	1	0
9381	-1	1	0
9382	-1	1	0
9383	-1	1	0
9384	-1	1	0
9385	-1	1	0
9386	-1	1	0
9387	-1	1	0
9388	-1	1	0
9389	-1	1	0
9390	-1	0	0
9391	-1	0	0
9392	-1	0	0
9393	-1	0	0
9394	-1	0	0
9395	-1	0	0
9396	-1	0	0
9397	-1	0	0
9398	-1	0	0
9399	-1	0	0
9400	-1	1	0
9401	-1	1	0
9402	-1	1	0
9403	-1	1	0
9404	-1	1	0
9405	-1	1	0
9406	-1	1	0
9407	-1	1	0
9408	-1	1	0
9409	-1	1	0
9410	-1	1	0
9411	-1	1	0
9412	-1	1	0
9413	-1	1	0
9414	-1	1	0
9415	-1	1	0
9416	-1	1	0
9417	-1	1	0
9418	-1	1	0
9419	-1	1	0
9420	-1	0	0
9421	-1	0	0
9422	-1	0	0
9423	-1	0	0
9424	-1	0	0
9425	-1	0	0
9426	-1	0	0
9427	-1	0	0
9428	-1	0	0
9429	-1	0	0
9430	0	1	0
9431	0	1	0
9432	0	1	0
9433	0	1	0
9434	0	1	0
9435	0	1	0
9436	0	1	0
9437	0	1	0
9438	0	1	0
9439	0	1	0
9440	0	0	0
9441	0	0	0
9442	0	0	0
9443	0	0	0
9444	0	0	0
9445	0	0	0
9446	0	0	0
9447	0	0	0
9448	0	0	0
9449	0	0	0
9450	0	1	0
9451	0	1	0
9452	0	1	0
9453	0	1	0
9454	0	1	0
9455	0	1	0
9456	0	1	0
9457	0	1	0
9458	0	1	0
9459	0	1	0
9460	0	1	0
9461	0	1	0
9462	0	1	0
9463	0	1	0
9464	0	1	0
9465	0	1	0
9466	0	1	0
9467	0	1	0
9468	0	1	0
9469	0	1	0
9470	0	0	0
9471	0	0	0
9472	0	0	0
9473	0	0	0
9474	0	0	0
9475	0	0	0
9476	0	0	0
9477	0	0	0
9478	0	0	0
9479	0	0	0
9480	0	1	0
9481	0	1	0
9482	0	1	0
9483	0	1	0
9484	0	1	0
9485	0	1	0
9486	0	1	0
9487	0	1	0
9488	0	1	0
9489	0	1	0
9490	0	0	0
9491	0	0	0
9492	0	0	0
9493	0	0	0
9494	0	0	0
9495	0	0	0
9496	0	0	0
9497	0	0	0
9498	0	0	0
9499	0	0	0
9500	1	1	0
9501	1	1	0
9502	1	1	0
9503	1	1	0
9504	1	1	0
9505	1	1	0
9506	1	1	0
9507	1	1	0
9508	1	1	0
9509	1	1	0
9510	1	1	0
9511	1	1	0
9512	1	1	0
9513	1	1	0
9514	1	1	0
9515	1	1	0
9516	1	1	0
9517	1	1	0
9518	1	1	0
9519	1	1	0
9520	1	0	0
9521	1	0	0
9522	1	0	0
9523	1	0	0
9524	1	0	0
9525	1	0	0
9526	1	0	0
9527	1	0	0
9528	1	0	0
9529	1	0	0
9530	1	1	0
9531	1	1	0
9532	1	1	0
9533	1	1	0
9534	1	1	0
9535	1	1	0
9536	1	1	0
9537	1	1	0
9538	1	1	0
9539	1	1	0
9540	0	0	0
9541	0	0	0
9542	0	0	0
9543	0	0	0
9544	0	0	0
9545	0	0	0
9546	0	0	0
9547	0	0	0
9548	0	0	0
9549	0	0	0
9550	0	1	0
9551	0	1	0
9552	0	1	0
9553	0	1	0
9554	0	1	0
9555	0	1	0
9556	0	1	0
9557	0	1	0
9558	0	1	0
9559	0	1	0
9560	0	1	0
9561	0	1	0
9562	0	1	0
9563	0	1	0
9564	0	1	0
9565	0	1	0
9566	0	1	0
9567	0	1	0
9568	0	1	0
9569	0	1	0
9570	0	0	0
9571	0	0	0
9572	0	0	0
9573	0	0	0
9574	0	0	0
9575	0	0	0
9576	0	0	0
9577	0	0	0
9578	0	0	0
9579	0	0	0
9580	0	1	0
9581	0	1	0
9582	0	1	0
9583	0	1	0
9584	0	1	0
9585	0	1	0
9586	0	1	0
9587	0	1	0
9588	0	1	0
9589	0	1	0
9590	0	0	0
9591	0	0	0
9592	0	0	0
9593	0	0	0
9594	0	0	0
9595	0	0	0
9596	0	0	0
9597	0	0	0
9598	0	0	0
9599	0	0	0
9600	0	1	0
9601	0	1	0
9602	0	1	0
9603	0	1	0
9604	0	1	0
9605	0	1	0
9606	0	1	0
9607	0	1	0
9608	0	1	0
9609	0	1	0
9610	1	1	0
9611	1	1	0
9612	1	1	0
9613	1	1	0
9614	1	1	0
9615	1	1	0
9616	1	1	0
9617	1	1	0
9618	1	1	0
9619	1	1	0
9620	1	0	0
9621	1	0	0
9622	1	0	0
9623	1	0	0
9624	1	0	0
9625	1	0	0
9626	1	0	0
9627	1	0	0
9628	1	0	0
9629	1	0	0
9630	1	1	0
9631	1	1	0
9632	1	1	0
9633	1	1	0
9634	1	1	0
9635	1	1	0
9636	1	1	0
9637	1	1	0
9638	1	1	0
9639	1	1	0
9640	0	1	0
9641	0	1	0
9642	0	1	0
9643	0	1	0
9644	0	1	0
9645	0	1	0
9646	0	1	0
9647	0	1	0
9648	0	1	0
9649	0	1	0
9650	0	0	0
9651	0	0	0
9652	0	0	0
9653	0	0	0
9654	0	0	0
9655	0	0	0
9656	0	0	0
9657	0	0	0
9658	0	0	0
9659	0	0	0
9660	0	1	0
9661	0	1	0
9662	0	1	0
9663	0	1	0
9664	0	1	0
9665	0	1	0
9666	0	1	0
9667	0	1	0
9668	0	1	0
9669	0	1	0
9670	0	0	0
9671	0	0	0
9672	0	0	0
9673	0	0	0
9674	0	0	0
9675	0	0	0
9676	0	0	0
9677	0	0	0
9678	0	0	0
9679	0	0	0
9680	0	1	0
9681	0	1	0
9682	0	1	0
9683	0	1	0
9684	0	1	0
9685	0	1	0
9686	0	1	0
9687	0	1	0
9688	0	1	0
9689	0	1	0
9690	0	1	0
9691	0	1	0
9692	0	1	0
9693	0	1	0
9694	0	1	0
9695	0	1	0
9696	0	1	0
9697	0	1	0
9698	0	1	0
9699	0	1	0
9700	0	0	0
9701	0	0	0
9702	0	0	0
9703	0	0	0
9704	0	0	0
9705	0	0	0
9706	0	0	0
9707	0	0	0
9708	0	0	0
9709	0	0	0
9710	0	1	0
9711	0	1	0
9712	0	1	0
9713	0	1	0
9714	0	1	0
9715	0	1	0
9716	0	1	0
9717	0	1	0
9718	0	1	0
9719	0	1	0
9720	0	0	0
9721	0	0	0
9722	0	0	0
9723	0	0	0
9724	0	0	0
9725	0	0	0
9726	0	0	0
9727	0	0	0
9728	0	0	0
9729	0	0	0
9730	1	1	0
9731	1	1	0
9732	1	1	0
9733	1	1	0
9734	1	1	0
9735	1	1	0
9736	1	1	0
9737	1	1	0
9738	1	1	0
9739	1	1	0
9740	1	1	0
9741	1	1	0
9742	1	1	0
9743	1	1	0
9744	1	1	0
9745	1	1	0
9746	1	1	0
9747	1	1	0
9748	1	1	0
9749	1	1	0
9750	1	0	0
9751	1	0	0
9752	1	0	0
9753	1	0	0
9754	1	0	0
9755	1	0	0
9756	1	0	0
9757	1	0	0
9758	1	0	0
9759	1	0	0
9760	1	1	0
9761	1	1	0
9762	1	1	0
9763	1	1	0
9764	1	1	0
9765	1	1	0
9766	1	1	0
9767	1	1	0
9768	1	1	0
9769	1	1	0
9770	1	0	0
9771	1	0	0
9772	1	0	0
9773	1	0	0
9774	1	0	0
9775	1	0	0
9776	1	0	0
9777	1	0	0
9778	1	0	0
9779	1	0	0
9780	0	1	0
9781	0	1	0
9782	0	1	0
9783	0	1	0
9784	0	1	0
9785	0	1	0
9786	0	1	0
9787	0	1	0
9788	0	1	0
9789	0	1	0
9790	1	1	0
9791	1	1	0
9792	1	1	0
9793	1	1	0
9794	1	1	0
9795	1	1	0
9796	1	1	0
9797	1	1	0
9798	1	1	0
9799	1	1	0
9800	1	0	0
9801	1	0	0
9802	1	0	0
9803	1	0	0
9804	1	0	0
9805	1	0	0
9806	1	0	0
9807	1	0	0
9808	1	0	0
9809	1	0	0
9810	1	1	0
9811	1	1	0
9812	1	1	0
9813	1	1	0
9814	1	1	0
9815	1	1	0
9816	1	1	0
9817	1	1	0
9818	1	1	0
9819	1	1	0
9820	1	1	0
9821	1	1	0
9822	1	1	0
9823	1	1	0
9824	1	1	0
9825	1	1	0
9826	1	1	0
9827	1	1	0
9828	1	1	0
9829	1	1	0
9830	1	0	0
9831	1	0	0
9832	1	0	0
9833	1	0	0
9834	1	0	0
9835	1	0	0
9836	1	0	0
9837	1	0	0
9838	1	0	0
9839	1	0	0
9840	1	1	0
9841	1	1	0
9842	1	1	0
9843	1	1	0
9844	1	1	0
9845	1	1	0
9846	1	1	0
9847	1	1	0
9848	1	1	0
9849	1	1	0
9850	0	0	0
9851	0	0	0
9852	0	0	0
9853	0	0	0
9854	0	0	0
9855	0	0	0
9856	0	0	0
9857	0	0	0
9858	0	0	0
9859	0	0	0
9860	0	1	0
9861	0	1	0
9862	0	1	0
9863	0	1	0
9864	0	1	0
9865	0	1	0
9866	0	1	0
9867	0	1	0
9868	0	1	0
9869	0	1	0
9870	0	1	0
9871	0	1	0
9872	0	1	0
9873	0	1	0
9874	0	1	0
9875	0	1	0
9876	0	1	0
9877	0	1	0
9878	0	1	0
9879	0	1	0
9880	0	0	0
9881	0	0	0
9882	0	0	0
9883	0	0	0
9884	0	0	0
9885	0	0	0
9886	0	0	0
9887	0	0	0
9888	0	0	0
9889	0	0	0
9890	0	1	0
9891	0	1	0
9892	0	1	0
9893	0	1	0
9894	0	1	0
9895	0	1	0
9896	0	1	0
9897	0	1	0
9898	0	1	0
9899	0	1	0
9900	0	0	0
9901	0	0	0
9902	0	0	0
9903	0	0	0
9904	0	0	0
9905	0	0	0
9906	0	0	0
9907	0	0	0
9908	0	0	0
9909	0	0	0
9910	0	1	0
9911	0	1	0
9912	0	1	0
9913	0	1	0
9914	0	1	0
9915	0	1	0
9916	0	1	0
9917	0	1	0
9918	0	1	0
9919	0	1	0
9920	0	1	0
9921	0	1	0
9922	0	1	0
9923	0	1	0
9924	0	1	0
9925	0	1	0
9926	0	1	0
9927	0	1	0
9928	0	1	0
9929	0	1	0
9930	0	0	0
9931	0	0	0
9932	0	0	0
9933	0	0	0
9934	0	0	0
9935	0	0	0
9936	0	0	0
9937	0	0	0
9938	0	0	0
9939	0	0	0
9940	0	1	0
9941	0	1	0
9942	0	1	0
9943	0	1	0
9944	0	1	0
9945	0	1	0
9946	0	1	0
9947	0	1	0
9948	0	1	0
9949	0	1	0
9950	0	0	0
9951	0	0	0
9952	0	0	0
9953	0	0	0
9954	0	0	0
9955	0	0	0
9956	0	0	0
9957	0	0	0
9958	0	0	0
9959	0	0	0
9960	1	1	0
9961	1	1	0
9962	1	1	0
9963	1	1	0
9964	1	1	0
9965	1	1	0
9966	1	1	0
9967	1	1	0
9968	1	1	0
9969	1	1	0
9970	2	1	0
9971	2	1	0
9972	2	1	0
9973	2	1	0
9974	2	1	0
9975	2	1	0
9976	2	1	0
9977	2	1	0
9978	2	1	0
9979	2	1	0
9980	2	0	0
9981	2	0	0
9982	2	0	0
9983	2	0	0
9984	2	0	0
9985	2	0	0
9986	2	0	0
9987	2	0	0
9988	2	0	0
9989	2	0	0
9990	3	1	0
9991	3	1	0
9992	3	1	0
9993	3	1	0
9994	3	1	0
9995	3	1	0
9996	3	1	0
9997	3	1	0
9998	3	1	0
9999	3	1	0
10000	3	0	0
10001	3	0	0
10002	3	0	0
10003	3	0	0
10004	3	0	0
10005	3	0	0
10006	3	0	0
10007	3	0	0
10008	3	0	0
10009	3	0	0
10010	3	1	0
10011	3	1	0
10012	3	1	0
10013	3	1	0
10014	3	1	0
10015	3	1	0
10016	3	1	0
10017	3	1	0
10018	3	1	0
10019	3	1	0
10020	3	1	0
10021	3	1	0
10022	3	1	0
10023	3	1	0
10024	3	1	0
10025	3	1	0
10026	3	1	0
10027	3	1	0
10028	3	1	0
10029	3	1	0
10030	4	0	0
10031	4	0	0
10032	4	0	0
10033	4	0	0
10034	4	0	0
10035	4	0	0
10036	4	0	0
10037	4	0	0
10038	4	0	0
10039	4	0	0
10040	4	1	0
10041	4	1	0
10042	4	1	0
10043	4	1	0
10044	4	1	0
10045	4	1	0
10046	4	1	0
10047	4	1	0
10048	4	1	0
10049	4	1	0
10050	5	0	0
10051	5	0	0
10052	5	0	0
10053	5	0	0
10054	5	0	0
10055	5	0	0
10056	5	0	0
10057	5	0	0
10058	5	0	0
10059	5	0	0
10060	5	1	0
10061	5	1	0
10062	5	1	0
10063	5	1	0
10064	5	1	0
10065	5	1	0
10066	5	1	0
10067	5	1	0
10068	5	1	0
10069	5	1	0
10070	5	1	0
10071	5	1	0
10072	5	1	0
10073	5	1	0
10074	5	1	0
10075	5	1	0
10076	5	1	0
10077	5	1	0
10078	5	1	0
10079	5	1	0
10080	5	0	0
10081	5	0	0
10082	5	0	0
10083	5	0	0
10084	5	0	0
10085	5	0	0
10086	5	0	0
10087	5	0	0
10088	5	0	0
10089	5	0	0
10090	4	1	0
10091	4	1	0
10092	4	1	0
10093	4	1	0
10094	4	1	0
10095	4	1	0
10096	4	1	0
10097	4	1	0
10098	4	1	0
10099	4	1	0
10100	4	1	0
10101	4	1	0
10102	4	1	0
10103	4	1	0
10104	4	1	0
10105	4	1	0
10106	4	1	0
10107	4	1	0
10108	4	1	0
10109	4	1	0
10110	5	0	0
10111	5	0	0
10112	5	0	0
10113	5	0	0
10114	5	0	0
10115	5	0	0
10116	5	0	0
10117	5	0	0
10118	5	0	0
10119	5	0	0
10120	4	1	0
10121	4	1	0
10122	4	1	0
10123	4	1	0
10124	4	1	0
10125	4	1	0
10126	4	1	0
10127	4	1	0
10128	4	1	0
10129	4	1	0
10130	5	0	0
10131	5	0	0
10132	5	0	0
10133	5	0	0
10134	5	0	0
10135	5	0	0
10136	5	0	0
10137	5	0	0
10138	5	0	0
10139	5	0	0
10140	4	1	0
10141	4	1	0
10142	4	1	0
10143	4	1	0
10144	4	1	0
10145	4	1	0
10146	4	1	0
10147	4	1	0
10148	4	1	0
10149	4	1	0
10150	4	1	0
10151	4	1	0
10152	4	1	0
10153	4	1	0
10154	4	1	0
10155	4	1	0
10156	4	1	0
10157	4	1	0
10158	4	1	0
10159	4	1	0
10160	5	0	0
10161	5	0	0
10162	5	0	0
10163	5	0	0
10164	5	0	0
10165	5	0	0
10166	5	0	0
10167	5	0	0
10168	5	0	0
10169	5	0	0
10170	4	1	0
10171	4	1	0
10172	4	1	0
10173	4	1	0
10174	4	1	0
10175	4	1	0
10176	4	1	0
10177	4	1	0
10178	4	1	0
10179	4	1	0
10180	4	0	0
10181	4	0	0
10182	4	0	0
10183	4	0	0
10184	4	0	0
10185	4	0	0
10186	4	0	0
10187	4	0	0
10188	4	0	0
10189	4	0	0
10190	4	1	0
10191	4	1	0
10192	4	1	0
10193	4	1	0
10194	4	1	0
10195	4	1	0
10196	4	1	0
10197	4	1	0
10198	4	1	0
10199	4	1	0
10200	4	1	0
10201	4	1	0
10202	4	1	0
10203	4	1	0
10204	4	1	0
10205	4	1	0
10206	4	1	0
10207	4	1	0
10208	4	1	0
10209	4	1	0
10210	4	0	0
10211	4	0	0
10212	4	0	0
10213	4	0	0
10214	4	0	0
10215	4	0	0
10216	4	0	0
10217	4	0	0
10218	4	0	0
10219	4	0	0
10220	4	1	0
10221	4	1	0
10222	4	1	0
10223	4	1	0
10224	4	1	0
10225	4	1	0
10226	4	1	0
10227	4	1	0
10228	4	1	0
10229	4	1	0
10230	4	1	0
10231	4	1	0
10232	4	1	0
10233	4	1	0
10234	4	1	0
10235	4	1	0
10236	4	1	0
10237	4	1	0
10238	4	1	0
10239	4	1	0
10240	4	0	0
10241	4	0	0
10242	4	0	0
10243	4	0	0
10244	4	0	0
10245	4	0	0
10246	4	0	0
10247	4	0	0
10248	4	0	0
10249	4	0	0
10250	4	1	0
10251	4	1	0
10252	4	1	0
10253	4	1	0
10254	4	1	0
10255	4	1	0
10256	4	1	0
10257	4	1	0
10258	4	1	0
10259	4	1	0
10260	4	1	0
10261	4	1	0
10262	4	1	0
10263	4	1	0
10264	4	1	0
10265	4	1	0
10266	4	1	0
10267	4	1	0
10268	4	1	0
10269	4	1	0
10270	3	0	0
10271	3	0	0
10272	3	0	0
10273	3	0	0
10274	3	0	0
10275	3	0	0
10276	3	0	0
10277	3	0	0
10278	3	0	0
10279	3	0	0
10280	3	1	0
10281	3	1	0
10282	3	1	0
10283	3	1	0
10284	3	1	0
10285	3	1	0
10286	3	1	0
10287	3	1	0
10288	3	1	0
10289	3	1	0
10290	3	0	0
10291	3	0	0
10292	3	0	0
10293	3	0	0
10294	3	0	0
10295	3	0	0
10296	3	0	0
10297	3	0	0
10298	3	0	0
10299	3	0	0
10300	3	1	0
10301	3	1	0
10302	3	1	0
10303	3	1	0
10304	3	1	0
10305	3	1	0
10306	3	1	0
10307	3	1	0
10308	3	1	0
10309	3	1	0
10310	4	1	0
10311	4	1	0
10312	4	1	0
10313	4	1	0
10314	4	1	0
10315	4	1	0
10316	4	1	0
10317	4	1	0
10318	4	1	0
10319	4	1	0
10320	5	0	0
10321	5	0	0
10322	5	0	0
10323	5	0	0
10324	5	0	0
10325	5	0	0
10326	5	0	0
10327	5	0	0
10328	5	0	0
10329	5	0	0
10330	6	1	0
10331	6	1	0
10332	6	1	0
10333	6	1	0
10334	6	1	0
10335	6	1	0
10336	6	1	0
10337	6	1	0
10338	6	1	0
10339	6	1	0
10340	9	1	0
10341	9	1	0
10342	9	1	0
10343	9	1	0
10344	9	1	0
10345	9	1	0
10346	9	1	0
10347	9	1	0
10348	9	1	0
10349	9	1	0
10350	14	0	0
10351	14	0	0
10352	14	0	0
10353	14	0	0
10354	14	0	0
10355	14	0	0
10356	14	0	0
10357	14	0	0
10358	14	0	0
10359	14	0	0
10360	16	1	0
10361	16	1	0
10362	16	1	0
10363	16	1	0
10364	16	1	0
10365	16	1	0
10366	16	1	0
10367	16	1	0
10368	16	1	0
10369	16	1	0
10370	21	0	0
10371	21	0	0
10372	21	0	0
10373	21	0	0
10374	21	0	0
10375	21	0	0
10376	21	0	0
10377	21	0	0
10378	21	0	0
10379	21	0	0
10380	23	1	0
10381	23	1	0
10382	23	1	0
10383	23	1	0
10384	23	1	0
10385	23	1	0
10386	23	1	0
10387	23	1	0
10388	23	1	0
10389	23	1	0
10390	30	1	0
10391	30	1	0
10392	30	1	0
10393	30	1	0
10394	30	1	0
10395	30	1	0
10396	30	1	0
10397	30	1	0
10398	30	1	0
10399	30	1	0
10400	37	0	1
10401	37	0	1
10402	37	0	1
10403	37	0	1
10404	37	0	1
10405	37	0	1
10406	37	0	1
10407	37	0	1
10408	37	0	1
10409	37	0	1
10410	35	0	0
10411	35	0	0
10412	35	0	0
10413	35	0	0
10414	35	0	0
10415	35	0	0
10416	35	0	0
10417	35	0	0
10418	35	0	0
10419	35	0	0
10420	36	0	0
10421	36	0	0
10422	36	0	0
10423	36	0	0
10424	36	0	0
10425	36	0	0
10426	36	0	0
10427	36	0	0
10428	36	0	0
10429	36	0	0
10430	37	0	0
10431	37	0	0
10432	37	0	0
10433	37	0	0
10434	37	0	0
10435	37	0	0
10436	37	0	0
10437	37	0	0
10438	37	0	0
10439	37	0	0
10440	38	0	0
10441	38	0	0
10442	38	0	0
10443	38	0	0
10444	38	0	0
10445	38	0	0
10446	38	0	0
10447	38	0	0
10448	38	0	0
10449	38	0	0
10450	38	0	1
10451	38	0	1
10452	38	0	1
10453	38	0	1
10454	38	0	1
10455	38	0	1
10456	38	0	1
10457	38	0	1
10458	38	0	1
10459	38	0	1
10460	33	0	0
10461	33	0	0
10462	33	0	0
10463	33	0	0
10464	33	0	0
10465	33	0	0
10466	33	0	0
10467	33	0	0
10468	33	0	0
10469	33	0	0
10470	32	0	0
10471	32	0	0
10472	32	0	0
10473	32	0	0
10474	32	0	0
10475	32	0	0
10476	32	0	0
10477	32	0	0
10478	32	0	0
10479	32	0	0
10480	31	0	1
10481	31	0	1
10482	31	0	1
10483	31	0	1
10484	31	0	1
10485	31	0	1
10486	31	0	1
10487	31	0	1
10488	31	0	1
10489	31	0	1
10490	28	0	0
10491	28	0	0
10492	28	0	0
10493	28	0	0
10494	28	0	0
10495	28	0	0
10496	28	0	0
10497	28	0	0
10498	28	0	0
10499	28	0	0
10500	27	0	0
10501	27	0	0
10502	27	0	0
10503	27	0	0
10504	27	0	0
10505	27	0	0
10506	27	0	0
10507	27	0	0
10508	27	0	0
10509	27	0	0
10510	26	1	0
10511	26	1	0
10512	26	1	0
10513	26	1	0
10514	26	1	0
10515	26	1	0
10516	26	1	0
10517	26	1	0
10518	26	1	0
10519	26	1	0
10520	29	1	0
10521	29	1	0
10522	29	1	0
10523	29	1	0
10524	29	1	0
10525	29	1	0
10526	29	1	0
10527	29	1	0
10528	29	1	0
10529	29	1	0
10530	32	1	0
10531	32	1	0
10532	32	1	0
10533	32	1	0
10534	32	1	0
10535	32	1	0
10536	32	1	0
10537	32	1	0
10538	32	1	0
10539	32	1	0
10540	34	1	0
10541	34	1	0
10542	34	1	0
10543	34	1	0
10544	34	1	0
10545	34	1	0
10546	34	1	0
10547	34	1	0
10548	34	1	0
10549	34	1	0
10550	38	1	0
10551	38	1	0
10552	38	1	0
10553	38	1	0
10554	38	1	0
10555	38	1	0
10556	38	1	0
10557	38	1	0
10558	38	1	0
10559	38	1	0
10560	41	1	0
10561	41	1	0
10562	41	1	0
10563	41	1	0
10564	41	1	0
10565	41	1	0
10566	41	1	0
10567	41	1	0
10568	41	1	0
10569	41	1	0
10570	44	1	0
10571	44	1	0
10572	44	1	0
10573	44	1	0
10574	44	1	0
10575	44	1	0
10576	44	1	0
10577	44	1	0
10578	44	1	0
10579	44	1	0
10580	47	1	0
10581	47	1	0
10582	47	1	0
10583	47	1	0
10584	47	1	0
10585	47	1	0
10586	47	1	0
10587	47	1	0
10588	47	1	0
10589	47	1	0
10590	49	1	0
10591	49	1	0
10592	49	1	0
10593	49	1	0
10594	49	1	0
10595	49	1	0
10596	49	1	0
10597	49	1	0
10598	49	1	0
10599	49	1	0
10600	51	1	0
10601	51	1	0
10602	51	1	0
10603	51	1	0
10604	51	1	0
10605	51	1	0
10606	51	1	0
10607	51	1	0
10608	51	1	0
10609	51	1	0
10610	53	1	0
10611	53	1	0
10612	53	1	0
10613	53	1	0
10614	53	1	0
10615	53	1	0
10616	53	1	0
10617	53	1	0
10618	53	1	0
10619	53	1	0
10620	54	0	1
10621	54	0	1
10622	54	0	1
10623	54	0	1
10624	54	0	1
10625	54	0	1
10626	54	0	1
10627	54	0	1
10628	54	0	1
10629	54	0	1
10630	47	0	0
10631	47	0	0
10632	47	0	0
10633	47	0	0
10634	47	0	0
10635	47	0	0
10636	47	0	0
10637	47	0	0
10638	47	0	0
10639	47	0	0
10640	43	0	0
10641	43	0	0
10642	43	0	0
10643	43	0	0
10644	43	0	0
10645	43	0	0
10646	43	0	0
10647	43	0	0
10648	43	0	0
10649	43	0	0
10650	39	0	0
10651	39	0	0
10652	39	0	0
10653	39	0	0
10654	39	0	0
10655	39	0	0
10656	39	0	0
10657	39	0	0
10658	39	0	0
10659	39	0	0
10660	35	1	0
10661	35	1	0
10662	35	1	0
10663	35	1	0
10664	35	1	0
10665	35	1	0
10666	35	1	0
10667	35	1	0
10668	35	1	0
10669	35	1	0
10670	35	1	0
10671	35	1	0
10672	35	1	0
10673	35	1	0
10674	35	1	0
10675	35	1	0
10676	35	1	0
10677	35	1	0
10678	35	1	0
10679	35	1	0
10680	36	1	0
10681	36	1	0
10682	36	1	0
10683	36	1	0
10684	36	1	0
10685	36	1	0
10686	36	1	0
10687	36	1	0
10688	36	1	0
10689	36	1	0
10690	38	1	0
10691	38	1	0
10692	38	1	0
10693	38	1	0
10694	38	1	0
10695	38	1	0
10696	38	1	0
10697	38	1	0
10698	38	1	0
10699	38	1	0
10700	39	1	0
10701	39	1	0
10702	39	1	0
10703	39	1	0
10704	39	1	0
10705	39	1	0
10706	39	1	0
10707	39	1	0
10708	39	1	0
10709	39	1	0
10710	42	1	0
10711	42	1	0
10712	42	1	0
10713	42	1	0
10714	42	1	0
10715	42	1	0
10716	42	1	0
10717	42	1	0
10718	42	1	0
10719	42	1	0
10720	44	0	0
10721	44	0	0
10722	44	0	0
10723	44	0	0
10724	44	0	0
10725	44	0	0
10726	44	0	0
10727	44	0	0
10728	44	0	0
10729	44	0	0
10730	43	0	0
10731	43	0	0
10732	43	0	0
10733	43	0	0
10734	43	0	0
10735	43	0	0
10736	43	0	0
10737	43	0	0
10738	43	0	0
10739	43	0	0
10740	40	0	0
10741	40	0	0
10742	40	0	0
10743	40	0	0
10744	40	0	0
10745	40	0	0
10746	40	0	0
10747	40	0	0
10748	40	0	0
10749	40	0	0
10750	37	1	0
10751	37	1	0
10752	37	1	0
10753	37	1	0
10754	37	1	0
10755	37	1	0
10756	37	1	0
10757	37	1	0
10758	37	1	0
10759	37	1	0
10760	38	1	0
10761	38	1	0
10762	38	1	0
10763	38	1	0
10764	38	1	0
10765	38	1	0
10766	38	1	0
10767	38	1	0
10768	38	1	0
10769	38	1	0
10770	40	1	0
10771	40	1	0
10772	40	1	0
10773	40	1	0
10774	40	1	0
10775	40	1	0
10776	40	1	0
10777	40	1	0
10778	40	1	0
10779	40	1	0
10780	42	1	0
10781	42	1	0
10782	42	1	0
10783	42	1	0
10784	42	1	0
10785	42	1	0
10786	42	1	0
10787	42	1	0
10788	42	1	0
10789	42	1	0
10790	44	0	1
10791	44	0	1
10792	44	0	1
10793	44	0	1
10794	44	0	1
10795	44	0	1
10796	44	0	1
10797	44	0	1
10798	44	0	1
10799	44	0	1
10800	38	0	0
10801	38	0	0
10802	38	0	0
10803	38	0	0
10804	38	0	0
10805	38	0	0
10806	38	0	0
10807	38	0	0
10808	38	0	0
10809	38	0	0
10810	34	1	0
10811	34	1	0
10812	34	1	0
10813	34	1	0
10814	34	1	0
10815	34	1	0
10816	34	1	0
10817	34	1	0
10818	34	1	0
10819	34	1	0
10820	32	1	0
10821	32	1	0
10822	32	1	0
10823	32	1	0
10824	32	1	0
10825	32	1	0
10826	32	1	0
10827	32	1	0
10828	32	1	0
10829	32	1	0
10830	29	1	0
10831	29	1	0
10832	29	1	0
10833	29	1	0
10834	29	1	0
10835	29	1	0
10836	29	1	0
10837	29	1	0
10838	29	1	0
10839	29	1	0
10840	25	1	0
10841	25	1	0
10842	25	1	0
10843	25	1	0
10844	25	1	0
10845	25	1	0
10846	25	1	0
10847	25	1	0
10848	25	1	0
10849	25	1	0
10850	20	0	0
10851	20	0	0
10852	20	0	0
10853	20	0	0
10854	20	0	0
10855	20	0	0
10856	20	0	0
10857	20	0	0
10858	20	0	0
10859	20	0	0
10860	15	1	0
10861	15	1	0
10862	15	1	0
10863	15	1	0
10864	15	1	0
10865	15	1	0
10866	15	1	0
10867	15	1	0
10868	15	1	0
10869	15	1	0
10870	10	1	0
10871	10	1	0
10872	10	1	0
10873	10	1	0
10874	10	1	0
10875	10	1	0
10876	10	1	0
10877	10	1	0
10878	10	1	0
10879	10	1	0
10880	5	1	0
10881	5	1	0
10882	5	1	0
10883	5	1	0
10884	5	1	0
10885	5	1	0
10886	5	1	0
10887	5	1	0
10888	5	1	0
10889	5	1	0
10890	1	1	0
10891	1	1	0
10892	1	1	0
10893	1	1	0
10894	1	1	0
10895	1	1	0
10896	1	1	0
10897	1	1	0
10898	1	1	0
10899	1	1	0
10900	-2	1	0
10901	-2	1	0
10902	-2	1	0
10903	-2	1	0
10904	-2	1	0
10905	-2	1	0
10906	-2	1	0
10907	-2	1	0
10908	-2	1	0
10909	-2	1	0
10910	-5	1	0
10911	-5	1	0
10912	-5	1	0
10913	-5	1	0
10914	-5	1	0
10915	-5	1	0
10916	-5	1	0
10917	-5	1	0
10918	-5	1	0
10919	-5	1	0
10920	-8	1	0
10921	-8	1	0
10922	-8	1	0
10923	-8	1	0
10924	-8	1	0
10925	-8	1	0
10926	-8	1	0
10927	-8	1	0
10928	-8	1	0
10929	-8	1	0
10930	-11	1	0
10931	-11	1	0
10932	-11	1	0
10933	-11	1	0
10934	-11	1	0
10935	-11	1	0
10936	-11	1	0
10937	-11	1	0
10938	-11	1	0
10939	-11	1	0
10940	-13	1	0
10941	-13	1	0
10942	-13	1	0
10943	-13	1	0
10944	-13	1	0
10945	-13	1	0
10946	-13	1	0
10947	-13	1	0
10948	-13	1	0
10949	-13	1	0
10950	-14	1	0
10951	-14	1	0
10952	-14	1	0
10953	-14	1	0
10954	-14	1	0
10955	-14	1	0
10956	-14	1	0
10957	-14	1	0
10958	-14	1	0
10959	-14	1	0
10960	-15	1	0
10961	-15	1	0
10962	-15	1	0
10963	-15	1	0
10964	-15	1	0
10965	-15	1	0
10966	-15	1	0
10967	-15	1	0
10968	-15	1	0
10969	-15	1	0
10970	-16	1	0
10971	-16	1	0
10972	-16	1	0
10973	-16	1	0
10974	-16	1	0
10975	-16	1	0
10976	-16	1	0
10977	-16	1	0
10978	-16	1	0
10979	-16	1	0
10980	-16	1	0
10981	-16	1	0
10982	-16	1	0
10983	-16	1	0
10984	-16	1	0
10985	-16	1	0
10986	-16	1	0
10987	-16	1	0
10988	-16	1	0
10989	-16	1	0
10990	-16	0	0
10991	-16	0	0
10992	-16	0	0
10993	-16	0	0
10994	-16	0	0
10995	-16	0	0
10996	-16	0	0
10997	-16	0	0
10998	-16	0	0
10999	-16	0	0
11000	-15	1	0
11001	-15	1	0
11002	-15	1	0
11003	-15	1	0
11004	-15	1	0
11005	-15	1	0
11006	-15	1	0
11007	-15	1	0
11008	-15	1	0
11009	-15	1	0
11010	-14	0	0
11011	-14	0	0
11012	-14	0	0
11013	-14	0	0
11014	-14	0	0
11015	-14	0	0
11016	-14	0	0
11017	-14	0	0
11018	-14	0	0
11019	-14	0	0
11020	-13	1	0
11021	-13	1	0
11022	-13	1	0
11023	-13	1	0
11024	-13	1	0
11025	-13	1	0
11026	-13	1	0
11027	-13	1	0
11028	-13	1	0
11029	-13	1	0
11030	-13	1	0
11031	-13	1	0
11032	-13	1	0
11033	-13	1	0
11034	-13	1	0
11035	-13	1	0
11036	-13	1	0
11037	-13	1	0
11038	-13	1	0
11039	-13	1	0
11040	-13	0	0
11041	-13	0	0
11042	-13	0	0
11043	-13	0	0
11044	-13	0	0
11045	-13	0	0
11046	-13	0	0
11047	-13	0	0
11048	-13	0	0
11049	-13	0	0
11050	-12	1	0
11051	-12	1	0
11052	-12	1	0
11053	-12	1	0
11054	-12	1	0
11055	-12	1	0
11056	-12	1	0
11057	-12	1	0
11058	-12	1	0
11059	-12	1	0
11060	-12	0	0
11061	-12	0	0
11062	-12	0	0
11063	-12	0	0
11064	-12	0	0
11065	-12	0	0
11066	-12	0	0
11067	-12	0	0
11068	-12	0	0
11069	-12	0	0
11070	-11	1	0
11071	-11	1	0
11072	-11	1	0
11073	-11	1	0
11074	-11	1	0
11075	-11	1	0
11076	-11	1	0
11077	-11	1	0
11078	-11	1	0
11079	-11	1	0
11080	-12	0	0
11081	-12	0	0
11082	-12	0	0
11083	-12	0	0
11084	-12	0	0
11085	-12	0	0
11086	-12	0	0
11087	-12	0	0
11088	-12	0	0
11089	-12	0	0
11090	-11	1	0
11091	-11	1	0
11092	-11	1	0
11093	-11	1	0
11094	-11	1	0
11095	-11	1	0
11096	-11	1	0
11097	-11	1	0
11098	-11	1	0
11099	-11	1	0
11100	-12	1	0
11101	-12	1	0
11102	-12	1	0
11103	-12	1	0
11104	-12	1	0
11105	-12	1	0
11106	-12	1	0
11107	-12	1	0
11108	-12	1	0
11109	-12	1	0
11110	-12	0	0
11111	-12	0	0
11112	-12	0	0
11113	-12	0	0
11114	-12	0	0
11115	-12	0	0
11116	-12	0	0
11117	-12	0	0
11118	-12	0	0
11119	-12	0	0
11120	-12	1	0
11121	-12	1	0
11122	-12	1	0
11123	-12	1	0
11124	-12	1	0
11125	-12	1	0
11126	-12	1	0
11127	-12	1	0
11128	-12	1	0
11129	-12	1	0
11130	-13	0	0
11131	-13	0	0
11132	-13	0	0
11133	-13	0	0
11134	-13	0	0
11135	-13	0	0
11136	-13	0	0
11137	-13	0	0
11138	-13	0	0
11139	-13	0	0
11140	-13	1	0
11141	-13	1	0
11142	-13	1	0
11143	-13	1	0
11144	-13	1	0
11145	-13	1	0
11146	-13	1	0
11147	-13	1	0
11148	-13	1	0
11149	-13	1	0
11150	-12	1	0
11151	-12	1	0
11152	-12	1	0
11153	-12	1	0
11154	-12	1	0
11155	-12	1	0
11156	-12	1	0
11157	-12	1	0
11158	-12	1	0
11159	-12	1	0
11160	-12	0	0
11161	-12	0	0
11162	-12	0	0
11163	-12	0	0
11164	-12	0	0
11165	-12	0	0
11166	-12	0	0
11167	-12	0	0
11168	-12	0	0
11169	-12	0	0
11170	-10	1	0
11171	-10	1	0
11172	-10	1	0
11173	-10	1	0
11174	-10	1	0
11175	-10	1	0
11176	-10	1	0
11177	-10	1	0
11178	-10	1	0
11179	-10	1	0
11180	-9	0	0
11181	-9	0	0
11182	-9	0	0
11183	-9	0	0
11184	-9	0	0
11185	-9	0	0
11186	-9	0	0
11187	-9	0	0
11188	-9	0	0
11189	-9	0	0
11190	-8	1	0
11191	-8	1	0
11192	-8	1	0
11193	-8	1	0
11194	-8	1	0
11195	-8	1	0
11196	-8	1	0
11197	-8	1	0
11198	-8	1	0
11199	-8	1	0
11200	-6	1	0
11201	-6	1	0
11202	-6	1	0
11203	-6	1	0
11204	-6	1	0
11205	-6	1	0
11206	-6	1	0
11207	-6	1	0
11208	-6	1	0
11209	-6	1	0
11210	-5	0	0
11211	-5	0	0
11212	-5	0	0
11213	-5	0	0
11214	-5	0	0
11215	-5	0	0
11216	-5	0	0
11217	-5	0	0
11218	-5	0	0
11219	-5	0	0
11220	-3	1	0
11221	-3	1	0
11222	-3	1	0
11223	-3	1	0
11224	-3	1	0
11225	-3	1	0
11226	-3	1	0
11227	-3	1	0
11228	-3	1	0
11229	-3	1	0
11230	-2	0	0
11231	-2	0	0
11232	-2	0	0
11233	-2	0	0
11234	-2	0	0
11235	-2	0	0
11236	-2	0	0
11237	-2	0	0
11238	-2	0	0
11239	-2	0	0
11240	0	1	0
11241	0	1	0
11242	0	1	0
11243	0	1	0
11244	0	1	0
11245	0	1	0
11246	0	1	0
11247	0	1	0
11248	0	1	0
11249	0	1	0
11250	1	1	0
11251	1	1	0
11252	1	1	0
11253	1	1	0
11254	1	1	0
11255	1	1	0
11256	1	1	0
11257	1	1	0
11258	1	1	0
11259	1	1	0
11260	2	0	0
11261	2	0	0
11262	2	0	0
11263	2	0	0
11264	2	0	0
11265	2	0	0
11266	2	0	0
11267	2	0	0
11268	2	0	0
11269	2	0	0
11270	3	1	0
11271	3	1	0
11272	3	1	0
11273	3	1	0
11274	3	1	0
11275	3	1	0
11276	3	1	0
11277	3	1	0
11278	3	1	0
11279	3	1	0
11280	4	1	0
11281	4	1	0
11282	4	1	0
11283	4	1	0
11284	4	1	0
11285	4	1	0
11286	4	1	0
11287	4	1	0
11288	4	1	0
11289	4	1	0
11290	5	0	0
11291	5	0	0
11292	5	0	0
11293	5	0	0
11294	5	0	0
11295	5	0	0
11296	5	0	0
11297	5	0	0
11298	5	0	0
11299	5	0	0
11300	5	1	0
11301	5	1	0
11302	5	1	0
11303	5	1	0
11304	5	1	0
11305	5	1	0
11306	5	1	0
11307	5	1	0
11308	5	1	0
11309	5	1	0
11310	5	0	0
11311	5	0	0
11312	5	0	0
11313	5	0	0
11314	5	0	0
11315	5	0	0
11316	5	0	0
11317	5	0	0
11318	5	0	0
11319	5	0	0
11320	5	1	0
11321	5	1	0
11322	5	1	0
11323	5	1	0
11324	5	1	0
11325	5	1	0
11326	5	1	0
11327	5	1	0
11328	5	1	0
11329	5	1	0
11330	5	1	0
11331	5	1	0
11332	5	1	0
11333	5	1	0
11334	5	1	0
11335	5	1	0
11336	5	1	0
11337	5	1	0
11338	5	1	0
11339	5	1	0
11340	5	0	0
11341	5	0	0
11342	5	0	0
11343	5	0	0
11344	5	0	0
11345	5	0	0
11346	5	0	0
11347	5	0	0
11348	5	0	0
11349	5	0	0
11350	5	1	0
11351	5	1	0
11352	5	1	0
11353	5	1	0
11354	5	1	0
11355	5	1	0
11356	5	1	0
11357	5	1	0
11358	5	1	0
11359	5	1	0
11360	5	0	0
11361	5	0	0
11362	5	0	0
11363	5	0	0
11364	5	0	0
11365	5	0	0
11366	5	0	0
11367	5	0	0
11368	5	0	0
11369	5	0	0
11370	4	1	0
11371	4	1	0
11372	4	1	0
11373	4	1	0
11374	4	1	0
11375	4	1	0
11376	4	1	0
11377	4	1	0
11378	4	1	0
11379	4	1	0
11380	4	1	0
11381	4	1	0
11382	4	1	0
11383	4	1	0
11384	4	1	0
11385	4	1	0
11386	4	1	0
11387	4	1	0
11388	4	1	0
11389	4	1	0
11390	3	0	0
11391	3	0	0
11392	3	0	0
11393	3	0	0
11394	3	0	0
11395	3	0	0
11396	3	0	0
11397	3	0	0
11398	3	0	0
11399	3	0	0
11400	3	1	0
11401	3	1	0
11402	3	1	0
11403	3	1	0
11404	3	1	0
11405	3	1	0
11406	3	1	0
11407	3	1	0
11408	3	1	0
11409	3	1	0
11410	2	0	0
11411	2	0	0
11412	2	0	0
11413	2	0	0
11414	2	0	0
11415	2	0	0
11416	2	0	0
11417	2	0	0
11418	2	0	0
11419	2	0	0
11420	1	0	0
11421	1	0	0
11422	1	0	0
11423	1	0	0
11424	1	0	0
11425	1	0	0
11426	1	0	0
11427	1	0	0
11428	1	0	0
11429	1	0	0
11430	-1	0	0
11431	-1	0	0
11432	-1	0	0
11433	-1	0	0
11434	-1	0	0
11435	-1	0	0
11436	-1	0	0
11437	-1	0	0
11438	-1	0	0
11439	-1	0	0
11440	-6	0	0
11441	-6	0	0
11442	-6	0	0
11443	-6	0	0
11444	-6	0	0
11445	-6	0	0
11446	-6	0	0
11447	-6	0	0
11448	-6	0	0
11449	-6	0	0
11450	-10	0	0
11451	-10	0	0
11452	-10	0	0
11453	-10	0	0
11454	-10	0	0
11455	-10	0	0
11456	-10	0	0
11457	-10	0	0
11458	-10	0	0
11459	-10	0	0
11460	-20	0	1
11461	-20	0	1
11462	-20	0	1
11463	-20	0	1
11464	-20	0	1
11465	-20	0	1
11466	-20	0	1
11467	-20	0	1
11468	-20	0	1
11469	-20	0	1
11470	-22	0	0
11471	-22	0	0
11472	-22	0	0
11473	-22	0	0
11474	-22	0	0
11475	-22	0	0
11476	-22	0	0
11477	-22	0	0
11478	-22	0	0
11479	-22	0	0
11480	-28	0	0
11481	-28	0	0
11482	-28	0	0
11483	-28	0	0
11484	-28	0	0
11485	-28	0	0
11486	-28	0	0
11487	-28	0	0
11488	-28	0	0
11489	-28	0	0
11490	-38	0	0
11491	-38	0	0
11492	-38	0	0
11493	-38	0	0
11494	-38	0	0
11495	-38	0	0
11496	-38	0	0
11497	-38	0	0
11498	-38	0	0
11499	-38	0	0
11500	-48	0	1
11501	-48	0	1
11502	-48	0	1
11503	-48	0	1
11504	-48	0	1
11505	-48	0	1
11506	-48	0	1
11507	-48	0	1
11508	-48	0	1
11509	-48	0	1
11510	-49	0	1
11511	-49	0	1
11512	-49	0	1
11513	-49	0	1
11514	-49	0	1
11515	-49	0	1
11516	-49	0	1
11517	-49	0	1
11518	-49	0	1
11519	-49	0	1
11520	-44	0	0
11521	-44	0	0
11522	-44	0	0
11523	-44	0	0
11524	-44	0	0
11525	-44	0	0
11526	-44	0	0
11527	-44	0	0
11528	-44	0	0
11529	-44	0	0
11530	-53	0	1
11531	-53	0	1
11532	-53	0	1
11533	-53	0	1
11534	-53	0	1
11535	-53	0	1
11536	-53	0	1
11537	-53	0	1
11538	-53	0	1
11539	-53	0	1
11540	-51	0	1
11541	-51	0	1
11542	-51	0	1
11543	-51	0	1
11544	-51	0	1
11545	-51	0	1
11546	-51	0	1
11547	-51	0	1
11548	-51	0	1
11549	-51	0	1
11550	-45	0	1
11551	-45	0	1
11552	-45	0	1
11553	-45	0	1
11554	-45	0	1
11555	-45	0	1
11556	-45	0	1
11557	-45	0	1
11558	-45	0	1
11559	-45	0	1
11560	-43	0	1
11561	-43	0	1
11562	-43	0	1
11563	-43	0	1
11564	-43	0	1
11565	-43	0	1
11566	-43	0	1
11567	-43	0	1
11568	-43	0	1
11569	-43	0	1
11570	-42	0	1
11571	-42	0	1
11572	-42	0	1
11573	-42	0	1
11574	-42	0	1
11575	-42	0	1
11576	-42	0	1
11577	-42	0	1
11578	-42	0	1
11579	-42	0	1
11580	-40	0	1
11581	-40	0	1
11582	-40	0	1
11583	-40	0	1
11584	-40	0	1
11585	-40	0	1
11586	-40	0	1
11587	-40	0	1
11588	-40	0	1
11589	-40	0	1
11590	-43	0	0
11591	-43	0	0
11592	-43	0	0
11593	-43	0	0
11594	-43	0	0
11595	-43	0	0
11596	-43	0	0
11597	-43	0	0
11598	-43	0	0
11599	-43	0	0
11600	-47	0	0
11601	-47	0	0
11602	-47	0	0
11603	-47	0	0
11604	-47	0	0
11605	-47	0	0
11606	-47	0	0
11607	-47	0	0
11608	-47	0	0
11609	-47	0	0
11610	-48	1	0
11611	-48	1	0
11612	-48	1	0
11613	-48	1	0
11614	-48	1	0
11615	-48	1	0
11616	-48	1	0
11617	-48	1	0
11618	-48	1	0
11619	-48	1	0
11620	-59	1	0
11621	-59	1	0
11622	-59	1	0
11623	-59	1	0
11624	-59	1	0
11625	-59	1	0
11626	-59	1	0
11627	-59	1	0
11628	-59	1	0
11629	-59	1	0
11630	-68	1	0
11631	-68	1	0
11632	-68	1	0
11633	-68	1	0
11634	-68	1	0
11635	-68	1	0
11636	-68	1	0
11637	-68	1	0
11638	-68	1	0
11639	-68	1	0
11640	-72	0	0
11641	-72	0	0
11642	-72	0	0
11643	-72	0	0
11644	-72	0	0
11645	-72	0	0
11646	-72	0	0
11647	-72	0	0
11648	-72	0	0
11649	-72	0	0
11650	-67	1	0
11651	-67	1	0
11652	-67	1	0
11653	-67	1	0
11654	-67	1	0
11655	-67	1	0
11656	-67	1	0
11657	-67	1	0
11658	-67	1	0
11659	-67	1	0
11660	-67	1	0
11661	-67	1	0
11662	-67	1	0
11663	-67	1	0
11664	-67	1	0
11665	-67	1	0
11666	-67	1	0
11667	-67	1	0
11668	-67	1	0
11669	-67	1	0
11670	-63	1	0
11671	-63	1	0
11672	-63	1	0
11673	-63	1	0
11674	-63	1	0
11675	-63	1	0
11676	-63	1	0
11677	-63	1	0
11678	-63	1	0
11679	-63	1	0
11680	-58	1	0
11681	-58	1	0
11682	-58	1	0
11683	-58	1	0
11684	-58	1	0
11685	-58	1	0
11686	-58	1	0
11687	-58	1	0
11688	-58	1	0
11689	-58	1	0
11690	-50	1	0
11691	-50	1	0
11692	-50	1	0
11693	-50	1	0
11694	-50	1	0
11695	-50	1	0
11696	-50	1	0
11697	-50	1	0
11698	-50	1	0
11699	-50	1	0
11700	-40	1	0
11701	-40	1	0
11702	-40	1	0
11703	-40	1	0
11704	-40	1	0
11705	-40	1	0
11706	-40	1	0
11707	-40	1	0
11708	-40	1	0
11709	-40	1	0
11710	-28	1	0
11711	-28	1	0
11712	-28	1	0
11713	-28	1	0
11714	-28	1	0
11715	-28	1	0
11716	-28	1	0
11717	-28	1	0
11718	-28	1	0
11719	-28	1	0
11720	-19	1	0
11721	-19	1	0
11722	-19	1	0
11723	-19	1	0
11724	-19	1	0
11725	-19	1	0
11726	-19	1	0
11727	-19	1	0
11728	-19	1	0
11729	-19	1	0
11730	-4	1	0
11731	-4	1	0
11732	-4	1	0
11733	-4	1	0
11734	-4	1	0
11735	-4	1	0
11736	-4	1	0
11737	-4	1	0
11738	-4	1	0
11739	-4	1	0
11740	14	1	0
11741	14	1	0
11742	14	1	0
11743	14	1	0
11744	14	1	0
11745	14	1	0
11746	14	1	0
11747	14	1	0
11748	14	1	0
11749	14	1	0
11750	32	1	0
11751	32	1	0
11752	32	1	0
11753	32	1	0
11754	32	1	0
11755	32	1	0
11756	32	1	0
11757	32	1	0
11758	32	1	0
11759	32	1	0
11760	52	1	0
11761	52	1	0
11762	52	1	0
11763	52	1	0
11764	52	1	0
11765	52	1	0
11766	52	1	0
11767	52	1	0
11768	52	1	0
11769	52	1	0
11770	68	0	1
11771	68	0	1
11772	68	0	1
11773	68	0	1
11774	68	0	1
11775	68	0	1
11776	68	0	1
11777	68	0	1
11778	68	0	1
11779	68	0	1
11780	67	0	1
11781	67	0	1
11782	67	0	1
11783	67	0	1
11784	67	0	1
11785	67	0	1
11786	67	0	1
11787	67	0	1
11788	67	0	1
11789	67	0	1
11790	62	0	1
11791	62	0	1
11792	62	0	1
11793	62	0	1
11794	62	0	1
11795	62	0	1
11796	62	0	1
11797	62	0	1
11798	62	0	1
11799	62	0	1
11800	56	0	1
11801	56	0	1
11802	56	0	1
11803	56	0	1
11804	56	0	1
11805	56	0	1
11806	56	0	1
11807	56	0	1
11808	56	0	1
11809	56	0	1
11810	50	0	0
11811	50	0	0
11812	50	0	0
11813	50	0	0
11814	50	0	0
11815	50	0	0
11816	50	0	0
11817	50	0	0
11818	50	0	0
11819	50	0	0
11820	47	0	0
11821	47	0	0
11822	47	0	0
11823	47	0	0
11824	47	0	0
11825	47	0	0
11826	47	0	0
11827	47	0	0
11828	47	0	0
11829	47	0	0
11830	46	1	0
11831	46	1	0
11832	46	1	0
11833	46	1	0
11834	46	1	0
11835	46	1	0
11836	46	1	0
11837	46	1	0
11838	46	1	0
11839	46	1	0
11840	51	1	0
11841	51	1	0
11842	51	1	0
11843	51	1	0
11844	51	1	0
11845	51	1	0
11846	51	1	0
11847	51	1	0
11848	51	1	0
11849	51	1	0
11850	61	1	0
11851	61	1	0
11852	61	1	0
11853	61	1	0
11854	61	1	0
11855	61	1	0
11856	61	1	0
11857	61	1	0
11858	61	1	0
11859	61	1	0
11860	70	0	0
11861	70	0	0
11862	70	0	0
11863	70	0	0
11864	70	0	0
11865	70	0	0
11866	70	0	0
11867	70	0	0
11868	70	0	0
11869	70	0	0
11870	68	0	0
11871	68	0	0
11872	68	0	0
11873	68	0	0
11874	68	0	0
11875	68	0	0
11876	68	0	0
11877	68	0	0
11878	68	0	0
11879	68	0	0
11880	63	0	0
11881	63	0	0
11882	63	0	0
11883	63	0	0
11884	63	0	0
11885	63	0	0
11886	63	0	0
11887	63	0	0
11888	63	0	0
11889	63	0	0
11890	58	1	0
11891	58	1	0
11892	58	1	0
11893	58	1	0
11894	58	1	0
11895	58	1	0
11896	58	1	0
11897	58	1	0
11898	58	1	0
11899	58	1	0
11900	58	0	0
11901	58	0	0
11902	58	0	0
11903	58	0	0
11904	58	0	0
11905	58	0	0
11906	58	0	0
11907	58	0	0
11908	58	0	0
11909	58	0	0
11910	51	1	0
11911	51	1	0
11912	51	1	0
11913	51	1	0
11914	51	1	0
11915	51	1	0
11916	51	1	0
11917	51	1	0
11918	51	1	0
11919	51	1	0
11920	50	0	0
11921	50	0	0
11922	50	0	0
11923	50	0	0
11924	50	0	0
11925	50	0	0
11926	50	0	0
11927	50	0	0
11928	50	0	0
11929	50	0	0
11930	44	1	0
11931	44	1	0
11932	44	1	0
11933	44	1	0
11934	44	1	0
11935	44	1	0
11936	44	1	0
11937	44	1	0
11938	44	1	0
11939	44	1	0
11940	40	1	0
11941	40	1	0
11942	40	1	0
11943	40	1	0
11944	40	1	0
11945	40	1	0
11946	40	1	0
11947	40	1	0
11948	40	1	0
11949	40	1	0
11950	35	1	0
11951	35	1	0
11952	35	1	0
11953	35	1	0
11954	35	1	0
11955	35	1	0
11956	35	1	0
11957	35	1	0
11958	35	1	0
11959	35	1	0
11960	30	1	0
11961	30	1	0
11962	30	1	0
11963	30	1	0
11964	30	1	0
11965	30	1	0
11966	30	1	0
11967	30	1	0
11968	30	1	0
11969	30	1	0
11970	25	1	0
11971	25	1	0
11972	25	1	0
11973	25	1	0
11974	25	1	0
11975	25	1	0
11976	25	1	0
11977	25	1	0
11978	25	1	0
11979	25	1	0
11980	22	1	0
11981	22	1	0
11982	22	1	0
11983	22	1	0
11984	22	1	0
11985	22	1	0
11986	22	1	0
11987	22	1	0
11988	22	1	0
11989	22	1	0
11990	18	1	0
11991	18	1	0
11992	18	1	0
11993	18	1	0
11994	18	1	0
11995	18	1	0
11996	18	1	0
11997	18	1	0
11998	18	1	0
11999	18	1	0
12000	14	1	0
12001	14	1	0
12002	14	1	0
12003	14	1	0
12004	14	1	0
12005	14	1	0
12006	14	1	0
12007	14	1	0
12008	14	1	0
12009	14	1	0
12010	11	1	0
12011	11	1	0
12012	11	1	0
12013	11	1	0
12014	11	1	0
12015	11	1	0
12016	11	1	0
12017	11	1	0
12018	11	1	0
12019	11	1	0
12020	9	1	0
12021	9	1	0
12022	9	1	0
12023	9	1	0
12024	9	1	0
12025	9	1	0
12026	9	1	0
12027	9	1	0
12028	9	1	0
12029	9	1	0
12030	8	1	0
12031	8	1	0
12032	8	1	0
12033	8	1	0
12034	8	1	0
12035	8	1	0
12036	8	1	0
12037	8	1	0
12038	8	1	0
12039	8	1	0
12040	8	1	0
12041	8	1	0
12042	8	1	0
12043	8	1	0
12044	8	1	0
12045	8	1	0
12046	8	1	0
12047	8	1	0
12048	8	1	0
12049	8	1	0
12050	9	1	0
12051	9	1	0
12052	9	1	0
12053	9	1	0
12054	9	1	0
12055	9	1	0
12056	9	1	0
12057	9	1	0
12058	9	1	0
12059	9	1	0
12060	10	1	0
12061	10	1	0
12062	10	1	0
12063	10	1	0
12064	10	1	0
12065	10	1	0
12066	10	1	0
12067	10	1	0
12068	10	1	0
12069	10	1	0
12070	11	1	0
12071	11	1	0
12072	11	1	0
12073	11	1	0
12074	11	1	0
12075	11	1	0
12076	11	1	0
12077	11	1	0
12078	11	1	0
12079	11	1	0
12080	13	1	0
12081	13	1	0
12082	13	1	0
12083	13	1	0
12084	13	1	0
12085	13	1	0
12086	13	1	0
12087	13	1	0
12088	13	1	0
12089	13	1	0
12090	14	1	0
12091	14	1	0
12092	14	1	0
12093	14	1	0
12094	14	1	0
12095	14	1	0
12096	14	1	0
12097	14	1	0
12098	14	1	0
12099	14	1	0
12100	16	1	0
12101	16	1	0
12102	16	1	0
12103	16	1	0
12104	16	1	0
12105	16	1	0
12106	16	1	0
12107	16	1	0
12108	16	1	0
12109	16	1	0
12110	18	1	0
12111	18	1	0
12112	18	1	0
12113	18	1	0
12114	18	1	0
12115	18	1	0
12116	18	1	0
12117	18	1	0
12118	18	1	0
12119	18	1	0
12120	20	1	0
12121	20	1	0
12122	20	1	0
12123	20	1	0
12124	20	1	0
12125	20	1	0
12126	20	1	0
12127	20	1	0
12128	20	1	0
12129	20	1	0
12130	22	1	0
12131	22	1	0
12132	22	1	0
12133	22	1	0
12134	22	1	0
12135	22	1	0
12136	22	1	0
12137	22	1	0
12138	22	1	0
12139	22	1	0
12140	22	1	0
12141	22	1	0
12142	22	1	0
12143	22	1	0
12144	22	1	0
12145	22	1	0
12146	22	1	0
12147	22	1	0
12148	22	1	0
12149	22	1	0
12150	24	1	0
12151	24	1	0
12152	24	1	0
12153	24	1	0
12154	24	1	0
12155	24	1	0
12156	24	1	0
12157	24	1	0
12158	24	1	0
12159	24	1	0
12160	25	1	0
12161	25	1	0
12162	25	1	0
12163	25	1	0
12164	25	1	0
12165	25	1	0
12166	25	1	0
12167	25	1	0
12168	25	1	0
12169	25	1	0
12170	26	1	0
12171	26	1	0
12172	26	1	0
12173	26	1	0
12174	26	1	0
12175	26	1	0
12176	26	1	0
12177	26	1	0
12178	26	1	0
12179	26	1	0
12180	27	1	0
12181	27	1	0
12182	27	1	0
12183	27	1	0
12184	27	1	0
12185	27	1	0
12186	27	1	0
12187	27	1	0
12188	27	1	0
12189	27	1	0
12190	28	1	0
12191	28	1	0
12192	28	1	0
12193	28	1	0
12194	28	1	0
12195	28	1	0
12196	28	1	0
12197	28	1	0
12198	28	1	0
12199	28	1	0
12200	30	1	0
12201	30	1	0
12202	30	1	0
12203	30	1	0
12204	30	1	0
12205	30	1	0
12206	30	1	0
12207	30	1	0
12208	30	1	0
12209	30	1	0
12210	34	1	0
12211	34	1	0
12212	34	1	0
12213	34	1	0
12214	34	1	0
12215	34	1	0
12216	34	1	0
12217	34	1	0
12218	34	1	0
12219	34	1	0
12220	42	0	1
12221	42	0	1
12222	42	0	1
12223	42	0	1
12224	42	0	1
12225	42	0	1
12226	42	0	1
12227	42	0	1
12228	42	0	1
12229	42	0	1
12230	40	0	0
12231	40	0	0
12232	40	0	0
12233	40	0	0
12234	40	0	0
12235	40	0	0
12236	40	0	0
12237	40	0	0
12238	40	0	0
12239	40	0	0
12240	42	0	0
12241	42	0	0
12242	42	0	0
12243	42	0	0
12244	42	0	0
12245	42	0	0
12246	42	0	0
12247	42	0	0
12248	42	0	0
12249	42	0	0
12250	44	0	0
12251	44	0	0
12252	44	0	0
12253	44	0	0
12254	44	0	0
12255	44	0	0
12256	44	0	0
12257	44	0	0
12258	44	0	0
12259	44	0	0
12260	47	0	0
12261	47	0	0
12262	47	0	0
12263	47	0	0
12264	47	0	0
12265	47	0	0
12266	47	0	0
12267	47	0	0
12268	47	0	0
12269	47	0	0
12270	50	0	1
12271	50	0	1
12272	50	0	1
12273	50	0	1
12274	50	0	1
12275	50	0	1
12276	50	0	1
12277	50	0	1
12278	50	0	1
12279	50	0	1
12280	46	0	0
12281	46	0	0
12282	46	0	0
12283	46	0	0
12284	46	0	0
12285	46	0	0
12286	46	0	0
12287	46	0	0
12288	46	0	0
12289	46	0	0
12290	46	0	1
12291	46	0	1
12292	46	0	1
12293	46	0	1
12294	46	0	1
12295	46	0	1
12296	46	0	1
12297	46	0	1
12298	46	0	1
12299	46	0	1
12300	42	0	0
12301	42	0	0
12302	42	0	0
12303	42	0	0
12304	42	0	0
12305	42	0	0
12306	42	0	0
12307	42	0	0
12308	42	0	0
12309	42	0	0
12310	40	0	1
12311	40	0	1
12312	40	0	1
12313	40	0	1
12314	40	0	1
12315	40	0	1
12316	40	0	1
12317	40	0	1
12318	40	0	1
12319	40	0	1
12320	35	0	0
12321	35	0	0
12322	35	0	0
12323	35	0	0
12324	35	0	0
12325	35	0	0
12326	35	0	0
12327	35	0	0
12328	35	0	0
12329	35	0	0
12330	33	0	0
12331	33	0	0
12332	33	0	0
12333	33	0	0
12334	33	0	0
12335	33	0	0
12336	33	0	0
12337	33	0	0
12338	33	0	0
12339	33	0	0
12340	32	0	1
12341	32	0	1
12342	32	0	1
12343	32	0	1
12344	32	0	1
12345	32	0	1
12346	32	0	1
12347	32	0	1
12348	32	0	1
12349	32	0	1
12350	27	0	0
12351	27	0	0
12352	27	0	0
12353	27	0	0
12354	27	0	0
12355	27	0	0
12356	27	0	0
12357	27	0	0
12358	27	0	0
12359	27	0	0
12360	25	0	0
12361	25	0	0
12362	25	0	0
12363	25	0	0
12364	25	0	0
12365	25	0	0
12366	25	0	0
12367	25	0	0
12368	25	0	0
12369	25	0	0
12370	22	0	0
12371	22	0	0
12372	22	0	0
12373	22	0	0
12374	22	0	0
12375	22	0	0
12376	22	0	0
12377	22	0	0
12378	22	0	0
12379	22	0	0
12380	20	1	0
12381	20	1	0
12382	20	1	0
12383	20	1	0
12384	20	1	0
12385	20	1	0
12386	20	1	0
12387	20	1	0
12388	20	1	0
12389	20	1	0
12390	20	1	0
12391	20	1	0
12392	20	1	0
12393	20	1	0
12394	20	1	0
12395	20	1	0
12396	20	1	0
12397	20	1	0
12398	20	1	0
12399	20	1	0
12400	20	1	0
12401	20	1	0
12402	20	1	0
12403	20	1	0
12404	20	1	0
12405	20	1	0
12406	20	1	0
12407	20	1	0
12408	20	1	0
12409	20	1	0
12410	19	1	0
12411	19	1	0
12412	19	1	0
12413	19	1	0
12414	19	1	0
12415	19	1	0
12416	19	1	0
12417	19	1	0
12418	19	1	0
12419	19	1	0
12420	18	1	0
12421	18	1	0
12422	18	1	0
12423	18	1	0
12424	18	1	0
12425	18	1	0
12426	18	1	0
12427	18	1	0
12428	18	1	0
12429	18	1	0
12430	16	1	0
12431	16	1	0
12432	16	1	0
12433	16	1	0
12434	16	1	0
12435	16	1	0
12436	16	1	0
12437	16	1	0
12438	16	1	0
12439	16	1	0
12440	14	1	0
12441	14	1	0
12442	14	1	0
12443	14	1	0
12444	14	1	0
12445	14	1	0
12446	14	1	0
12447	14	1	0
12448	14	1	0
12449	14	1	0
12450	11	1	0
12451	11	1	0
12452	11	1	0
12453	11	1	0
12454	11	1	0
12455	11	1	0
12456	11	1	0
12457	11	1	0
12458	11	1	0
12459	11	1	0
12460	9	1	0
12461	9	1	0
12462	9	1	0
12463	9	1	0
12464	9	1	0
12465	9	1	0
12466	9	1	0
12467	9	1	0
12468	9	1	0
12469	9	1	0
12470	6	1	0
12471	6	1	0
12472	6	1	0
12473	6	1	0
12474	6	1	0
12475	6	1	0
12476	6	1	0
12477	6	1	0
12478	6	1	0
12479	6	1	0
12480	4	1	0
12481	4	1	0
12482	4	1	0
12483	4	1	0
12484	4	1	0
12485	4	1	0
12486	4	1	0
12487	4	1	0
12488	4	1	0
12489	4	1	0
12490	3	1	0
12491	3	1	0
12492	3	1	0
12493	3	1	0
12494	3	1	0
12495	3	1	0
12496	3	1	0
12497	3	1	0
12498	3	1	0
12499	3	1	0
12500	1	1	0
12501	1	1	0
12502	1	1	0
12503	1	1	0
12504	1	1	0
12505	1	1	0
12506	1	1	0
12507	1	1	0
12508	1	1	0
12509	1	1	0
12510	0	1	0
12511	0	1	0
12512	0	1	0
12513	0	1	0
12514	0	1	0
12515	0	1	0
12516	0	1	0
12517	0	1	0
12518	0	1	0
12519	0	1	0
12520	-1	1	0
12521	-1	1	0
12522	-1	1	0
12523	-1	1	0
12524	-1	1	0
12525	-1	1	0
12526	-1	1	0
12527	-1	1	0
12528	-1	1	0
12529	-1	1	0
12530	-1	1	0
12531	-1	1	0
12532	-1	1	0
12533	-1	1	0
12534	-1	1	0
12535	-1	1	0
12536	-1	1	0
12537	-1	1	0
12538	-1	1	0
12539	-1	1	0
12540	-2	1	0
12541	-2	1	0
12542	-2	1	0
12543	-2	1	0
12544	-2	1	0
12545	-2	1	0
12546	-2	1	0
12547	-2	1	0
12548	-2	1	0
12549	-2	1	0
12550	-2	1	0
12551	-2	1	0
12552	-2	1	0
12553	-2	1	0
12554	-2	1	0
12555	-2	1	0
12556	-2	1	0
12557	-2	1	0
12558	-2	1	0
12559	-2	1	0
12560	-2	1	0
12561	-2	1	0
12562	-2	1	0
12563	-2	1	0
12564	-2	1	0
12565	-2	1	0
12566	-2	1	0
12567	-2	1	0
12568	-2	1	0
12569	-2	1	0
12570	-2	1	0
12571	-2	1	0
12572	-2	1	0
12573	-2	1	0
12574	-2	1	0
12575	-2	1	0
12576	-2	1	0
12577	-2	1	0
12578	-2	1	0
12579	-2	1	0
12580	-2	1	0
12581	-2	1	0
12582	-2	1	0
12583	-2	1	0
12584	-2	1	0
12585	-2	1	0
12586	-2	1	0
12587	-2	1	0
12588	-2	1	0
12589	-2	1	0
12590	-2	1	0
12591	-2	1	0
12592	-2	1	0
12593	-2	1	0
12594	-2	1	0
12595	-2	1	0
12596	-2	1	0
12597	-2	1	0
12598	-2	1	0
12599	-2	1	0
12600	-2	1	0
12601	-2	1	0
12602	-2	1	0
12603	-2	1	0
12604	-2	1	0
12605	-2	1	0
12606	-2	1	0
12607	-2	1	0
12608	-2	1	0
12609	-2	1	0
