# Kart Silverstone GP lap in Trackmania world coordinates (x east, y up, z south); heading = atan2(dx, dz) of travel; curvature >0 turns left
# start_station	767	finish_station	799	checkpoints	869,1034,1268,1327,150,260,401,671
station	s_m	x	y	z	heading_rad	curvature	left_m	right_m	corner
0	0.0	1663.157	17.486	1563.083	2.48919	0.02177	5.70	6.16	Bridge hairpin
1	1.0	1663.762	17.478	1562.286	2.49423	0.01649	5.74	6.09	Bridge hairpin
2	2.0	1664.364	17.471	1561.487	2.49838	0.01242	5.78	6.02	Bridge hairpin
3	3.0	1664.962	17.467	1560.686	2.50335	0.00937	5.81	5.96	Bridge hairpin
4	4.0	1665.555	17.464	1559.881	2.50943	0.00708	5.85	5.90	Bridge hairpin
5	5.0	1666.143	17.462	1559.072	2.51608	0.00531	5.88	5.86	Bridge hairpin
6	6.0	1666.726	17.462	1558.260	2.52240	0.00388	5.91	5.83	Bridge hairpin
7	7.0	1667.304	17.464	1557.444	2.52746	0.00264	5.93	5.81	Bridge hairpin
8	8.0	1667.879	17.467	1556.625	2.53063	0.00149	5.95	5.80	Bridge hairpin
9	9.0	1668.452	17.471	1555.806	2.53161	0.00041	5.97	5.80	Bridge hairpin
10	10.0	1669.024	17.476	1554.986	2.53051	-0.00060	5.99	5.80	Lower arm
11	11.0	1669.599	17.483	1554.167	2.52769	-0.00153	6.01	5.80	Lower arm
12	12.0	1670.177	17.491	1553.351	2.52363	-0.00235	6.03	5.80	Lower arm
13	13.0	1670.758	17.499	1552.537	2.51884	-0.00304	6.04	5.80	Lower arm
14	14.0	1671.343	17.509	1551.727	2.51372	-0.00359	6.06	5.80	Lower arm
15	15.0	1671.933	17.519	1550.919	2.50858	-0.00402	6.08	5.80	Lower arm
16	16.0	1672.526	17.531	1550.114	2.50359	-0.00436	6.10	5.80	Lower arm
17	17.0	1673.124	17.543	1549.312	2.49882	-0.00462	6.11	5.80	Lower arm
18	18.0	1673.725	17.555	1548.513	2.49424	-0.00487	6.13	5.80	Lower arm
19	19.0	1674.330	17.568	1547.717	2.48977	-0.00515	6.15	5.80	Lower arm
20	20.0	1674.938	17.582	1546.923	2.48531	-0.00550	6.17	5.80	Lower arm
21	21.0	1675.550	17.597	1546.132	2.48075	-0.00598	6.19	5.80	Lower arm
22	22.0	1676.166	17.612	1545.344	2.47595	-0.00661	6.20	5.80	Lower arm
23	23.0	1676.785	17.627	1544.559	2.47080	-0.00743	6.22	5.80	Lower arm
24	24.0	1677.409	17.643	1543.778	2.46512	-0.00845	6.24	5.80	Lower arm
25	25.0	1678.037	17.659	1543.000	2.45864	-0.00968	6.26	5.80	Lower arm
26	26.0	1678.671	17.676	1542.226	2.45099	-0.01108	6.27	5.80	Lower arm
27	27.0	1679.312	17.693	1541.458	2.44163	-0.01260	6.29	5.80	Lower arm
28	28.0	1679.960	17.710	1540.697	2.42990	-0.01415	6.31	5.80	Lower arm
29	29.0	1680.618	17.728	1539.944	2.41514	-0.01562	6.32	5.80	Lower arm
30	30.0	1681.288	17.745	1539.202	2.39690	-0.01688	6.32	5.80	Lower arm
31	31.0	1681.973	17.764	1538.473	2.37519	-0.01782	6.31	5.81	Lower arm
32	32.0	1682.675	17.782	1537.761	2.35067	-0.01833	6.28	5.82	Lower arm
33	33.0	1683.395	17.800	1537.067	2.32466	-0.01836	6.22	5.84	Lower arm
34	34.0	1684.133	17.819	1536.392	2.29888	-0.01790	6.13	5.87	Lower arm
35	35.0	1684.888	17.838	1535.736	2.27517	-0.01700	6.02	5.89	Lower arm
36	36.0	1685.657	17.857	1535.097	2.25499	-0.01574	5.91	5.91	Lower arm
37	37.0	1686.438	17.877	1534.472	2.23913	-0.01427	5.81	5.93	Lower arm
38	38.0	1687.226	17.896	1533.858	2.22756	-0.01272	5.73	5.93	Lower arm
39	39.0	1688.021	17.916	1533.251	2.21952	-0.01122	5.66	5.89	Lower arm
40	40.0	1688.820	17.936	1532.649	2.21377	-0.00986	5.59	5.78	Lower arm
41	41.0	1689.622	17.956	1532.052	2.20895	-0.00871	5.51	5.57	Lower arm
42	42.0	1690.427	17.977	1531.458	2.20395	-0.00777	5.44	5.29	Lower arm
43	43.0	1691.234	17.997	1530.868	2.19813	-0.00703	5.38	4.98	Lower arm
44	44.0	1692.046	18.018	1530.284	2.19140	-0.00643	5.34	4.72	Lower arm
45	45.0	1692.861	18.039	1529.705	2.18415	-0.00591	5.32	4.55	Lower arm
46	46.0	1693.681	18.060	1529.133	2.17699	-0.00544	5.32	4.47	Lower arm
47	47.0	1694.505	18.081	1528.566	2.17050	-0.00497	5.32	4.45	Lower arm
48	48.0	1695.332	18.102	1528.004	2.16504	-0.00449	5.32	4.46	Lower arm
49	49.0	1696.162	18.124	1527.446	2.16071	-0.00399	5.33	4.49	Lower arm
50	50.0	1696.994	18.146	1526.891	2.15740	-0.00350	5.33	4.52	Lower arm
51	51.0	1697.828	18.168	1526.339	2.15488	-0.00302	5.33	4.55	Lower arm
52	52.0	1698.663	18.190	1525.789	2.15294	-0.00259	5.34	4.58	Lower arm
53	53.0	1699.498	18.212	1525.240	2.15137	-0.00220	5.34	4.61	Lower arm
54	54.0	1700.335	18.235	1524.692	2.15003	-0.00187	5.35	4.64	Lower arm
55	55.0	1701.172	18.258	1524.145	2.14885	-0.00159	5.35	4.67	Lower arm
56	56.0	1702.010	18.281	1523.599	2.14777	-0.00137	5.35	4.71	Lower arm
57	57.0	1702.848	18.304	1523.054	2.14676	-0.00120	5.36	4.74	Lower arm
58	58.0	1703.687	18.328	1522.510	2.14581	-0.00107	5.36	4.77	Lower arm
59	59.0	1704.527	18.351	1521.966	2.14491	-0.00097	5.37	4.80	Lower arm
60	60.0	1705.367	18.375	1521.423	2.14407	-0.00089	5.37	4.83	Lower arm
61	61.0	1706.207	18.400	1520.881	2.14326	-0.00083	5.38	4.86	Lower arm
62	62.0	1707.048	18.424	1520.340	2.14249	-0.00078	5.38	4.89	Lower arm
63	63.0	1707.889	18.448	1519.799	2.14176	-0.00074	5.38	4.93	Lower arm
64	64.0	1708.730	18.473	1519.259	2.14107	-0.00070	5.39	4.96	Lower arm
65	65.0	1709.573	18.498	1518.719	2.14040	-0.00067	5.39	4.99	Lower arm
66	66.0	1710.415	18.524	1518.180	2.13976	-0.00064	5.40	5.02	Lower arm
67	67.0	1711.257	18.549	1517.642	2.13915	-0.00062	5.40	5.05	Lower arm
68	68.0	1712.100	18.575	1517.104	2.13856	-0.00059	5.40	5.08	Lower arm
69	69.0	1712.944	18.600	1516.566	2.13799	-0.00057	5.41	5.11	Lower arm
70	70.0	1713.787	18.626	1516.029	2.13744	-0.00055	5.41	5.14	Lower arm
71	71.0	1714.631	18.653	1515.493	2.13691	-0.00053	5.42	5.18	Lower arm
72	72.0	1715.475	18.679	1514.957	2.13640	-0.00052	5.42	5.21	Lower arm
73	73.0	1716.320	18.705	1514.421	2.13591	-0.00051	5.43	5.24	Lower arm
74	74.0	1717.164	18.732	1513.886	2.13543	-0.00050	5.43	5.27	Lower arm
75	75.0	1718.009	18.759	1513.351	2.13496	-0.00049	5.43	5.30	Lower arm
76	76.0	1718.854	18.786	1512.816	2.13450	-0.00050	5.44	5.33	Lower arm
77	77.0	1719.700	18.813	1512.282	2.13405	-0.00052	5.44	5.36	Lower arm
78	78.0	1720.545	18.840	1511.748	2.13361	-0.00056	5.45	5.39	Lower arm
79	79.0	1721.391	18.867	1511.215	2.13317	-0.00064	5.45	5.43	Lower arm
80	80.0	1722.237	18.895	1510.682	2.13272	-0.00076	5.45	5.46	Lower arm
81	81.0	1723.084	18.922	1510.149	2.13227	-0.00096	5.46	5.49	Lower arm
82	82.0	1723.930	18.950	1509.617	2.13179	-0.00123	5.46	5.52	Lower arm
83	83.0	1724.777	18.977	1509.085	2.13127	-0.00161	5.47	5.55	Lower arm
84	84.0	1725.624	19.005	1508.554	2.13065	-0.00209	5.47	5.58	Lower arm
85	85.0	1726.472	19.033	1508.023	2.12980	-0.00268	5.47	5.61	Lower arm
86	86.0	1727.320	19.060	1507.493	2.12853	-0.00333	5.48	5.64	Lower arm
87	87.0	1728.169	19.088	1506.965	2.12651	-0.00398	5.48	5.66	Lower arm
88	88.0	1729.019	19.116	1506.438	2.12328	-0.00455	5.49	5.68	Lower arm
89	89.0	1729.871	19.144	1505.915	2.11831	-0.00488	5.49	5.69	Lower arm
90	90.0	1730.726	19.171	1505.397	2.11109	-0.00484	5.50	5.70	Lower arm
91	91.0	1731.586	19.199	1504.886	2.10141	-0.00425	5.51	5.70	Lower arm
92	92.0	1732.451	19.227	1504.385	2.08955	-0.00297	5.54	5.70	Lower arm
93	93.0	1733.323	19.254	1503.895	2.07656	-0.00092	5.58	5.70	Lower arm
94	94.0	1734.201	19.282	1503.416	2.06442	0.00193	5.62	5.70	Lower arm
95	95.0	1735.084	19.309	1502.947	2.05587	0.00547	5.65	5.70	Lower arm
96	96.0	1735.970	19.337	1502.483	2.05407	0.00952	5.67	5.70	Lower arm
97	97.0	1736.855	19.364	1502.018	2.06179	0.01379	5.67	5.70	Lower arm
98	98.0	1737.734	19.391	1501.540	2.08063	0.01794	5.66	5.70	Lower arm
99	99.0	1738.601	19.418	1501.042	2.11032	0.02163	5.64	5.70	Lower arm
100	100.0	1739.449	19.446	1500.513	2.14851	0.02457	5.61	5.70	Lower arm
101	101.0	1740.276	19.473	1499.950	2.19132	0.02655	5.58	5.70	Lower arm
102	102.0	1741.076	19.500	1499.351	2.23446	0.02747	5.55	5.70	Lower arm
103	103.0	1741.851	19.526	1498.718	2.27431	0.02739	5.52	5.70	Lower arm
104	104.0	1742.601	19.553	1498.057	2.30869	0.02644	5.49	5.70	Arm curve
105	105.0	1743.330	19.580	1497.373	2.33697	0.02486	5.46	5.70	Arm curve
106	106.0	1744.042	19.606	1496.671	2.35964	0.02290	5.43	5.70	Arm curve
107	107.0	1744.739	19.633	1495.954	2.37779	0.02082	5.39	5.70	Arm curve
108	108.0	1745.425	19.659	1495.226	2.39266	0.01886	5.36	5.70	Arm curve
109	109.0	1746.101	19.685	1494.489	2.40537	0.01720	5.33	5.70	Arm curve
110	110.0	1746.768	19.711	1493.744	2.41680	0.01597	5.30	5.70	Arm curve
111	111.0	1747.427	19.737	1492.992	2.42766	0.01527	5.27	5.70	Arm curve
112	112.0	1748.078	19.763	1492.233	2.43842	0.01516	5.24	5.70	Arm curve
113	113.0	1748.720	19.788	1491.466	2.44944	0.01567	5.21	5.70	Arm curve
114	114.0	1749.354	19.814	1490.693	2.46099	0.01681	5.18	5.70	Arm curve
115	115.0	1749.979	19.839	1489.912	2.47337	0.01859	5.14	5.70	Arm curve
116	116.0	1750.593	19.863	1489.123	2.48700	0.02094	5.11	5.70	Arm curve
117	117.0	1751.196	19.888	1488.325	2.50261	0.02377	5.08	5.70	Arm curve
118	118.0	1751.786	19.912	1487.518	2.52133	0.02691	5.05	5.70	Arm curve
119	119.0	1752.359	19.936	1486.698	2.54474	0.03010	5.02	5.70	Arm curve
120	120.0	1752.910	19.960	1485.864	2.57465	0.03300	4.99	5.70	Arm curve
121	121.0	1753.433	19.983	1485.011	2.61276	0.03521	4.96	5.70	Arm curve
122	122.0	1753.919	20.006	1484.137	2.65997	0.03633	4.93	5.69	Arm curve
123	123.0	1754.359	20.028	1483.240	2.71551	0.03599	4.89	5.65	Arm curve
124	124.0	1754.745	20.050	1482.317	2.77640	0.03394	4.86	5.56	Arm curve
125	125.0	1755.073	20.072	1481.373	2.83732	0.03013	4.83	5.38	Arm curve
126	126.0	1755.344	20.093	1480.410	2.89141	0.02471	4.78	5.11	Arm curve
127	127.0	1755.568	20.114	1479.436	2.93185	0.01803	4.72	4.77	Arm curve
128	128.0	1755.760	20.134	1478.454	2.95363	0.01064	4.64	4.43	Arm curve
129	129.0	1755.941	20.154	1477.471	2.95486	0.00320	4.53	4.16	Arm curve
130	130.0	1756.131	20.173	1476.489	2.93717	-0.00366	4.39	3.98	Arm curve
131	131.0	1756.347	20.191	1475.513	2.90519	-0.00937	4.24	3.88	Arm curve
132	132.0	1756.600	20.209	1474.545	2.86535	-0.01356	4.10	3.83	Arm curve
133	133.0	1756.892	20.227	1473.589	2.82431	-0.01605	3.98	3.81	Arm curve
134	134.0	1757.223	20.243	1472.646	2.78757	-0.01691	3.88	3.81	Arm curve
135	135.0	1757.586	20.260	1471.714	2.75869	-0.01639	3.81	3.82	Arm curve
136	136.0	1757.971	20.275	1470.791	2.73903	-0.01487	3.75	3.84	Arm curve
137	137.0	1758.369	20.290	1469.874	2.72806	-0.01277	3.72	3.86	Arm curve
138	138.0	1758.774	20.304	1468.959	2.72396	-0.01051	3.71	3.87	Arm curve
139	139.0	1759.180	20.318	1468.046	2.72428	-0.00843	3.72	3.87	Arm curve
140	140.0	1759.585	20.331	1467.131	2.72652	-0.00673	3.74	3.87	Arm curve
141	141.0	1759.987	20.343	1466.215	2.72860	-0.00551	3.77	3.86	Arm curve
142	142.0	1760.388	20.355	1465.299	2.72911	-0.00476	3.83	3.86	Arm curve
143	143.0	1760.789	20.366	1464.383	2.72731	-0.00438	3.90	3.86	Arm curve
144	144.0	1761.193	20.377	1463.468	2.72304	-0.00420	3.99	3.88	Arm curve
145	145.0	1761.602	20.387	1462.556	2.71658	-0.00404	4.09	3.91	Arm curve
146	146.0	1762.017	20.396	1461.646	2.70853	-0.00373	4.19	3.96	Arm curve
147	147.0	1762.441	20.405	1460.740	2.69969	-0.00314	4.30	4.06	Arm curve
148	148.0	1762.873	20.413	1459.838	2.69107	-0.00220	4.40	4.20	Arm curve
149	149.0	1763.312	20.421	1458.940	2.68377	-0.00088	4.51	4.41	Arm curve
150	150.0	1763.757	20.428	1458.044	2.67893	0.00078	4.62	4.68	Arm curve
151	151.0	1764.204	20.435	1457.150	2.67756	0.00267	4.74	5.00	Arm curve
152	152.0	1764.652	20.442	1456.256	2.68037	0.00466	4.85	5.35	Arm curve
153	153.0	1765.094	20.448	1455.359	2.68763	0.00659	4.96	5.70	Arm curve
154	154.0	1765.529	20.454	1454.458	2.69908	0.00830	5.06	6.01	Arm curve
155	155.0	1765.951	20.459	1453.552	2.71395	0.00964	5.14	6.25	Arm curve
156	156.0	1766.358	20.464	1452.639	2.73107	0.01051	5.21	6.39	Arm curve
157	157.0	1766.749	20.469	1451.718	2.74900	0.01086	5.26	6.44	Arm curve
158	158.0	1767.123	20.474	1450.791	2.76634	0.01068	5.28	6.40	Arm curve
159	159.0	1767.482	20.479	1449.858	2.78186	0.01001	5.29	6.29	Arm curve
160	160.0	1767.827	20.483	1448.919	2.79466	0.00894	5.30	6.13	Arm curve
161	161.0	1768.162	20.487	1447.977	2.80429	0.00755	5.30	5.94	Arm curve
162	162.0	1768.489	20.491	1447.032	2.81072	0.00597	5.29	5.75	Hairpin
163	163.0	1768.812	20.495	1446.085	2.81431	0.00428	5.27	5.55	Hairpin
164	164.0	1769.132	20.499	1445.138	2.81569	0.00254	5.21	5.37	Hairpin
165	165.0	1769.452	20.503	1444.190	2.81557	0.00081	5.11	5.21	Hairpin
166	166.0	1769.773	20.507	1443.243	2.81459	-0.00090	4.96	5.05	Hairpin
167	167.0	1770.094	20.511	1442.296	2.81307	-0.00260	4.78	4.90	Hairpin
168	168.0	1770.418	20.515	1441.350	2.81090	-0.00428	4.62	4.76	Hairpin
169	169.0	1770.744	20.519	1440.405	2.80760	-0.00595	4.50	4.62	Hairpin
170	170.0	1771.074	20.523	1439.461	2.80241	-0.00755	4.44	4.51	Hairpin
171	171.0	1771.409	20.527	1438.519	2.79465	-0.00905	4.41	4.44	Hairpin
172	172.0	1771.754	20.531	1437.580	2.78389	-0.01034	4.40	4.40	Hairpin
173	173.0	1772.109	20.535	1436.645	2.77013	-0.01134	4.40	4.37	Hairpin
174	174.0	1772.480	20.539	1435.716	2.75377	-0.01192	4.40	4.34	Hairpin
175	175.0	1772.866	20.543	1434.794	2.73561	-0.01199	4.40	4.30	Hairpin
176	176.0	1773.269	20.547	1433.879	2.71670	-0.01149	4.40	4.24	Hairpin
177	177.0	1773.690	20.552	1432.972	2.69825	-0.01038	4.40	4.19	Hairpin
178	178.0	1774.127	20.556	1432.073	2.68159	-0.00870	4.40	4.16	Hairpin
179	179.0	1774.578	20.560	1431.180	2.66801	-0.00654	4.40	4.17	Hairpin
180	180.0	1775.039	20.565	1430.293	2.65863	-0.00405	4.40	4.22	Hairpin
181	181.0	1775.507	20.569	1429.409	2.65422	-0.00145	4.41	4.28	Hairpin
182	182.0	1775.976	20.574	1428.526	2.65516	0.00102	4.42	4.35	Hairpin
183	183.0	1776.442	20.578	1427.641	2.66139	0.00306	4.44	4.42	Hairpin
184	184.0	1776.900	20.583	1426.752	2.67245	0.00438	4.46	4.48	Hairpin
185	185.0	1777.346	20.587	1425.857	2.68753	0.00470	4.47	4.54	Hairpin
186	186.0	1777.777	20.592	1424.955	2.70539	0.00377	4.48	4.59	Hairpin
187	187.0	1778.191	20.596	1424.044	2.72429	0.00146	4.48	4.64	Hairpin
188	188.0	1778.588	20.601	1423.126	2.74180	-0.00228	4.49	4.68	Hairpin
189	189.0	1778.969	20.606	1422.202	2.75490	-0.00737	4.52	4.71	Hairpin
190	190.0	1779.342	20.610	1421.274	2.76009	-0.01359	4.60	4.72	Hairpin
191	191.0	1779.714	20.615	1420.346	2.75385	-0.02059	4.72	4.70	Hairpin
192	192.0	1780.098	20.620	1419.422	2.73320	-0.02792	4.88	4.66	Hairpin
193	193.0	1780.508	20.625	1418.510	2.69651	-0.03513	5.06	4.62	Hairpin
194	194.0	1780.959	20.630	1417.618	2.64416	-0.04177	5.21	4.59	Hairpin
195	195.0	1781.462	20.635	1416.754	2.57901	-0.04755	5.29	4.59	Hairpin
196	196.0	1782.025	20.640	1415.928	2.50615	-0.05231	5.28	4.64	Hairpin
197	197.0	1782.648	20.645	1415.146	2.43190	-0.05613	5.18	4.74	Hairpin
198	198.0	1783.327	20.650	1414.412	2.36208	-0.05926	5.03	4.84	Hairpin
199	199.0	1784.053	20.655	1413.724	2.30026	-0.06207	4.86	4.92	Hairpin
200	200.0	1784.817	20.661	1413.080	2.24660	-0.06502	4.72	4.93	Hairpin
201	201.0	1785.613	20.667	1412.474	2.19790	-0.06850	4.61	4.85	Hairpin
202	202.0	1786.436	20.672	1411.906	2.14871	-0.07283	4.56	4.69	Hairpin
203	203.0	1787.287	20.678	1411.382	2.09301	-0.07811	4.54	4.50	Hairpin
204	204.0	1788.168	20.684	1410.910	2.02588	-0.08427	4.53	4.33	Hairpin
205	205.0	1789.082	20.690	1410.504	1.94452	-0.09107	4.53	4.21	Hairpin
206	206.0	1790.028	20.697	1410.180	1.84858	-0.09813	4.53	4.16	Hairpin
207	207.0	1791.002	20.703	1409.956	1.73951	-0.10499	4.50	4.15	Hairpin
208	208.0	1791.995	20.710	1409.845	1.61970	-0.11116	4.47	4.16	Hairpin
209	209.0	1792.994	20.717	1409.859	1.49166	-0.11618	4.43	4.16	Hairpin
210	210.0	1793.983	20.723	1410.003	1.35757	-0.11967	4.39	4.15	Hairpin
211	211.0	1794.943	20.730	1410.281	1.21917	-0.12129	4.35	4.12	Hairpin
212	212.0	1795.854	20.738	1410.689	1.07837	-0.12082	4.33	4.08	Hairpin
213	213.0	1796.699	20.745	1411.223	0.93743	-0.11813	4.31	4.02	Hairpin
214	214.0	1797.461	20.752	1411.869	0.79895	-0.11323	4.30	3.97	Hairpin
215	215.0	1798.128	20.759	1412.613	0.66632	-0.10622	4.29	3.94	Hairpin
216	216.0	1798.694	20.767	1413.437	0.54349	-0.09738	4.28	3.93	Hairpin
217	217.0	1799.160	20.774	1414.321	0.43469	-0.08709	4.25	3.95	Hairpin
218	218.0	1799.535	20.781	1415.248	0.34360	-0.07585	4.22	3.99	Hairpin
219	219.0	1799.833	20.788	1416.202	0.27248	-0.06424	4.18	4.06	Hairpin
220	220.0	1800.073	20.796	1417.173	0.22182	-0.05282	4.13	4.14	Hairpin
221	221.0	1800.273	20.802	1418.153	0.19002	-0.04214	4.10	4.20	Hairpin
222	222.0	1800.450	20.809	1419.137	0.17359	-0.03261	4.07	4.23	Hairpin
223	223.0	1800.618	20.816	1420.123	0.16777	-0.02452	4.04	4.21	Hairpin
224	224.0	1800.784	20.822	1421.109	0.16759	-0.01796	4.02	4.17	Hairpin
225	225.0	1800.952	20.828	1422.095	0.16879	-0.01287	4.01	4.10	Hairpin
226	226.0	1801.120	20.834	1423.080	0.16851	-0.00905	4.01	4.03	Hairpin
227	227.0	1801.287	20.839	1424.066	0.16559	-0.00622	4.01	3.97	Hairpin
228	228.0	1801.450	20.844	1425.053	0.16027	-0.00406	4.02	3.93	Hairpin
229	229.0	1801.607	20.849	1426.041	0.15372	-0.00225	4.03	3.91	Hairpin
230	230.0	1801.756	20.853	1427.030	0.14752	-0.00055	4.04	3.91	Hairpin
231	231.0	1801.901	20.857	1428.019	0.14311	0.00122	4.03	3.90	Hairpin
232	232.0	1802.042	20.861	1429.009	0.14156	0.00315	4.02	3.91	Hairpin
233	233.0	1802.183	20.864	1429.999	0.14343	0.00527	4.00	3.91	Hairpin
234	234.0	1802.327	20.867	1430.989	0.14881	0.00753	3.97	3.92	Hairpin
235	235.0	1802.479	20.869	1431.977	0.15749	0.00985	3.94	3.93	Hairpin
236	236.0	1802.641	20.872	1432.964	0.16923	0.01209	3.92	3.94	Hairpin
237	237.0	1802.816	20.873	1433.948	0.18386	0.01412	3.91	3.95	Hairpin
238	238.0	1803.007	20.875	1434.930	0.20144	0.01579	3.90	3.97	Hairpin
239	239.0	1803.216	20.877	1435.908	0.22212	0.01695	3.89	3.98	Hairpin
240	240.0	1803.447	20.878	1436.881	0.24590	0.01749	3.88	4.00	Hairpin
241	241.0	1803.703	20.879	1437.847	0.27227	0.01735	3.86	4.02	Hairpin
242	242.0	1803.985	20.880	1438.807	0.29992	0.01654	3.85	4.04	Hairpin
243	243.0	1804.294	20.881	1439.758	0.32660	0.01514	3.85	4.08	Hairpin
244	244.0	1804.627	20.883	1440.701	0.34947	0.01336	3.87	4.12	Hairpin
245	245.0	1804.979	20.884	1441.637	0.36565	0.01147	3.94	4.16	Hairpin
246	246.0	1805.342	20.885	1442.569	0.37321	0.00977	4.03	4.18	Hairpin
247	247.0	1805.708	20.887	1443.499	0.37200	0.00857	4.14	4.19	Hairpin
248	248.0	1806.069	20.889	1444.432	0.36414	0.00808	4.20	4.20	Hairpin
249	249.0	1806.420	20.892	1445.368	0.35379	0.00840	4.21	4.20	Hairpin
250	250.0	1806.762	20.895	1446.308	0.34617	0.00949	4.15	4.19	Hairpin
251	251.0	1807.099	20.898	1447.249	0.34607	0.01112	4.09	4.17	Hairpin
252	252.0	1807.440	20.903	1448.189	0.35644	0.01297	4.09	4.14	Hairpin
253	253.0	1807.796	20.908	1449.124	0.37758	0.01461	4.24	4.10	Hairpin
254	254.0	1808.177	20.913	1450.048	0.40720	0.01566	4.57	4.05	Hairpin
255	255.0	1808.588	20.920	1450.960	0.44129	0.01578	5.06	4.02	Hairpin
256	256.0	1809.031	20.928	1451.856	0.47539	0.01475	5.62	4.00	Hairpin
257	257.0	1809.504	20.937	1452.738	0.50561	0.01253	6.12	4.02	Hairpin
258	258.0	1810.000	20.946	1453.606	0.52914	0.00922	6.47	4.06	Hairpin
259	259.0	1810.513	20.957	1454.464	0.54425	0.00507	6.63	4.12	Hairpin
260	260.0	1811.035	20.969	1455.317	0.55000	0.00044	6.63	4.20	Hairpin
261	261.0	1811.558	20.982	1456.169	0.54602	-0.00427	6.50	4.28	Hairpin
262	262.0	1812.074	20.997	1457.026	0.53260	-0.00862	6.29	4.34	Hairpin
263	263.0	1812.574	21.013	1457.892	0.51078	-0.01224	6.03	4.39	Hairpin
264	264.0	1813.052	21.030	1458.770	0.48247	-0.01480	5.78	4.41	Hairpin
265	265.0	1813.502	21.048	1459.663	0.45034	-0.01607	5.56	4.41	Hairpin
266	266.0	1813.922	21.068	1460.571	0.41742	-0.01598	5.38	4.38	Hairpin
267	267.0	1814.312	21.089	1461.491	0.38672	-0.01453	5.22	4.34	Hairpin
268	268.0	1814.676	21.111	1462.423	0.36082	-0.01187	5.08	4.28	Hairpin
269	269.0	1815.018	21.134	1463.362	0.34170	-0.00827	4.95	4.21	Hairpin
270	270.0	1815.346	21.159	1464.307	0.33068	-0.00404	4.82	4.14	Hairpin
271	271.0	1815.668	21.184	1465.254	0.32850	0.00044	4.68	4.07	Hairpin
272	272.0	1815.992	21.211	1466.200	0.33529	0.00478	4.55	4.00	Hairpin
273	273.0	1816.326	21.238	1467.143	0.35057	0.00861	4.43	3.96	Hairpin
274	274.0	1816.678	21.266	1468.078	0.37309	0.01165	4.30	3.98	Hairpin
275	275.0	1817.055	21.294	1469.005	0.40071	0.01368	4.19	4.09	Hairpin
276	276.0	1817.458	21.323	1469.920	0.43048	0.01462	4.09	4.35	Hairpin
277	277.0	1817.889	21.352	1470.822	0.45902	0.01446	4.01	4.74	Hairpin
278	278.0	1818.344	21.381	1471.712	0.48318	0.01330	3.97	5.18	Hairpin
279	279.0	1818.818	21.409	1472.593	0.50076	0.01127	3.94	5.54	Hairpin
280	280.0	1819.305	21.437	1473.467	0.51112	0.00853	3.93	5.72	Hairpin
281	281.0	1819.797	21.465	1474.337	0.51526	0.00519	3.93	5.69	Hairpin
282	282.0	1820.290	21.492	1475.207	0.51544	0.00132	3.92	5.49	Hairpin
283	283.0	1820.782	21.517	1476.077	0.51425	-0.00309	3.91	5.19	Hairpin
284	284.0	1821.274	21.542	1476.948	0.51342	-0.00806	3.88	4.89	Hairpin
285	285.0	1821.765	21.565	1477.820	0.51286	-0.01364	3.84	4.66	Hairpin
286	286.0	1822.255	21.586	1478.691	0.51018	-0.01981	3.81	4.53	Hairpin
287	287.0	1822.742	21.605	1479.565	0.50119	-0.02646	3.80	4.48	Hairpin
288	288.0	1823.216	21.623	1480.445	0.48105	-0.03340	3.81	4.49	Hairpin
289	289.0	1823.667	21.638	1481.338	0.44590	-0.04033	3.85	4.52	Hairpin exit
290	290.0	1824.078	21.651	1482.249	0.39430	-0.04692	3.92	4.57	Hairpin exit
291	291.0	1824.435	21.662	1483.183	0.32796	-0.05287	4.02	4.62	Hairpin exit
292	292.0	1824.722	21.671	1484.141	0.25156	-0.05799	4.13	4.68	Hairpin exit
293	293.0	1824.932	21.677	1485.118	0.17139	-0.06219	4.25	4.74	Hairpin exit
294	294.0	1825.063	21.681	1486.109	0.09344	-0.06557	4.37	4.79	Hairpin exit
295	295.0	1825.118	21.682	1487.107	0.02152	-0.06832	4.49	4.85	Hairpin exit
296	296.0	1825.106	21.681	1488.107	-0.04376	-0.07069	4.62	4.90	Hairpin exit
297	297.0	1825.031	21.677	1489.104	-0.10487	-0.07293	4.74	4.96	Hairpin exit
298	298.0	1824.896	21.671	1490.095	-0.16628	-0.07520	4.86	5.02	Hairpin exit
299	299.0	1824.700	21.664	1491.075	-0.23273	-0.07752	4.99	5.07	Link
300	300.0	1824.436	21.654	1492.039	-0.30773	-0.07983	5.11	5.13	Link
301	301.0	1824.095	21.642	1492.979	-0.39248	-0.08192	5.24	5.18	Link
302	302.0	1823.672	21.629	1493.885	-0.48560	-0.08355	5.36	5.24	Link
303	303.0	1823.163	21.614	1494.745	-0.58381	-0.08447	5.48	5.30	Link
304	304.0	1822.571	21.597	1495.551	-0.68302	-0.08450	5.61	5.35	Link
305	305.0	1821.903	21.580	1496.294	-0.77964	-0.08349	5.73	5.41	Link
306	306.0	1821.167	21.562	1496.971	-0.87143	-0.08138	5.85	5.46	Link
307	307.0	1820.374	21.542	1497.580	-0.95773	-0.07817	5.96	5.51	Link
308	308.0	1819.533	21.523	1498.120	-1.03905	-0.07389	6.05	5.55	Link
309	309.0	1818.652	21.503	1498.593	-1.11618	-0.06862	6.10	5.58	Link
310	310.0	1817.738	21.482	1498.998	-1.18937	-0.06243	6.08	5.60	Link
311	311.0	1816.797	21.462	1499.337	-1.25775	-0.05545	5.95	5.59	Link
312	312.0	1815.837	21.442	1499.613	-1.31921	-0.04784	5.69	5.55	Link
313	313.0	1814.862	21.422	1499.834	-1.37091	-0.03983	5.31	5.48	Link
314	314.0	1813.877	21.402	1500.010	-1.41023	-0.03168	4.87	5.39	Link
315	315.0	1812.888	21.383	1500.154	-1.43560	-0.02372	4.45	5.29	Link
316	316.0	1811.896	21.365	1500.280	-1.44713	-0.01627	4.14	5.19	Link
317	317.0	1810.903	21.347	1500.401	-1.44663	-0.00961	3.95	5.11	Link
318	318.0	1809.911	21.330	1500.528	-1.43719	-0.00396	3.86	5.04	Link
319	319.0	1808.921	21.314	1500.667	-1.42246	0.00056	3.83	4.98	Link
320	320.0	1807.933	21.298	1500.823	-1.40589	0.00397	3.83	4.93	Link
321	321.0	1806.948	21.284	1500.995	-1.39015	0.00637	3.83	4.87	Link
322	322.0	1805.966	21.270	1501.182	-1.37687	0.00798	3.83	4.82	Link
323	323.0	1804.986	21.258	1501.381	-1.36663	0.00904	3.84	4.76	Link
324	324.0	1804.007	21.246	1501.588	-1.35915	0.00983	3.84	4.71	Link
325	325.0	1803.030	21.235	1501.801	-1.35354	0.01061	3.85	4.65	Link
326	326.0	1802.054	21.225	1502.019	-1.34852	0.01157	3.85	4.60	Link
327	327.0	1801.079	21.216	1502.242	-1.34268	0.01286	3.85	4.55	Link
328	328.0	1800.106	21.207	1502.471	-1.33469	0.01454	3.86	4.49	Link
329	329.0	1799.135	21.199	1502.710	-1.32347	0.01664	3.86	4.44	Link
330	330.0	1798.167	21.192	1502.961	-1.30839	0.01910	3.87	4.38	Link
331	331.0	1797.203	21.185	1503.229	-1.28925	0.02188	3.87	4.33	Link
332	332.0	1796.246	21.179	1503.517	-1.26627	0.02490	3.88	4.28	Link
333	333.0	1795.296	21.174	1503.828	-1.23978	0.02809	3.88	4.24	Link
334	334.0	1794.355	21.169	1504.167	-1.21007	0.03137	3.89	4.22	Wiggle
335	335.0	1793.425	21.164	1504.534	-1.17714	0.03472	3.89	4.22	Wiggle
336	336.0	1792.508	21.160	1504.933	-1.14080	0.03808	3.90	4.26	Wiggle
337	337.0	1791.607	21.157	1505.368	-1.10079	0.04144	3.92	4.32	Wiggle
338	338.0	1790.725	21.153	1505.839	-1.05703	0.04481	3.94	4.40	Wiggle
339	339.0	1789.866	21.150	1506.350	-1.00974	0.04818	3.97	4.47	Wiggle
340	340.0	1789.033	21.147	1506.903	-0.95937	0.05158	4.00	4.51	Wiggle
341	341.0	1788.229	21.145	1507.498	-0.90640	0.05500	4.04	4.51	Wiggle
342	342.0	1787.459	21.143	1508.135	-0.85100	0.05846	4.09	4.50	Wiggle
343	343.0	1786.726	21.140	1508.815	-0.79286	0.06192	4.14	4.48	Wiggle
344	344.0	1786.035	21.138	1509.538	-0.73124	0.06533	4.21	4.50	Wiggle
345	345.0	1785.391	21.137	1510.303	-0.66526	0.06855	4.29	4.59	Wiggle
346	346.0	1784.802	21.135	1511.110	-0.59423	0.07144	4.38	4.77	Wiggle
347	347.0	1784.273	21.133	1511.959	-0.51791	0.07377	4.48	5.04	Wiggle
348	348.0	1783.812	21.132	1512.846	-0.43664	0.07530	4.58	5.35	Wiggle
349	349.0	1783.428	21.131	1513.769	-0.35116	0.07576	4.67	5.63	Wiggle
350	350.0	1783.125	21.130	1514.722	-0.26257	0.07490	4.76	5.84	Wiggle
351	351.0	1782.909	21.128	1515.698	-0.17241	0.07250	4.84	5.95	Wiggle
352	352.0	1782.783	21.127	1516.689	-0.08280	0.06845	4.90	5.96	Wiggle
353	353.0	1782.744	21.126	1517.688	0.00332	0.06273	4.95	5.87	Wiggle
354	354.0	1782.789	21.125	1518.687	0.08214	0.05547	4.97	5.66	Wiggle
355	355.0	1782.908	21.125	1519.680	0.14949	0.04690	4.96	5.37	Wiggle
356	356.0	1783.087	21.124	1520.664	0.20162	0.03741	4.91	5.04	Wiggle
357	357.0	1783.309	21.123	1521.639	0.23621	0.02743	4.83	4.74	Wiggle
358	358.0	1783.555	21.122	1522.608	0.25291	0.01745	4.71	4.50	Double hairpin
359	359.0	1783.809	21.121	1523.575	0.25339	0.00790	4.57	4.34	Double hairpin
360	360.0	1784.056	21.120	1524.544	0.24088	-0.00083	4.44	4.24	Double hairpin
361	361.0	1784.286	21.119	1525.517	0.21923	-0.00847	4.33	4.17	Double hairpin
362	362.0	1784.491	21.118	1526.496	0.19206	-0.01488	4.26	4.14	Double hairpin
363	363.0	1784.668	21.117	1527.480	0.16210	-0.02002	4.22	4.11	Double hairpin
364	364.0	1784.814	21.116	1528.469	0.13094	-0.02397	4.21	4.10	Double hairpin
365	365.0	1784.929	21.115	1529.463	0.09918	-0.02685	4.20	4.10	Double hairpin
366	366.0	1785.012	21.114	1530.459	0.06678	-0.02882	4.19	4.10	Double hairpin
367	367.0	1785.062	21.113	1531.458	0.03361	-0.03004	4.18	4.10	Double hairpin
368	368.0	1785.079	21.112	1532.458	-0.00028	-0.03069	4.15	4.10	Double hairpin
369	369.0	1785.062	21.111	1533.457	-0.03442	-0.03091	4.12	4.09	Double hairpin
370	370.0	1785.010	21.109	1534.456	-0.06803	-0.03085	4.08	4.07	Double hairpin
371	371.0	1784.926	21.108	1535.452	-0.10027	-0.03064	4.04	4.05	Double hairpin
372	372.0	1784.810	21.107	1536.446	-0.13056	-0.03039	4.00	4.02	Double hairpin
373	373.0	1784.666	21.106	1537.435	-0.15881	-0.03022	3.98	3.98	Double hairpin
374	374.0	1784.494	21.105	1538.420	-0.18548	-0.03021	3.96	3.95	Double hairpin
375	375.0	1784.297	21.103	1539.401	-0.21148	-0.03041	3.96	3.93	Double hairpin
376	376.0	1784.074	21.102	1540.375	-0.23789	-0.03083	3.97	3.92	Double hairpin
377	377.0	1783.825	21.100	1541.344	-0.26572	-0.03144	3.99	3.91	Double hairpin
378	378.0	1783.549	21.099	1542.305	-0.29572	-0.03215	4.00	3.92	Double hairpin
379	379.0	1783.243	21.097	1543.257	-0.32824	-0.03287	4.02	3.94	Double hairpin
380	380.0	1782.904	21.096	1544.198	-0.36329	-0.03347	4.04	3.96	Double hairpin
381	381.0	1782.532	21.094	1545.126	-0.40050	-0.03382	4.06	3.98	Double hairpin
382	382.0	1782.125	21.093	1546.039	-0.43927	-0.03379	4.07	3.99	Double hairpin
383	383.0	1781.682	21.091	1546.936	-0.47879	-0.03331	4.08	3.99	Double hairpin
384	384.0	1781.204	21.089	1547.814	-0.51808	-0.03231	4.06	3.99	Double hairpin
385	385.0	1780.692	21.087	1548.673	-0.55604	-0.03078	4.03	3.98	Double hairpin
386	386.0	1780.148	21.085	1549.512	-0.59150	-0.02876	3.99	3.96	Double hairpin
387	387.0	1779.577	21.083	1550.333	-0.62339	-0.02634	3.93	3.94	Double hairpin
388	388.0	1778.981	21.081	1551.136	-0.65087	-0.02361	3.88	3.93	Double hairpin
389	389.0	1778.365	21.079	1551.924	-0.67348	-0.02070	3.83	3.92	Double hairpin
390	390.0	1777.734	21.077	1552.699	-0.69124	-0.01776	3.80	3.93	Double hairpin
391	391.0	1777.090	21.075	1553.464	-0.70464	-0.01488	3.80	3.94	Double hairpin
392	392.0	1776.438	21.073	1554.223	-0.71448	-0.01219	3.84	3.96	Double hairpin
393	393.0	1775.780	21.070	1554.975	-0.72166	-0.00974	3.90	3.98	Double hairpin
394	394.0	1775.117	21.068	1555.724	-0.72697	-0.00758	3.97	3.99	Double hairpin
395	395.0	1774.450	21.066	1556.470	-0.73094	-0.00572	4.03	4.00	Double hairpin
396	396.0	1773.782	21.063	1557.213	-0.73380	-0.00416	4.07	4.01	Double hairpin
397	397.0	1773.111	21.060	1557.955	-0.73559	-0.00288	4.09	4.02	Double hairpin
398	398.0	1772.440	21.058	1558.696	-0.73628	-0.00186	4.10	4.04	Double hairpin
399	399.0	1771.768	21.055	1559.437	-0.73595	-0.00107	4.10	4.06	Double hairpin
400	400.0	1771.097	21.052	1560.178	-0.73483	-0.00046	4.10	4.08	Double hairpin
401	401.0	1770.427	21.050	1560.921	-0.73332	-0.00001	4.10	4.09	Double hairpin
402	402.0	1769.758	21.047	1561.664	-0.73190	0.00033	4.10	4.10	Double hairpin
403	403.0	1769.090	21.044	1562.409	-0.73094	0.00058	4.11	4.10	Double hairpin
404	404.0	1768.423	21.041	1563.153	-0.73063	0.00077	4.12	4.10	Double hairpin
405	405.0	1767.756	21.038	1563.898	-0.73084	0.00093	4.13	4.10	Double hairpin
406	406.0	1767.088	21.035	1564.643	-0.73115	0.00103	4.14	4.10	Double hairpin
407	407.0	1766.420	21.032	1565.387	-0.73099	0.00105	4.14	4.10	Double hairpin
408	408.0	1765.753	21.029	1566.132	-0.72977	0.00096	4.13	4.11	Double hairpin
409	409.0	1765.087	21.026	1566.878	-0.72718	0.00068	4.11	4.11	Double hairpin
410	410.0	1764.423	21.023	1567.626	-0.72334	0.00017	4.08	4.12	Double hairpin
411	411.0	1763.763	21.020	1568.377	-0.71891	-0.00061	4.06	4.12	Double hairpin
412	412.0	1763.106	21.017	1569.131	-0.71498	-0.00167	4.03	4.11	Double hairpin
413	413.0	1762.452	21.014	1569.887	-0.71285	-0.00298	4.02	4.09	Double hairpin
414	414.0	1761.798	21.011	1570.644	-0.71375	-0.00447	4.03	4.06	Double hairpin
415	415.0	1761.143	21.008	1571.399	-0.71846	-0.00607	4.04	4.02	Double hairpin
416	416.0	1760.482	21.005	1572.149	-0.72714	-0.00767	4.05	3.98	Double hairpin
417	417.0	1759.813	21.002	1572.893	-0.73923	-0.00920	4.05	3.96	Double hairpin
418	418.0	1759.134	20.999	1573.627	-0.75363	-0.01059	4.04	3.94	Double hairpin
419	419.0	1758.445	20.996	1574.351	-0.76896	-0.01183	4.02	3.95	Double hairpin
420	420.0	1757.744	20.993	1575.064	-0.78399	-0.01293	4.01	3.98	Double hairpin
421	421.0	1757.032	20.991	1575.767	-0.79795	-0.01394	4.01	4.00	Double hairpin
422	422.0	1756.312	20.988	1576.461	-0.81080	-0.01492	4.01	4.02	Double hairpin
423	423.0	1755.583	20.985	1577.145	-0.82318	-0.01590	4.02	4.04	Double hairpin
424	424.0	1754.845	20.982	1577.821	-0.83620	-0.01691	4.04	4.03	Double hairpin
425	425.0	1754.099	20.979	1578.486	-0.85108	-0.01795	4.06	4.02	Double hairpin
426	426.0	1753.341	20.977	1579.139	-0.86872	-0.01895	4.08	4.00	Double hairpin
427	427.0	1752.572	20.974	1579.777	-0.88946	-0.01986	4.09	3.99	Double hairpin
428	428.0	1751.788	20.971	1580.398	-0.91300	-0.02059	4.10	3.99	Double hairpin
429	429.0	1750.989	20.969	1581.000	-0.93846	-0.02106	4.10	3.99	Double hairpin
430	430.0	1750.175	20.966	1581.580	-0.96471	-0.02121	4.10	4.01	Double hairpin
431	431.0	1749.346	20.963	1582.139	-0.99057	-0.02104	4.10	4.04	Double hairpin
432	432.0	1748.502	20.960	1582.677	-1.01509	-0.02055	4.10	4.08	Double hairpin
433	433.0	1747.647	20.958	1583.194	-1.03768	-0.01980	4.10	4.13	Double hairpin
434	434.0	1746.780	20.955	1583.693	-1.05811	-0.01888	4.11	4.17	Double hairpin
435	435.0	1745.904	20.952	1584.175	-1.07642	-0.01788	4.13	4.22	Double hairpin
436	436.0	1745.020	20.950	1584.642	-1.09281	-0.01695	4.17	4.26	Double hairpin
437	437.0	1744.128	20.947	1585.095	-1.10750	-0.01620	4.23	4.30	Double hairpin
438	438.0	1743.231	20.945	1585.536	-1.12067	-0.01579	4.30	4.35	Double hairpin
439	439.0	1742.328	20.942	1585.965	-1.13249	-0.01586	4.37	4.41	Double hairpin
440	440.0	1741.420	20.940	1586.385	-1.14320	-0.01655	4.44	4.48	Double hairpin
441	441.0	1740.508	20.937	1586.795	-1.15331	-0.01797	4.50	4.55	Double hairpin
442	442.0	1739.592	20.935	1587.195	-1.16368	-0.02022	4.56	4.62	Double hairpin
443	443.0	1738.671	20.932	1587.586	-1.17555	-0.02336	4.61	4.68	Double hairpin
444	444.0	1737.746	20.930	1587.965	-1.19056	-0.02738	4.68	4.74	Double hairpin
445	445.0	1736.814	20.928	1588.329	-1.21056	-0.03224	4.77	4.80	Double hairpin
446	446.0	1735.874	20.925	1588.670	-1.23741	-0.03781	4.87	4.86	Double hairpin
447	447.0	1734.924	20.923	1588.983	-1.27275	-0.04391	4.99	4.92	Double hairpin
448	448.0	1733.963	20.921	1589.258	-1.31774	-0.05032	5.11	4.96	Double hairpin
449	449.0	1732.989	20.920	1589.484	-1.37280	-0.05681	5.22	4.99	Double hairpin
450	450.0	1732.003	20.918	1589.651	-1.43753	-0.06315	5.31	5.01	Double hairpin
451	451.0	1731.008	20.917	1589.749	-1.51077	-0.06913	5.35	5.02	Double hairpin
452	452.0	1730.009	20.915	1589.771	-1.59087	-0.07461	5.35	5.02	Double hairpin
453	453.0	1729.011	20.914	1589.709	-1.67600	-0.07948	5.32	5.00	Double hairpin
454	454.0	1728.022	20.914	1589.561	-1.76463	-0.08372	5.26	4.98	Double hairpin
455	455.0	1727.051	20.913	1589.324	-1.85569	-0.08735	5.19	4.95	Double hairpin
456	456.0	1726.106	20.913	1589.000	-1.94863	-0.09042	5.12	4.91	Double hairpin
457	457.0	1725.195	20.912	1588.588	-2.04329	-0.09304	5.06	4.85	Double hairpin
458	458.0	1724.328	20.913	1588.091	-2.13958	-0.09530	5.00	4.79	Double hairpin
459	459.0	1723.512	20.913	1587.512	-2.23731	-0.09733	4.94	4.74	Double hairpin
460	460.0	1722.758	20.914	1586.856	-2.33620	-0.09922	4.88	4.69	Double hairpin
461	461.0	1722.073	20.915	1586.129	-2.43584	-0.10106	4.81	4.65	Double hairpin
462	462.0	1721.463	20.916	1585.336	-2.53607	-0.10287	4.74	4.61	Double hairpin
463	463.0	1720.936	20.918	1584.487	-2.63720	-0.10466	4.68	4.58	Double hairpin
464	464.0	1720.498	20.919	1583.589	-2.73999	-0.10634	4.62	4.53	Double hairpin
465	465.0	1720.156	20.921	1582.650	-2.84550	-0.10778	4.58	4.46	Double hairpin
466	466.0	1719.916	20.924	1581.679	-2.95482	-0.10876	4.56	4.38	Double hairpin
467	467.0	1719.785	20.927	1580.688	-3.06868	-0.10901	4.55	4.31	Double hairpin
468	468.0	1719.770	20.929	1579.689	3.09598	-0.10826	4.56	4.25	Double hairpin
469	469.0	1719.876	20.933	1578.695	2.97388	-0.10624	4.58	4.22	Double hairpin
470	470.0	1720.103	20.936	1577.722	2.85055	-0.10274	4.58	4.20	Double hairpin
471	471.0	1720.449	20.940	1576.784	2.72929	-0.09766	4.57	4.19	Double hairpin
472	472.0	1720.903	20.943	1575.894	2.61425	-0.09104	4.52	4.18	Double hairpin
473	473.0	1721.453	20.947	1575.059	2.50973	-0.08304	4.43	4.17	Double hairpin
474	474.0	1722.082	20.951	1574.283	2.41947	-0.07399	4.30	4.16	Double hairpin
475	475.0	1722.773	20.956	1573.560	2.34589	-0.06428	4.14	4.13	Double hairpin
476	476.0	1723.510	20.960	1572.884	2.28968	-0.05437	4.00	4.09	Double hairpin
477	477.0	1724.278	20.965	1572.244	2.24974	-0.04471	3.89	4.02	Double hairpin
478	478.0	1725.066	20.969	1571.628	2.22356	-0.03568	3.84	3.94	Double hairpin
479	479.0	1725.867	20.974	1571.029	2.20784	-0.02759	3.81	3.88	Double hairpin
480	480.0	1726.674	20.979	1570.439	2.19916	-0.02058	3.80	3.83	Double hairpin
481	481.0	1727.485	20.984	1569.853	2.19458	-0.01471	3.80	3.81	Double hairpin
482	482.0	1728.297	20.989	1569.271	2.19200	-0.00992	3.80	3.81	Double hairpin
483	483.0	1729.111	20.993	1568.689	2.19019	-0.00609	3.81	3.81	Double hairpin
484	484.0	1729.926	20.998	1568.109	2.18877	-0.00304	3.82	3.82	Double hairpin
485	485.0	1730.741	21.003	1567.531	2.18797	-0.00064	3.84	3.84	Double hairpin
486	486.0	1731.557	21.008	1566.952	2.18837	0.00124	3.86	3.86	Double hairpin
487	487.0	1732.372	21.012	1566.373	2.19068	0.00267	3.87	3.88	Double hairpin
488	488.0	1733.185	21.017	1565.790	2.19549	0.00367	3.88	3.90	Double hairpin
489	489.0	1733.994	21.021	1565.203	2.20300	0.00424	3.87	3.92	Double hairpin
490	490.0	1734.798	21.026	1564.608	2.21287	0.00435	3.86	3.94	Double hairpin
491	491.0	1735.596	21.030	1564.005	2.22412	0.00401	3.84	3.96	Double hairpin
492	492.0	1736.386	21.034	1563.393	2.23518	0.00325	3.82	3.98	Double hairpin
493	493.0	1737.170	21.038	1562.772	2.24419	0.00214	3.81	3.99	Double hairpin
494	494.0	1737.950	21.042	1562.146	2.24936	0.00083	3.82	4.00	Double hairpin
495	495.0	1738.727	21.046	1561.517	2.24947	-0.00051	3.83	4.00	Double hairpin
496	496.0	1739.506	21.050	1560.890	2.24430	-0.00172	3.87	4.00	Double hairpin
497	497.0	1740.290	21.053	1560.269	2.23475	-0.00262	3.93	4.00	Double hairpin
498	498.0	1741.081	21.056	1559.657	2.22272	-0.00311	3.98	4.00	Double hairpin
499	499.0	1741.880	21.060	1559.056	2.21068	-0.00314	3.99	4.00	Double hairpin
500	500.0	1742.686	21.063	1558.463	2.20099	-0.00274	3.97	4.00	Double hairpin
501	501.0	1743.496	21.065	1557.877	2.19533	-0.00198	3.91	3.99	Double hairpin
502	502.0	1744.308	21.068	1557.294	2.19430	-0.00093	3.85	3.98	Double hairpin
503	503.0	1745.120	21.071	1556.709	2.19731	0.00030	3.80	3.96	Double hairpin
504	504.0	1745.928	21.073	1556.121	2.20291	0.00171	3.79	3.94	Double hairpin
505	505.0	1746.733	21.075	1555.528	2.20923	0.00332	3.80	3.91	Double hairpin
506	506.0	1747.534	21.078	1554.929	2.21452	0.00527	3.81	3.89	Double hairpin
507	507.0	1748.333	21.079	1554.327	2.21772	0.00775	3.84	3.87	Double hairpin
508	508.0	1749.130	21.081	1553.724	2.21878	0.01097	3.86	3.86	Double hairpin
509	509.0	1749.927	21.083	1553.120	2.21889	0.01514	3.87	3.85	Double hairpin
510	510.0	1750.725	21.085	1552.517	2.22042	0.02040	3.88	3.86	Double hairpin
511	511.0	1751.520	21.086	1551.911	2.22665	0.02681	3.87	3.87	Double hairpin
512	512.0	1752.310	21.087	1551.297	2.24131	0.03427	3.85	3.90	Double hairpin
513	513.0	1753.087	21.089	1550.668	2.26796	0.04258	3.82	3.92	Double hairpin
514	514.0	1753.843	21.090	1550.013	2.30931	0.05138	3.78	3.95	Double hairpin
515	515.0	1754.565	21.091	1549.322	2.36670	0.06029	3.75	3.98	Double hairpin
516	516.0	1755.241	21.091	1548.585	2.43984	0.06887	3.73	4.00	Double hairpin
517	517.0	1755.855	21.092	1547.796	2.52681	0.07674	3.72	4.01	Double hairpin
518	518.0	1756.393	21.092	1546.954	2.62441	0.08358	3.71	4.02	Double hairpin
519	519.0	1756.842	21.093	1546.061	2.72875	0.08921	3.72	4.02	Double hairpin
520	520.0	1757.194	21.093	1545.125	2.83602	0.09357	3.74	4.03	Double hairpin
521	521.0	1757.443	21.093	1544.157	2.94319	0.09672	3.77	4.03	Double hairpin
522	522.0	1757.587	21.093	1543.168	3.04847	0.09880	3.80	4.05	Double hairpin
523	523.0	1757.628	21.092	1542.169	-3.13173	0.10002	3.83	4.06	Double hairpin
524	524.0	1757.568	21.092	1541.172	-3.03050	0.10059	3.87	4.08	Double hairpin
525	525.0	1757.407	21.091	1540.185	-2.93007	0.10075	3.90	4.10	Double hairpin
526	526.0	1757.148	21.090	1539.219	-2.82967	0.10066	3.93	4.12	Double hairpin
527	527.0	1756.794	21.089	1538.285	-2.72912	0.10048	3.96	4.13	Double hairpin
528	528.0	1756.348	21.087	1537.390	-2.62882	0.10032	3.98	4.14	Double hairpin
529	529.0	1755.815	21.085	1536.545	-2.52938	0.10026	3.99	4.15	Double hairpin
530	530.0	1755.201	21.083	1535.756	-2.43112	0.10035	4.00	4.15	Double hairpin
531	531.0	1754.512	21.081	1535.031	-2.33376	0.10059	4.00	4.15	Double hairpin
532	532.0	1753.757	21.078	1534.376	-2.23646	0.10095	4.00	4.15	Double hairpin
533	533.0	1752.942	21.075	1533.798	-2.13814	0.10132	4.00	4.16	Double hairpin
534	534.0	1752.073	21.072	1533.303	-2.03791	0.10157	4.00	4.18	Double hairpin
535	535.0	1751.159	21.069	1532.899	-1.93522	0.10148	4.00	4.19	Double hairpin
536	536.0	1750.208	21.065	1532.592	-1.82987	0.10081	4.00	4.20	Double hairpin
537	537.0	1749.230	21.061	1532.388	-1.72207	0.09928	4.00	4.19	Double hairpin
538	538.0	1748.235	21.056	1532.291	-1.61241	0.09663	4.00	4.18	Double hairpin
539	539.0	1747.235	21.052	1532.305	-1.50215	0.09265	4.00	4.15	Double hairpin
540	540.0	1746.244	21.047	1532.428	-1.39348	0.08721	4.01	4.12	Double hairpin
541	541.0	1745.271	21.041	1532.657	-1.28971	0.08033	4.02	4.10	Double hairpin
542	542.0	1744.325	21.036	1532.982	-1.19502	0.07214	4.05	4.08	Double hairpin
543	543.0	1743.413	21.030	1533.390	-1.11366	0.06294	4.08	4.07	Double hairpin
544	544.0	1742.532	21.024	1533.864	-1.04896	0.05314	4.13	4.09	Double hairpin
545	545.0	1741.680	21.017	1534.386	-1.00261	0.04324	4.17	4.11	Double hairpin
546	546.0	1740.847	21.011	1534.940	-0.97424	0.03374	4.20	4.14	Double hairpin
547	547.0	1740.025	21.004	1535.510	-0.96154	0.02511	4.21	4.17	Double hairpin
548	548.0	1739.207	20.997	1536.084	-0.96073	0.01771	4.20	4.19	Double hairpin
549	549.0	1738.386	20.989	1536.656	-0.96736	0.01178	4.17	4.20	Double hairpin
550	550.0	1737.560	20.982	1537.219	-0.97708	0.00738	4.14	4.20	Double hairpin
551	551.0	1736.728	20.974	1537.774	-0.98636	0.00441	4.12	4.20	Double hairpin
552	552.0	1735.892	20.966	1538.323	-0.99285	0.00268	4.11	4.20	Double hairpin
553	553.0	1735.053	20.958	1538.867	-0.99550	0.00191	4.10	4.20	Double hairpin
554	554.0	1734.214	20.950	1539.411	-0.99430	0.00175	4.10	4.19	Double hairpin
555	555.0	1733.376	20.942	1539.957	-0.99000	0.00192	4.10	4.18	Double hairpin
556	556.0	1732.542	20.933	1540.508	-0.98369	0.00214	4.10	4.16	Double hairpin
557	557.0	1731.711	20.925	1541.065	-0.97649	0.00220	4.10	4.15	Double hairpin
558	558.0	1730.885	20.917	1541.628	-0.96939	0.00197	4.11	4.14	Double hairpin
559	559.0	1730.062	20.908	1542.197	-0.96315	0.00139	4.11	4.15	Double hairpin
560	560.0	1729.243	20.900	1542.770	-0.95835	0.00047	4.12	4.16	Double hairpin
561	561.0	1728.426	20.891	1543.346	-0.95545	-0.00073	4.13	4.18	Double hairpin
562	562.0	1727.610	20.883	1543.924	-0.95486	-0.00209	4.15	4.19	Double hairpin
563	563.0	1726.793	20.875	1544.502	-0.95694	-0.00346	4.17	4.20	Double hairpin
564	564.0	1725.975	20.866	1545.076	-0.96203	-0.00466	4.20	4.20	Double hairpin
565	565.0	1725.153	20.858	1545.646	-0.97031	-0.00549	4.23	4.19	Double hairpin
566	566.0	1724.325	20.850	1546.206	-0.98172	-0.00575	4.25	4.18	Double hairpin
567	567.0	1723.490	20.843	1546.757	-0.99573	-0.00526	4.26	4.16	Double hairpin
568	568.0	1722.646	20.835	1547.294	-1.01121	-0.00391	4.27	4.15	Double hairpin
569	569.0	1721.795	20.827	1547.818	-1.02634	-0.00162	4.29	4.15	Double hairpin
570	570.0	1720.936	20.820	1548.330	-1.03874	0.00157	4.31	4.18	Double hairpin
571	571.0	1720.071	20.813	1548.833	-1.04577	0.00557	4.33	4.26	Double hairpin
572	572.0	1719.205	20.806	1549.333	-1.04505	0.01017	4.34	4.38	Double hairpin
573	573.0	1718.341	20.799	1549.837	-1.03493	0.01513	4.34	4.50	Double hairpin
574	574.0	1717.486	20.792	1550.354	-1.01493	0.02015	4.34	4.60	Double hairpin
575	575.0	1716.643	20.786	1550.892	-0.98577	0.02496	4.34	4.63	Double hairpin
576	576.0	1715.818	20.780	1551.458	-0.94924	0.02929	4.34	4.59	Double hairpin
577	577.0	1715.017	20.774	1552.056	-0.90764	0.03295	4.33	4.51	Double hairpin
578	578.0	1714.243	20.768	1552.689	-0.86326	0.03580	4.33	4.42	Double hairpin
579	579.0	1713.498	20.763	1553.356	-0.81791	0.03777	4.33	4.35	Double hairpin
580	580.0	1712.784	20.758	1554.056	-0.77264	0.03883	4.33	4.30	Double hairpin
581	581.0	1712.102	20.753	1554.787	-0.72788	0.03901	4.32	4.27	Double hairpin
582	582.0	1711.454	20.748	1555.548	-0.68368	0.03833	4.30	4.24	Double hairpin
583	583.0	1710.839	20.743	1556.337	-0.64016	0.03686	4.26	4.22	Double hairpin
584	584.0	1710.260	20.739	1557.152	-0.59782	0.03469	4.21	4.21	Double hairpin
585	585.0	1709.714	20.735	1557.990	-0.55773	0.03189	4.18	4.20	Double hairpin
586	586.0	1709.201	20.731	1558.848	-0.52136	0.02861	4.16	4.20	Double hairpin
587	587.0	1708.718	20.727	1559.724	-0.49027	0.02498	4.16	4.20	Double hairpin
588	588.0	1708.260	20.723	1560.613	-0.46563	0.02118	4.17	4.20	Double hairpin
589	589.0	1707.820	20.720	1561.511	-0.44794	0.01739	4.19	4.20	Double hairpin
590	590.0	1707.393	20.716	1562.415	-0.43680	0.01380	4.21	4.20	Double hairpin
591	591.0	1706.974	20.713	1563.323	-0.43110	0.01055	4.23	4.20	Double hairpin
592	592.0	1706.558	20.710	1564.232	-0.42927	0.00776	4.24	4.20	Double hairpin
593	593.0	1706.142	20.707	1565.142	-0.42969	0.00549	4.24	4.20	Double hairpin
594	594.0	1705.725	20.704	1566.050	-0.43102	0.00374	4.23	4.20	Double hairpin
595	595.0	1705.306	20.701	1566.959	-0.43236	0.00249	4.22	4.20	Double hairpin
596	596.0	1704.886	20.699	1567.866	-0.43324	0.00167	4.22	4.19	Double hairpin
597	597.0	1704.466	20.696	1568.774	-0.43350	0.00118	4.21	4.18	Double hairpin
598	598.0	1704.046	20.694	1569.681	-0.43315	0.00093	4.20	4.17	Double hairpin
599	599.0	1703.627	20.692	1570.589	-0.43224	0.00083	4.18	4.16	Double hairpin
600	600.0	1703.209	20.689	1571.497	-0.43084	0.00080	4.15	4.14	Double hairpin
601	601.0	1702.792	20.687	1572.406	-0.42910	0.00079	4.13	4.13	Double hairpin
602	602.0	1702.376	20.686	1573.316	-0.42722	0.00075	4.11	4.12	Double hairpin
603	603.0	1701.963	20.684	1574.227	-0.42546	0.00068	4.10	4.11	Double hairpin
604	604.0	1701.551	20.682	1575.138	-0.42411	0.00057	4.10	4.10	Double hairpin
605	605.0	1701.140	20.680	1576.049	-0.42338	0.00044	4.10	4.10	Double hairpin
606	606.0	1700.729	20.679	1576.961	-0.42333	0.00031	4.10	4.10	Double hairpin
607	607.0	1700.318	20.678	1577.873	-0.42384	0.00021	4.10	4.11	Double hairpin
608	608.0	1699.907	20.677	1578.784	-0.42470	0.00015	4.10	4.12	Double hairpin
609	609.0	1699.494	20.676	1579.695	-0.42560	0.00016	4.10	4.14	Double hairpin
610	610.0	1699.081	20.675	1580.606	-0.42630	0.00023	4.10	4.18	Double hairpin
611	611.0	1698.667	20.674	1581.516	-0.42666	0.00037	4.11	4.22	Double hairpin
612	612.0	1698.253	20.673	1582.427	-0.42663	0.00055	4.12	4.25	Double hairpin
613	613.0	1697.840	20.673	1583.337	-0.42622	0.00078	4.14	4.27	Double hairpin
614	614.0	1697.427	20.673	1584.248	-0.42546	0.00102	4.16	4.28	Double hairpin
615	615.0	1697.014	20.673	1585.159	-0.42430	0.00127	4.17	4.27	Double hairpin
616	616.0	1696.603	20.673	1586.070	-0.42265	0.00151	4.18	4.24	Double hairpin
617	617.0	1696.194	20.673	1586.983	-0.42040	0.00177	4.16	4.20	Double hairpin
618	618.0	1695.787	20.673	1587.896	-0.41758	0.00207	4.14	4.17	Double hairpin
619	619.0	1695.383	20.674	1588.811	-0.41438	0.00249	4.11	4.15	Double hairpin
620	620.0	1694.982	20.674	1589.727	-0.41126	0.00315	4.08	4.14	Double hairpin
621	621.0	1694.583	20.675	1590.644	-0.40884	0.00420	4.07	4.14	Double hairpin
622	622.0	1694.187	20.676	1591.562	-0.40767	0.00582	4.07	4.12	Double hairpin
623	623.0	1693.790	20.677	1592.480	-0.40791	0.00822	4.08	4.10	Double hairpin
624	624.0	1693.393	20.678	1593.398	-0.40893	0.01156	4.10	4.06	Double hairpin
625	625.0	1692.995	20.679	1594.315	-0.40910	0.01600	4.10	4.02	Double hairpin
626	626.0	1692.598	20.680	1595.233	-0.40581	0.02159	4.10	3.99	Double hairpin
627	627.0	1692.206	20.681	1596.153	-0.39581	0.02831	4.07	3.99	Double hairpin
628	628.0	1691.827	20.683	1597.078	-0.37581	0.03603	4.04	4.02	Double hairpin
629	629.0	1691.472	20.684	1598.013	-0.34320	0.04457	3.99	4.08	Double hairpin
630	630.0	1691.154	20.685	1598.961	-0.29661	0.05363	3.95	4.16	Double hairpin
631	631.0	1690.887	20.687	1599.925	-0.23610	0.06294	3.93	4.22	Double hairpin
632	632.0	1690.686	20.689	1600.904	-0.16298	0.07217	3.92	4.26	Double hairpin
633	633.0	1690.563	20.690	1601.896	-0.07923	0.08103	3.92	4.28	Double hairpin
634	634.0	1690.528	20.692	1602.895	0.01329	0.08926	3.94	4.29	Double hairpin
635	635.0	1690.590	20.694	1603.893	0.11338	0.09660	3.96	4.28	Double hairpin
636	636.0	1690.754	20.695	1604.879	0.22062	0.10281	3.97	4.26	Double hairpin
637	637.0	1691.026	20.697	1605.840	0.33517	0.10768	3.98	4.23	Double hairpin
638	638.0	1691.410	20.699	1606.763	0.45710	0.11099	3.97	4.20	Double hairpin
639	639.0	1691.907	20.701	1607.630	0.58551	0.11255	3.96	4.18	Double hairpin
640	640.0	1692.512	20.703	1608.425	0.71823	0.11225	3.94	4.17	Double hairpin
641	641.0	1693.219	20.705	1609.132	0.85169	0.11002	3.92	4.17	Double hairpin
642	642.0	1694.013	20.708	1609.739	0.98142	0.10592	3.91	4.19	Double hairpin
643	643.0	1694.877	20.710	1610.240	1.10319	0.10009	3.91	4.22	Double hairpin
644	644.0	1695.794	20.713	1610.638	1.21372	0.09283	3.92	4.25	Double hairpin
645	645.0	1696.747	20.715	1610.938	1.31084	0.08446	3.96	4.28	Double hairpin
646	646.0	1697.724	20.718	1611.151	1.39352	0.07542	4.03	4.30	Double hairpin
647	647.0	1698.714	20.721	1611.291	1.46175	0.06611	4.14	4.33	Double hairpin
648	648.0	1699.711	20.724	1611.369	1.51637	0.05694	4.26	4.36	Double hairpin
649	649.0	1700.710	20.727	1611.399	1.55891	0.04823	4.36	4.40	Double hairpin
650	650.0	1701.710	20.731	1611.393	1.59144	0.04023	4.42	4.44	Double hairpin
651	651.0	1702.710	20.735	1611.358	1.61630	0.03308	4.44	4.46	Double hairpin
652	652.0	1703.708	20.738	1611.302	1.63575	0.02682	4.43	4.48	Double hairpin
653	653.0	1704.705	20.742	1611.228	1.65168	0.02142	4.42	4.47	Double hairpin
654	654.0	1705.702	20.747	1611.140	1.66531	0.01681	4.40	4.46	Double hairpin
655	655.0	1706.697	20.751	1611.040	1.67715	0.01288	4.38	4.44	Double hairpin
656	656.0	1707.690	20.756	1610.928	1.68710	0.00951	4.37	4.42	Double hairpin
657	657.0	1708.683	20.761	1610.807	1.69459	0.00664	4.36	4.40	Double hairpin
658	658.0	1709.675	20.766	1610.681	1.69896	0.00421	4.35	4.38	Double hairpin
659	659.0	1710.667	20.771	1610.552	1.69974	0.00220	4.34	4.36	Double hairpin
660	660.0	1711.658	20.776	1610.424	1.69694	0.00061	4.33	4.32	Double hairpin
661	661.0	1712.651	20.781	1610.300	1.69119	-0.00055	4.31	4.27	Double hairpin
662	662.0	1713.644	20.787	1610.184	1.68374	-0.00131	4.27	4.23	Double hairpin
663	663.0	1714.638	20.792	1610.075	1.67626	-0.00170	4.23	4.20	Double hairpin
664	664.0	1715.633	20.798	1609.973	1.67044	-0.00179	4.18	4.19	Double hairpin
665	665.0	1716.628	20.804	1609.876	1.66750	-0.00169	4.12	4.18	Double hairpin
666	666.0	1717.623	20.809	1609.780	1.66779	-0.00147	4.06	4.18	Double hairpin
667	667.0	1718.619	20.815	1609.682	1.67061	-0.00121	4.00	4.16	Double hairpin
668	668.0	1719.613	20.821	1609.581	1.67435	-0.00093	3.96	4.11	Double hairpin
669	669.0	1720.608	20.826	1609.475	1.67696	-0.00064	3.92	4.01	Double hairpin
670	670.0	1721.602	20.832	1609.369	1.67678	-0.00030	3.89	3.88	Double hairpin
671	671.0	1722.597	20.837	1609.264	1.67314	0.00013	3.86	3.73	Double hairpin
672	672.0	1723.592	20.843	1609.164	1.66690	0.00067	3.84	3.62	Double hairpin
673	673.0	1724.587	20.848	1609.072	1.66032	0.00127	3.81	3.57	Double hairpin
674	674.0	1725.584	20.853	1608.986	1.65640	0.00183	3.78	3.60	Double hairpin
675	675.0	1726.580	20.858	1608.901	1.65786	0.00221	3.75	3.70	Double hairpin
676	676.0	1727.576	20.863	1608.812	1.66604	0.00223	3.72	3.84	Double hairpin
677	677.0	1728.571	20.867	1608.711	1.68006	0.00178	3.68	3.95	Double hairpin
678	678.0	1729.564	20.872	1608.594	1.69674	0.00080	3.66	4.01	Double hairpin
679	679.0	1730.555	20.876	1608.459	1.71136	-0.00061	3.64	3.98	Double hairpin
680	680.0	1731.544	20.880	1608.313	1.71894	-0.00226	3.65	3.86	Double hairpin
681	681.0	1732.533	20.884	1608.164	1.71598	-0.00382	3.67	3.66	Double hairpin
682	682.0	1733.523	20.887	1608.024	1.70165	-0.00495	3.72	3.46	Double hairpin
683	683.0	1734.516	20.891	1607.903	1.67834	-0.00532	3.78	3.36	Double hairpin
684	684.0	1735.511	20.894	1607.809	1.65111	-0.00470	3.86	3.43	Double hairpin
685	685.0	1736.509	20.897	1607.743	1.62627	-0.00301	3.96	3.68	Double hairpin
686	686.0	1737.508	20.900	1607.698	1.60961	-0.00030	4.09	4.04	Double hairpin
687	687.0	1738.508	20.902	1607.665	1.60474	0.00324	4.23	4.40	Double hairpin
688	688.0	1739.507	20.905	1607.631	1.61232	0.00734	4.39	4.68	Double hairpin
689	689.0	1740.506	20.907	1607.582	1.63020	0.01173	4.53	4.85	Double hairpin
690	690.0	1741.503	20.909	1607.512	1.65444	0.01621	4.65	4.92	Double hairpin
691	691.0	1742.499	20.911	1607.415	1.68077	0.02063	4.76	4.94	Double hairpin
692	692.0	1743.491	20.913	1607.292	1.70616	0.02489	4.86	4.92	Straight entry
693	693.0	1744.480	20.915	1607.145	1.72981	0.02894	4.97	4.90	Straight entry
694	694.0	1745.466	20.916	1606.976	1.75347	0.03268	5.07	4.91	Straight entry
695	695.0	1746.447	20.918	1606.782	1.78072	0.03594	5.15	4.97	Straight entry
696	696.0	1747.421	20.919	1606.559	1.81573	0.03846	5.20	5.10	Straight entry
697	697.0	1748.386	20.920	1606.297	1.86160	0.03989	5.22	5.26	Straight entry
698	698.0	1749.337	20.921	1605.986	1.91895	0.03988	5.20	5.42	Straight entry
699	699.0	1750.265	20.922	1605.615	1.98515	0.03815	5.15	5.52	Straight entry
700	700.0	1751.166	20.923	1605.181	2.05435	0.03458	5.07	5.54	Straight entry
701	701.0	1752.035	20.924	1604.686	2.11859	0.02930	4.98	5.44	Straight entry
702	702.0	1752.872	20.925	1604.140	2.16953	0.02269	4.88	5.23	Straight entry
703	703.0	1753.686	20.926	1603.559	2.20038	0.01539	4.79	4.92	Straight entry
704	704.0	1754.489	20.927	1602.963	2.20753	0.00820	4.71	4.58	Straight entry
705	705.0	1755.294	20.928	1602.370	2.19140	0.00194	4.64	4.27	Straight entry
706	706.0	1756.115	20.928	1601.800	2.15658	-0.00265	4.59	4.05	Straight entry
707	707.0	1756.960	20.929	1601.265	2.11113	-0.00508	4.54	3.96	Straight entry
708	708.0	1757.830	20.930	1600.771	2.06503	-0.00517	4.52	3.98	Straight entry
709	709.0	1758.720	20.930	1600.317	2.02801	-0.00309	4.52	4.10	Straight entry
710	710.0	1759.624	20.931	1599.889	2.00751	0.00069	4.56	4.32	Straight entry
711	711.0	1760.533	20.932	1599.471	2.00725	0.00548	4.61	4.60	Straight entry
712	712.0	1761.437	20.932	1599.043	2.02677	0.01049	4.69	4.87	Straight entry
713	713.0	1762.328	20.933	1598.590	2.06201	0.01500	4.78	5.09	Straight entry
714	714.0	1763.200	20.933	1598.100	2.10655	0.01843	4.86	5.22	Straight entry
715	715.0	1764.047	20.934	1597.569	2.15327	0.02045	4.94	5.26	Straight entry
716	716.0	1764.869	20.934	1597.000	2.19601	0.02096	5.01	5.22	Straight entry
717	717.0	1765.668	20.935	1596.399	2.23059	0.02013	5.06	5.16	Straight entry
718	718.0	1766.449	20.935	1595.775	2.25520	0.01825	5.11	5.09	Straight entry
719	719.0	1767.218	20.936	1595.135	2.27013	0.01576	5.17	5.06	Straight entry
720	720.0	1767.980	20.936	1594.487	2.27721	0.01304	5.24	5.07	Straight entry
721	721.0	1768.739	20.937	1593.837	2.27906	0.01048	5.30	5.12	Straight entry
722	722.0	1769.499	20.937	1593.186	2.27834	0.00832	5.35	5.20	Straight entry
723	723.0	1770.259	20.938	1592.537	2.27725	0.00672	5.39	5.28	Straight entry
724	724.0	1771.020	20.938	1591.888	2.27721	0.00573	5.41	5.36	Straight entry
725	725.0	1771.781	20.939	1591.239	2.27883	0.00531	5.43	5.40	Straight entry
726	726.0	1772.539	20.939	1590.587	2.28212	0.00539	5.44	5.43	Straight entry
727	727.0	1773.296	20.940	1589.933	2.28677	0.00584	5.47	5.46	Straight entry
728	728.0	1774.048	20.941	1589.275	2.29243	0.00656	5.49	5.48	Straight entry
729	729.0	1774.797	20.941	1588.612	2.29890	0.00744	5.54	5.52	Straight entry
730	730.0	1775.541	20.942	1587.944	2.30626	0.00837	5.59	5.58	Straight entry
731	731.0	1776.280	20.943	1587.270	2.31478	0.00926	5.65	5.65	Straight entry
732	732.0	1777.013	20.944	1586.589	2.32486	0.01000	5.70	5.72	Straight entry
733	733.0	1777.738	20.945	1585.901	2.33684	0.01051	5.74	5.79	Straight entry
734	734.0	1778.454	20.946	1585.203	2.35083	0.01070	5.75	5.84	Straight entry
735	735.0	1779.160	20.947	1584.494	2.36648	0.01052	5.74	5.88	Straight entry
736	736.0	1779.853	20.948	1583.774	2.38296	0.00995	5.70	5.91	Straight entry
737	737.0	1780.535	20.949	1583.043	2.39892	0.00900	5.66	5.94	Straight entry
738	738.0	1781.206	20.951	1582.301	2.41273	0.00775	5.63	5.95	Straight entry
739	739.0	1781.867	20.952	1581.551	2.42284	0.00633	5.64	5.95	Straight entry
740	740.0	1782.523	20.953	1580.796	2.42823	0.00488	5.67	5.93	Straight entry
741	741.0	1783.176	20.955	1580.038	2.42874	0.00356	5.71	5.90	Straight entry
742	742.0	1783.831	20.957	1579.282	2.42520	0.00250	5.75	5.85	Straight entry
743	743.0	1784.489	20.958	1578.530	2.41931	0.00180	5.77	5.79	Straight entry
744	744.0	1785.153	20.960	1577.782	2.41321	0.00149	5.75	5.73	Straight entry
745	745.0	1785.821	20.962	1577.038	2.40897	0.00152	5.72	5.69	Straight entry
746	746.0	1786.491	20.964	1576.295	2.40801	0.00179	5.66	5.69	Straight entry
747	747.0	1787.160	20.966	1575.552	2.41087	0.00218	5.61	5.73	Straight entry
748	748.0	1787.825	20.968	1574.806	2.41702	0.00255	5.55	5.79	Straight entry
749	749.0	1788.485	20.970	1574.054	2.42518	0.00279	5.52	5.86	Straight entry
750	750.0	1789.139	20.972	1573.297	2.43368	0.00281	5.52	5.92	Straight entry
751	751.0	1789.786	20.974	1572.535	2.44094	0.00260	5.52	5.97	Straight entry
752	752.0	1790.428	20.976	1571.769	2.44589	0.00217	5.51	6.01	Straight entry
753	753.0	1791.068	20.978	1571.000	2.44815	0.00157	5.49	6.05	Straight entry
754	754.0	1791.707	20.980	1570.230	2.44803	0.00088	5.47	6.05	Straight entry
755	755.0	1792.346	20.983	1569.462	2.44625	0.00016	5.47	6.00	Straight entry
756	756.0	1792.988	20.985	1568.695	2.44368	-0.00053	5.48	5.93	Straight entry
757	757.0	1793.631	20.987	1567.929	2.44104	-0.00118	5.49	5.87	Straight entry
758	758.0	1794.277	20.989	1567.166	2.43874	-0.00177	5.51	5.83	Straight entry
759	759.0	1794.924	20.991	1566.403	2.43686	-0.00232	5.54	5.80	Straight entry
760	760.0	1795.573	20.993	1565.642	2.43524	-0.00285	5.55	5.78	Straight entry
761	761.0	1796.222	20.995	1564.882	2.43354	-0.00336	5.57	5.75	Straight entry
762	762.0	1796.874	20.997	1564.123	2.43134	-0.00382	5.58	5.70	Straight entry
763	763.0	1797.526	20.999	1563.366	2.42820	-0.00420	5.58	5.62	Straight entry
764	764.0	1798.182	21.002	1562.611	2.42367	-0.00441	5.57	5.51	Straight entry
765	765.0	1798.842	21.004	1561.859	2.41743	-0.00437	5.57	5.40	Straight entry
766	766.0	1799.507	21.006	1561.113	2.40942	-0.00400	5.58	5.29	Straight entry
767	767.0	1800.179	21.008	1560.372	2.40003	-0.00320	5.59	5.21	Straight entry
768	768.0	1800.858	21.010	1559.638	2.39024	-0.00197	5.61	5.17	Straight entry
769	769.0	1801.544	21.011	1558.910	2.38154	-0.00032	5.63	5.16	Grid
770	770.0	1802.236	21.013	1558.188	2.37575	0.00163	5.65	5.22	Grid
771	771.0	1802.931	21.015	1557.469	2.37462	0.00372	5.66	5.34	Grid
772	772.0	1803.624	21.017	1556.748	2.37941	0.00571	5.65	5.53	Grid
773	773.0	1804.312	21.019	1556.022	2.39055	0.00734	5.62	5.77	Grid
774	774.0	1804.989	21.021	1555.286	2.40749	0.00836	5.57	6.00	Grid
775	775.0	1805.651	21.024	1554.537	2.42863	0.00856	5.52	6.17	Grid
776	776.0	1806.297	21.026	1553.774	2.45153	0.00783	5.48	6.23	Grid
777	777.0	1806.924	21.028	1552.995	2.47316	0.00617	5.43	6.15	Grid
778	778.0	1807.536	21.030	1552.204	2.49035	0.00371	5.40	5.95	Grid
779	779.0	1808.137	21.032	1551.404	2.50029	0.00070	5.36	5.70	Grid
780	780.0	1808.733	21.035	1550.601	2.50107	-0.00252	5.34	5.46	Grid
781	781.0	1809.332	21.038	1549.801	2.49209	-0.00557	5.32	5.29	Grid
782	782.0	1809.942	21.041	1549.009	2.47428	-0.00808	5.31	5.19	Grid
783	783.0	1810.570	21.044	1548.230	2.44997	-0.00974	5.31	5.15	Grid
784	784.0	1811.218	21.048	1547.469	2.42250	-0.01035	5.33	5.16	Grid
785	785.0	1811.887	21.052	1546.725	2.39568	-0.00985	5.38	5.22	Grid
786	786.0	1812.575	21.056	1546.000	2.37305	-0.00832	5.45	5.33	Grid
787	787.0	1813.277	21.060	1545.288	2.35731	-0.00597	5.54	5.49	Grid
788	788.0	1813.987	21.065	1544.584	2.34999	-0.00310	5.64	5.66	Grid
789	789.0	1814.700	21.071	1543.882	2.35121	-0.00003	5.72	5.81	Grid
790	790.0	1815.409	21.077	1543.177	2.35987	0.00291	5.76	5.91	Grid
791	791.0	1816.109	21.083	1542.463	2.37399	0.00544	5.77	5.96	Grid
792	792.0	1816.797	21.091	1541.738	2.39117	0.00738	5.75	5.97	Grid
793	793.0	1817.473	21.098	1541.000	2.40916	0.00863	5.70	5.95	Grid
794	794.0	1818.135	21.107	1540.251	2.42621	0.00920	5.64	5.90	Grid
795	795.0	1818.784	21.117	1539.491	2.44117	0.00920	5.60	5.78	Grid
796	796.0	1819.424	21.127	1538.722	2.45339	0.00878	5.57	5.57	Grid
797	797.0	1820.055	21.138	1537.946	2.46249	0.00814	5.55	5.21	Grid
798	798.0	1820.680	21.151	1537.165	2.46827	0.00748	5.54	4.72	Grid
799	799.0	1821.302	21.164	1536.382	2.47082	0.00699	5.51	4.13	Grid
800	800.0	1821.923	21.179	1535.599	2.47079	0.00676	5.47	3.54	Grid
801	801.0	1822.545	21.195	1534.816	2.46961	0.00683	5.41	3.05	Grid
802	802.0	1823.168	21.213	1534.033	2.46945	0.00715	5.35	2.72	Grid
803	803.0	1823.790	21.232	1533.251	2.47266	0.00758	5.29	2.54	Grid
804	804.0	1824.408	21.253	1532.464	2.48100	0.00793	5.25	2.47	Grid
805	805.0	1825.018	21.275	1531.672	2.49485	0.00801	5.23	2.46	Grid
806	806.0	1825.614	21.300	1530.869	2.51289	0.00762	5.23	2.49	Grid
807	807.0	1826.194	21.326	1530.054	2.53242	0.00665	5.23	2.52	Grid
808	808.0	1826.758	21.354	1529.228	2.55008	0.00506	5.23	2.57	Grid
809	809.0	1827.309	21.385	1528.394	2.56284	0.00293	5.24	2.61	Grid
810	810.0	1827.852	21.417	1527.554	2.56866	0.00042	5.25	2.65	Grid
811	811.0	1828.393	21.452	1526.713	2.56689	-0.00225	5.25	2.70	Grid
812	812.0	1828.939	21.488	1525.875	2.55815	-0.00485	5.26	2.74	Grid
813	813.0	1829.495	21.527	1525.044	2.54406	-0.00713	5.26	2.79	Grid
814	814.0	1830.064	21.568	1524.222	2.52669	-0.00894	5.27	2.83	Grid
815	815.0	1830.649	21.611	1523.411	2.50817	-0.01018	5.27	2.88	Grid
816	816.0	1831.248	21.656	1522.610	2.49027	-0.01081	5.28	2.92	Grid
817	817.0	1831.861	21.704	1521.820	2.47417	-0.01088	5.29	2.96	Grid
818	818.0	1832.486	21.753	1521.039	2.46049	-0.01048	5.29	3.01	Grid
819	819.0	1833.120	21.804	1520.266	2.44933	-0.00973	5.30	3.05	Plaza
820	820.0	1833.762	21.856	1519.500	2.44044	-0.00877	5.30	3.10	Plaza
821	821.0	1834.410	21.910	1518.738	2.43344	-0.00771	5.31	3.14	Plaza
822	822.0	1835.063	21.965	1517.981	2.42791	-0.00664	5.31	3.19	Plaza
823	823.0	1835.720	22.022	1517.226	2.42347	-0.00563	5.32	3.23	Plaza
824	824.0	1836.379	22.079	1516.474	2.41983	-0.00473	5.33	3.28	Plaza
825	825.0	1837.041	22.137	1515.725	2.41679	-0.00395	5.33	3.32	Plaza
826	826.0	1837.705	22.196	1514.977	2.41420	-0.00329	5.34	3.36	Plaza
827	827.0	1838.371	22.255	1514.231	2.41197	-0.00275	5.34	3.41	Plaza
828	828.0	1839.038	22.314	1513.486	2.41002	-0.00231	5.35	3.45	Plaza
829	829.0	1839.707	22.373	1512.743	2.40832	-0.00195	5.35	3.50	Plaza
830	830.0	1840.377	22.431	1512.000	2.40682	-0.00164	5.36	3.54	Plaza
831	831.0	1841.048	22.488	1511.259	2.40551	-0.00138	5.36	3.59	Plaza
832	832.0	1841.720	22.545	1510.518	2.40437	-0.00115	5.37	3.63	Plaza
833	833.0	1842.392	22.601	1509.778	2.40338	-0.00093	5.38	3.67	Plaza
834	834.0	1843.066	22.655	1509.039	2.40255	-0.00073	5.38	3.72	Plaza
835	835.0	1843.739	22.708	1508.300	2.40186	-0.00053	5.39	3.76	Plaza
836	836.0	1844.414	22.759	1507.562	2.40133	-0.00032	5.39	3.81	Plaza
837	837.0	1845.088	22.809	1506.823	2.40098	-0.00012	5.40	3.85	Plaza
838	838.0	1845.763	22.856	1506.085	2.40082	0.00008	5.40	3.90	Plaza
839	839.0	1846.438	22.902	1505.348	2.40089	0.00026	5.41	3.94	Plaza
840	840.0	1847.113	22.945	1504.609	2.40125	0.00041	5.42	3.98	Plaza
841	841.0	1847.787	22.986	1503.871	2.40195	0.00050	5.42	4.03	Plaza
842	842.0	1848.461	23.025	1503.132	2.40302	0.00053	5.43	4.07	Plaza
843	843.0	1849.134	23.062	1502.392	2.40447	0.00046	5.43	4.12	Plaza
844	844.0	1849.805	23.096	1501.651	2.40622	0.00028	5.44	4.16	Plaza
845	845.0	1850.475	23.128	1500.909	2.40806	-0.00002	5.44	4.21	Plaza
846	846.0	1851.144	23.158	1500.166	2.40966	-0.00043	5.45	4.25	Plaza
847	847.0	1851.812	23.186	1499.421	2.41061	-0.00094	5.46	4.29	Plaza
848	848.0	1852.479	23.212	1498.677	2.41047	-0.00152	5.46	4.34	Plaza
849	849.0	1853.147	23.235	1497.932	2.40891	-0.00212	5.47	4.38	Plaza
850	850.0	1853.817	23.257	1497.190	2.40581	-0.00269	5.47	4.43	Plaza
851	851.0	1854.490	23.277	1496.450	2.40131	-0.00318	5.48	4.47	Loop entry
852	852.0	1855.166	23.295	1495.713	2.39580	-0.00356	5.48	4.52	Loop entry
853	853.0	1855.847	23.311	1494.981	2.38979	-0.00380	5.49	4.56	Loop entry
854	854.0	1856.532	23.326	1494.252	2.38382	-0.00389	5.50	4.60	Loop entry
855	855.0	1857.221	23.339	1493.528	2.37831	-0.00383	5.50	4.65	Loop entry
856	856.0	1857.915	23.351	1492.807	2.37353	-0.00364	5.51	4.69	Loop entry
857	857.0	1858.611	23.362	1492.089	2.36958	-0.00336	5.51	4.74	Loop entry
858	858.0	1859.310	23.372	1491.374	2.36643	-0.00302	5.52	4.78	Loop entry
859	859.0	1860.011	23.380	1490.661	2.36395	-0.00265	5.52	4.83	Loop entry
860	860.0	1860.713	23.388	1489.949	2.36202	-0.00228	5.53	4.87	Loop entry
861	861.0	1861.417	23.394	1489.239	2.36049	-0.00193	5.54	4.91	Loop entry
862	862.0	1862.121	23.400	1488.529	2.35926	-0.00161	5.54	4.96	Loop entry
863	863.0	1862.826	23.406	1487.820	2.35824	-0.00133	5.55	5.00	Loop entry
864	864.0	1863.532	23.410	1487.112	2.35739	-0.00108	5.55	5.05	Loop entry
865	865.0	1864.239	23.414	1486.404	2.35665	-0.00085	5.56	5.09	Loop entry
866	866.0	1864.946	23.418	1485.697	2.35602	-0.00065	5.56	5.14	Loop entry
867	867.0	1865.653	23.421	1484.990	2.35546	-0.00045	5.57	5.18	Loop entry
868	868.0	1866.361	23.424	1484.284	2.35498	-0.00023	5.58	5.23	Loop entry
869	869.0	1867.069	23.426	1483.578	2.35459	0.00001	5.58	5.27	Loop entry
870	870.0	1867.778	23.428	1482.872	2.35430	0.00029	5.59	5.31	Loop entry
871	871.0	1868.486	23.430	1482.166	2.35417	0.00061	5.59	5.36	Loop entry
872	872.0	1869.195	23.432	1481.460	2.35428	0.00100	5.60	5.40	Loop entry
873	873.0	1869.903	23.433	1480.755	2.35474	0.00144	5.60	5.45	Loop entry
874	874.0	1870.611	23.434	1480.048	2.35569	0.00194	5.61	5.49	Loop entry
875	875.0	1871.318	23.435	1479.341	2.35729	0.00248	5.61	5.54	Loop entry
876	876.0	1872.024	23.436	1478.632	2.35968	0.00305	5.62	5.58	Loop entry
877	877.0	1872.727	23.437	1477.922	2.36297	0.00364	5.63	5.62	Loop entry
878	878.0	1873.428	23.437	1477.209	2.36717	0.00421	5.63	5.67	Loop entry
879	879.0	1874.126	23.438	1476.492	2.37221	0.00475	5.64	5.71	Loop entry
880	880.0	1874.820	23.439	1475.772	2.37794	0.00523	5.64	5.76	Loop entry
881	881.0	1875.509	23.439	1475.048	2.38417	0.00562	5.65	5.80	Loop entry
882	882.0	1876.194	23.440	1474.319	2.39075	0.00590	5.65	5.85	Loop entry
883	883.0	1876.874	23.440	1473.585	2.39760	0.00602	5.66	5.89	Loop entry
884	884.0	1877.548	23.440	1472.847	2.40473	0.00596	5.67	5.93	Loop entry
885	885.0	1878.218	23.441	1472.104	2.41221	0.00570	5.67	5.97	Loop entry
886	886.0	1878.881	23.441	1471.356	2.42006	0.00522	5.68	6.00	Loop entry
887	887.0	1879.539	23.441	1470.603	2.42807	0.00455	5.68	6.03	Loop entry
888	888.0	1880.190	23.441	1469.844	2.43571	0.00372	5.69	6.04	Loop entry
889	889.0	1880.836	23.441	1469.081	2.44213	0.00286	5.69	6.04	Loop entry
890	890.0	1881.478	23.440	1468.314	2.44627	0.00211	5.69	6.02	Loop entry
891	891.0	1882.117	23.440	1467.545	2.44722	0.00171	5.68	6.01	Loop entry
892	892.0	1882.757	23.439	1466.777	2.44449	0.00190	5.66	6.00	Loop entry
893	893.0	1883.401	23.438	1466.012	2.43829	0.00296	5.63	6.02	Loop entry
894	894.0	1884.051	23.437	1465.251	2.42969	0.00516	5.59	6.06	Loop entry
895	895.0	1884.708	23.436	1464.497	2.42054	0.00868	5.55	6.14	Loop entry
896	896.0	1885.371	23.434	1463.749	2.41339	0.01363	5.50	6.23	Loop entry
897	897.0	1886.039	23.432	1463.005	2.41130	0.01995	5.45	6.34	Loop entry
898	898.0	1886.705	23.430	1462.259	2.41769	0.02743	5.40	6.43	Loop entry
899	899.0	1887.363	23.427	1461.506	2.43609	0.03568	5.35	6.50	Loop entry
900	900.0	1888.002	23.424	1460.737	2.46972	0.04412	5.31	6.53	Loop entry
901	901.0	1888.608	23.421	1459.941	2.52099	0.05209	5.26	6.51	Loop entry
902	902.0	1889.164	23.417	1459.111	2.59076	0.05889	5.22	6.42	Loop entry
903	903.0	1889.654	23.413	1458.239	2.67786	0.06386	5.18	6.24	Loop entry
904	904.0	1890.058	23.409	1457.325	2.77843	0.06652	5.12	5.97	Loop
905	905.0	1890.363	23.404	1456.373	2.88572	0.06665	5.04	5.60	Loop
906	906.0	1890.563	23.398	1455.394	2.99079	0.06434	4.92	5.16	Loop
907	907.0	1890.663	23.393	1454.399	3.08405	0.05999	4.76	4.69	Loop
908	908.0	1890.678	23.386	1453.399	-3.12561	0.05431	4.56	4.22	Loop
909	909.0	1890.631	23.380	1452.401	-3.07589	0.04817	4.34	3.77	Loop
910	910.0	1890.547	23.372	1451.404	-3.04934	0.04248	4.12	3.37	Loop
911	911.0	1890.447	23.365	1450.409	-3.04106	0.03804	3.92	3.03	Loop
912	912.0	1890.346	23.357	1449.414	-3.04330	0.03543	3.76	2.77	Loop
913	913.0	1890.250	23.348	1448.419	-3.04704	0.03488	3.65	2.58	Loop
914	914.0	1890.157	23.339	1447.423	-3.04336	0.03627	3.58	2.45	Loop
915	915.0	1890.054	23.330	1446.428	-3.02466	0.03916	3.53	2.37	Loop
916	916.0	1889.924	23.320	1445.437	-2.98604	0.04294	3.51	2.35	Loop
917	917.0	1889.744	23.310	1444.453	-2.92699	0.04691	3.50	2.37	Loop
918	918.0	1889.498	23.299	1443.484	-2.85233	0.05046	3.50	2.46	Loop
919	919.0	1889.175	23.288	1442.539	-2.77111	0.05316	3.50	2.63	Loop
920	920.0	1888.775	23.277	1441.622	-2.69296	0.05484	3.49	2.86	Loop
921	921.0	1888.308	23.266	1440.738	-2.62427	0.05557	3.47	3.11	Loop
922	922.0	1887.786	23.254	1439.885	-2.56670	0.05560	3.45	3.32	Loop
923	923.0	1887.221	23.242	1439.060	-2.51827	0.05532	3.41	3.45	Loop
924	924.0	1886.619	23.229	1438.262	-2.47540	0.05508	3.36	3.49	Loop
925	925.0	1885.985	23.217	1437.489	-2.43434	0.05517	3.31	3.47	Loop
926	926.0	1885.320	23.204	1436.742	-2.39188	0.05571	3.27	3.43	Loop
927	927.0	1884.623	23.192	1436.025	-2.34539	0.05667	3.23	3.37	Loop
928	928.0	1883.891	23.179	1435.344	-2.29281	0.05782	3.21	3.31	Loop
929	929.0	1883.123	23.166	1434.704	-2.23287	0.05887	3.19	3.25	Loop
930	930.0	1882.315	23.152	1434.115	-2.16541	0.05943	3.16	3.20	Loop
931	931.0	1881.467	23.139	1433.585	-2.09175	0.05918	3.13	3.18	Loop
932	932.0	1880.582	23.125	1433.120	-2.01476	0.05786	3.08	3.18	Loop
933	933.0	1879.663	23.112	1432.727	-1.93847	0.05536	3.02	3.22	Loop
934	934.0	1878.717	23.098	1432.402	-1.86724	0.05176	2.96	3.26	Loop
935	935.0	1877.752	23.084	1432.143	-1.80487	0.04727	2.92	3.29	Loop
936	936.0	1876.773	23.070	1431.939	-1.75400	0.04230	2.89	3.28	Loop
937	937.0	1875.786	23.056	1431.778	-1.71588	0.03733	2.87	3.22	Loop
938	938.0	1874.794	23.041	1431.650	-1.69041	0.03288	2.87	3.12	Loop
939	939.0	1873.800	23.027	1431.540	-1.67618	0.02941	2.88	3.01	Loop
940	940.0	1872.805	23.012	1431.439	-1.67042	0.02726	2.92	2.93	Loop
941	941.0	1871.810	22.997	1431.341	-1.66889	0.02656	2.99	2.92	Loop
942	942.0	1870.815	22.982	1431.243	-1.66610	0.02722	3.12	3.03	Loop
943	943.0	1869.819	22.966	1431.151	-1.65614	0.02891	3.30	3.28	Loop
944	944.0	1868.822	22.950	1431.073	-1.63397	0.03110	3.53	3.66	Loop
945	945.0	1867.824	22.933	1431.024	-1.59687	0.03317	3.79	4.10	Loop
946	946.0	1866.824	22.916	1431.021	-1.54540	0.03446	4.06	4.52	Loop
947	947.0	1865.825	22.898	1431.075	-1.48355	0.03441	4.31	4.83	Loop
948	948.0	1864.833	22.879	1431.195	-1.41791	0.03266	4.52	5.01	Loop
949	949.0	1863.850	22.859	1431.380	-1.35615	0.02909	4.70	5.09	Loop exit
950	950.0	1862.880	22.839	1431.621	-1.30536	0.02387	4.85	5.12	Loop exit
951	951.0	1861.921	22.817	1431.904	-1.27070	0.01739	4.96	5.12	Loop exit
952	952.0	1860.969	22.795	1432.212	-1.25468	0.01020	5.03	5.11	Loop exit
953	953.0	1860.020	22.771	1432.526	-1.25701	0.00295	5.07	5.10	Loop exit
954	954.0	1859.067	22.746	1432.829	-1.27496	-0.00377	5.07	5.10	Loop exit
955	955.0	1858.107	22.719	1433.109	-1.30406	-0.00949	5.05	5.10	Loop exit
956	956.0	1857.138	22.691	1433.356	-1.33908	-0.01393	5.01	5.10	Loop exit
957	957.0	1856.161	22.662	1433.568	-1.37503	-0.01702	4.96	5.10	Loop exit
958	958.0	1855.177	22.631	1433.745	-1.40791	-0.01890	4.90	5.10	Loop exit
959	959.0	1854.188	22.598	1433.892	-1.43511	-0.01989	4.83	5.10	Loop exit
960	960.0	1853.195	22.564	1434.016	-1.45554	-0.02038	4.77	5.10	Loop exit
961	961.0	1852.201	22.528	1434.122	-1.46958	-0.02081	4.70	5.09	Loop exit
962	962.0	1851.206	22.491	1434.218	-1.47892	-0.02156	4.64	5.06	Loop exit
963	963.0	1850.209	22.452	1434.306	-1.48638	-0.02291	4.59	4.99	Loop exit
964	964.0	1849.213	22.411	1434.386	-1.49551	-0.02500	4.55	4.85	Loop exit
965	965.0	1848.215	22.368	1434.456	-1.50991	-0.02782	4.51	4.66	Loop exit
966	966.0	1847.217	22.324	1434.508	-1.53250	-0.03125	4.46	4.44	Loop exit
967	967.0	1846.217	22.279	1434.533	-1.56472	-0.03509	4.40	4.24	Loop exit
968	968.0	1845.217	22.232	1434.520	-1.60625	-0.03908	4.34	4.11	Loop exit
969	969.0	1844.219	22.185	1434.462	-1.65522	-0.04300	4.27	4.03	Loop exit
970	970.0	1843.225	22.136	1434.352	-1.70884	-0.04669	4.20	3.99	Loop exit
971	971.0	1842.239	22.086	1434.187	-1.76443	-0.05003	4.14	3.98	Loop exit
972	972.0	1841.263	22.035	1433.967	-1.82014	-0.05301	4.11	3.98	Loop exit
973	973.0	1840.302	21.984	1433.693	-1.87544	-0.05563	4.10	3.99	Loop exit
974	974.0	1839.356	21.932	1433.367	-1.93100	-0.05792	4.11	4.00	Loop exit
975	975.0	1838.431	21.880	1432.989	-1.98817	-0.05990	4.15	4.02	Loop exit
976	976.0	1837.529	21.828	1432.557	-2.04836	-0.06158	4.22	4.04	Loop exit
977	977.0	1836.656	21.776	1432.070	-2.11241	-0.06289	4.33	4.07	Loop exit
978	978.0	1835.817	21.724	1431.527	-2.18025	-0.06378	4.47	4.10	Loop exit
979	979.0	1835.017	21.673	1430.926	-2.25092	-0.06416	4.61	4.13	Loop exit
980	980.0	1834.263	21.623	1430.270	-2.32280	-0.06394	4.73	4.17	Loop exit
981	981.0	1833.558	21.573	1429.561	-2.39411	-0.06308	4.81	4.22	Loop exit
982	982.0	1832.905	21.524	1428.805	-2.46334	-0.06154	4.87	4.28	Loop exit
983	983.0	1832.304	21.477	1428.005	-2.52948	-0.05933	4.92	4.36	Loop exit
984	984.0	1831.756	21.430	1427.169	-2.59207	-0.05649	4.95	4.44	Loop exit
985	985.0	1831.260	21.385	1426.301	-2.65096	-0.05309	4.98	4.52	Loop exit
986	986.0	1830.814	21.342	1425.406	-2.70597	-0.04923	5.01	4.61	Loop exit
987	987.0	1830.417	21.300	1424.488	-2.75667	-0.04502	5.04	4.69	Loop exit
988	988.0	1830.064	21.260	1423.553	-2.80234	-0.04063	5.07	4.78	Loop exit
989	989.0	1829.751	21.221	1422.603	-2.84207	-0.03623	5.10	4.87	Loop exit
990	990.0	1829.474	21.185	1421.642	-2.87511	-0.03200	5.13	4.95	Loop exit
991	991.0	1829.225	21.149	1420.674	-2.90117	-0.02814	5.16	5.04	Loop exit
992	992.0	1828.997	21.116	1419.700	-2.92064	-0.02483	5.19	5.13	Loop exit
993	993.0	1828.786	21.084	1418.722	-2.93466	-0.02221	5.22	5.21	Loop exit
994	994.0	1828.587	21.055	1417.743	-2.94496	-0.02035	5.25	5.30	Loop exit
995	995.0	1828.396	21.026	1416.761	-2.95367	-0.01923	5.28	5.39	Loop exit
996	996.0	1828.213	21.000	1415.778	-2.96301	-0.01871	5.31	5.47	Loop exit
997	997.0	1828.040	20.974	1414.793	-2.97506	-0.01857	5.34	5.56	Loop exit
998	998.0	1827.881	20.951	1413.806	-2.99146	-0.01849	5.37	5.65	Loop exit
999	999.0	1827.741	20.928	1412.815	-3.01315	-0.01810	5.40	5.73	Loop exit
1000	1000.0	1827.625	20.907	1411.822	-3.04008	-0.01702	5.43	5.82	Loop exit
1001	1001.0	1827.539	20.887	1410.826	-3.07100	-0.01490	5.46	5.91	Loop exit
1002	1002.0	1827.484	20.869	1409.828	-3.10336	-0.01155	5.49	5.99	Loop exit
1003	1003.0	1827.462	20.851	1408.828	-3.13352	-0.00688	5.52	6.08	Loop exit
1004	1004.0	1827.468	20.834	1407.828	3.12598	-0.00106	5.55	6.15	Loop exit
1005	1005.0	1827.493	20.819	1406.828	3.11308	0.00557	5.58	6.22	Loop exit
1006	1006.0	1827.525	20.803	1405.829	3.11463	0.01245	5.61	6.27	Loop exit
1007	1007.0	1827.547	20.789	1404.829	3.13308	0.01889	5.63	6.30	Loop exit
1008	1008.0	1827.542	20.775	1403.829	-3.11402	0.02413	5.64	6.30	Priory
1009	1009.0	1827.492	20.762	1402.830	-3.06168	0.02747	5.64	6.27	Priory
1010	1010.0	1827.383	20.749	1401.837	-2.99695	0.02838	5.61	6.19	Priory
1011	1011.0	1827.204	20.737	1400.853	-2.92640	0.02663	5.55	6.05	Priory
1012	1012.0	1826.956	20.725	1399.884	-2.85892	0.02234	5.45	5.84	Priory
1013	1013.0	1826.647	20.713	1398.934	-2.80444	0.01603	5.31	5.54	Priory
1014	1014.0	1826.294	20.702	1397.998	-2.77205	0.00859	5.14	5.14	Priory
1015	1015.0	1825.924	20.691	1397.069	-2.76791	0.00115	4.95	4.66	Priory
1016	1016.0	1825.564	20.680	1396.136	-2.79361	-0.00508	4.75	4.14	Priory
1017	1017.0	1825.242	20.669	1395.189	-2.84529	-0.00901	4.56	3.63	Priory
1018	1018.0	1824.981	20.658	1394.224	-2.91363	-0.00985	4.35	3.21	Priory
1019	1019.0	1824.791	20.647	1393.243	-2.98515	-0.00729	4.14	2.95	Priory
1020	1020.0	1824.669	20.636	1392.250	-3.04470	-0.00156	3.96	2.92	Priory
1021	1021.0	1824.598	20.626	1391.253	-3.07879	0.00660	3.85	3.13	Priory
1022	1022.0	1824.544	20.615	1390.254	-3.07845	0.01604	3.87	3.54	Priory
1023	1023.0	1824.471	20.605	1389.257	-3.04107	0.02540	4.02	4.05	Priory
1024	1024.0	1824.343	20.594	1388.265	-2.97090	0.03335	4.27	4.52	Priory
1025	1025.0	1824.132	20.584	1387.288	-2.87827	0.03881	4.55	4.85	Priory
1026	1026.0	1823.824	20.573	1386.338	-2.77736	0.04112	4.79	4.98	Priory
1027	1027.0	1823.421	20.562	1385.423	-2.68287	0.04012	4.95	4.92	Priory
1028	1028.0	1822.939	20.552	1384.547	-2.60671	0.03618	4.99	4.75	Priory
1029	1029.0	1822.402	20.541	1383.703	-2.55600	0.03004	4.93	4.51	Priory
1030	1030.0	1821.834	20.530	1382.880	-2.53249	0.02271	4.81	4.28	Priory
1031	1031.0	1821.258	20.519	1382.063	-2.53322	0.01525	4.66	4.07	Priory
1032	1032.0	1820.691	20.508	1381.239	-2.55184	0.00860	4.53	3.93	Priory
1033	1033.0	1820.146	20.497	1380.401	-2.58029	0.00344	4.43	3.87	Priory
1034	1034.0	1819.627	20.486	1379.546	-2.61056	0.00017	4.36	3.90	Priory
1035	1035.0	1819.133	20.475	1378.677	-2.63615	-0.00119	4.33	4.01	Priory
1036	1036.0	1818.658	20.463	1377.796	-2.65286	-0.00085	4.32	4.16	Priory
1037	1037.0	1818.194	20.452	1376.911	-2.65895	0.00076	4.33	4.32	Priory
1038	1038.0	1817.730	20.441	1376.025	-2.65482	0.00312	4.35	4.45	Priory
1039	1039.0	1817.258	20.430	1375.143	-2.64231	0.00572	4.38	4.54	Priory
1040	1040.0	1816.772	20.418	1374.269	-2.62408	0.00811	4.42	4.58	Priory
1041	1041.0	1816.269	20.407	1373.405	-2.60291	0.00998	4.47	4.58	Priory
1042	1042.0	1815.746	20.395	1372.552	-2.58127	0.01114	4.52	4.55	Priory
1043	1043.0	1815.206	20.384	1371.711	-2.56105	0.01154	4.55	4.52	Priory
1044	1044.0	1814.650	20.373	1370.880	-2.54346	0.01123	4.57	4.49	Priory
1045	1045.0	1814.080	20.361	1370.058	-2.52910	0.01034	4.57	4.47	Priory
1046	1046.0	1813.500	20.350	1369.244	-2.51811	0.00905	4.55	4.44	Priory
1047	1047.0	1812.912	20.338	1368.435	-2.51033	0.00754	4.52	4.42	Priory
1048	1048.0	1812.319	20.327	1367.629	-2.50544	0.00597	4.48	4.41	Priory
1049	1049.0	1811.724	20.315	1366.826	-2.50302	0.00449	4.45	4.40	Priory
1050	1050.0	1811.127	20.304	1366.023	-2.50258	0.00319	4.42	4.39	Priory
1051	1051.0	1810.531	20.293	1365.221	-2.50358	0.00215	4.41	4.37	Priory
1052	1052.0	1809.936	20.282	1364.417	-2.50542	0.00138	4.39	4.36	Priory
1053	1053.0	1809.343	20.271	1363.612	-2.50743	0.00089	4.37	4.34	Priory
1054	1054.0	1808.751	20.259	1362.806	-2.50899	0.00064	4.34	4.33	Priory
1055	1055.0	1808.160	20.249	1361.999	-2.50957	0.00061	4.30	4.31	Priory
1056	1056.0	1807.570	20.238	1361.192	-2.50890	0.00080	4.25	4.29	Priory
1057	1057.0	1806.978	20.227	1360.386	-2.50711	0.00123	4.21	4.28	Priory
1058	1058.0	1806.384	20.217	1359.581	-2.50468	0.00198	4.18	4.27	Priory
1059	1059.0	1805.788	20.206	1358.778	-2.50245	0.00319	4.17	4.26	Priory
1060	1060.0	1805.191	20.196	1357.976	-2.50128	0.00506	4.17	4.25	Priory
1061	1061.0	1804.594	20.187	1357.174	-2.50171	0.00781	4.20	4.25	Priory
1062	1062.0	1803.997	20.177	1356.372	-2.50351	0.01168	4.25	4.25	Priory
1063	1063.0	1803.402	20.168	1355.568	-2.50533	0.01687	4.32	4.27	Priory
1064	1064.0	1802.808	20.159	1354.763	-2.50452	0.02349	4.39	4.32	Priory
1065	1065.0	1802.213	20.150	1353.960	-2.49731	0.03152	4.46	4.40	Priory
1066	1066.0	1801.607	20.142	1353.164	-2.47931	0.04082	4.54	4.51	Priory
1067	1067.0	1800.983	20.134	1352.383	-2.44629	0.05107	4.61	4.66	Priory
1068	1068.0	1800.326	20.126	1351.629	-2.39510	0.06184	4.65	4.84	Priory
1069	1069.0	1799.625	20.119	1350.916	-2.32446	0.07263	4.67	5.06	Priory
1070	1070.0	1798.870	20.112	1350.262	-2.23535	0.08289	4.65	5.30	Priory
1071	1071.0	1798.054	20.106	1349.684	-2.13069	0.09208	4.60	5.55	Return leg
1072	1072.0	1797.179	20.100	1349.202	-2.01452	0.09975	4.53	5.81	Return leg
1073	1073.0	1796.252	20.095	1348.828	-1.89076	0.10554	4.45	6.04	Return leg
1074	1074.0	1795.285	20.090	1348.574	-1.76241	0.10920	4.38	6.23	Return leg
1075	1075.0	1794.294	20.085	1348.448	-1.63173	0.11059	4.31	6.33	Return leg
1076	1076.0	1793.295	20.081	1348.453	-1.50071	0.10974	4.26	6.32	Return leg
1077	1077.0	1792.305	20.078	1348.588	-1.37165	0.10675	4.23	6.16	Return leg
1078	1078.0	1791.339	20.074	1348.848	-1.24771	0.10187	4.23	5.85	Return leg
1079	1079.0	1790.413	20.072	1349.221	-1.13265	0.09542	4.24	5.47	Return leg
1080	1080.0	1789.532	20.069	1349.694	-1.03005	0.08783	4.28	5.10	Return leg
1081	1081.0	1788.700	20.068	1350.249	-0.94241	0.07958	4.31	4.80	Return leg
1082	1082.0	1787.916	20.066	1350.869	-0.87050	0.07113	4.34	4.59	Return leg
1083	1083.0	1787.172	20.065	1351.537	-0.81322	0.06294	4.36	4.46	Return leg
1084	1084.0	1786.463	20.064	1352.243	-0.76800	0.05538	4.36	4.37	Return leg
1085	1085.0	1785.783	20.064	1352.976	-0.73148	0.04869	4.33	4.30	Return leg
1086	1086.0	1785.128	20.064	1353.731	-0.70023	0.04300	4.29	4.25	Return leg
1087	1087.0	1784.495	20.064	1354.505	-0.67137	0.03831	4.24	4.20	Return leg
1088	1088.0	1783.884	20.064	1355.296	-0.64293	0.03452	4.20	4.16	Return leg
1089	1089.0	1783.296	20.064	1356.105	-0.61397	0.03144	4.16	4.13	Return leg
1090	1090.0	1782.732	20.065	1356.931	-0.58447	0.02886	4.14	4.11	Return leg
1091	1091.0	1782.192	20.066	1357.773	-0.55500	0.02658	4.15	4.11	Return leg
1092	1092.0	1781.678	20.067	1358.630	-0.52648	0.02441	4.16	4.11	Return leg
1093	1093.0	1781.188	20.068	1359.502	-0.49988	0.02224	4.16	4.12	Return leg
1094	1094.0	1780.719	20.069	1360.385	-0.47600	0.02000	4.15	4.13	Return leg
1095	1095.0	1780.271	20.070	1361.279	-0.45539	0.01766	4.11	4.15	Return leg
1096	1096.0	1779.840	20.071	1362.182	-0.43833	0.01526	4.07	4.16	Return leg
1097	1097.0	1779.422	20.073	1363.090	-0.42482	0.01285	4.02	4.16	Return leg
1098	1098.0	1779.016	20.074	1364.004	-0.41467	0.01050	3.98	4.16	Return leg
1099	1099.0	1778.616	20.075	1364.921	-0.40750	0.00828	3.95	4.15	Return leg
1100	1100.0	1778.223	20.076	1365.840	-0.40288	0.00623	3.93	4.13	Return leg
1101	1101.0	1777.832	20.077	1366.761	-0.40032	0.00442	3.93	4.12	Return leg
1102	1102.0	1777.443	20.078	1367.682	-0.39939	0.00287	3.94	4.11	Return leg
1103	1103.0	1777.055	20.079	1368.603	-0.39967	0.00158	3.96	4.10	Return leg
1104	1104.0	1776.665	20.080	1369.524	-0.40085	0.00055	3.98	4.10	Return leg
1105	1105.0	1776.274	20.081	1370.445	-0.40266	-0.00021	4.01	4.10	Return leg
1106	1106.0	1775.881	20.082	1371.364	-0.40488	-0.00073	4.04	4.10	Return leg
1107	1107.0	1775.486	20.083	1372.283	-0.40734	-0.00103	4.07	4.09	Return leg
1108	1108.0	1775.089	20.084	1373.201	-0.40988	-0.00112	4.08	4.08	Return leg
1109	1109.0	1774.689	20.085	1374.117	-0.41236	-0.00102	4.09	4.06	Return leg
1110	1110.0	1774.288	20.086	1375.033	-0.41461	-0.00074	4.08	4.04	Return leg
1111	1111.0	1773.884	20.087	1375.948	-0.41649	-0.00032	4.06	4.01	Return leg
1112	1112.0	1773.479	20.089	1376.862	-0.41781	0.00024	4.03	3.99	Return leg
1113	1113.0	1773.072	20.090	1377.776	-0.41838	0.00088	4.00	3.96	Return leg
1114	1114.0	1772.666	20.091	1378.690	-0.41800	0.00156	3.97	3.92	Return leg
1115	1115.0	1772.260	20.092	1379.604	-0.41646	0.00224	3.94	3.88	Return leg
1116	1116.0	1771.857	20.094	1380.519	-0.41357	0.00283	3.90	3.84	Return leg
1117	1117.0	1771.457	20.096	1381.435	-0.40920	0.00329	3.86	3.82	Return leg
1118	1118.0	1771.061	20.097	1382.353	-0.40336	0.00354	3.83	3.81	Return leg
1119	1119.0	1770.672	20.099	1383.274	-0.39629	0.00357	3.80	3.80	Return leg
1120	1120.0	1770.289	20.101	1384.198	-0.38854	0.00337	3.77	3.80	Return leg
1121	1121.0	1769.914	20.104	1385.125	-0.38100	0.00298	3.75	3.81	Return leg
1122	1122.0	1769.545	20.106	1386.055	-0.37478	0.00249	3.73	3.82	Return leg
1123	1123.0	1769.182	20.109	1386.987	-0.37104	0.00205	3.74	3.84	Return leg
1124	1124.0	1768.820	20.111	1387.919	-0.37070	0.00181	3.78	3.86	Return leg
1125	1125.0	1768.457	20.114	1388.851	-0.37402	0.00192	3.84	3.87	Return leg
1126	1126.0	1768.090	20.118	1389.781	-0.38037	0.00249	3.90	3.88	Return leg
1127	1127.0	1767.715	20.121	1390.708	-0.38810	0.00354	3.95	3.86	Return leg
1128	1128.0	1767.333	20.124	1391.632	-0.39464	0.00501	3.97	3.84	Return leg
1129	1129.0	1766.946	20.128	1392.554	-0.39699	0.00670	3.95	3.81	Return leg
1130	1130.0	1766.559	20.132	1393.476	-0.39237	0.00832	3.91	3.78	Return leg
1131	1131.0	1766.181	20.136	1394.402	-0.37902	0.00952	3.84	3.78	Return leg
1132	1132.0	1765.819	20.141	1395.334	-0.35691	0.00993	3.77	3.83	Return leg
1133	1133.0	1765.482	20.145	1396.276	-0.32811	0.00927	3.71	3.91	Return leg
1134	1134.0	1765.175	20.150	1397.227	-0.29676	0.00740	3.70	4.02	Return leg
1135	1135.0	1764.898	20.155	1398.188	-0.26841	0.00435	3.76	4.13	Return leg
1136	1136.0	1764.645	20.160	1399.155	-0.24887	0.00035	3.90	4.22	Return leg
1137	1137.0	1764.405	20.165	1400.126	-0.24279	-0.00418	4.13	4.29	Return leg
1138	1138.0	1764.164	20.170	1401.097	-0.25251	-0.00871	4.41	4.33	Return leg
1139	1139.0	1763.905	20.176	1402.063	-0.27737	-0.01271	4.71	4.35	Return leg
1140	1140.0	1763.616	20.181	1403.020	-0.31385	-0.01567	4.99	4.35	Return leg
1141	1141.0	1763.288	20.187	1403.964	-0.35639	-0.01724	5.20	4.34	Return leg
1142	1142.0	1762.919	20.193	1404.894	-0.39877	-0.01729	5.34	4.32	Return leg
1143	1143.0	1762.512	20.198	1405.807	-0.43547	-0.01586	5.44	4.30	Return leg
1144	1144.0	1762.075	20.204	1406.707	-0.46263	-0.01322	5.50	4.27	Return leg
1145	1145.0	1761.619	20.210	1407.597	-0.47839	-0.00977	5.54	4.25	Return leg
1146	1146.0	1761.155	20.216	1408.482	-0.48283	-0.00595	5.53	4.22	Return leg
1147	1147.0	1760.691	20.222	1409.368	-0.47746	-0.00224	5.45	4.21	Return leg
1148	1148.0	1760.235	20.228	1410.258	-0.46481	0.00099	5.28	4.19	Return leg
1149	1149.0	1759.794	20.233	1411.156	-0.44790	0.00348	5.02	4.18	Return leg
1150	1150.0	1759.369	20.239	1412.061	-0.42982	0.00508	4.71	4.16	Return leg
1151	1151.0	1758.961	20.245	1412.974	-0.41331	0.00583	4.45	4.14	Return leg
1152	1152.0	1758.566	20.251	1413.893	-0.40040	0.00584	4.27	4.12	Return leg
1153	1153.0	1758.181	20.256	1414.816	-0.39218	0.00533	4.19	4.09	Return leg
1154	1154.0	1757.802	20.262	1415.741	-0.38873	0.00452	4.18	4.07	Return leg
1155	1155.0	1757.423	20.267	1416.666	-0.38921	0.00363	4.20	4.05	Return leg
1156	1156.0	1757.043	20.273	1417.591	-0.39217	0.00286	4.24	4.05	Return leg
1157	1157.0	1756.659	20.278	1418.515	-0.39588	0.00231	4.28	4.07	Return leg
1158	1158.0	1756.272	20.283	1419.437	-0.39873	0.00204	4.31	4.12	Return leg
1159	1159.0	1755.882	20.288	1420.358	-0.39957	0.00202	4.34	4.19	Return leg
1160	1160.0	1755.494	20.293	1421.279	-0.39794	0.00221	4.36	4.27	Return leg
1161	1161.0	1755.107	20.297	1422.201	-0.39411	0.00253	4.38	4.35	Return leg
1162	1162.0	1754.726	20.302	1423.126	-0.38895	0.00289	4.39	4.41	Return leg
1163	1163.0	1754.349	20.306	1424.052	-0.38358	0.00323	4.40	4.44	Return leg
1164	1164.0	1753.977	20.310	1424.980	-0.37891	0.00346	4.40	4.42	Return leg
1165	1165.0	1753.609	20.314	1425.910	-0.37533	0.00352	4.40	4.36	Return leg
1166	1166.0	1753.244	20.318	1426.841	-0.37249	0.00332	4.39	4.28	Return leg
1167	1167.0	1752.881	20.322	1427.773	-0.36949	0.00272	4.37	4.18	Return leg
1168	1168.0	1752.522	20.325	1428.706	-0.36528	0.00158	4.35	4.11	Return leg
1169	1169.0	1752.167	20.329	1429.641	-0.35920	-0.00029	4.32	4.05	Return leg
1170	1170.0	1751.819	20.332	1430.578	-0.35150	-0.00307	4.29	4.03	Return leg
1171	1171.0	1751.478	20.334	1431.519	-0.34351	-0.00692	4.26	4.05	Return leg
1172	1172.0	1751.145	20.337	1432.462	-0.33756	-0.01192	4.27	4.09	Return leg
1173	1173.0	1750.816	20.340	1433.406	-0.33664	-0.01807	4.32	4.18	Return leg
1174	1174.0	1750.484	20.342	1434.349	-0.34388	-0.02524	4.43	4.30	Return leg
1175	1175.0	1750.142	20.344	1435.289	-0.36216	-0.03317	4.62	4.43	Return leg
1176	1176.0	1749.776	20.346	1436.219	-0.39377	-0.04145	4.87	4.56	Return leg
1177	1177.0	1749.375	20.348	1437.135	-0.44020	-0.04960	5.15	4.68	Return leg
1178	1178.0	1748.924	20.350	1438.028	-0.50193	-0.05710	5.42	4.79	Return leg
1179	1179.0	1748.413	20.352	1438.887	-0.57813	-0.06342	5.63	4.88	Return leg
1180	1180.0	1747.832	20.353	1439.701	-0.66645	-0.06812	5.74	4.96	Return leg
1181	1181.0	1747.178	20.355	1440.457	-0.76289	-0.07087	5.74	5.02	Return leg
1182	1182.0	1746.453	20.357	1441.144	-0.86218	-0.07154	5.63	5.05	Return leg
1183	1183.0	1745.662	20.358	1441.756	-0.95854	-0.07015	5.44	5.05	Return leg
1184	1184.0	1744.818	20.360	1442.292	-1.04675	-0.06694	5.20	5.01	Return leg
1185	1185.0	1743.933	20.361	1442.756	-1.12322	-0.06225	4.98	4.95	Return leg
1186	1186.0	1743.017	20.363	1443.157	-1.18649	-0.05653	4.79	4.86	Return leg
1187	1187.0	1742.080	20.365	1443.505	-1.23702	-0.05023	4.65	4.76	Return leg
1188	1188.0	1741.128	20.366	1443.812	-1.27665	-0.04377	4.53	4.64	Return leg
1189	1189.0	1740.166	20.368	1444.085	-1.30786	-0.03751	4.44	4.54	Kink straight
1190	1190.0	1739.197	20.370	1444.331	-1.33302	-0.03166	4.36	4.44	Kink straight
1191	1191.0	1738.222	20.372	1444.556	-1.35401	-0.02633	4.31	4.37	Kink straight
1192	1192.0	1737.244	20.375	1444.762	-1.37207	-0.02152	4.28	4.32	Kink straight
1193	1193.0	1736.262	20.377	1444.951	-1.38783	-0.01713	4.28	4.28	Kink straight
1194	1194.0	1735.277	20.380	1445.125	-1.40149	-0.01301	4.28	4.24	Kink straight
1195	1195.0	1734.290	20.382	1445.288	-1.41301	-0.00896	4.29	4.22	Kink straight
1196	1196.0	1733.302	20.385	1445.440	-1.42222	-0.00477	4.29	4.20	Kink straight
1197	1197.0	1732.312	20.388	1445.584	-1.42889	-0.00024	4.28	4.17	Kink straight
1198	1198.0	1731.322	20.392	1445.723	-1.43270	0.00482	4.26	4.13	Kink straight
1199	1199.0	1730.332	20.395	1445.859	-1.43305	0.01051	4.23	4.08	Kink straight
1200	1200.0	1729.341	20.398	1445.997	-1.42887	0.01691	4.20	4.02	Kink straight
1201	1201.0	1728.352	20.402	1446.142	-1.41854	0.02399	4.16	3.97	Kink straight
1202	1202.0	1727.364	20.405	1446.301	-1.39992	0.03163	4.12	3.94	Kink straight
1203	1203.0	1726.381	20.409	1446.482	-1.37070	0.03962	4.07	3.92	Kink straight
1204	1204.0	1725.405	20.412	1446.698	-1.32897	0.04769	4.01	3.91	Kink straight
1205	1205.0	1724.440	20.416	1446.961	-1.27378	0.05551	3.95	3.91	Kink straight
1206	1206.0	1723.494	20.419	1447.283	-1.20552	0.06273	3.89	3.92	Kink straight
1207	1207.0	1722.574	20.422	1447.675	-1.12598	0.06906	3.89	3.94	Kink straight
1208	1208.0	1721.690	20.425	1448.143	-1.03801	0.07425	3.95	3.97	Kink straight
1209	1209.0	1720.853	20.428	1448.689	-0.94495	0.07816	4.06	3.99	Kink straight
1210	1210.0	1720.072	20.431	1449.312	-0.85003	0.08074	4.18	4.03	Kink straight
1211	1211.0	1719.353	20.433	1450.007	-0.75592	0.08204	4.26	4.07	Kink straight
1212	1212.0	1718.702	20.436	1450.766	-0.66453	0.08221	4.28	4.11	Kink straight
1213	1213.0	1718.121	20.437	1451.579	-0.57702	0.08140	4.26	4.14	Kink straight
1214	1214.0	1717.612	20.439	1452.440	-0.49384	0.07979	4.22	4.16	Kink straight
1215	1215.0	1717.174	20.440	1453.338	-0.41472	0.07752	4.17	4.16	Kink straight
1216	1216.0	1716.807	20.440	1454.268	-0.33891	0.07467	4.13	4.17	Kink straight
1217	1217.0	1716.510	20.440	1455.223	-0.26541	0.07126	4.08	4.18	Kink straight
1218	1218.0	1716.283	20.439	1456.197	-0.19336	0.06724	4.05	4.18	Kink straight
1219	1219.0	1716.126	20.438	1457.184	-0.12246	0.06252	4.03	4.15	Kink straight
1220	1220.0	1716.039	20.436	1458.180	-0.05337	0.05699	4.01	4.11	Kink straight
1221	1221.0	1716.019	20.433	1459.180	0.01227	0.05057	4.00	4.06	Kink straight
1222	1222.0	1716.063	20.430	1460.178	0.07202	0.04321	4.00	4.04	Kink straight
1223	1223.0	1716.163	20.426	1461.173	0.12311	0.03495	3.99	4.03	Kink straight
1224	1224.0	1716.309	20.421	1462.163	0.16302	0.02591	3.98	4.05	Kink straight
1225	1225.0	1716.488	20.415	1463.146	0.18989	0.01626	3.97	4.11	Kink straight
1226	1226.0	1716.686	20.409	1464.126	0.20278	0.00625	3.97	4.19	Kink straight
1227	1227.0	1716.891	20.402	1465.105	0.20164	-0.00387	3.98	4.28	Kink straight
1228	1228.0	1717.087	20.394	1466.086	0.18728	-0.01384	4.01	4.32	Kink straight
1229	1229.0	1717.263	20.385	1467.070	0.16109	-0.02343	4.05	4.30	Kink straight
1230	1230.0	1717.408	20.375	1468.060	0.12482	-0.03244	4.10	4.22	Kink straight
1231	1231.0	1717.512	20.365	1469.054	0.08028	-0.04071	4.14	4.09	Kink straight
1232	1232.0	1717.568	20.354	1470.052	0.02895	-0.04811	4.18	3.97	Kink straight
1233	1233.0	1717.570	20.342	1471.052	-0.02831	-0.05449	4.21	3.88	Kink straight
1234	1234.0	1717.511	20.329	1472.051	-0.09138	-0.05970	4.23	3.83	Kink straight
1235	1235.0	1717.387	20.316	1473.043	-0.16064	-0.06358	4.23	3.80	Kink straight
1236	1236.0	1717.192	20.302	1474.023	-0.23655	-0.06592	4.23	3.77	Kink straight
1237	1237.0	1716.919	20.287	1474.985	-0.31881	-0.06656	4.21	3.74	Kink straight
1238	1238.0	1716.566	20.271	1475.920	-0.40571	-0.06538	4.18	3.70	Kink straight
1239	1239.0	1716.131	20.255	1476.820	-0.49384	-0.06237	4.13	3.66	Kink straight
1240	1240.0	1715.619	20.238	1477.679	-0.57821	-0.05766	4.06	3.64	Kink straight
1241	1241.0	1715.039	20.220	1478.493	-0.65314	-0.05152	3.95	3.63	Kink straight
1242	1242.0	1714.404	20.202	1479.266	-0.71357	-0.04440	3.83	3.63	Kink straight
1243	1243.0	1713.730	20.184	1480.005	-0.75630	-0.03684	3.71	3.66	Kink straight
1244	1244.0	1713.032	20.165	1480.720	-0.78082	-0.02941	3.62	3.70	Kink straight
1245	1245.0	1712.323	20.145	1481.425	-0.78938	-0.02266	3.58	3.76	Kink straight
1246	1246.0	1711.612	20.125	1482.129	-0.78643	-0.01700	3.60	3.81	Kink straight
1247	1247.0	1710.907	20.105	1482.838	-0.77751	-0.01270	3.68	3.85	Kink straight
1248	1248.0	1710.209	20.084	1483.554	-0.76806	-0.00980	3.79	3.89	Kink straight
1249	1249.0	1709.518	20.064	1484.276	-0.76234	-0.00819	3.93	3.91	Kink straight
1250	1250.0	1708.828	20.043	1485.001	-0.76284	-0.00759	4.07	3.93	Kink straight
1251	1251.0	1708.136	20.021	1485.722	-0.77010	-0.00765	4.17	3.95	Kink straight
1252	1252.0	1707.436	20.000	1486.436	-0.78307	-0.00800	4.23	3.98	Kink straight
1253	1253.0	1706.725	19.978	1487.140	-0.79965	-0.00833	4.23	4.01	Kink straight
1254	1254.0	1706.002	19.957	1487.830	-0.81738	-0.00839	4.20	4.03	Kink straight
1255	1255.0	1705.266	19.935	1488.508	-0.83398	-0.00805	4.14	4.04	Kink straight
1256	1256.0	1704.521	19.913	1489.174	-0.84778	-0.00730	4.07	4.04	Kink straight
1257	1257.0	1703.767	19.892	1489.831	-0.85777	-0.00620	4.01	4.01	Kink straight
1258	1258.0	1703.008	19.870	1490.482	-0.86368	-0.00488	3.94	3.99	Kink straight
1259	1259.0	1702.246	19.849	1491.130	-0.86576	-0.00349	3.89	3.96	Kink straight
1260	1260.0	1701.484	19.827	1491.778	-0.86471	-0.00218	3.85	3.93	Kink straight
1261	1261.0	1700.724	19.806	1492.428	-0.86148	-0.00107	3.83	3.89	Kink straight
1262	1262.0	1699.967	19.785	1493.081	-0.85714	-0.00024	3.85	3.86	Kink straight
1263	1263.0	1699.212	19.764	1493.737	-0.85275	0.00030	3.90	3.83	Kink straight
1264	1264.0	1698.461	19.743	1494.397	-0.84918	0.00055	3.96	3.82	Kink straight
1265	1265.0	1697.711	19.722	1495.058	-0.84697	0.00057	4.01	3.82	Kink straight
1266	1266.0	1696.962	19.701	1495.721	-0.84628	0.00042	4.05	3.84	Kink straight
1267	1267.0	1696.213	19.681	1496.384	-0.84689	0.00016	4.06	3.88	Kink straight
1268	1268.0	1695.464	19.661	1497.046	-0.84832	-0.00013	4.05	3.91	Kink straight
1269	1269.0	1694.713	19.641	1497.706	-0.85000	-0.00041	4.02	3.93	Kink straight
1270	1270.0	1693.961	19.621	1498.366	-0.85146	-0.00064	3.98	3.94	Kink straight
1271	1271.0	1693.208	19.601	1499.024	-0.85246	-0.00081	3.92	3.93	Kink straight
1272	1272.0	1692.455	19.582	1499.682	-0.85308	-0.00088	3.87	3.92	Kink straight
1273	1273.0	1691.702	19.562	1500.340	-0.85364	-0.00084	3.84	3.90	Kink straight
1274	1274.0	1690.948	19.543	1500.997	-0.85460	-0.00066	3.81	3.89	Kink straight
1275	1275.0	1690.193	19.525	1501.653	-0.85632	-0.00032	3.80	3.88	Kink straight
1276	1276.0	1689.437	19.506	1502.307	-0.85886	0.00021	3.80	3.88	Kink straight
1277	1277.0	1688.679	19.487	1502.959	-0.86181	0.00093	3.79	3.89	Kink straight
1278	1278.0	1687.919	19.469	1503.609	-0.86435	0.00181	3.77	3.89	Kink straight
1279	1279.0	1687.158	19.451	1504.257	-0.86532	0.00281	3.75	3.91	Kink straight
1280	1280.0	1686.396	19.433	1504.906	-0.86363	0.00383	3.73	3.91	Kink straight
1281	1281.0	1685.637	19.415	1505.557	-0.85852	0.00476	3.70	3.92	Kink straight
1282	1282.0	1684.883	19.397	1506.213	-0.84993	0.00547	3.69	3.91	Kink straight
1283	1283.0	1684.135	19.380	1506.877	-0.83854	0.00587	3.69	3.90	Kink straight
1284	1284.0	1683.395	19.362	1507.550	-0.82570	0.00588	3.69	3.88	Kink straight
1285	1285.0	1682.665	19.345	1508.233	-0.81309	0.00548	3.69	3.85	Kink straight
1286	1286.0	1681.943	19.329	1508.925	-0.80233	0.00468	3.70	3.80	Kink straight
1287	1287.0	1681.227	19.312	1509.623	-0.79465	0.00359	3.70	3.75	Kink straight
1288	1288.0	1680.515	19.296	1510.326	-0.79069	0.00230	3.70	3.71	Kink straight
1289	1289.0	1679.805	19.280	1511.030	-0.79047	0.00097	3.70	3.68	Kink straight
1290	1290.0	1679.094	19.264	1511.733	-0.79348	-0.00028	3.71	3.68	Kink straight
1291	1291.0	1678.380	19.249	1512.432	-0.79885	-0.00133	3.73	3.69	Kink straight
1292	1292.0	1677.661	19.234	1513.128	-0.80556	-0.00212	3.75	3.70	Kink straight
1293	1293.0	1676.937	19.219	1513.818	-0.81256	-0.00261	3.78	3.72	Kink straight
1294	1294.0	1676.209	19.205	1514.503	-0.81895	-0.00282	3.81	3.74	Kink straight
1295	1295.0	1675.476	19.192	1515.184	-0.82402	-0.00281	3.84	3.76	Kink straight
1296	1296.0	1674.741	19.178	1515.862	-0.82737	-0.00267	3.85	3.78	Kink straight
1297	1297.0	1674.004	19.166	1516.537	-0.82894	-0.00247	3.85	3.79	Kink straight
1298	1298.0	1673.267	19.154	1517.213	-0.82901	-0.00230	3.84	3.80	Kink straight
1299	1299.0	1672.530	19.142	1517.889	-0.82816	-0.00220	3.82	3.81	Kink straight
1300	1300.0	1671.793	19.131	1518.565	-0.82720	-0.00219	3.81	3.82	Kink straight
1301	1301.0	1671.057	19.121	1519.243	-0.82699	-0.00223	3.81	3.82	Kink straight
1302	1302.0	1670.322	19.112	1519.919	-0.82828	-0.00228	3.81	3.81	Kink straight
1303	1303.0	1669.584	19.103	1520.595	-0.83150	-0.00224	3.82	3.79	Kink straight
1304	1304.0	1668.844	19.095	1521.267	-0.83664	-0.00203	3.83	3.77	Kink straight
1305	1305.0	1668.099	19.087	1521.935	-0.84316	-0.00158	3.83	3.74	Kink straight
1306	1306.0	1667.350	19.081	1522.597	-0.85003	-0.00085	3.81	3.72	Kink straight
1307	1307.0	1666.597	19.075	1523.255	-0.85593	0.00014	3.77	3.71	Kink straight
1308	1308.0	1665.840	19.070	1523.908	-0.85940	0.00132	3.72	3.71	Kink straight
1309	1309.0	1665.082	19.065	1524.560	-0.85925	0.00259	3.67	3.72	Kink straight
1310	1310.0	1664.325	19.062	1525.214	-0.85481	0.00378	3.64	3.75	Kink straight
1311	1311.0	1663.573	19.058	1525.873	-0.84614	0.00477	3.64	3.80	Kink straight
1312	1312.0	1662.828	19.056	1526.540	-0.83416	0.00541	3.67	3.87	Kink straight
1313	1313.0	1662.091	19.054	1527.217	-0.82047	0.00563	3.72	3.92	Kink straight
1314	1314.0	1661.365	19.053	1527.904	-0.80707	0.00540	3.78	3.95	Kink straight
1315	1315.0	1660.647	19.052	1528.600	-0.79593	0.00479	3.83	3.92	Kink straight
1316	1316.0	1659.936	19.052	1529.303	-0.78851	0.00387	3.87	3.87	Kink straight
1317	1317.0	1659.228	19.052	1530.010	-0.78548	0.00278	3.89	3.81	Kink straight
1318	1318.0	1658.521	19.052	1530.717	-0.78652	0.00167	3.90	3.76	Kink straight
1319	1319.0	1657.812	19.053	1531.422	-0.79046	0.00065	3.90	3.74	Kink straight
1320	1320.0	1657.100	19.053	1532.124	-0.79568	-0.00019	3.90	3.75	Kink straight
1321	1321.0	1656.384	19.054	1532.822	-0.80052	-0.00081	3.90	3.79	Kink straight
1322	1322.0	1655.665	19.054	1533.517	-0.80381	-0.00121	3.90	3.84	Kink straight
1323	1323.0	1654.944	19.055	1534.210	-0.80517	-0.00140	3.90	3.90	Kink straight
1324	1324.0	1654.223	19.055	1534.903	-0.80507	-0.00138	3.91	3.94	Kink straight
1325	1325.0	1653.502	19.054	1535.596	-0.80454	-0.00114	3.92	3.96	Kink straight
1326	1326.0	1652.782	19.053	1536.290	-0.80478	-0.00063	3.94	3.95	Kink straight
1327	1327.0	1652.061	19.052	1536.983	-0.80667	0.00024	3.95	3.92	Kink straight
1328	1328.0	1651.338	19.049	1537.673	-0.81035	0.00158	3.94	3.88	Kink straight
1329	1329.0	1650.612	19.046	1538.361	-0.81511	0.00350	3.93	3.83	Kink straight
1330	1330.0	1649.882	19.041	1539.045	-0.81949	0.00609	3.89	3.80	Kink straight
1331	1331.0	1649.150	19.036	1539.726	-0.82159	0.00943	3.84	3.77	Kink straight
1332	1332.0	1648.418	19.029	1540.407	-0.81943	0.01349	3.79	3.74	Kink straight
1333	1333.0	1647.689	19.021	1541.091	-0.81127	0.01821	3.73	3.72	Kink straight
1334	1334.0	1646.967	19.011	1541.784	-0.79580	0.02347	3.68	3.71	Kink straight
1335	1335.0	1646.260	18.999	1542.491	-0.77222	0.02908	3.65	3.71	Kink straight
1336	1336.0	1645.572	18.986	1543.217	-0.74019	0.03483	3.62	3.71	Kink straight
1337	1337.0	1644.911	18.971	1543.967	-0.69981	0.04049	3.61	3.71	Kink straight
1338	1338.0	1644.284	18.954	1544.746	-0.65160	0.04585	3.61	3.72	Kink straight
1339	1339.0	1643.699	18.935	1545.557	-0.59641	0.05072	3.62	3.72	Kink straight
1340	1340.0	1643.162	18.914	1546.400	-0.53544	0.05495	3.64	3.73	Kink straight
1341	1341.0	1642.679	18.892	1547.276	-0.47006	0.05846	3.67	3.73	Kink straight
1342	1342.0	1642.256	18.867	1548.182	-0.40175	0.06120	3.70	3.75	Kink straight
1343	1343.0	1641.898	18.840	1549.115	-0.33192	0.06319	3.74	3.77	Kink straight
1344	1344.0	1641.605	18.811	1550.071	-0.26176	0.06447	3.78	3.80	Kink straight
1345	1345.0	1641.381	18.780	1551.045	-0.19220	0.06513	3.82	3.85	Kink straight
1346	1346.0	1641.224	18.748	1552.033	-0.12383	0.06527	3.85	3.90	Kink straight
1347	1347.0	1641.134	18.713	1553.028	-0.05693	0.06499	3.87	3.96	Kink straight
1348	1348.0	1641.110	18.677	1554.028	0.00848	0.06437	3.89	4.01	Kink straight
1349	1349.0	1641.151	18.638	1555.027	0.07266	0.06349	3.90	4.06	Kink straight
1350	1350.0	1641.255	18.599	1556.021	0.13596	0.06240	3.90	4.08	Kink straight
1351	1351.0	1641.422	18.558	1557.007	0.19871	0.06116	3.90	4.10	Kink straight
1352	1352.0	1641.650	18.516	1557.981	0.26101	0.05981	3.90	4.11	Kink straight
1353	1353.0	1641.937	18.472	1558.938	0.32258	0.05844	3.91	4.12	Kink straight
1354	1354.0	1642.283	18.428	1559.876	0.38273	0.05716	3.93	4.13	Kink straight
1355	1355.0	1642.684	18.383	1560.792	0.44038	0.05613	3.96	4.13	Kink straight
1356	1356.0	1643.135	18.337	1561.684	0.49442	0.05553	4.00	4.11	Kink straight
1357	1357.0	1643.632	18.291	1562.552	0.54413	0.05559	4.06	4.06	Kink straight
1358	1358.0	1644.170	18.245	1563.395	0.58974	0.05651	4.14	4.00	Kink straight
1359	1359.0	1644.744	18.199	1564.214	0.63279	0.05846	4.24	3.94	Kink straight
1360	1360.0	1645.353	18.153	1565.007	0.67616	0.06151	4.36	3.92	Kink straight
1361	1361.0	1645.996	18.107	1565.773	0.72369	0.06563	4.49	3.99	Kink straight
1362	1362.0	1646.676	18.062	1566.505	0.77926	0.07070	4.63	4.22	Kink straight
1363	1363.0	1647.400	18.018	1567.195	0.84588	0.07648	4.77	4.65	Kink straight
1364	1364.0	1648.172	17.974	1567.830	0.92489	0.08265	4.88	5.25	Kink straight
1365	1365.0	1648.995	17.932	1568.397	1.01569	0.08885	4.98	5.91	Kink straight
1366	1366.0	1649.869	17.891	1568.883	1.11615	0.09473	5.05	6.47	Kink straight
1367	1367.0	1650.789	17.852	1569.274	1.22344	0.09993	5.09	6.84	Kink straight
1368	1368.0	1651.746	17.814	1569.562	1.33503	0.10413	5.13	7.01	Kink straight
1369	1369.0	1652.729	17.777	1569.740	1.44961	0.10701	5.17	7.05	Kink straight
1370	1370.0	1653.727	17.743	1569.803	1.56742	0.10830	5.21	7.02	Kink straight
1371	1371.0	1654.725	17.710	1569.747	1.68941	0.10776	5.25	6.96	Kink straight
1372	1372.0	1655.708	17.680	1569.567	1.81589	0.10523	5.29	6.89	Kink straight
1373	1373.0	1656.660	17.651	1569.263	1.94496	0.10066	5.33	6.82	Kink straight
1374	1374.0	1657.564	17.624	1568.839	2.07135	0.09413	5.37	6.75	Kink straight
1375	1375.0	1658.410	17.600	1568.306	2.18731	0.08590	5.41	6.67	Kink straight
1376	1376.0	1659.193	17.577	1567.684	2.28530	0.07638	5.45	6.60	Kink straight
1377	1377.0	1659.919	17.557	1566.997	2.36055	0.06610	5.49	6.53	Kink straight
1378	1378.0	1660.600	17.539	1566.265	2.41302	0.05565	5.53	6.45	Kink straight
1379	1379.0	1661.250	17.523	1565.505	2.44695	0.04559	5.57	6.38	Kink straight
1380	1380.0	1661.880	17.509	1564.729	2.46815	0.03640	5.61	6.31	Kink straight
1381	1381.0	1662.497	17.496	1563.942	2.48153	0.02841	5.65	6.24	Kink straight
